sample	read_model	depth	arm	step	timing_only	tool	tool_version	alignment	device	hardware	threads	wall_time_s	max_rss_mb	max_vms_mb	max_uss_mb	max_pss_mb	cpu_time_s	mean_cpu_pct	io_in_mb	io_out_mb
ATCC_10708__202309	hac	5	A	align	false	minimap2	2.26	minimap2-2.26-map-ont	cpu	CPU: AMD EPYC 9745	8	2.98	297.41	4001.87	268.94	272.10	8.20	269.49	0.00	0.00
ATCC_10708__202309	hac	5	A	call	false	clair3	1.0.5	minimap2-2.26-map-ont	cpu	CPU: AMD EPYC 9745	8	330.21	4170.18	14346.47	3409.07	3538.29	561.58	125.40	0.00	0.00
ATCC_10708__202309	hac	5	B	align	false	minimap2	2.31	minimap2-2.31-lrhq	cpu	CPU: AMD EPYC 9745	8	2.20	378.84	4212.15	307.83	310.46	7.10	256.39	0.00	0.00
ATCC_10708__202309	hac	5	B	call	false	clair3	1.0.5	minimap2-2.31-lrhq	cpu	CPU: AMD EPYC 9745	8	277.01	4068.09	14317.27	3308.95	3437.96	408.53	127.26	0.00	0.00
ATCC_10708__202309	hac	5	C	align	false	minimap2	2.31	minimap2-2.31-lrhq	cpu	CPU: AMD EPYC 9745	8	2.20	378.84	4212.15	307.83	310.46	7.10	256.39	0.00	0.00
ATCC_10708__202309	hac	5	C	call	false	clair3	2.0.3	minimap2-2.31-lrhq	cpu	CPU: AMD EPYC 9745	8	206.43	3657.34	8996.93	3067.34	3153.03	267.37	82.33	0.00	0.00
ATCC_10708__202309	hac	5	D	align	false	minimap2	2.31	minimap2-2.31-lrhq	cpu	CPU: AMD EPYC 9745	8	2.20	378.84	4212.15	307.83	310.46	7.10	256.39	0.00	0.00
ATCC_10708__202309	hac	5	D	call	false	dorado	2.1.2	minimap2-2.31-lrhq	gpu	NVIDIA H100 80GB HBM3	8	3.53	1486.19	46474.96	1462.95	1467.96	3.87	104.69	0.00	0.00
ATCC_10708__202309	hac	10	A	align	false	minimap2	2.26	minimap2-2.26-map-ont	cpu	CPU: AMD EPYC 9745	8	4.61	373.53	4643.90	345.75	348.19	19.85	411.74	0.00	0.00
ATCC_10708__202309	hac	10	A	call	false	clair3	1.0.5	minimap2-2.26-map-ont	cpu	CPU: AMD EPYC 9745	8	306.55	4368.74	14707.64	3565.72	3685.29	440.68	125.09	0.00	0.00
ATCC_10708__202309	hac	10	B	align	false	minimap2	2.31	minimap2-2.31-lrhq	cpu	CPU: AMD EPYC 9745	8	5.23	410.47	4494.02	357.18	359.25	15.08	266.30	0.00	0.00
ATCC_10708__202309	hac	10	B	call	false	clair3	1.0.5	minimap2-2.31-lrhq	cpu	CPU: AMD EPYC 9745	8	301.07	4328.73	14300.81	3585.55	3718.23	479.70	127.19	0.00	0.00
ATCC_10708__202309	hac	10	C	align	false	minimap2	2.31	minimap2-2.31-lrhq	cpu	CPU: AMD EPYC 9745	8	5.23	410.47	4494.02	357.18	359.25	15.08	266.30	0.00	0.00
ATCC_10708__202309	hac	10	C	call	false	clair3	2.0.3	minimap2-2.31-lrhq	cpu	CPU: AMD EPYC 9745	8	217.89	3650.39	9200.75	3015.87	3111.62	328.41	78.31	0.00	0.00
ATCC_10708__202309	hac	10	D	align	false	minimap2	2.31	minimap2-2.31-lrhq	cpu	CPU: AMD EPYC 9745	8	5.23	410.47	4494.02	357.18	359.25	15.08	266.30	0.00	0.00
ATCC_10708__202309	hac	10	D	call	false	dorado	2.1.2	minimap2-2.31-lrhq	gpu	NVIDIA H100 80GB HBM3	8	4.76	1423.00	46498.96	1227.05	1308.15	4.77	99.96	0.00	0.00
ATCC_10708__202309	hac	25	A	align	false	minimap2	2.26	minimap2-2.26-map-ont	cpu	CPU: AMD EPYC 9745	8	19.88	740.40	4828.09	712.77	715.24	43.56	215.36	0.00	0.00
ATCC_10708__202309	hac	25	A	call	false	clair3	1.0.5	minimap2-2.26-map-ont	cpu	CPU: AMD EPYC 9745	8	134.28	2755.52	8993.38	2369.96	2492.82	111.25	57.80	0.00	0.00
ATCC_10708__202309	hac	25	B	align	false	minimap2	2.31	minimap2-2.31-lrhq	cpu	CPU: AMD EPYC 9745	8	8.86	709.88	4766.99	471.25	473.21	37.04	411.91	0.00	0.00
ATCC_10708__202309	hac	25	B	call	false	clair3	1.0.5	minimap2-2.31-lrhq	cpu	CPU: AMD EPYC 9745	8	135.16	2783.54	9116.16	2428.32	2551.90	120.24	59.58	0.00	0.00
ATCC_10708__202309	hac	25	C	align	false	minimap2	2.31	minimap2-2.31-lrhq	cpu	CPU: AMD EPYC 9745	8	8.86	709.88	4766.99	471.25	473.21	37.04	411.91	0.00	0.00
ATCC_10708__202309	hac	25	C	call	false	clair3	2.0.3	minimap2-2.31-lrhq	cpu	CPU: AMD EPYC 9745	8	112.28	2282.15	6278.21	1954.13	2050.74	117.33	70.77	0.00	0.00
ATCC_10708__202309	hac	25	D	align	false	minimap2	2.31	minimap2-2.31-lrhq	cpu	CPU: AMD EPYC 9745	8	8.86	709.88	4766.99	471.25	473.21	37.04	411.91	0.00	0.00
ATCC_10708__202309	hac	25	D	call	false	dorado	2.1.2	minimap2-2.31-lrhq	gpu	NVIDIA H100 80GB HBM3	8	4.30	1279.66	58308.46	1108.04	1189.12	6.93	158.00	0.00	0.00
ATCC_10708__202309	hac	50	A	align	false	minimap2	2.26	minimap2-2.26-map-ont	cpu	CPU: AMD EPYC 9745	8	21.10	1209.31	5177.07	1181.39	1184.77	102.21	480.61	0.00	0.00
ATCC_10708__202309	hac	50	A	call	false	clair3	1.0.5	minimap2-2.26-map-ont	cpu	CPU: AMD EPYC 9745	8	94.71	2244.38	7223.62	1968.09	2088.37	104.82	54.02	0.00	0.00
ATCC_10708__202309	hac	50	B	align	false	minimap2	2.31	minimap2-2.31-lrhq	cpu	CPU: AMD EPYC 9745	8	19.14	1059.57	5168.13	1032.32	1034.70	82.83	428.06	0.00	0.00
ATCC_10708__202309	hac	50	B	call	false	clair3	1.0.5	minimap2-2.31-lrhq	cpu	CPU: AMD EPYC 9745	8	101.49	2300.85	7145.12	2024.28	2144.45	104.53	51.20	0.00	0.00
ATCC_10708__202309	hac	50	C	align	false	minimap2	2.31	minimap2-2.31-lrhq	cpu	CPU: AMD EPYC 9745	8	19.14	1059.57	5168.13	1032.32	1034.70	82.83	428.06	0.00	0.00
ATCC_10708__202309	hac	50	C	call	false	clair3	2.0.3	minimap2-2.31-lrhq	cpu	CPU: AMD EPYC 9745	8	70.90	2109.64	5475.68	1878.73	1972.05	43.34	27.87	0.00	0.00
ATCC_10708__202309	hac	50	D	align	false	minimap2	2.31	minimap2-2.31-lrhq	cpu	CPU: AMD EPYC 9745	8	19.14	1059.57	5168.13	1032.32	1034.70	82.83	428.06	0.00	0.00
ATCC_10708__202309	hac	50	D	call	false	dorado	2.1.2	minimap2-2.31-lrhq	gpu	NVIDIA H100 80GB HBM3	8	4.54	1408.00	58327.47	1391.70	1396.68	10.52	228.21	0.00	0.00
ATCC_10708__202309	hac	50	D	call	true	dorado	2.1.2	minimap2-2.31-lrhq	cpu	CPU: AMD EPYC 9745	8	90.14	12171.58	29600.34	12164.01	12164.05	83.49	92.41	0.00	0.00
ATCC_10708__202309	sup	5	A	align	false	minimap2	2.26	minimap2-2.26-map-ont	cpu	CPU: AMD EPYC 9745	8	2.55	276.79	4724.96	249.25	251.73	9.68	351.21	0.00	0.00
ATCC_10708__202309	sup	5	A	call	false	clair3	1.0.5	minimap2-2.26-map-ont	cpu	CPU: AMD EPYC 9745	8	191.58	2910.46	10392.19	2393.70	2520.06	253.58	74.91	0.00	0.00
ATCC_10708__202309	sup	5	B	align	false	minimap2	2.31	minimap2-2.31-lrhq	cpu	CPU: AMD EPYC 9745	8	2.04	319.83	4001.12	290.48	293.32	6.61	258.45	0.00	0.00
ATCC_10708__202309	sup	5	B	call	false	clair3	1.0.5	minimap2-2.31-lrhq	cpu	CPU: AMD EPYC 9745	8	175.19	2884.27	11541.88	2246.67	2377.57	130.79	64.49	0.00	0.00
ATCC_10708__202309	sup	5	C	align	false	minimap2	2.31	minimap2-2.31-lrhq	cpu	CPU: AMD EPYC 9745	8	2.04	319.83	4001.12	290.48	293.32	6.61	258.45	0.00	0.00
ATCC_10708__202309	sup	5	C	call	false	clair3	2.0.3	minimap2-2.31-lrhq	cpu	CPU: AMD EPYC 9745	8	133.56	2482.22	6934.66	2053.30	2149.66	148.40	59.82	0.00	0.00
ATCC_10708__202309	sup	5	D	align	false	minimap2	2.31	minimap2-2.31-lrhq	cpu	CPU: AMD EPYC 9745	8	2.04	319.83	4001.12	290.48	293.32	6.61	258.45	0.00	0.00
ATCC_10708__202309	sup	5	D	call	false	dorado	2.1.2	minimap2-2.31-lrhq	gpu	NVIDIA H100 80GB HBM3	8	7.18	1447.54	46337.47	1427.00	1429.84	4.39	61.17	0.00	0.00
ATCC_10708__202309	sup	10	A	align	false	minimap2	2.26	minimap2-2.26-map-ont	cpu	CPU: AMD EPYC 9745	8	4.32	351.88	4863.38	324.35	327.61	18.66	423.24	0.00	0.00
ATCC_10708__202309	sup	10	A	call	false	clair3	1.0.5	minimap2-2.26-map-ont	cpu	CPU: AMD EPYC 9745	8	173.50	2958.30	10700.02	2446.13	2572.62	232.82	115.56	0.00	0.00
ATCC_10708__202309	sup	10	B	align	false	minimap2	2.31	minimap2-2.31-lrhq	cpu	CPU: AMD EPYC 9745	8	4.04	422.68	4002.49	312.57	315.70	12.50	286.10	0.00	0.00
ATCC_10708__202309	sup	10	B	call	false	clair3	1.0.5	minimap2-2.31-lrhq	cpu	CPU: AMD EPYC 9745	8	173.68	3127.28	10636.07	2614.22	2744.76	259.08	132.42	0.00	0.00
ATCC_10708__202309	sup	10	C	align	false	minimap2	2.31	minimap2-2.31-lrhq	cpu	CPU: AMD EPYC 9745	8	4.04	422.68	4002.49	312.57	315.70	12.50	286.10	0.00	0.00
ATCC_10708__202309	sup	10	C	call	false	clair3	2.0.3	minimap2-2.31-lrhq	cpu	CPU: AMD EPYC 9745	8	134.80	2463.39	7015.46	2023.65	2119.84	130.94	58.79	0.00	0.00
ATCC_10708__202309	sup	10	D	align	false	minimap2	2.31	minimap2-2.31-lrhq	cpu	CPU: AMD EPYC 9745	8	4.04	422.68	4002.49	312.57	315.70	12.50	286.10	0.00	0.00
ATCC_10708__202309	sup	10	D	call	false	dorado	2.1.2	minimap2-2.31-lrhq	gpu	NVIDIA H100 80GB HBM3	8	5.24	1333.52	46330.46	1374.85	1379.80	4.43	84.30	0.00	0.00
ATCC_10708__202309	sup	25	A	align	false	minimap2	2.26	minimap2-2.26-map-ont	cpu	CPU: AMD EPYC 9745	8	11.57	702.39	4830.64	661.40	664.53	52.18	443.77	0.00	0.00
ATCC_10708__202309	sup	25	A	call	false	clair3	1.0.5	minimap2-2.26-map-ont	cpu	CPU: AMD EPYC 9745	8	82.40	1734.95	5781.89	1291.70	1396.37	58.98	62.49	0.00	0.00
ATCC_10708__202309	sup	25	B	align	false	minimap2	2.31	minimap2-2.31-lrhq	cpu	CPU: AMD EPYC 9745	8	10.50	864.68	4761.19	758.05	760.77	41.91	391.54	0.00	0.00
ATCC_10708__202309	sup	25	B	call	false	clair3	1.0.5	minimap2-2.31-lrhq	cpu	CPU: AMD EPYC 9745	8	77.59	1812.39	6730.99	1419.29	1531.40	36.69	26.20	0.00	0.00
ATCC_10708__202309	sup	25	C	align	false	minimap2	2.31	minimap2-2.31-lrhq	cpu	CPU: AMD EPYC 9745	8	10.50	864.68	4761.19	758.05	760.77	41.91	391.54	0.00	0.00
ATCC_10708__202309	sup	25	C	call	false	clair3	2.0.3	minimap2-2.31-lrhq	cpu	CPU: AMD EPYC 9745	8	69.35	1825.54	5004.14	1770.16	1777.68	38.83	23.35	0.00	0.00
ATCC_10708__202309	sup	25	D	align	false	minimap2	2.31	minimap2-2.31-lrhq	cpu	CPU: AMD EPYC 9745	8	10.50	864.68	4761.19	758.05	760.77	41.91	391.54	0.00	0.00
ATCC_10708__202309	sup	25	D	call	false	dorado	2.1.2	minimap2-2.31-lrhq	gpu	NVIDIA H100 80GB HBM3	8	3.52	1572.84	46376.47	1550.60	1555.56	6.51	181.01	0.00	0.00
ATCC_10708__202309	sup	50	A	align	false	minimap2	2.26	minimap2-2.26-map-ont	cpu	CPU: AMD EPYC 9745	8	29.61	1026.40	4874.72	998.06	1001.68	78.39	266.29	0.00	0.00
ATCC_10708__202309	sup	50	A	call	false	clair3	1.0.5	minimap2-2.26-map-ont	cpu	CPU: AMD EPYC 9745	8	72.54	2073.28	7055.39	1811.36	1925.26	61.19	28.11	0.00	0.00
ATCC_10708__202309	sup	50	B	align	false	minimap2	2.31	minimap2-2.31-lrhq	cpu	CPU: AMD EPYC 9745	8	19.04	1148.82	4884.98	1021.04	1023.17	83.55	431.78	0.00	0.00
ATCC_10708__202309	sup	50	B	call	false	clair3	1.0.5	minimap2-2.31-lrhq	cpu	CPU: AMD EPYC 9745	8	61.63	1243.80	5871.21	1199.62	1205.41	42.54	31.42	0.00	0.00
ATCC_10708__202309	sup	50	C	align	false	minimap2	2.31	minimap2-2.31-lrhq	cpu	CPU: AMD EPYC 9745	8	19.04	1148.82	4884.98	1021.04	1023.17	83.55	431.78	0.00	0.00
ATCC_10708__202309	sup	50	C	call	false	clair3	2.0.3	minimap2-2.31-lrhq	cpu	CPU: AMD EPYC 9745	8	54.08	1109.91	5207.92	1057.95	1067.37	42.15	30.26	0.00	0.00
ATCC_10708__202309	sup	50	D	align	false	minimap2	2.31	minimap2-2.31-lrhq	cpu	CPU: AMD EPYC 9745	8	19.04	1148.82	4884.98	1021.04	1023.17	83.55	431.78	0.00	0.00
ATCC_10708__202309	sup	50	D	call	false	dorado	2.1.2	minimap2-2.31-lrhq	gpu	NVIDIA H100 80GB HBM3	8	9.83	1391.18	58205.97	1374.80	1377.63	11.03	112.50	0.00	0.00
ATCC_10708__202309	sup	50	D	call	true	dorado	2.1.2	minimap2-2.31-lrhq	cpu	CPU: AMD EPYC 9745	8	93.08	9401.38	29606.32	9173.04	9173.06	84.58	90.59	0.00	0.00
ATCC_17802__202309	hac	5	A	align	false	minimap2	2.26	minimap2-2.26-map-ont	cpu	CPU: AMD EPYC 9745	8	3.39	252.72	3279.08	220.56	222.18	8.28	229.82	0.00	0.00
ATCC_17802__202309	hac	5	A	call	false	clair3	1.0.5	minimap2-2.26-map-ont	cpu	CPU: AMD EPYC 9745	8	228.17	3995.38	13999.04	3239.39	3373.16	366.10	93.55	0.00	0.00
ATCC_17802__202309	hac	5	B	align	false	minimap2	2.31	minimap2-2.31-lrhq	cpu	CPU: AMD EPYC 9745	8	2.46	328.04	4497.76	189.56	192.30	7.69	287.64	0.00	0.00
ATCC_17802__202309	hac	5	B	call	false	clair3	1.0.5	minimap2-2.31-lrhq	cpu	CPU: AMD EPYC 9745	8	277.56	4214.19	14483.06	3462.24	3593.53	555.33	152.03	0.00	0.00
ATCC_17802__202309	hac	5	C	align	false	minimap2	2.31	minimap2-2.31-lrhq	cpu	CPU: AMD EPYC 9745	8	2.46	328.04	4497.76	189.56	192.30	7.69	287.64	0.00	0.00
ATCC_17802__202309	hac	5	C	call	false	clair3	2.0.3	minimap2-2.31-lrhq	cpu	CPU: AMD EPYC 9745	8	193.95	3443.88	8909.06	2749.41	2846.12	388.27	78.46	0.00	0.00
ATCC_17802__202309	hac	5	D	align	false	minimap2	2.31	minimap2-2.31-lrhq	cpu	CPU: AMD EPYC 9745	8	2.46	328.04	4497.76	189.56	192.30	7.69	287.64	0.00	0.00
ATCC_17802__202309	hac	5	D	call	false	dorado	2.1.2	minimap2-2.31-lrhq	gpu	NVIDIA H100 80GB HBM3	8	8.73	1585.00	46550.46	1546.65	1549.48	4.96	56.28	0.00	0.00
ATCC_17802__202309	hac	10	A	align	false	minimap2	2.26	minimap2-2.26-map-ont	cpu	CPU: AMD EPYC 9745	8	6.57	357.22	4225.05	329.44	332.73	20.69	302.61	0.00	0.00
ATCC_17802__202309	hac	10	A	call	false	clair3	1.0.5	minimap2-2.26-map-ont	cpu	CPU: AMD EPYC 9745	8	253.15	4424.72	14544.89	3667.12	3800.83	464.68	95.87	0.00	0.00
ATCC_17802__202309	hac	10	B	align	false	minimap2	2.31	minimap2-2.31-lrhq	cpu	CPU: AMD EPYC 9745	8	6.62	394.62	4076.56	334.51	337.80	15.36	217.95	0.00	0.00
ATCC_17802__202309	hac	10	B	call	false	clair3	1.0.5	minimap2-2.31-lrhq	cpu	CPU: AMD EPYC 9745	8	300.33	4313.78	14892.75	3548.67	3673.61	592.83	150.50	0.00	0.00
ATCC_17802__202309	hac	10	C	align	false	minimap2	2.31	minimap2-2.31-lrhq	cpu	CPU: AMD EPYC 9745	8	6.62	394.62	4076.56	334.51	337.80	15.36	217.95	0.00	0.00
ATCC_17802__202309	hac	10	C	call	false	clair3	2.0.3	minimap2-2.31-lrhq	cpu	CPU: AMD EPYC 9745	8	178.89	3663.42	9287.78	2959.63	3043.53	383.49	84.91	0.00	0.00
ATCC_17802__202309	hac	10	D	align	false	minimap2	2.31	minimap2-2.31-lrhq	cpu	CPU: AMD EPYC 9745	8	6.62	394.62	4076.56	334.51	337.80	15.36	217.95	0.00	0.00
ATCC_17802__202309	hac	10	D	call	false	dorado	2.1.2	minimap2-2.31-lrhq	gpu	NVIDIA H100 80GB HBM3	8	3.52	1304.00	58381.96	1281.14	1286.08	5.01	138.09	0.00	0.00
ATCC_17802__202309	hac	25	A	align	false	minimap2	2.26	minimap2-2.26-map-ont	cpu	CPU: AMD EPYC 9745	8	10.41	783.78	4834.60	756.41	758.89	49.38	466.93	0.00	0.00
ATCC_17802__202309	hac	25	A	call	false	clair3	1.0.5	minimap2-2.26-map-ont	cpu	CPU: AMD EPYC 9745	8	140.93	4948.84	15061.77	4183.09	4312.48	275.80	109.11	0.00	0.00
ATCC_17802__202309	hac	25	B	align	false	minimap2	2.31	minimap2-2.31-lrhq	cpu	CPU: AMD EPYC 9745	8	9.86	715.63	4685.09	600.87	604.26	44.04	437.67	0.00	0.00
ATCC_17802__202309	hac	25	B	call	false	clair3	1.0.5	minimap2-2.31-lrhq	cpu	CPU: AMD EPYC 9745	8	140.58	4927.32	14802.62	4176.00	4304.54	306.07	129.96	0.00	0.00
ATCC_17802__202309	hac	25	C	align	false	minimap2	2.31	minimap2-2.31-lrhq	cpu	CPU: AMD EPYC 9745	8	9.86	715.63	4685.09	600.87	604.26	44.04	437.67	0.00	0.00
ATCC_17802__202309	hac	25	C	call	false	clair3	2.0.3	minimap2-2.31-lrhq	cpu	CPU: AMD EPYC 9745	8	101.27	3875.01	9249.75	3278.84	3381.99	180.23	61.20	0.00	0.00
ATCC_17802__202309	hac	25	D	align	false	minimap2	2.31	minimap2-2.31-lrhq	cpu	CPU: AMD EPYC 9745	8	9.86	715.63	4685.09	600.87	604.26	44.04	437.67	0.00	0.00
ATCC_17802__202309	hac	25	D	call	false	dorado	2.1.2	minimap2-2.31-lrhq	gpu	NVIDIA H100 80GB HBM3	8	3.58	1477.96	58263.97	1423.27	1428.22	7.35	201.98	0.00	0.00
ATCC_17802__202309	hac	50	A	align	false	minimap2	2.26	minimap2-2.26-map-ont	cpu	CPU: AMD EPYC 9745	8	22.68	1334.47	5159.04	1307.18	1309.64	100.77	441.72	0.00	0.00
ATCC_17802__202309	hac	50	A	call	false	clair3	1.0.5	minimap2-2.26-map-ont	cpu	CPU: AMD EPYC 9745	8	91.93	5171.57	13954.75	4536.89	4666.92	180.97	166.24	0.00	0.00
ATCC_17802__202309	hac	50	B	align	false	minimap2	2.31	minimap2-2.31-lrhq	cpu	CPU: AMD EPYC 9745	8	18.41	1176.24	5008.61	1048.79	1051.23	86.94	468.85	0.00	0.00
ATCC_17802__202309	hac	50	B	call	false	clair3	1.0.5	minimap2-2.31-lrhq	cpu	CPU: AMD EPYC 9745	8	93.55	5203.41	13877.79	4289.27	4420.36	182.44	163.53	0.00	0.00
ATCC_17802__202309	hac	50	C	align	false	minimap2	2.31	minimap2-2.31-lrhq	cpu	CPU: AMD EPYC 9745	8	18.41	1176.24	5008.61	1048.79	1051.23	86.94	468.85	0.00	0.00
ATCC_17802__202309	hac	50	C	call	false	clair3	2.0.3	minimap2-2.31-lrhq	cpu	CPU: AMD EPYC 9745	8	88.35	4494.36	9522.71	3973.33	4070.49	163.86	104.45	0.00	0.00
ATCC_17802__202309	hac	50	D	align	false	minimap2	2.31	minimap2-2.31-lrhq	cpu	CPU: AMD EPYC 9745	8	18.41	1176.24	5008.61	1048.79	1051.23	86.94	468.85	0.00	0.00
ATCC_17802__202309	hac	50	D	call	false	dorado	2.1.2	minimap2-2.31-lrhq	gpu	NVIDIA H100 80GB HBM3	8	4.98	1510.63	58358.96	1494.33	1499.29	11.28	226.49	0.00	0.00
ATCC_17802__202309	hac	50	D	call	true	dorado	2.1.2	minimap2-2.31-lrhq	cpu	CPU: AMD EPYC 9745	8	102.88	12268.12	29688.34	12260.53	12260.58	84.58	81.81	0.00	0.00
ATCC_17802__202309	sup	5	A	align	false	minimap2	2.26	minimap2-2.26-map-ont	cpu	CPU: AMD EPYC 9745	8	2.63	320.73	4501.87	292.59	296.11	9.58	310.37	0.00	0.00
ATCC_17802__202309	sup	5	A	call	false	clair3	1.0.5	minimap2-2.26-map-ont	cpu	CPU: AMD EPYC 9745	8	181.79	4080.77	14246.12	3050.00	3170.59	334.12	166.00	0.00	0.00
ATCC_17802__202309	sup	5	B	align	false	minimap2	2.31	minimap2-2.31-lrhq	cpu	CPU: AMD EPYC 9745	8	2.21	380.00	3927.73	264.08	267.44	6.84	257.99	0.00	0.00
ATCC_17802__202309	sup	5	B	call	false	clair3	1.0.5	minimap2-2.31-lrhq	cpu	CPU: AMD EPYC 9745	8	186.44	4248.26	14491.74	3492.96	3625.68	377.82	128.76	0.00	0.00
ATCC_17802__202309	sup	5	C	align	false	minimap2	2.31	minimap2-2.31-lrhq	cpu	CPU: AMD EPYC 9745	8	2.21	380.00	3927.73	264.08	267.44	6.84	257.99	0.00	0.00
ATCC_17802__202309	sup	5	C	call	false	clair3	2.0.3	minimap2-2.31-lrhq	cpu	CPU: AMD EPYC 9745	8	121.82	3608.55	9011.26	2992.70	3090.47	186.98	100.68	0.00	0.00
ATCC_17802__202309	sup	5	D	align	false	minimap2	2.31	minimap2-2.31-lrhq	cpu	CPU: AMD EPYC 9745	8	2.21	380.00	3927.73	264.08	267.44	6.84	257.99	0.00	0.00
ATCC_17802__202309	sup	5	D	call	false	dorado	2.1.2	minimap2-2.31-lrhq	gpu	NVIDIA H100 80GB HBM3	8	4.40	1378.43	46556.46	1296.70	1376.64	4.56	98.77	0.00	0.00
ATCC_17802__202309	sup	10	A	align	false	minimap2	2.26	minimap2-2.26-map-ont	cpu	CPU: AMD EPYC 9745	8	4.38	414.27	4703.60	386.57	389.02	19.61	433.92	0.00	0.00
ATCC_17802__202309	sup	10	A	call	false	clair3	1.0.5	minimap2-2.26-map-ont	cpu	CPU: AMD EPYC 9745	8	201.35	4267.65	14301.75	3505.16	3635.56	382.93	121.38	0.00	0.00
ATCC_17802__202309	sup	10	B	align	false	minimap2	2.31	minimap2-2.31-lrhq	cpu	CPU: AMD EPYC 9745	8	4.33	464.17	4000.11	384.89	388.22	13.42	297.17	0.00	0.00
ATCC_17802__202309	sup	10	B	call	false	clair3	1.0.5	minimap2-2.31-lrhq	cpu	CPU: AMD EPYC 9745	8	197.99	4592.65	14608.87	3813.70	3945.29	337.63	107.24	0.00	0.00
ATCC_17802__202309	sup	10	C	align	false	minimap2	2.31	minimap2-2.31-lrhq	cpu	CPU: AMD EPYC 9745	8	4.33	464.17	4000.11	384.89	388.22	13.42	297.17	0.00	0.00
ATCC_17802__202309	sup	10	C	call	false	clair3	2.0.3	minimap2-2.31-lrhq	cpu	CPU: AMD EPYC 9745	8	119.24	3812.65	9117.07	3229.79	3326.44	224.27	127.61	0.00	0.00
ATCC_17802__202309	sup	10	D	align	false	minimap2	2.31	minimap2-2.31-lrhq	cpu	CPU: AMD EPYC 9745	8	4.33	464.17	4000.11	384.89	388.22	13.42	297.17	0.00	0.00
ATCC_17802__202309	sup	10	D	call	false	dorado	2.1.2	minimap2-2.31-lrhq	gpu	NVIDIA H100 80GB HBM3	8	8.78	1322.15	46513.96	1305.82	1308.64	5.43	62.26	0.00	0.00
ATCC_17802__202309	sup	25	A	align	false	minimap2	2.26	minimap2-2.26-map-ont	cpu	CPU: AMD EPYC 9745	8	12.15	812.18	4981.07	783.46	787.12	58.23	469.48	0.00	0.00
ATCC_17802__202309	sup	25	A	call	false	clair3	1.0.5	minimap2-2.26-map-ont	cpu	CPU: AMD EPYC 9745	8	98.53	3749.68	11580.54	3235.76	3362.84	170.68	154.38	0.00	0.00
ATCC_17802__202309	sup	25	B	align	false	minimap2	2.31	minimap2-2.31-lrhq	cpu	CPU: AMD EPYC 9745	8	11.01	755.29	4828.95	649.78	653.10	46.94	419.65	0.00	0.00
ATCC_17802__202309	sup	25	B	call	false	clair3	1.0.5	minimap2-2.31-lrhq	cpu	CPU: AMD EPYC 9745	8	102.55	4338.45	13124.03	3508.20	3638.88	202.48	61.20	0.00	0.00
ATCC_17802__202309	sup	25	C	align	false	minimap2	2.31	minimap2-2.31-lrhq	cpu	CPU: AMD EPYC 9745	8	11.01	755.29	4828.95	649.78	653.10	46.94	419.65	0.00	0.00
ATCC_17802__202309	sup	25	C	call	false	clair3	2.0.3	minimap2-2.31-lrhq	cpu	CPU: AMD EPYC 9745	8	80.34	3506.48	8578.42	2908.56	3004.58	139.15	77.50	0.00	0.00
ATCC_17802__202309	sup	25	D	align	false	minimap2	2.31	minimap2-2.31-lrhq	cpu	CPU: AMD EPYC 9745	8	11.01	755.29	4828.95	649.78	653.10	46.94	419.65	0.00	0.00
ATCC_17802__202309	sup	25	D	call	false	dorado	2.1.2	minimap2-2.31-lrhq	gpu	NVIDIA H100 80GB HBM3	8	3.63	1500.54	58313.46	1420.12	1423.43	7.06	191.17	0.00	0.00
ATCC_17802__202309	sup	50	A	align	false	minimap2	2.26	minimap2-2.26-map-ont	cpu	CPU: AMD EPYC 9745	8	20.38	1190.23	5231.75	1162.06	1165.42	98.09	477.18	0.00	0.00
ATCC_17802__202309	sup	50	A	call	false	clair3	1.0.5	minimap2-2.26-map-ont	cpu	CPU: AMD EPYC 9745	8	90.36	5107.36	13815.86	4410.56	4540.52	213.83	167.84	0.00	0.00
ATCC_17802__202309	sup	50	B	align	false	minimap2	2.31	minimap2-2.31-lrhq	cpu	CPU: AMD EPYC 9745	8	16.85	1423.34	5008.35	1118.51	1121.76	77.59	456.86	0.00	0.00
ATCC_17802__202309	sup	50	B	call	false	clair3	1.0.5	minimap2-2.31-lrhq	cpu	CPU: AMD EPYC 9745	8	87.53	5222.41	14064.77	4482.92	4599.04	195.47	140.21	0.00	0.00
ATCC_17802__202309	sup	50	C	align	false	minimap2	2.31	minimap2-2.31-lrhq	cpu	CPU: AMD EPYC 9745	8	16.85	1423.34	5008.35	1118.51	1121.76	77.59	456.86	0.00	0.00
ATCC_17802__202309	sup	50	C	call	false	clair3	2.0.3	minimap2-2.31-lrhq	cpu	CPU: AMD EPYC 9745	8	70.59	3937.77	8562.48	3514.63	3610.06	104.84	36.12	0.00	0.00
ATCC_17802__202309	sup	50	D	align	false	minimap2	2.31	minimap2-2.31-lrhq	cpu	CPU: AMD EPYC 9745	8	16.85	1423.34	5008.35	1118.51	1121.76	77.59	456.86	0.00	0.00
ATCC_17802__202309	sup	50	D	call	false	dorado	2.1.2	minimap2-2.31-lrhq	gpu	NVIDIA H100 80GB HBM3	8	9.59	1740.99	58277.97	1718.64	1721.46	11.23	116.48	0.00	0.00
ATCC_17802__202309	sup	50	D	call	true	dorado	2.1.2	minimap2-2.31-lrhq	cpu	CPU: AMD EPYC 9745	8	88.77	12344.24	29592.32	12336.68	12336.74	85.69	95.56	0.00	0.00
ATCC_25922__202309	hac	5	A	align	false	minimap2	2.26	minimap2-2.26-map-ont	cpu	CPU: AMD EPYC 9745	8	3.03	289.57	4294.03	254.59	256.65	8.43	244.38	0.00	0.00
ATCC_25922__202309	hac	5	A	call	false	clair3	1.0.5	minimap2-2.26-map-ont	cpu	CPU: AMD EPYC 9745	8	211.25	4108.47	14496.77	3351.27	3482.81	510.62	210.91	0.00	0.00
ATCC_25922__202309	hac	5	B	align	false	minimap2	2.31	minimap2-2.31-lrhq	cpu	CPU: AMD EPYC 9745	8	2.57	352.44	4073.99	229.16	230.89	4.85	130.98	0.00	0.00
ATCC_25922__202309	hac	5	B	call	false	clair3	1.0.5	minimap2-2.31-lrhq	cpu	CPU: AMD EPYC 9745	8	166.77	4128.55	14606.82	3407.38	3538.96	335.73	139.82	0.00	0.00
ATCC_25922__202309	hac	5	C	align	false	minimap2	2.31	minimap2-2.31-lrhq	cpu	CPU: AMD EPYC 9745	8	2.57	352.44	4073.99	229.16	230.89	4.85	130.98	0.00	0.00
ATCC_25922__202309	hac	5	C	call	false	clair3	2.0.3	minimap2-2.31-lrhq	cpu	CPU: AMD EPYC 9745	8	136.22	3371.62	9201.22	2767.58	2863.95	288.49	124.25	0.00	0.00
ATCC_25922__202309	hac	5	D	align	false	minimap2	2.31	minimap2-2.31-lrhq	cpu	CPU: AMD EPYC 9745	8	2.57	352.44	4073.99	229.16	230.89	4.85	130.98	0.00	0.00
ATCC_25922__202309	hac	5	D	call	false	dorado	2.1.2	minimap2-2.31-lrhq	gpu	NVIDIA H100 80GB HBM3	8	3.91	1529.80	46532.46	1489.44	1494.42	4.12	100.71	0.00	0.00
ATCC_25922__202309	hac	10	A	align	false	minimap2	2.26	minimap2-2.26-map-ont	cpu	CPU: AMD EPYC 9745	8	4.91	370.07	4150.15	270.22	273.63	20.29	394.48	0.00	0.00
ATCC_25922__202309	hac	10	A	call	false	clair3	1.0.5	minimap2-2.26-map-ont	cpu	CPU: AMD EPYC 9745	8	194.83	4334.12	14685.59	3579.18	3711.56	413.61	120.86	0.00	0.00
ATCC_25922__202309	hac	10	B	align	false	minimap2	2.31	minimap2-2.31-lrhq	cpu	CPU: AMD EPYC 9745	8	4.26	488.23	4074.80	450.47	453.90	16.16	351.35	0.00	0.00
ATCC_25922__202309	hac	10	B	call	false	clair3	1.0.5	minimap2-2.31-lrhq	cpu	CPU: AMD EPYC 9745	8	191.44	4381.56	14942.16	3528.44	3655.76	429.94	217.47	0.00	0.00
ATCC_25922__202309	hac	10	C	align	false	minimap2	2.31	minimap2-2.31-lrhq	cpu	CPU: AMD EPYC 9745	8	4.26	488.23	4074.80	450.47	453.90	16.16	351.35	0.00	0.00
ATCC_25922__202309	hac	10	C	call	false	clair3	2.0.3	minimap2-2.31-lrhq	cpu	CPU: AMD EPYC 9745	8	152.38	3649.96	9240.07	3031.80	3128.03	377.32	208.69	0.00	0.00
ATCC_25922__202309	hac	10	D	align	false	minimap2	2.31	minimap2-2.31-lrhq	cpu	CPU: AMD EPYC 9745	8	4.26	488.23	4074.80	450.47	453.90	16.16	351.35	0.00	0.00
ATCC_25922__202309	hac	10	D	call	false	dorado	2.1.2	minimap2-2.31-lrhq	gpu	NVIDIA H100 80GB HBM3	8	7.18	1314.07	58324.46	1297.71	1300.54	5.58	78.06	0.00	0.00
ATCC_25922__202309	hac	25	A	align	false	minimap2	2.26	minimap2-2.26-map-ont	cpu	CPU: AMD EPYC 9745	8	12.64	818.48	5057.96	652.27	656.60	53.59	422.30	0.00	0.00
ATCC_25922__202309	hac	25	A	call	false	clair3	1.0.5	minimap2-2.26-map-ont	cpu	CPU: AMD EPYC 9745	8	93.88	3596.67	12487.46	2807.50	2935.99	168.50	123.67	0.00	0.00
ATCC_25922__202309	hac	25	B	align	false	minimap2	2.31	minimap2-2.31-lrhq	cpu	CPU: AMD EPYC 9745	8	15.88	945.73	4760.64	853.62	859.91	45.08	284.78	0.00	0.00
ATCC_25922__202309	hac	25	B	call	false	clair3	1.0.5	minimap2-2.31-lrhq	cpu	CPU: AMD EPYC 9745	8	105.82	3287.25	12223.29	2205.89	2331.75	164.67	109.74	0.00	0.00
ATCC_25922__202309	hac	25	C	align	false	minimap2	2.31	minimap2-2.31-lrhq	cpu	CPU: AMD EPYC 9745	8	15.88	945.73	4760.64	853.62	859.91	45.08	284.78	0.00	0.00
ATCC_25922__202309	hac	25	C	call	false	clair3	2.0.3	minimap2-2.31-lrhq	cpu	CPU: AMD EPYC 9745	8	70.33	2017.02	8752.62	1395.06	1488.13	72.99	67.87	0.00	0.00
ATCC_25922__202309	hac	25	D	align	false	minimap2	2.31	minimap2-2.31-lrhq	cpu	CPU: AMD EPYC 9745	8	15.88	945.73	4760.64	853.62	859.91	45.08	284.78	0.00	0.00
ATCC_25922__202309	hac	25	D	call	false	dorado	2.1.2	minimap2-2.31-lrhq	gpu	NVIDIA H100 80GB HBM3	8	5.24	1428.12	58311.47	1411.83	1416.58	8.45	156.04	0.00	0.00
ATCC_25922__202309	hac	50	A	align	false	minimap2	2.26	minimap2-2.26-map-ont	cpu	CPU: AMD EPYC 9745	8	24.49	1304.42	5234.24	1071.34	1074.98	101.97	414.45	0.00	0.00
ATCC_25922__202309	hac	50	A	call	false	clair3	1.0.5	minimap2-2.26-map-ont	cpu	CPU: AMD EPYC 9745	8	61.78	2587.69	11915.30	1904.04	2009.41	73.97	83.41	0.00	0.00
ATCC_25922__202309	hac	50	B	align	false	minimap2	2.31	minimap2-2.31-lrhq	cpu	CPU: AMD EPYC 9745	8	22.05	1547.81	5096.27	1513.62	1516.89	87.13	391.29	0.00	0.00
ATCC_25922__202309	hac	50	B	call	false	clair3	1.0.5	minimap2-2.31-lrhq	cpu	CPU: AMD EPYC 9745	8	60.31	3029.14	11904.79	2504.21	2626.95	75.01	85.58	0.00	0.00
ATCC_25922__202309	hac	50	C	align	false	minimap2	2.31	minimap2-2.31-lrhq	cpu	CPU: AMD EPYC 9745	8	22.05	1547.81	5096.27	1513.62	1516.89	87.13	391.29	0.00	0.00
ATCC_25922__202309	hac	50	C	call	false	clair3	2.0.3	minimap2-2.31-lrhq	cpu	CPU: AMD EPYC 9745	8	49.48	1900.62	8817.33	1703.63	1780.89	74.96	92.86	0.00	0.00
ATCC_25922__202309	hac	50	D	align	false	minimap2	2.31	minimap2-2.31-lrhq	cpu	CPU: AMD EPYC 9745	8	22.05	1547.81	5096.27	1513.62	1516.89	87.13	391.29	0.00	0.00
ATCC_25922__202309	hac	50	D	call	false	dorado	2.1.2	minimap2-2.31-lrhq	gpu	NVIDIA H100 80GB HBM3	8	8.92	1827.40	58353.97	1810.98	1813.83	12.44	139.49	0.00	0.00
ATCC_25922__202309	hac	50	D	call	true	dorado	2.1.2	minimap2-2.31-lrhq	cpu	CPU: AMD EPYC 9745	8	98.74	12333.63	29582.32	12326.01	12326.06	84.79	85.17	0.00	0.00
ATCC_25922__202309	sup	5	A	align	false	minimap2	2.26	minimap2-2.26-map-ont	cpu	CPU: AMD EPYC 9745	8	2.41	264.51	4221.80	236.73	243.60	6.76	217.22	0.00	0.00
ATCC_25922__202309	sup	5	A	call	false	clair3	1.0.5	minimap2-2.26-map-ont	cpu	CPU: AMD EPYC 9745	8	116.18	3591.56	12563.72	2446.86	2561.34	217.73	176.27	0.00	0.00
ATCC_25922__202309	sup	5	B	align	false	minimap2	2.31	minimap2-2.31-lrhq	cpu	CPU: AMD EPYC 9745	8	2.41	334.03	4138.95	305.82	309.08	5.71	192.30	0.00	0.00
ATCC_25922__202309	sup	5	B	call	false	clair3	1.0.5	minimap2-2.31-lrhq	cpu	CPU: AMD EPYC 9745	8	119.98	3219.50	13255.29	2526.11	2641.52	207.04	145.32	0.00	0.00
ATCC_25922__202309	sup	5	C	align	false	minimap2	2.31	minimap2-2.31-lrhq	cpu	CPU: AMD EPYC 9745	8	2.41	334.03	4138.95	305.82	309.08	5.71	192.30	0.00	0.00
ATCC_25922__202309	sup	5	C	call	false	clair3	2.0.3	minimap2-2.31-lrhq	cpu	CPU: AMD EPYC 9745	8	77.12	2278.46	8837.86	1687.82	1784.32	48.73	57.69	0.00	0.00
ATCC_25922__202309	sup	5	D	align	false	minimap2	2.31	minimap2-2.31-lrhq	cpu	CPU: AMD EPYC 9745	8	2.41	334.03	4138.95	305.82	309.08	5.71	192.30	0.00	0.00
ATCC_25922__202309	sup	5	D	call	false	dorado	2.1.2	minimap2-2.31-lrhq	gpu	NVIDIA H100 80GB HBM3	8	4.18	1300.53	46512.47	1131.30	1206.05	4.27	98.37	0.00	0.00
ATCC_25922__202309	sup	10	A	align	false	minimap2	2.26	minimap2-2.26-map-ont	cpu	CPU: AMD EPYC 9745	8	5.04	371.38	3929.05	337.29	339.24	20.57	384.80	0.00	0.00
ATCC_25922__202309	sup	10	A	call	false	clair3	1.0.5	minimap2-2.26-map-ont	cpu	CPU: AMD EPYC 9745	8	121.50	3067.16	11962.26	2353.97	2483.30	207.08	164.61	0.00	0.00
ATCC_25922__202309	sup	10	B	align	false	minimap2	2.31	minimap2-2.31-lrhq	cpu	CPU: AMD EPYC 9745	8	5.13	457.59	4640.64	240.52	243.89	17.80	337.92	0.00	0.00
ATCC_25922__202309	sup	10	B	call	false	clair3	1.0.5	minimap2-2.31-lrhq	cpu	CPU: AMD EPYC 9745	8	116.51	3069.38	11915.01	2354.88	2484.57	196.69	95.12	0.00	0.00
ATCC_25922__202309	sup	10	C	align	false	minimap2	2.31	minimap2-2.31-lrhq	cpu	CPU: AMD EPYC 9745	8	5.13	457.59	4640.64	240.52	243.89	17.80	337.92	0.00	0.00
ATCC_25922__202309	sup	10	C	call	false	clair3	2.0.3	minimap2-2.31-lrhq	cpu	CPU: AMD EPYC 9745	8	101.57	2372.08	8832.38	1655.30	1725.10	176.35	105.89	0.00	0.00
ATCC_25922__202309	sup	10	D	align	false	minimap2	2.31	minimap2-2.31-lrhq	cpu	CPU: AMD EPYC 9745	8	5.13	457.59	4640.64	240.52	243.89	17.80	337.92	0.00	0.00
ATCC_25922__202309	sup	10	D	call	false	dorado	2.1.2	minimap2-2.31-lrhq	gpu	NVIDIA H100 80GB HBM3	8	3.59	1313.70	58273.47	1297.46	1302.40	4.72	127.03	0.00	0.00
ATCC_25922__202309	sup	25	A	align	false	minimap2	2.26	minimap2-2.26-map-ont	cpu	CPU: AMD EPYC 9745	8	11.96	721.29	4912.45	693.42	695.94	55.58	456.19	0.00	0.00
ATCC_25922__202309	sup	25	A	call	false	clair3	1.0.5	minimap2-2.26-map-ont	cpu	CPU: AMD EPYC 9745	8	60.73	3259.54	12218.04	2509.41	2624.17	77.44	87.20	0.00	0.00
ATCC_25922__202309	sup	25	B	align	false	minimap2	2.31	minimap2-2.31-lrhq	cpu	CPU: AMD EPYC 9745	8	8.98	992.84	4760.59	806.91	813.46	39.15	429.01	0.00	0.00
ATCC_25922__202309	sup	25	B	call	false	clair3	1.0.5	minimap2-2.31-lrhq	cpu	CPU: AMD EPYC 9745	8	59.87	2477.49	11120.17	1811.97	1918.49	77.48	87.52	0.00	0.00
ATCC_25922__202309	sup	25	C	align	false	minimap2	2.31	minimap2-2.31-lrhq	cpu	CPU: AMD EPYC 9745	8	8.98	992.84	4760.59	806.91	813.46	39.15	429.01	0.00	0.00
ATCC_25922__202309	sup	25	C	call	false	clair3	2.0.3	minimap2-2.31-lrhq	cpu	CPU: AMD EPYC 9745	8	47.45	1624.59	7983.43	1047.61	1128.03	46.13	85.42	0.00	0.00
ATCC_25922__202309	sup	25	D	align	false	minimap2	2.31	minimap2-2.31-lrhq	cpu	CPU: AMD EPYC 9745	8	8.98	992.84	4760.59	806.91	813.46	39.15	429.01	0.00	0.00
ATCC_25922__202309	sup	25	D	call	false	dorado	2.1.2	minimap2-2.31-lrhq	gpu	NVIDIA H100 80GB HBM3	8	3.78	1702.66	58177.47	1686.27	1691.00	7.01	187.24	0.00	0.00
ATCC_25922__202309	sup	50	A	align	false	minimap2	2.26	minimap2-2.26-map-ont	cpu	CPU: AMD EPYC 9745	8	24.06	1174.07	4944.12	1146.42	1149.81	102.52	424.62	0.00	0.00
ATCC_25922__202309	sup	50	A	call	false	clair3	1.0.5	minimap2-2.26-map-ont	cpu	CPU: AMD EPYC 9745	8	37.13	2353.25	11744.12	1641.24	1771.68	52.18	129.80	0.00	0.00
ATCC_25922__202309	sup	50	B	align	false	minimap2	2.31	minimap2-2.31-lrhq	cpu	CPU: AMD EPYC 9745	8	18.64	1482.21	5021.63	1125.15	1128.21	87.07	465.65	0.00	0.00
ATCC_25922__202309	sup	50	B	call	false	clair3	1.0.5	minimap2-2.31-lrhq	cpu	CPU: AMD EPYC 9745	8	55.49	2046.53	11143.23	1378.17	1495.59	35.42	31.76	0.00	0.00
ATCC_25922__202309	sup	50	C	align	false	minimap2	2.31	minimap2-2.31-lrhq	cpu	CPU: AMD EPYC 9745	8	18.64	1482.21	5021.63	1125.15	1128.21	87.07	465.65	0.00	0.00
ATCC_25922__202309	sup	50	C	call	false	clair3	2.0.3	minimap2-2.31-lrhq	cpu	CPU: AMD EPYC 9745	8	36.12	1854.08	8602.33	1293.84	1385.47	38.01	98.34	0.00	0.00
ATCC_25922__202309	sup	50	D	align	false	minimap2	2.31	minimap2-2.31-lrhq	cpu	CPU: AMD EPYC 9745	8	18.64	1482.21	5021.63	1125.15	1128.21	87.07	465.65	0.00	0.00
ATCC_25922__202309	sup	50	D	call	false	dorado	2.1.2	minimap2-2.31-lrhq	gpu	NVIDIA H100 80GB HBM3	8	4.50	1385.52	58176.96	1369.09	1374.00	10.80	235.30	0.00	0.00
ATCC_25922__202309	sup	50	D	call	true	dorado	2.1.2	minimap2-2.31-lrhq	cpu	CPU: AMD EPYC 9745	8	87.44	11370.32	29677.34	11227.81	11261.72	84.39	94.50	0.00	0.00
ATCC_33560__202309	hac	5	A	align	false	minimap2	2.26	minimap2-2.26-map-ont	cpu	CPU: AMD EPYC 9745	8	0.98	195.32	3174.21	165.29	167.23	2.65	0.00	0.00	0.00
ATCC_33560__202309	hac	5	A	call	false	clair3	1.0.5	minimap2-2.26-map-ont	cpu	CPU: AMD EPYC 9745	8	137.88	1815.89	8000.67	1414.60	1535.16	121.07	55.57	0.00	0.00
ATCC_33560__202309	hac	5	B	align	false	minimap2	2.31	minimap2-2.31-lrhq	cpu	CPU: AMD EPYC 9745	8	0.90	29.24	1707.69	6.86	7.94	0.03	0.00	0.00	0.00
ATCC_33560__202309	hac	5	B	call	false	clair3	1.0.5	minimap2-2.31-lrhq	cpu	CPU: AMD EPYC 9745	8	147.26	1968.73	8195.39	1433.03	1556.62	179.12	92.91	0.00	0.00
ATCC_33560__202309	hac	5	C	align	false	minimap2	2.31	minimap2-2.31-lrhq	cpu	CPU: AMD EPYC 9745	8	0.90	29.24	1707.69	6.86	7.94	0.03	0.00	0.00	0.00
ATCC_33560__202309	hac	5	C	call	false	clair3	2.0.3	minimap2-2.31-lrhq	cpu	CPU: AMD EPYC 9745	8	96.91	1629.13	5587.03	1299.73	1395.97	84.53	47.66	0.00	0.00
ATCC_33560__202309	hac	5	D	align	false	minimap2	2.31	minimap2-2.31-lrhq	cpu	CPU: AMD EPYC 9745	8	0.90	29.24	1707.69	6.86	7.94	0.03	0.00	0.00	0.00
ATCC_33560__202309	hac	5	D	call	false	dorado	2.1.2	minimap2-2.31-lrhq	gpu	NVIDIA H100 80GB HBM3	8	2.53	1095.50	32963.97	1079.14	1084.13	1.97	70.76	0.00	0.00
ATCC_33560__202309	hac	10	A	align	false	minimap2	2.26	minimap2-2.26-map-ont	cpu	CPU: AMD EPYC 9745	8	1.74	162.28	4367.83	131.39	134.74	2.81	12.37	0.00	0.00
ATCC_33560__202309	hac	10	A	call	false	clair3	1.0.5	minimap2-2.26-map-ont	cpu	CPU: AMD EPYC 9745	8	122.35	1770.18	6606.94	1499.27	1616.70	120.66	63.11	0.00	0.00
ATCC_33560__202309	hac	10	B	align	false	minimap2	2.31	minimap2-2.31-lrhq	cpu	CPU: AMD EPYC 9745	8	1.39	245.98	3056.16	119.07	121.41	3.04	2.37	0.00	0.00
ATCC_33560__202309	hac	10	B	call	false	clair3	1.0.5	minimap2-2.31-lrhq	cpu	CPU: AMD EPYC 9745	8	114.77	1596.62	6579.26	1331.95	1445.88	130.25	66.65	0.00	0.00
ATCC_33560__202309	hac	10	C	align	false	minimap2	2.31	minimap2-2.31-lrhq	cpu	CPU: AMD EPYC 9745	8	1.39	245.98	3056.16	119.07	121.41	3.04	2.37	0.00	0.00
ATCC_33560__202309	hac	10	C	call	false	clair3	2.0.3	minimap2-2.31-lrhq	cpu	CPU: AMD EPYC 9745	8	121.88	1664.54	5552.65	1333.02	1428.43	124.98	86.74	0.00	0.00
ATCC_33560__202309	hac	10	D	align	false	minimap2	2.31	minimap2-2.31-lrhq	cpu	CPU: AMD EPYC 9745	8	1.39	245.98	3056.16	119.07	121.41	3.04	2.37	0.00	0.00
ATCC_33560__202309	hac	10	D	call	false	dorado	2.1.2	minimap2-2.31-lrhq	gpu	NVIDIA H100 80GB HBM3	8	5.73	1275.55	33293.47	1103.86	1184.98	2.62	45.69	0.00	0.00
ATCC_33560__202309	hac	25	A	align	false	minimap2	2.26	minimap2-2.26-map-ont	cpu	CPU: AMD EPYC 9745	8	4.57	294.49	4075.30	181.80	184.17	13.19	276.48	0.00	0.00
ATCC_33560__202309	hac	25	A	call	false	clair3	1.0.5	minimap2-2.26-map-ont	cpu	CPU: AMD EPYC 9745	8	81.35	1236.30	6167.55	970.02	1086.07	49.51	51.85	0.00	0.00
ATCC_33560__202309	hac	25	B	align	false	minimap2	2.31	minimap2-2.31-lrhq	cpu	CPU: AMD EPYC 9745	8	3.28	385.51	4001.38	288.44	290.92	9.89	277.45	0.00	0.00
ATCC_33560__202309	hac	25	B	call	false	clair3	1.0.5	minimap2-2.31-lrhq	cpu	CPU: AMD EPYC 9745	8	69.71	912.28	4526.30	868.55	873.37	30.19	24.16	0.00	0.00
ATCC_33560__202309	hac	25	C	align	false	minimap2	2.31	minimap2-2.31-lrhq	cpu	CPU: AMD EPYC 9745	8	3.28	385.51	4001.38	288.44	290.92	9.89	277.45	0.00	0.00
ATCC_33560__202309	hac	25	C	call	false	clair3	2.0.3	minimap2-2.31-lrhq	cpu	CPU: AMD EPYC 9745	8	64.68	743.09	3692.29	691.29	699.09	36.79	25.85	0.00	0.00
ATCC_33560__202309	hac	25	D	align	false	minimap2	2.31	minimap2-2.31-lrhq	cpu	CPU: AMD EPYC 9745	8	3.28	385.51	4001.38	288.44	290.92	9.89	277.45	0.00	0.00
ATCC_33560__202309	hac	25	D	call	false	dorado	2.1.2	minimap2-2.31-lrhq	gpu	NVIDIA H100 80GB HBM3	8	4.81	938.18	34320.46	766.52	847.58	3.82	75.83	0.00	0.00
ATCC_33560__202309	hac	50	A	align	false	minimap2	2.26	minimap2-2.26-map-ont	cpu	CPU: AMD EPYC 9745	8	10.15	418.97	4624.22	390.97	394.21	29.78	294.45	0.00	0.00
ATCC_33560__202309	hac	50	A	call	false	clair3	1.0.5	minimap2-2.26-map-ont	cpu	CPU: AMD EPYC 9745	8	59.19	1011.93	4696.43	968.43	975.03	32.32	21.82	0.00	0.00
ATCC_33560__202309	hac	50	B	align	false	minimap2	2.31	minimap2-2.31-lrhq	cpu	CPU: AMD EPYC 9745	8	6.22	614.34	4074.31	573.59	575.88	24.30	378.89	0.00	0.00
ATCC_33560__202309	hac	50	B	call	false	clair3	1.0.5	minimap2-2.31-lrhq	cpu	CPU: AMD EPYC 9745	8	53.69	1085.46	4698.86	1041.22	1046.93	41.06	30.71	0.00	0.00
ATCC_33560__202309	hac	50	C	align	false	minimap2	2.31	minimap2-2.31-lrhq	cpu	CPU: AMD EPYC 9745	8	6.22	614.34	4074.31	573.59	575.88	24.30	378.89	0.00	0.00
ATCC_33560__202309	hac	50	C	call	false	clair3	2.0.3	minimap2-2.31-lrhq	cpu	CPU: AMD EPYC 9745	8	44.17	704.30	3697.26	652.93	663.67	13.80	30.26	0.00	0.00
ATCC_33560__202309	hac	50	D	align	false	minimap2	2.31	minimap2-2.31-lrhq	cpu	CPU: AMD EPYC 9745	8	6.22	614.34	4074.31	573.59	575.88	24.30	378.89	0.00	0.00
ATCC_33560__202309	hac	50	D	call	false	dorado	2.1.2	minimap2-2.31-lrhq	gpu	NVIDIA H100 80GB HBM3	8	3.52	1197.41	35900.97	1181.11	1186.08	4.54	124.16	0.00	0.00
ATCC_33560__202309	hac	50	D	call	true	dorado	2.1.2	minimap2-2.31-lrhq	cpu	CPU: AMD EPYC 9745	8	42.83	8901.95	19287.32	8894.29	8894.34	20.20	45.89	0.00	0.00
ATCC_33560__202309	sup	5	A	align	false	minimap2	2.26	minimap2-2.26-map-ont	cpu	CPU: AMD EPYC 9745	8	1.36	126.25	3044.24	98.42	101.82	2.05	0.00	0.00	0.00
ATCC_33560__202309	sup	5	A	call	false	clair3	1.0.5	minimap2-2.26-map-ont	cpu	CPU: AMD EPYC 9745	8	88.72	896.92	4512.43	852.68	858.41	74.67	52.81	0.00	0.00
ATCC_33560__202309	sup	5	B	align	false	minimap2	2.31	minimap2-2.31-lrhq	cpu	CPU: AMD EPYC 9745	8	0.97	94.32	4564.64	65.79	69.43	2.26	0.00	0.00	0.00
ATCC_33560__202309	sup	5	B	call	false	clair3	1.0.5	minimap2-2.31-lrhq	cpu	CPU: AMD EPYC 9745	8	95.56	789.72	4547.84	746.65	750.97	70.14	49.87	0.00	0.00
ATCC_33560__202309	sup	5	C	align	false	minimap2	2.31	minimap2-2.31-lrhq	cpu	CPU: AMD EPYC 9745	8	0.97	94.32	4564.64	65.79	69.43	2.26	0.00	0.00	0.00
ATCC_33560__202309	sup	5	C	call	false	clair3	2.0.3	minimap2-2.31-lrhq	cpu	CPU: AMD EPYC 9745	8	65.46	1081.30	4446.92	854.41	946.08	40.05	25.02	0.00	0.00
ATCC_33560__202309	sup	5	D	align	false	minimap2	2.31	minimap2-2.31-lrhq	cpu	CPU: AMD EPYC 9745	8	0.97	94.32	4564.64	65.79	69.43	2.26	0.00	0.00	0.00
ATCC_33560__202309	sup	5	D	call	false	dorado	2.1.2	minimap2-2.31-lrhq	gpu	NVIDIA H100 80GB HBM3	8	2.51	1099.03	32791.46	1082.70	1087.68	1.92	69.48	0.00	0.00
ATCC_33560__202309	sup	10	A	align	false	minimap2	2.26	minimap2-2.26-map-ont	cpu	CPU: AMD EPYC 9745	8	2.10	174.03	3199.71	143.26	146.07	7.07	223.72	0.00	0.00
ATCC_33560__202309	sup	10	A	call	false	clair3	1.0.5	minimap2-2.26-map-ont	cpu	CPU: AMD EPYC 9745	8	98.36	1342.67	6321.89	1075.68	1189.68	83.02	47.49	0.00	0.00
ATCC_33560__202309	sup	10	B	align	false	minimap2	2.31	minimap2-2.31-lrhq	cpu	CPU: AMD EPYC 9745	8	1.72	145.25	4069.43	116.21	118.28	1.62	1.87	0.00	0.00
ATCC_33560__202309	sup	10	B	call	false	clair3	1.0.5	minimap2-2.31-lrhq	cpu	CPU: AMD EPYC 9745	8	96.69	783.90	4608.68	739.76	744.47	71.87	50.72	0.00	0.00
ATCC_33560__202309	sup	10	C	align	false	minimap2	2.31	minimap2-2.31-lrhq	cpu	CPU: AMD EPYC 9745	8	1.72	145.25	4069.43	116.21	118.28	1.62	1.87	0.00	0.00
ATCC_33560__202309	sup	10	C	call	false	clair3	2.0.3	minimap2-2.31-lrhq	cpu	CPU: AMD EPYC 9745	8	75.72	1195.27	4576.81	968.75	1059.42	26.57	21.90	0.00	0.00
ATCC_33560__202309	sup	10	D	align	false	minimap2	2.31	minimap2-2.31-lrhq	cpu	CPU: AMD EPYC 9745	8	1.72	145.25	4069.43	116.21	118.28	1.62	1.87	0.00	0.00
ATCC_33560__202309	sup	10	D	call	false	dorado	2.1.2	minimap2-2.31-lrhq	gpu	NVIDIA H100 80GB HBM3	8	3.47	1145.18	32953.97	1128.88	1133.84	2.27	65.44	0.00	0.00
ATCC_33560__202309	sup	25	A	align	false	minimap2	2.26	minimap2-2.26-map-ont	cpu	CPU: AMD EPYC 9745	8	4.61	266.87	4769.86	239.57	242.20	15.41	320.87	0.00	0.00
ATCC_33560__202309	sup	25	A	call	false	clair3	1.0.5	minimap2-2.26-map-ont	cpu	CPU: AMD EPYC 9745	8	52.80	886.29	4396.90	843.21	848.71	42.75	31.89	0.00	0.00
ATCC_33560__202309	sup	25	B	align	false	minimap2	2.31	minimap2-2.31-lrhq	cpu	CPU: AMD EPYC 9745	8	4.11	633.12	3928.17	580.77	582.97	9.12	218.28	0.00	0.00
ATCC_33560__202309	sup	25	B	call	false	clair3	1.0.5	minimap2-2.31-lrhq	cpu	CPU: AMD EPYC 9745	8	55.28	848.16	4460.92	803.37	808.60	41.31	30.91	0.00	0.00
ATCC_33560__202309	sup	25	C	align	false	minimap2	2.31	minimap2-2.31-lrhq	cpu	CPU: AMD EPYC 9745	8	4.11	633.12	3928.17	580.77	582.97	9.12	218.28	0.00	0.00
ATCC_33560__202309	sup	25	C	call	false	clair3	2.0.3	minimap2-2.31-lrhq	cpu	CPU: AMD EPYC 9745	8	36.48	698.41	3624.82	646.84	655.51	15.77	39.83	0.00	0.00
ATCC_33560__202309	sup	25	D	align	false	minimap2	2.31	minimap2-2.31-lrhq	cpu	CPU: AMD EPYC 9745	8	4.11	633.12	3928.17	580.77	582.97	9.12	218.28	0.00	0.00
ATCC_33560__202309	sup	25	D	call	false	dorado	2.1.2	minimap2-2.31-lrhq	gpu	NVIDIA H100 80GB HBM3	8	3.22	1197.95	33203.01	1038.43	1113.30	3.08	90.20	0.00	0.00
ATCC_33560__202309	sup	50	A	align	false	minimap2	2.26	minimap2-2.26-map-ont	cpu	CPU: AMD EPYC 9745	8	6.61	579.66	4297.28	484.85	487.30	29.25	423.76	0.00	0.00
ATCC_33560__202309	sup	50	A	call	false	clair3	1.0.5	minimap2-2.26-map-ont	cpu	CPU: AMD EPYC 9745	8	43.58	674.56	4002.42	630.72	635.62	16.34	34.74	0.00	0.00
ATCC_33560__202309	sup	50	B	align	false	minimap2	2.31	minimap2-2.31-lrhq	cpu	CPU: AMD EPYC 9745	8	6.23	915.34	4623.83	750.64	753.00	26.82	416.20	0.00	0.00
ATCC_33560__202309	sup	50	B	call	false	clair3	1.0.5	minimap2-2.31-lrhq	cpu	CPU: AMD EPYC 9745	8	39.63	890.31	3928.91	573.15	578.31	16.63	38.55	0.00	0.00
ATCC_33560__202309	sup	50	C	align	false	minimap2	2.31	minimap2-2.31-lrhq	cpu	CPU: AMD EPYC 9745	8	6.23	915.34	4623.83	750.64	753.00	26.82	416.20	0.00	0.00
ATCC_33560__202309	sup	50	C	call	false	clair3	2.0.3	minimap2-2.31-lrhq	cpu	CPU: AMD EPYC 9745	8	36.64	695.73	3548.14	643.76	652.42	13.65	34.18	0.00	0.00
ATCC_33560__202309	sup	50	D	align	false	minimap2	2.31	minimap2-2.31-lrhq	cpu	CPU: AMD EPYC 9745	8	6.23	915.34	4623.83	750.64	753.00	26.82	416.20	0.00	0.00
ATCC_33560__202309	sup	50	D	call	false	dorado	2.1.2	minimap2-2.31-lrhq	gpu	NVIDIA H100 80GB HBM3	8	3.53	1222.18	34343.47	1205.98	1210.94	4.40	120.40	0.00	0.00
ATCC_33560__202309	sup	50	D	call	true	dorado	2.1.2	minimap2-2.31-lrhq	cpu	CPU: AMD EPYC 9745	8	36.08	8551.07	17245.82	8461.08	8461.14	19.55	53.68	0.00	0.00
ATCC_35221__202309	hac	5	A	align	false	minimap2	2.26	minimap2-2.26-map-ont	cpu	CPU: AMD EPYC 9745	8	0.79	68.50	4147.54	42.34	44.77	0.14	0.00	0.00	0.00
ATCC_35221__202309	hac	5	A	call	false	clair3	1.0.5	minimap2-2.26-map-ont	cpu	CPU: AMD EPYC 9745	8	129.56	2001.62	8784.54	1611.41	1734.79	146.71	59.19	0.00	0.00
ATCC_35221__202309	hac	5	B	align	false	minimap2	2.31	minimap2-2.31-lrhq	cpu	CPU: AMD EPYC 9745	8	1.04	85.04	4492.43	57.22	59.89	2.26	0.00	0.00	0.00
ATCC_35221__202309	hac	5	B	call	false	clair3	1.0.5	minimap2-2.31-lrhq	cpu	CPU: AMD EPYC 9745	8	110.57	1848.85	7968.73	1376.77	1497.90	113.76	96.06	0.00	0.00
ATCC_35221__202309	hac	5	C	align	false	minimap2	2.31	minimap2-2.31-lrhq	cpu	CPU: AMD EPYC 9745	8	1.04	85.04	4492.43	57.22	59.89	2.26	0.00	0.00	0.00
ATCC_35221__202309	hac	5	C	call	false	clair3	2.0.3	minimap2-2.31-lrhq	cpu	CPU: AMD EPYC 9745	8	86.87	1745.62	5616.20	1414.64	1511.28	110.10	53.45	0.00	0.00
ATCC_35221__202309	hac	5	D	align	false	minimap2	2.31	minimap2-2.31-lrhq	cpu	CPU: AMD EPYC 9745	8	1.04	85.04	4492.43	57.22	59.89	2.26	0.00	0.00	0.00
ATCC_35221__202309	hac	5	D	call	false	dorado	2.1.2	minimap2-2.31-lrhq	gpu	NVIDIA H100 80GB HBM3	8	2.54	1059.36	31060.47	1043.07	1047.92	1.87	67.08	0.00	0.00
ATCC_35221__202309	hac	10	A	align	false	minimap2	2.26	minimap2-2.26-map-ont	cpu	CPU: AMD EPYC 9745	8	1.35	194.46	3053.02	163.46	167.06	2.98	2.45	0.00	0.00
ATCC_35221__202309	hac	10	A	call	false	clair3	1.0.5	minimap2-2.26-map-ont	cpu	CPU: AMD EPYC 9745	8	111.35	1585.77	6544.94	1324.46	1437.94	110.10	95.41	0.00	0.00
ATCC_35221__202309	hac	10	B	align	false	minimap2	2.31	minimap2-2.31-lrhq	cpu	CPU: AMD EPYC 9745	8	1.98	371.86	3038.54	337.94	340.91	2.47	0.66	0.00	0.00
ATCC_35221__202309	hac	10	B	call	false	clair3	1.0.5	minimap2-2.31-lrhq	cpu	CPU: AMD EPYC 9745	8	129.45	2107.72	8425.28	1716.16	1839.82	150.89	59.91	0.00	0.00
ATCC_35221__202309	hac	10	C	align	false	minimap2	2.31	minimap2-2.31-lrhq	cpu	CPU: AMD EPYC 9745	8	1.98	371.86	3038.54	337.94	340.91	2.47	0.66	0.00	0.00
ATCC_35221__202309	hac	10	C	call	false	clair3	2.0.3	minimap2-2.31-lrhq	cpu	CPU: AMD EPYC 9745	8	80.81	1320.82	4781.32	1103.48	1198.24	95.92	57.11	0.00	0.00
ATCC_35221__202309	hac	10	D	align	false	minimap2	2.31	minimap2-2.31-lrhq	cpu	CPU: AMD EPYC 9745	8	1.98	371.86	3038.54	337.94	340.91	2.47	0.66	0.00	0.00
ATCC_35221__202309	hac	10	D	call	false	dorado	2.1.2	minimap2-2.31-lrhq	gpu	NVIDIA H100 80GB HBM3	8	3.07	1086.28	31211.97	1070.01	1074.97	2.34	70.78	0.00	0.00
ATCC_35221__202309	hac	25	A	align	false	minimap2	2.26	minimap2-2.26-map-ont	cpu	CPU: AMD EPYC 9745	8	3.13	278.29	4220.73	210.92	213.33	10.87	313.38	0.00	0.00
ATCC_35221__202309	hac	25	A	call	false	clair3	1.0.5	minimap2-2.26-map-ont	cpu	CPU: AMD EPYC 9745	8	77.70	1511.47	6372.20	1252.14	1363.01	37.48	22.21	0.00	0.00
ATCC_35221__202309	hac	25	B	align	false	minimap2	2.31	minimap2-2.31-lrhq	cpu	CPU: AMD EPYC 9745	8	2.80	370.86	4484.85	319.14	321.30	11.28	360.89	0.00	0.00
ATCC_35221__202309	hac	25	B	call	false	clair3	1.0.5	minimap2-2.31-lrhq	cpu	CPU: AMD EPYC 9745	8	83.45	1481.87	6418.36	1214.44	1328.58	50.99	52.04	0.00	0.00
ATCC_35221__202309	hac	25	C	align	false	minimap2	2.31	minimap2-2.31-lrhq	cpu	CPU: AMD EPYC 9745	8	2.80	370.86	4484.85	319.14	321.30	11.28	360.89	0.00	0.00
ATCC_35221__202309	hac	25	C	call	false	clair3	2.0.3	minimap2-2.31-lrhq	cpu	CPU: AMD EPYC 9745	8	62.50	1009.92	4440.12	783.44	874.68	56.03	26.64	0.00	0.00
ATCC_35221__202309	hac	25	D	align	false	minimap2	2.31	minimap2-2.31-lrhq	cpu	CPU: AMD EPYC 9745	8	2.80	370.86	4484.85	319.14	321.30	11.28	360.89	0.00	0.00
ATCC_35221__202309	hac	25	D	call	false	dorado	2.1.2	minimap2-2.31-lrhq	gpu	NVIDIA H100 80GB HBM3	8	2.52	1092.16	32148.46	1075.88	1080.84	2.78	104.05	0.00	0.00
ATCC_35221__202309	hac	50	A	align	false	minimap2	2.26	minimap2-2.26-map-ont	cpu	CPU: AMD EPYC 9745	8	6.65	478.80	4076.32	364.53	367.31	30.02	438.99	0.00	0.00
ATCC_35221__202309	hac	50	A	call	false	clair3	1.0.5	minimap2-2.26-map-ont	cpu	CPU: AMD EPYC 9745	8	69.19	1131.48	4598.47	1087.48	1093.15	37.67	24.62	0.00	0.00
ATCC_35221__202309	hac	50	B	align	false	minimap2	2.31	minimap2-2.31-lrhq	cpu	CPU: AMD EPYC 9745	8	6.15	798.45	4074.75	649.33	653.41	23.92	382.49	0.00	0.00
ATCC_35221__202309	hac	50	B	call	false	clair3	1.0.5	minimap2-2.31-lrhq	cpu	CPU: AMD EPYC 9745	8	69.34	1125.84	4755.04	1081.93	1087.55	36.12	24.42	0.00	0.00
ATCC_35221__202309	hac	50	C	align	false	minimap2	2.31	minimap2-2.31-lrhq	cpu	CPU: AMD EPYC 9745	8	6.15	798.45	4074.75	649.33	653.41	23.92	382.49	0.00	0.00
ATCC_35221__202309	hac	50	C	call	false	clair3	2.0.3	minimap2-2.31-lrhq	cpu	CPU: AMD EPYC 9745	8	52.73	1002.79	3881.31	951.25	958.38	45.29	30.81	0.00	0.00
ATCC_35221__202309	hac	50	D	align	false	minimap2	2.31	minimap2-2.31-lrhq	cpu	CPU: AMD EPYC 9745	8	6.15	798.45	4074.75	649.33	653.41	23.92	382.49	0.00	0.00
ATCC_35221__202309	hac	50	D	call	false	dorado	2.1.2	minimap2-2.31-lrhq	gpu	NVIDIA H100 80GB HBM3	8	3.51	1136.46	33275.47	1120.22	1125.18	4.03	109.67	0.00	0.00
ATCC_35221__202309	hac	50	D	call	true	dorado	2.1.2	minimap2-2.31-lrhq	cpu	CPU: AMD EPYC 9745	8	30.71	8799.43	21245.82	8791.83	8791.88	19.37	61.98	0.00	0.00
ATCC_35221__202309	sup	5	A	align	false	minimap2	2.26	minimap2-2.26-map-ont	cpu	CPU: AMD EPYC 9745	8	0.94	168.93	4786.91	140.88	144.43	2.75	0.00	0.00	0.00
ATCC_35221__202309	sup	5	A	call	false	clair3	1.0.5	minimap2-2.26-map-ont	cpu	CPU: AMD EPYC 9745	8	82.18	1502.65	6477.84	1239.61	1353.72	76.05	20.07	0.00	0.00
ATCC_35221__202309	sup	5	B	align	false	minimap2	2.31	minimap2-2.31-lrhq	cpu	CPU: AMD EPYC 9745	8	0.91	67.62	4072.62	41.57	44.70	0.16	0.00	0.00	0.00
ATCC_35221__202309	sup	5	B	call	false	clair3	1.0.5	minimap2-2.31-lrhq	cpu	CPU: AMD EPYC 9745	8	83.20	1361.89	6341.78	1099.55	1212.23	75.61	20.14	0.00	0.00
ATCC_35221__202309	sup	5	C	align	false	minimap2	2.31	minimap2-2.31-lrhq	cpu	CPU: AMD EPYC 9745	8	0.91	67.62	4072.62	41.57	44.70	0.16	0.00	0.00	0.00
ATCC_35221__202309	sup	5	C	call	false	clair3	2.0.3	minimap2-2.31-lrhq	cpu	CPU: AMD EPYC 9745	8	65.25	1207.08	4650.78	982.55	1073.01	40.63	25.13	0.00	0.00
ATCC_35221__202309	sup	5	D	align	false	minimap2	2.31	minimap2-2.31-lrhq	cpu	CPU: AMD EPYC 9745	8	0.91	67.62	4072.62	41.57	44.70	0.16	0.00	0.00	0.00
ATCC_35221__202309	sup	5	D	call	false	dorado	2.1.2	minimap2-2.31-lrhq	gpu	NVIDIA H100 80GB HBM3	8	3.49	1070.85	30668.97	899.16	980.26	2.22	58.82	0.00	0.00
ATCC_35221__202309	sup	10	A	align	false	minimap2	2.26	minimap2-2.26-map-ont	cpu	CPU: AMD EPYC 9745	8	1.94	222.12	2939.00	191.65	193.60	4.97	164.16	0.00	0.00
ATCC_35221__202309	sup	10	A	call	false	clair3	1.0.5	minimap2-2.26-map-ont	cpu	CPU: AMD EPYC 9745	8	94.13	1494.32	6413.16	1234.34	1346.29	94.53	49.93	0.00	0.00
ATCC_35221__202309	sup	10	B	align	false	minimap2	2.31	minimap2-2.31-lrhq	cpu	CPU: AMD EPYC 9745	8	1.44	203.51	3087.38	175.51	177.72	3.25	5.15	0.00	0.00
ATCC_35221__202309	sup	10	B	call	false	clair3	1.0.5	minimap2-2.31-lrhq	cpu	CPU: AMD EPYC 9745	8	98.43	1668.32	6629.88	1394.63	1506.38	88.46	47.62	0.00	0.00
ATCC_35221__202309	sup	10	C	align	false	minimap2	2.31	minimap2-2.31-lrhq	cpu	CPU: AMD EPYC 9745	8	1.44	203.51	3087.38	175.51	177.72	3.25	5.15	0.00	0.00
ATCC_35221__202309	sup	10	C	call	false	clair3	2.0.3	minimap2-2.31-lrhq	cpu	CPU: AMD EPYC 9745	8	72.49	1322.04	4760.80	1094.93	1186.51	33.34	22.83	0.00	0.00
ATCC_35221__202309	sup	10	D	align	false	minimap2	2.31	minimap2-2.31-lrhq	cpu	CPU: AMD EPYC 9745	8	1.44	203.51	3087.38	175.51	177.72	3.25	5.15	0.00	0.00
ATCC_35221__202309	sup	10	D	call	false	dorado	2.1.2	minimap2-2.31-lrhq	gpu	NVIDIA H100 80GB HBM3	8	4.18	848.97	31043.46	689.49	764.42	2.78	66.29	0.00	0.00
ATCC_35221__202309	sup	25	A	align	false	minimap2	2.26	minimap2-2.26-map-ont	cpu	CPU: AMD EPYC 9745	8	5.05	292.14	4649.63	264.05	267.45	15.65	291.58	0.00	0.00
ATCC_35221__202309	sup	25	A	call	false	clair3	1.0.5	minimap2-2.26-map-ont	cpu	CPU: AMD EPYC 9745	8	57.70	918.72	4987.88	910.71	916.26	41.35	28.91	0.00	0.00
ATCC_35221__202309	sup	25	B	align	false	minimap2	2.31	minimap2-2.31-lrhq	cpu	CPU: AMD EPYC 9745	8	4.28	311.04	4621.20	225.38	228.54	12.49	277.84	0.00	0.00
ATCC_35221__202309	sup	25	B	call	false	clair3	1.0.5	minimap2-2.31-lrhq	cpu	CPU: AMD EPYC 9745	8	63.00	884.07	4850.38	841.02	846.20	39.53	26.22	0.00	0.00
ATCC_35221__202309	sup	25	C	align	false	minimap2	2.31	minimap2-2.31-lrhq	cpu	CPU: AMD EPYC 9745	8	4.28	311.04	4621.20	225.38	228.54	12.49	277.84	0.00	0.00
ATCC_35221__202309	sup	25	C	call	false	clair3	2.0.3	minimap2-2.31-lrhq	cpu	CPU: AMD EPYC 9745	8	43.99	573.90	3905.62	517.86	526.29	17.21	35.50	0.00	0.00
ATCC_35221__202309	sup	25	D	align	false	minimap2	2.31	minimap2-2.31-lrhq	cpu	CPU: AMD EPYC 9745	8	4.28	311.04	4621.20	225.38	228.54	12.49	277.84	0.00	0.00
ATCC_35221__202309	sup	25	D	call	false	dorado	2.1.2	minimap2-2.31-lrhq	gpu	NVIDIA H100 80GB HBM3	8	7.43	1083.19	31493.47	1060.81	1063.63	2.95	39.65	0.00	0.00
ATCC_35221__202309	sup	50	A	align	false	minimap2	2.26	minimap2-2.26-map-ont	cpu	CPU: AMD EPYC 9745	8	6.84	464.09	4296.42	252.32	254.49	28.68	400.29	0.00	0.00
ATCC_35221__202309	sup	50	A	call	false	clair3	1.0.5	minimap2-2.26-map-ont	cpu	CPU: AMD EPYC 9745	8	55.33	1132.54	4748.02	1088.77	1095.73	44.49	29.66	0.00	0.00
ATCC_35221__202309	sup	50	B	align	false	minimap2	2.31	minimap2-2.31-lrhq	cpu	CPU: AMD EPYC 9745	8	6.24	698.10	4552.24	663.38	666.56	23.80	375.02	0.00	0.00
ATCC_35221__202309	sup	50	B	call	false	clair3	1.0.5	minimap2-2.31-lrhq	cpu	CPU: AMD EPYC 9745	8	58.96	1210.61	4821.59	1166.34	1173.86	45.94	28.57	0.00	0.00
ATCC_35221__202309	sup	50	C	align	false	minimap2	2.31	minimap2-2.31-lrhq	cpu	CPU: AMD EPYC 9745	8	6.24	698.10	4552.24	663.38	666.56	23.80	375.02	0.00	0.00
ATCC_35221__202309	sup	50	C	call	false	clair3	2.0.3	minimap2-2.31-lrhq	cpu	CPU: AMD EPYC 9745	8	42.68	1446.82	4886.13	1216.91	1271.28	19.70	42.70	0.00	0.00
ATCC_35221__202309	sup	50	D	align	false	minimap2	2.31	minimap2-2.31-lrhq	cpu	CPU: AMD EPYC 9745	8	6.24	698.10	4552.24	663.38	666.56	23.80	375.02	0.00	0.00
ATCC_35221__202309	sup	50	D	call	false	dorado	2.1.2	minimap2-2.31-lrhq	gpu	NVIDIA H100 80GB HBM3	8	2.54	1156.10	32044.50	1139.89	1144.83	3.67	138.81	0.00	0.00
ATCC_35221__202309	sup	50	D	call	true	dorado	2.1.2	minimap2-2.31-lrhq	cpu	CPU: AMD EPYC 9745	8	26.69	7900.84	20247.32	7855.52	7855.61	18.73	66.33	0.00	0.00
ATCC_19119__202309	hac	5	A	align	false	minimap2	2.26	minimap2-2.26-map-ont	cpu	CPU: AMD EPYC 9745	8	2.20	237.44	4643.63	209.92	212.46	5.32	172.68	0.00	0.00
ATCC_19119__202309	hac	5	A	call	false	clair3	1.0.5	minimap2-2.26-map-ont	cpu	CPU: AMD EPYC 9745	8	202.30	2600.15	10076.80	2099.23	2230.42	212.12	89.10	0.00	0.00
ATCC_19119__202309	hac	5	B	align	false	minimap2	2.31	minimap2-2.31-lrhq	cpu	CPU: AMD EPYC 9745	8	4.10	274.32	3927.60	246.10	249.97	3.20	67.77	0.00	0.00
ATCC_19119__202309	hac	5	B	call	false	clair3	1.0.5	minimap2-2.31-lrhq	cpu	CPU: AMD EPYC 9745	8	204.25	2438.63	9869.42	1785.84	1911.81	244.03	103.17	0.00	0.00
ATCC_19119__202309	hac	5	C	align	false	minimap2	2.31	minimap2-2.31-lrhq	cpu	CPU: AMD EPYC 9745	8	4.10	274.32	3927.60	246.10	249.97	3.20	67.77	0.00	0.00
ATCC_19119__202309	hac	5	C	call	false	clair3	2.0.3	minimap2-2.31-lrhq	cpu	CPU: AMD EPYC 9745	8	148.06	1878.84	6034.54	1550.79	1646.33	171.76	64.70	0.00	0.00
ATCC_19119__202309	hac	5	D	align	false	minimap2	2.31	minimap2-2.31-lrhq	cpu	CPU: AMD EPYC 9745	8	4.10	274.32	3927.60	246.10	249.97	3.20	67.77	0.00	0.00
ATCC_19119__202309	hac	5	D	call	false	dorado	2.1.2	minimap2-2.31-lrhq	gpu	NVIDIA H100 80GB HBM3	8	3.97	1155.61	41406.97	1139.50	1144.35	2.73	68.79	0.00	0.00
ATCC_19119__202309	hac	10	A	align	false	minimap2	2.26	minimap2-2.26-map-ont	cpu	CPU: AMD EPYC 9745	8	2.37	240.29	4221.47	212.55	215.15	7.86	239.85	0.00	0.00
ATCC_19119__202309	hac	10	A	call	false	clair3	1.0.5	minimap2-2.26-map-ont	cpu	CPU: AMD EPYC 9745	8	180.53	2108.69	8337.03	1716.96	1840.25	218.62	75.73	0.00	0.00
ATCC_19119__202309	hac	10	B	align	false	minimap2	2.31	minimap2-2.31-lrhq	cpu	CPU: AMD EPYC 9745	8	2.73	327.83	3928.63	188.53	191.04	5.90	152.40	0.00	0.00
ATCC_19119__202309	hac	10	B	call	false	clair3	1.0.5	minimap2-2.31-lrhq	cpu	CPU: AMD EPYC 9745	8	203.71	2295.06	8514.50	1901.46	2024.63	258.20	96.70	0.00	0.00
ATCC_19119__202309	hac	10	C	align	false	minimap2	2.31	minimap2-2.31-lrhq	cpu	CPU: AMD EPYC 9745	8	2.73	327.83	3928.63	188.53	191.04	5.90	152.40	0.00	0.00
ATCC_19119__202309	hac	10	C	call	false	clair3	2.0.3	minimap2-2.31-lrhq	cpu	CPU: AMD EPYC 9745	8	154.57	2203.69	6513.36	1780.79	1872.39	149.96	88.06	0.00	0.00
ATCC_19119__202309	hac	10	D	align	false	minimap2	2.31	minimap2-2.31-lrhq	cpu	CPU: AMD EPYC 9745	8	2.73	327.83	3928.63	188.53	191.04	5.90	152.40	0.00	0.00
ATCC_19119__202309	hac	10	D	call	false	dorado	2.1.2	minimap2-2.31-lrhq	gpu	NVIDIA H100 80GB HBM3	8	2.55	1456.57	41930.97	1440.22	1445.18	3.09	114.89	0.00	0.00
ATCC_19119__202309	hac	25	A	align	false	minimap2	2.26	minimap2-2.26-map-ont	cpu	CPU: AMD EPYC 9745	8	6.57	500.90	4695.09	473.03	476.38	27.03	405.82	0.00	0.00
ATCC_19119__202309	hac	25	A	call	false	clair3	1.0.5	minimap2-2.26-map-ont	cpu	CPU: AMD EPYC 9745	8	87.80	1014.30	4963.67	966.29	972.22	73.18	51.61	0.00	0.00
ATCC_19119__202309	hac	25	B	align	false	minimap2	2.31	minimap2-2.31-lrhq	cpu	CPU: AMD EPYC 9745	8	5.17	557.14	4003.76	461.06	463.85	20.02	368.55	0.00	0.00
ATCC_19119__202309	hac	25	B	call	false	clair3	1.0.5	minimap2-2.31-lrhq	cpu	CPU: AMD EPYC 9745	8	91.44	1206.46	4843.86	972.64	977.50	63.41	44.37	0.00	0.00
ATCC_19119__202309	hac	25	C	align	false	minimap2	2.31	minimap2-2.31-lrhq	cpu	CPU: AMD EPYC 9745	8	5.17	557.14	4003.76	461.06	463.85	20.02	368.55	0.00	0.00
ATCC_19119__202309	hac	25	C	call	false	clair3	2.0.3	minimap2-2.31-lrhq	cpu	CPU: AMD EPYC 9745	8	64.19	886.45	3757.83	834.55	842.99	30.74	25.08	0.00	0.00
ATCC_19119__202309	hac	25	D	align	false	minimap2	2.31	minimap2-2.31-lrhq	cpu	CPU: AMD EPYC 9745	8	5.17	557.14	4003.76	461.06	463.85	20.02	368.55	0.00	0.00
ATCC_19119__202309	hac	25	D	call	false	dorado	2.1.2	minimap2-2.31-lrhq	gpu	NVIDIA H100 80GB HBM3	8	3.66	1200.25	43484.46	1183.64	1188.61	5.09	133.41	0.00	0.00
ATCC_19119__202309	hac	50	A	align	false	minimap2	2.26	minimap2-2.26-map-ont	cpu	CPU: AMD EPYC 9745	8	10.53	800.17	4952.39	769.27	771.57	51.32	476.15	0.00	0.00
ATCC_19119__202309	hac	50	A	call	false	clair3	1.0.5	minimap2-2.26-map-ont	cpu	CPU: AMD EPYC 9745	8	55.12	1150.29	4686.28	1106.51	1111.51	41.70	31.09	0.00	0.00
ATCC_19119__202309	hac	50	B	align	false	minimap2	2.31	minimap2-2.31-lrhq	cpu	CPU: AMD EPYC 9745	8	10.60	981.18	4821.19	953.18	956.22	46.04	424.40	0.00	0.00
ATCC_19119__202309	hac	50	B	call	false	clair3	1.0.5	minimap2-2.31-lrhq	cpu	CPU: AMD EPYC 9745	8	63.27	1242.82	4832.35	1199.26	1205.94	32.20	21.24	0.00	0.00
ATCC_19119__202309	hac	50	C	align	false	minimap2	2.31	minimap2-2.31-lrhq	cpu	CPU: AMD EPYC 9745	8	10.60	981.18	4821.19	953.18	956.22	46.04	424.40	0.00	0.00
ATCC_19119__202309	hac	50	C	call	false	clair3	2.0.3	minimap2-2.31-lrhq	cpu	CPU: AMD EPYC 9745	8	49.19	1019.36	3970.38	967.60	975.81	39.59	27.42	0.00	0.00
ATCC_19119__202309	hac	50	D	align	false	minimap2	2.31	minimap2-2.31-lrhq	cpu	CPU: AMD EPYC 9745	8	10.60	981.18	4821.19	953.18	956.22	46.04	424.40	0.00	0.00
ATCC_19119__202309	hac	50	D	call	false	dorado	2.1.2	minimap2-2.31-lrhq	gpu	NVIDIA H100 80GB HBM3	8	4.41	1229.77	45596.97	1056.73	1137.73	7.67	171.93	0.00	0.00
ATCC_19119__202309	hac	50	D	call	true	dorado	2.1.2	minimap2-2.31-lrhq	cpu	CPU: AMD EPYC 9745	8	53.44	8999.82	22949.32	8857.38	8891.28	51.22	94.20	0.00	0.00
ATCC_19119__202309	sup	5	A	align	false	minimap2	2.26	minimap2-2.26-map-ont	cpu	CPU: AMD EPYC 9745	8	1.65	178.53	4286.37	150.77	153.81	2.92	25.13	0.00	0.00
ATCC_19119__202309	sup	5	A	call	false	clair3	1.0.5	minimap2-2.26-map-ont	cpu	CPU: AMD EPYC 9745	8	129.17	1493.84	7486.96	1215.15	1317.82	114.90	59.73	0.00	0.00
ATCC_19119__202309	sup	5	B	align	false	minimap2	2.31	minimap2-2.31-lrhq	cpu	CPU: AMD EPYC 9745	8	1.25	226.14	3036.57	198.45	201.51	3.01	0.00	0.00	0.00
ATCC_19119__202309	sup	5	B	call	false	clair3	1.0.5	minimap2-2.31-lrhq	cpu	CPU: AMD EPYC 9745	8	135.19	1390.52	6263.24	1151.46	1266.05	126.00	56.73	0.00	0.00
ATCC_19119__202309	sup	5	C	align	false	minimap2	2.31	minimap2-2.31-lrhq	cpu	CPU: AMD EPYC 9745	8	1.25	226.14	3036.57	198.45	201.51	3.01	0.00	0.00	0.00
ATCC_19119__202309	sup	5	C	call	false	clair3	2.0.3	minimap2-2.31-lrhq	cpu	CPU: AMD EPYC 9745	8	87.83	1306.55	4672.61	1159.52	1171.16	91.90	52.69	0.00	0.00
ATCC_19119__202309	sup	5	D	align	false	minimap2	2.31	minimap2-2.31-lrhq	cpu	CPU: AMD EPYC 9745	8	1.25	226.14	3036.57	198.45	201.51	3.01	0.00	0.00	0.00
ATCC_19119__202309	sup	5	D	call	false	dorado	2.1.2	minimap2-2.31-lrhq	gpu	NVIDIA H100 80GB HBM3	8	4.41	1036.96	41390.96	877.98	952.71	3.52	76.19	0.00	0.00
ATCC_19119__202309	sup	10	A	align	false	minimap2	2.26	minimap2-2.26-map-ont	cpu	CPU: AMD EPYC 9745	8	2.91	252.21	4293.57	198.55	201.62	9.04	275.09	0.00	0.00
ATCC_19119__202309	sup	10	A	call	false	clair3	1.0.5	minimap2-2.26-map-ont	cpu	CPU: AMD EPYC 9745	8	122.73	1571.98	6480.31	1309.75	1423.57	119.59	62.60	0.00	0.00
ATCC_19119__202309	sup	10	B	align	false	minimap2	2.31	minimap2-2.31-lrhq	cpu	CPU: AMD EPYC 9745	8	2.58	294.48	4633.47	218.91	221.57	7.99	273.09	0.00	0.00
ATCC_19119__202309	sup	10	B	call	false	clair3	1.0.5	minimap2-2.31-lrhq	cpu	CPU: AMD EPYC 9745	8	123.97	1592.08	7242.22	1329.48	1443.76	119.08	61.97	0.00	0.00
ATCC_19119__202309	sup	10	C	align	false	minimap2	2.31	minimap2-2.31-lrhq	cpu	CPU: AMD EPYC 9745	8	2.58	294.48	4633.47	218.91	221.57	7.99	273.09	0.00	0.00
ATCC_19119__202309	sup	10	C	call	false	clair3	2.0.3	minimap2-2.31-lrhq	cpu	CPU: AMD EPYC 9745	8	100.83	1635.55	5413.37	1304.26	1400.06	93.82	46.93	0.00	0.00
ATCC_19119__202309	sup	10	D	align	false	minimap2	2.31	minimap2-2.31-lrhq	cpu	CPU: AMD EPYC 9745	8	2.58	294.48	4633.47	218.91	221.57	7.99	273.09	0.00	0.00
ATCC_19119__202309	sup	10	D	call	false	dorado	2.1.2	minimap2-2.31-lrhq	gpu	NVIDIA H100 80GB HBM3	8	7.68	1154.87	41416.96	1138.55	1141.38	3.64	47.35	0.00	0.00
ATCC_19119__202309	sup	25	A	align	false	minimap2	2.26	minimap2-2.26-map-ont	cpu	CPU: AMD EPYC 9745	8	8.25	447.82	4545.89	415.95	418.70	24.69	293.40	0.00	0.00
ATCC_19119__202309	sup	25	A	call	false	clair3	1.0.5	minimap2-2.26-map-ont	cpu	CPU: AMD EPYC 9745	8	59.47	947.60	4705.50	903.80	910.77	38.68	27.87	0.00	0.00
ATCC_19119__202309	sup	25	B	align	false	minimap2	2.31	minimap2-2.31-lrhq	cpu	CPU: AMD EPYC 9745	8	7.55	630.27	4000.38	539.92	543.15	21.37	287.02	0.00	0.00
ATCC_19119__202309	sup	25	B	call	false	clair3	1.0.5	minimap2-2.31-lrhq	cpu	CPU: AMD EPYC 9745	8	61.29	986.14	4597.54	941.76	947.19	37.62	26.42	0.00	0.00
ATCC_19119__202309	sup	25	C	align	false	minimap2	2.31	minimap2-2.31-lrhq	cpu	CPU: AMD EPYC 9745	8	7.55	630.27	4000.38	539.92	543.15	21.37	287.02	0.00	0.00
ATCC_19119__202309	sup	25	C	call	false	clair3	2.0.3	minimap2-2.31-lrhq	cpu	CPU: AMD EPYC 9745	8	47.49	992.02	4179.96	912.42	920.49	17.09	34.12	0.00	0.00
ATCC_19119__202309	sup	25	D	align	false	minimap2	2.31	minimap2-2.31-lrhq	cpu	CPU: AMD EPYC 9745	8	7.55	630.27	4000.38	539.92	543.15	21.37	287.02	0.00	0.00
ATCC_19119__202309	sup	25	D	call	false	dorado	2.1.2	minimap2-2.31-lrhq	gpu	NVIDIA H100 80GB HBM3	8	3.55	1257.53	42454.97	1190.42	1195.36	4.35	118.52	0.00	0.00
ATCC_19119__202309	sup	50	A	align	false	minimap2	2.26	minimap2-2.26-map-ont	cpu	CPU: AMD EPYC 9745	8	11.81	634.14	4370.41	584.61	587.02	54.37	450.56	0.00	0.00
ATCC_19119__202309	sup	50	A	call	false	clair3	1.0.5	minimap2-2.26-map-ont	cpu	CPU: AMD EPYC 9745	8	49.39	1236.98	4519.14	1161.29	1166.46	46.20	90.02	0.00	0.00
ATCC_19119__202309	sup	50	B	align	false	minimap2	2.31	minimap2-2.31-lrhq	cpu	CPU: AMD EPYC 9745	8	10.14	1064.64	4682.32	925.07	927.94	43.15	418.63	0.00	0.00
ATCC_19119__202309	sup	50	B	call	false	clair3	1.0.5	minimap2-2.31-lrhq	cpu	CPU: AMD EPYC 9745	8	50.18	1234.86	4714.62	1191.90	1196.94	46.41	90.00	0.00	0.00
ATCC_19119__202309	sup	50	C	align	false	minimap2	2.31	minimap2-2.31-lrhq	cpu	CPU: AMD EPYC 9745	8	10.14	1064.64	4682.32	925.07	927.94	43.15	418.63	0.00	0.00
ATCC_19119__202309	sup	50	C	call	false	clair3	2.0.3	minimap2-2.31-lrhq	cpu	CPU: AMD EPYC 9745	8	35.11	899.73	3706.43	848.71	858.00	16.28	43.65	0.00	0.00
ATCC_19119__202309	sup	50	D	align	false	minimap2	2.31	minimap2-2.31-lrhq	cpu	CPU: AMD EPYC 9745	8	10.14	1064.64	4682.32	925.07	927.94	43.15	418.63	0.00	0.00
ATCC_19119__202309	sup	50	D	call	false	dorado	2.1.2	minimap2-2.31-lrhq	gpu	NVIDIA H100 80GB HBM3	8	6.66	1422.98	43458.97	1234.41	1235.73	7.43	110.66	0.00	0.00
ATCC_19119__202309	sup	50	D	call	true	dorado	2.1.2	minimap2-2.31-lrhq	cpu	CPU: AMD EPYC 9745	8	51.86	7739.95	28705.32	7728.32	7728.37	50.74	97.13	0.00	0.00
ATCC_35897__202309	hac	5	A	align	false	minimap2	2.26	minimap2-2.26-map-ont	cpu	CPU: AMD EPYC 9745	8	1.80	187.71	4220.36	155.99	157.85	3.13	31.71	0.00	0.00
ATCC_35897__202309	hac	5	A	call	false	clair3	1.0.5	minimap2-2.26-map-ont	cpu	CPU: AMD EPYC 9745	8	161.75	2777.14	10114.39	2238.23	2363.77	163.72	65.98	0.00	0.00
ATCC_35897__202309	hac	5	B	align	false	minimap2	2.31	minimap2-2.31-lrhq	cpu	CPU: AMD EPYC 9745	8	1.81	244.21	2970.51	203.09	205.07	3.30	0.00	0.00	0.00
ATCC_35897__202309	hac	5	B	call	false	clair3	1.0.5	minimap2-2.31-lrhq	cpu	CPU: AMD EPYC 9745	8	171.68	2836.14	10283.14	2180.66	2309.04	199.44	79.58	0.00	0.00
ATCC_35897__202309	hac	5	C	align	false	minimap2	2.31	minimap2-2.31-lrhq	cpu	CPU: AMD EPYC 9745	8	1.81	244.21	2970.51	203.09	205.07	3.30	0.00	0.00	0.00
ATCC_35897__202309	hac	5	C	call	false	clair3	2.0.3	minimap2-2.31-lrhq	cpu	CPU: AMD EPYC 9745	8	143.91	2494.49	6835.47	2072.23	2167.83	180.08	92.53	0.00	0.00
ATCC_35897__202309	hac	5	D	align	false	minimap2	2.31	minimap2-2.31-lrhq	cpu	CPU: AMD EPYC 9745	8	1.81	244.21	2970.51	203.09	205.07	3.30	0.00	0.00	0.00
ATCC_35897__202309	hac	5	D	call	false	dorado	2.1.2	minimap2-2.31-lrhq	gpu	NVIDIA H100 80GB HBM3	8	2.50	1146.69	40894.96	1130.38	1135.35	2.69	100.18	0.00	0.00
ATCC_35897__202309	hac	10	A	align	false	minimap2	2.26	minimap2-2.26-map-ont	cpu	CPU: AMD EPYC 9745	8	2.39	232.28	4294.17	200.80	203.52	6.82	210.39	0.00	0.00
ATCC_35897__202309	hac	10	A	call	false	clair3	1.0.5	minimap2-2.26-map-ont	cpu	CPU: AMD EPYC 9745	8	169.38	2864.44	10259.64	2162.50	2279.08	185.91	80.12	0.00	0.00
ATCC_35897__202309	hac	10	B	align	false	minimap2	2.31	minimap2-2.31-lrhq	cpu	CPU: AMD EPYC 9745	8	2.16	318.94	4001.47	182.06	186.54	7.54	284.56	0.00	0.00
ATCC_35897__202309	hac	10	B	call	false	clair3	1.0.5	minimap2-2.31-lrhq	cpu	CPU: AMD EPYC 9745	8	180.70	2943.98	10377.91	2431.11	2560.37	223.49	58.98	0.00	0.00
ATCC_35897__202309	hac	10	C	align	false	minimap2	2.31	minimap2-2.31-lrhq	cpu	CPU: AMD EPYC 9745	8	2.16	318.94	4001.47	182.06	186.54	7.54	284.56	0.00	0.00
ATCC_35897__202309	hac	10	C	call	false	clair3	2.0.3	minimap2-2.31-lrhq	cpu	CPU: AMD EPYC 9745	8	114.09	2173.87	6584.27	1754.25	1850.53	159.39	66.51	0.00	0.00
ATCC_35897__202309	hac	10	D	align	false	minimap2	2.31	minimap2-2.31-lrhq	cpu	CPU: AMD EPYC 9745	8	2.16	318.94	4001.47	182.06	186.54	7.54	284.56	0.00	0.00
ATCC_35897__202309	hac	10	D	call	false	dorado	2.1.2	minimap2-2.31-lrhq	gpu	NVIDIA H100 80GB HBM3	8	8.72	1441.16	41452.96	1424.62	1427.48	3.87	44.10	0.00	0.00
ATCC_35897__202309	hac	25	A	align	false	minimap2	2.26	minimap2-2.26-map-ont	cpu	CPU: AMD EPYC 9745	8	5.81	448.50	4701.19	420.52	423.10	23.12	380.11	0.00	0.00
ATCC_35897__202309	hac	25	A	call	false	clair3	1.0.5	minimap2-2.26-map-ont	cpu	CPU: AMD EPYC 9745	8	96.35	1897.62	7319.83	1653.77	1770.91	98.24	49.56	0.00	0.00
ATCC_35897__202309	hac	25	B	align	false	minimap2	2.31	minimap2-2.31-lrhq	cpu	CPU: AMD EPYC 9745	8	5.54	597.66	4067.84	507.79	509.90	19.17	341.04	0.00	0.00
ATCC_35897__202309	hac	25	B	call	false	clair3	1.0.5	minimap2-2.31-lrhq	cpu	CPU: AMD EPYC 9745	8	85.41	1929.77	6982.79	1666.80	1781.85	103.51	54.13	0.00	0.00
ATCC_35897__202309	hac	25	C	align	false	minimap2	2.31	minimap2-2.31-lrhq	cpu	CPU: AMD EPYC 9745	8	5.54	597.66	4067.84	507.79	509.90	19.17	341.04	0.00	0.00
ATCC_35897__202309	hac	25	C	call	false	clair3	2.0.3	minimap2-2.31-lrhq	cpu	CPU: AMD EPYC 9745	8	70.03	1471.12	4981.96	1241.30	1334.94	39.35	23.93	0.00	0.00
ATCC_35897__202309	hac	25	D	align	false	minimap2	2.31	minimap2-2.31-lrhq	cpu	CPU: AMD EPYC 9745	8	5.54	597.66	4067.84	507.79	509.90	19.17	341.04	0.00	0.00
ATCC_35897__202309	hac	25	D	call	false	dorado	2.1.2	minimap2-2.31-lrhq	gpu	NVIDIA H100 80GB HBM3	8	3.53	1309.32	42978.97	1257.64	1262.46	4.35	117.56	0.00	0.00
ATCC_35897__202309	hac	50	A	align	false	minimap2	2.26	minimap2-2.26-map-ont	cpu	CPU: AMD EPYC 9745	8	11.86	741.87	5123.00	713.79	717.23	52.31	432.61	0.00	0.00
ATCC_35897__202309	hac	50	A	call	false	clair3	1.0.5	minimap2-2.26-map-ont	cpu	CPU: AMD EPYC 9745	8	68.05	1277.83	4966.05	1233.77	1240.22	28.63	18.05	0.00	0.00
ATCC_35897__202309	hac	50	B	align	false	minimap2	2.31	minimap2-2.31-lrhq	cpu	CPU: AMD EPYC 9745	8	10.16	859.43	4068.25	631.81	635.92	38.14	373.36	0.00	0.00
ATCC_35897__202309	hac	50	B	call	false	clair3	1.0.5	minimap2-2.31-lrhq	cpu	CPU: AMD EPYC 9745	8	72.75	1218.39	4973.24	1174.12	1179.71	36.22	23.22	0.00	0.00
ATCC_35897__202309	hac	50	C	align	false	minimap2	2.31	minimap2-2.31-lrhq	cpu	CPU: AMD EPYC 9745	8	10.16	859.43	4068.25	631.81	635.92	38.14	373.36	0.00	0.00
ATCC_35897__202309	hac	50	C	call	false	clair3	2.0.3	minimap2-2.31-lrhq	cpu	CPU: AMD EPYC 9745	8	53.38	1016.00	4108.37	964.62	973.27	36.72	24.05	0.00	0.00
ATCC_35897__202309	hac	50	D	align	false	minimap2	2.31	minimap2-2.31-lrhq	cpu	CPU: AMD EPYC 9745	8	10.16	859.43	4068.25	631.81	635.92	38.14	373.36	0.00	0.00
ATCC_35897__202309	hac	50	D	call	false	dorado	2.1.2	minimap2-2.31-lrhq	gpu	NVIDIA H100 80GB HBM3	8	8.74	1479.05	44572.96	1458.70	1461.53	7.40	84.21	0.00	0.00
ATCC_35897__202309	hac	50	D	call	true	dorado	2.1.2	minimap2-2.31-lrhq	cpu	CPU: AMD EPYC 9745	8	51.18	8975.53	22885.32	8968.11	8968.19	48.41	94.13	0.00	0.00
ATCC_35897__202309	sup	5	A	align	false	minimap2	2.26	minimap2-2.26-map-ont	cpu	CPU: AMD EPYC 9745	8	1.67	145.28	4292.43	116.86	119.86	2.35	8.76	0.00	0.00
ATCC_35897__202309	sup	5	A	call	false	clair3	1.0.5	minimap2-2.26-map-ont	cpu	CPU: AMD EPYC 9745	8	106.08	2085.68	8134.49	1680.45	1802.70	75.47	44.18	0.00	0.00
ATCC_35897__202309	sup	5	B	align	false	minimap2	2.31	minimap2-2.31-lrhq	cpu	CPU: AMD EPYC 9745	8	1.44	203.95	3999.46	175.90	178.88	2.58	34.70	0.00	0.00
ATCC_35897__202309	sup	5	B	call	false	clair3	1.0.5	minimap2-2.31-lrhq	cpu	CPU: AMD EPYC 9745	8	119.29	1490.73	6376.41	1224.45	1340.08	105.40	39.38	0.00	0.00
ATCC_35897__202309	sup	5	C	align	false	minimap2	2.31	minimap2-2.31-lrhq	cpu	CPU: AMD EPYC 9745	8	1.44	203.95	3999.46	175.90	178.88	2.58	34.70	0.00	0.00
ATCC_35897__202309	sup	5	C	call	false	clair3	2.0.3	minimap2-2.31-lrhq	cpu	CPU: AMD EPYC 9745	8	83.27	1276.07	4755.63	1042.43	1136.30	99.69	55.85	0.00	0.00
ATCC_35897__202309	sup	5	D	align	false	minimap2	2.31	minimap2-2.31-lrhq	cpu	CPU: AMD EPYC 9745	8	1.44	203.95	3999.46	175.90	178.88	2.58	34.70	0.00	0.00
ATCC_35897__202309	sup	5	D	call	false	dorado	2.1.2	minimap2-2.31-lrhq	gpu	NVIDIA H100 80GB HBM3	8	7.61	1150.01	40366.97	1126.63	1129.48	3.17	41.73	0.00	0.00
ATCC_35897__202309	sup	10	A	align	false	minimap2	2.26	minimap2-2.26-map-ont	cpu	CPU: AMD EPYC 9745	8	3.10	283.02	4635.93	255.45	259.17	9.87	291.83	0.00	0.00
ATCC_35897__202309	sup	10	A	call	false	clair3	1.0.5	minimap2-2.26-map-ont	cpu	CPU: AMD EPYC 9745	8	123.90	2220.45	8496.03	1831.25	1954.08	152.07	61.49	0.00	0.00
ATCC_35897__202309	sup	10	B	align	false	minimap2	2.31	minimap2-2.31-lrhq	cpu	CPU: AMD EPYC 9745	8	2.29	317.02	4072.61	190.05	193.80	7.34	242.40	0.00	0.00
ATCC_35897__202309	sup	10	B	call	false	clair3	1.0.5	minimap2-2.31-lrhq	cpu	CPU: AMD EPYC 9745	8	127.68	2205.19	8433.20	1818.61	1942.23	149.82	60.55	0.00	0.00
ATCC_35897__202309	sup	10	C	align	false	minimap2	2.31	minimap2-2.31-lrhq	cpu	CPU: AMD EPYC 9745	8	2.29	317.02	4072.61	190.05	193.80	7.34	242.40	0.00	0.00
ATCC_35897__202309	sup	10	C	call	false	clair3	2.0.3	minimap2-2.31-lrhq	cpu	CPU: AMD EPYC 9745	8	90.87	1899.65	5831.98	1568.32	1665.07	97.85	50.91	0.00	0.00
ATCC_35897__202309	sup	10	D	align	false	minimap2	2.31	minimap2-2.31-lrhq	cpu	CPU: AMD EPYC 9745	8	2.29	317.02	4072.61	190.05	193.80	7.34	242.40	0.00	0.00
ATCC_35897__202309	sup	10	D	call	false	dorado	2.1.2	minimap2-2.31-lrhq	gpu	NVIDIA H100 80GB HBM3	8	6.84	1329.71	40790.96	1309.17	1311.99	3.28	48.04	0.00	0.00
ATCC_35897__202309	sup	25	A	align	false	minimap2	2.26	minimap2-2.26-map-ont	cpu	CPU: AMD EPYC 9745	8	5.47	408.43	4075.63	280.39	283.60	24.81	438.62	0.00	0.00
ATCC_35897__202309	sup	25	A	call	false	clair3	1.0.5	minimap2-2.26-map-ont	cpu	CPU: AMD EPYC 9745	8	69.77	1527.02	6514.54	1257.71	1372.79	54.88	23.64	0.00	0.00
ATCC_35897__202309	sup	25	B	align	false	minimap2	2.31	minimap2-2.31-lrhq	cpu	CPU: AMD EPYC 9745	8	5.78	436.68	4696.98	330.75	334.38	20.96	355.75	0.00	0.00
ATCC_35897__202309	sup	25	B	call	false	clair3	1.0.5	minimap2-2.31-lrhq	cpu	CPU: AMD EPYC 9745	8	74.19	1513.54	6437.58	1237.30	1357.16	51.65	23.17	0.00	0.00
ATCC_35897__202309	sup	25	C	align	false	minimap2	2.31	minimap2-2.31-lrhq	cpu	CPU: AMD EPYC 9745	8	5.78	436.68	4696.98	330.75	334.38	20.96	355.75	0.00	0.00
ATCC_35897__202309	sup	25	C	call	false	clair3	2.0.3	minimap2-2.31-lrhq	cpu	CPU: AMD EPYC 9745	8	51.07	1026.11	4149.27	958.25	966.81	44.13	32.02	0.00	0.00
ATCC_35897__202309	sup	25	D	align	false	minimap2	2.31	minimap2-2.31-lrhq	cpu	CPU: AMD EPYC 9745	8	5.78	436.68	4696.98	330.75	334.38	20.96	355.75	0.00	0.00
ATCC_35897__202309	sup	25	D	call	false	dorado	2.1.2	minimap2-2.31-lrhq	gpu	NVIDIA H100 80GB HBM3	8	4.51	1018.43	41328.47	845.02	918.27	5.33	114.31	0.00	0.00
ATCC_35897__202309	sup	50	A	align	false	minimap2	2.26	minimap2-2.26-map-ont	cpu	CPU: AMD EPYC 9745	8	11.07	617.81	5119.59	589.61	592.88	49.82	443.64	0.00	0.00
ATCC_35897__202309	sup	50	A	call	false	clair3	1.0.5	minimap2-2.26-map-ont	cpu	CPU: AMD EPYC 9745	8	59.88	1236.07	4732.54	1192.25	1197.83	44.53	27.69	0.00	0.00
ATCC_35897__202309	sup	50	B	align	false	minimap2	2.31	minimap2-2.31-lrhq	cpu	CPU: AMD EPYC 9745	8	10.66	865.65	4891.46	776.86	779.77	42.57	393.72	0.00	0.00
ATCC_35897__202309	sup	50	B	call	false	clair3	1.0.5	minimap2-2.31-lrhq	cpu	CPU: AMD EPYC 9745	8	63.58	1249.67	5402.25	1205.96	1211.53	43.74	26.83	0.00	0.00
ATCC_35897__202309	sup	50	C	align	false	minimap2	2.31	minimap2-2.31-lrhq	cpu	CPU: AMD EPYC 9745	8	10.66	865.65	4891.46	776.86	779.77	42.57	393.72	0.00	0.00
ATCC_35897__202309	sup	50	C	call	false	clair3	2.0.3	minimap2-2.31-lrhq	cpu	CPU: AMD EPYC 9745	8	63.11	1239.01	4197.69	1015.48	1024.11	26.43	11.83	0.00	0.00
ATCC_35897__202309	sup	50	D	align	false	minimap2	2.31	minimap2-2.31-lrhq	cpu	CPU: AMD EPYC 9745	8	10.66	865.65	4891.46	776.86	779.77	42.57	393.72	0.00	0.00
ATCC_35897__202309	sup	50	D	call	false	dorado	2.1.2	minimap2-2.31-lrhq	gpu	NVIDIA H100 80GB HBM3	8	3.81	1105.45	42848.96	1079.00	1083.96	7.18	185.60	0.00	0.00
ATCC_35897__202309	sup	50	D	call	true	dorado	2.1.2	minimap2-2.31-lrhq	cpu	CPU: AMD EPYC 9745	8	51.58	8945.86	22671.32	8938.50	8938.59	47.80	92.63	0.00	0.00
ATCC_BAA-679__202309	hac	5	A	align	false	minimap2	2.26	minimap2-2.26-map-ont	cpu	CPU: AMD EPYC 9745	8	1.79	169.14	2837.01	136.91	139.11	3.94	0.00	0.00	0.00
ATCC_BAA-679__202309	hac	5	A	call	false	clair3	1.0.5	minimap2-2.26-map-ont	cpu	CPU: AMD EPYC 9745	8	176.82	2611.06	10011.69	2098.54	2223.57	202.68	94.43	0.00	0.00
ATCC_BAA-679__202309	hac	5	B	align	false	minimap2	2.31	minimap2-2.31-lrhq	cpu	CPU: AMD EPYC 9745	8	1.85	169.52	4496.34	137.09	143.43	4.35	153.21	0.00	0.00
ATCC_BAA-679__202309	hac	5	B	call	false	clair3	1.0.5	minimap2-2.31-lrhq	cpu	CPU: AMD EPYC 9745	8	184.92	2188.76	8380.77	1792.47	1916.08	194.87	58.02	0.00	0.00
ATCC_BAA-679__202309	hac	5	C	align	false	minimap2	2.31	minimap2-2.31-lrhq	cpu	CPU: AMD EPYC 9745	8	1.85	169.52	4496.34	137.09	143.43	4.35	153.21	0.00	0.00
ATCC_BAA-679__202309	hac	5	C	call	false	clair3	2.0.3	minimap2-2.31-lrhq	cpu	CPU: AMD EPYC 9745	8	124.08	2379.61	6737.87	1953.48	2049.17	132.28	61.57	0.00	0.00
ATCC_BAA-679__202309	hac	5	D	align	false	minimap2	2.31	minimap2-2.31-lrhq	cpu	CPU: AMD EPYC 9745	8	1.85	169.52	4496.34	137.09	143.43	4.35	153.21	0.00	0.00
ATCC_BAA-679__202309	hac	5	D	call	false	dorado	2.1.2	minimap2-2.31-lrhq	gpu	NVIDIA H100 80GB HBM3	8	2.84	1239.85	41880.02	1223.66	1228.62	2.65	93.23	0.00	0.00
ATCC_BAA-679__202309	hac	10	A	align	false	minimap2	2.26	minimap2-2.26-map-ont	cpu	CPU: AMD EPYC 9745	8	3.36	231.39	4002.67	199.76	202.98	10.00	280.21	0.00	0.00
ATCC_BAA-679__202309	hac	10	A	call	false	clair3	1.0.5	minimap2-2.26-map-ont	cpu	CPU: AMD EPYC 9745	8	199.97	2748.40	10217.85	2240.86	2366.42	230.78	83.12	0.00	0.00
ATCC_BAA-679__202309	hac	10	B	align	false	minimap2	2.31	minimap2-2.31-lrhq	cpu	CPU: AMD EPYC 9745	8	2.47	269.64	4073.38	237.18	240.29	6.95	215.34	0.00	0.00
ATCC_BAA-679__202309	hac	10	B	call	false	clair3	1.0.5	minimap2-2.31-lrhq	cpu	CPU: AMD EPYC 9745	8	182.01	2316.77	8566.54	1923.04	2046.08	194.07	58.36	0.00	0.00
ATCC_BAA-679__202309	hac	10	C	align	false	minimap2	2.31	minimap2-2.31-lrhq	cpu	CPU: AMD EPYC 9745	8	2.47	269.64	4073.38	237.18	240.29	6.95	215.34	0.00	0.00
ATCC_BAA-679__202309	hac	10	C	call	false	clair3	2.0.3	minimap2-2.31-lrhq	cpu	CPU: AMD EPYC 9745	8	130.29	2294.79	6636.31	1860.11	1956.17	100.26	58.36	0.00	0.00
ATCC_BAA-679__202309	hac	10	D	align	false	minimap2	2.31	minimap2-2.31-lrhq	cpu	CPU: AMD EPYC 9745	8	2.47	269.64	4073.38	237.18	240.29	6.95	215.34	0.00	0.00
ATCC_BAA-679__202309	hac	10	D	call	false	dorado	2.1.2	minimap2-2.31-lrhq	gpu	NVIDIA H100 80GB HBM3	8	3.59	1197.96	42428.02	940.47	1018.71	3.65	97.22	0.00	0.00
ATCC_BAA-679__202309	hac	25	A	align	false	minimap2	2.26	minimap2-2.26-map-ont	cpu	CPU: AMD EPYC 9745	8	9.77	438.07	5208.48	409.78	416.67	27.42	274.91	0.00	0.00
ATCC_BAA-679__202309	hac	25	A	call	false	clair3	1.0.5	minimap2-2.26-map-ont	cpu	CPU: AMD EPYC 9745	8	106.97	1455.35	6768.23	1191.88	1305.73	74.24	43.95	0.00	0.00
ATCC_BAA-679__202309	hac	25	B	align	false	minimap2	2.31	minimap2-2.31-lrhq	cpu	CPU: AMD EPYC 9745	8	6.45	536.18	4617.57	463.95	467.99	20.66	320.59	0.00	0.00
ATCC_BAA-679__202309	hac	25	B	call	false	clair3	1.0.5	minimap2-2.31-lrhq	cpu	CPU: AMD EPYC 9745	8	84.54	905.98	4535.11	862.34	868.05	74.93	55.16	0.00	0.00
ATCC_BAA-679__202309	hac	25	C	align	false	minimap2	2.31	minimap2-2.31-lrhq	cpu	CPU: AMD EPYC 9745	8	6.45	536.18	4617.57	463.95	467.99	20.66	320.59	0.00	0.00
ATCC_BAA-679__202309	hac	25	C	call	false	clair3	2.0.3	minimap2-2.31-lrhq	cpu	CPU: AMD EPYC 9745	8	68.46	1281.62	4681.12	1016.43	1108.61	39.90	24.32	0.00	0.00
ATCC_BAA-679__202309	hac	25	D	align	false	minimap2	2.31	minimap2-2.31-lrhq	cpu	CPU: AMD EPYC 9745	8	6.45	536.18	4617.57	463.95	467.99	20.66	320.59	0.00	0.00
ATCC_BAA-679__202309	hac	25	D	call	false	dorado	2.1.2	minimap2-2.31-lrhq	gpu	NVIDIA H100 80GB HBM3	8	3.70	1215.19	43994.96	1166.65	1171.63	4.50	120.86	0.00	0.00
ATCC_BAA-679__202309	hac	50	A	align	false	minimap2	2.26	minimap2-2.26-map-ont	cpu	CPU: AMD EPYC 9745	8	13.96	657.05	4902.52	612.82	616.40	52.28	374.39	0.00	0.00
ATCC_BAA-679__202309	hac	50	A	call	false	clair3	1.0.5	minimap2-2.26-map-ont	cpu	CPU: AMD EPYC 9745	8	52.72	1101.49	4858.81	1057.07	1062.61	41.56	31.24	0.00	0.00
ATCC_BAA-679__202309	hac	50	B	align	false	minimap2	2.31	minimap2-2.31-lrhq	cpu	CPU: AMD EPYC 9745	8	12.46	929.53	4826.74	692.93	696.75	46.31	370.56	0.00	0.00
ATCC_BAA-679__202309	hac	50	B	call	false	clair3	1.0.5	minimap2-2.31-lrhq	cpu	CPU: AMD EPYC 9745	8	57.78	1103.78	4819.29	1059.93	1065.24	39.57	28.44	0.00	0.00
ATCC_BAA-679__202309	hac	50	C	align	false	minimap2	2.31	minimap2-2.31-lrhq	cpu	CPU: AMD EPYC 9745	8	12.46	929.53	4826.74	692.93	696.75	46.31	370.56	0.00	0.00
ATCC_BAA-679__202309	hac	50	C	call	false	clair3	2.0.3	minimap2-2.31-lrhq	cpu	CPU: AMD EPYC 9745	8	45.62	872.39	3821.59	820.73	828.89	16.34	34.13	0.00	0.00
ATCC_BAA-679__202309	hac	50	D	align	false	minimap2	2.31	minimap2-2.31-lrhq	cpu	CPU: AMD EPYC 9745	8	12.46	929.53	4826.74	692.93	696.75	46.31	370.56	0.00	0.00
ATCC_BAA-679__202309	hac	50	D	call	false	dorado	2.1.2	minimap2-2.31-lrhq	gpu	NVIDIA H100 80GB HBM3	8	3.54	1471.53	45483.96	1449.29	1454.24	6.73	184.45	0.00	0.00
ATCC_BAA-679__202309	hac	50	D	call	true	dorado	2.1.2	minimap2-2.31-lrhq	cpu	CPU: AMD EPYC 9745	8	52.74	9917.92	23393.32	9796.65	9796.69	50.28	94.72	0.00	0.00
ATCC_BAA-679__202309	sup	5	A	align	false	minimap2	2.26	minimap2-2.26-map-ont	cpu	CPU: AMD EPYC 9745	8	1.51	149.94	4366.84	117.28	119.96	2.29	17.74	0.00	0.00
ATCC_BAA-679__202309	sup	5	A	call	false	clair3	1.0.5	minimap2-2.26-map-ont	cpu	CPU: AMD EPYC 9745	8	133.25	1459.51	6431.48	1190.77	1305.64	109.74	58.88	0.00	0.00
ATCC_BAA-679__202309	sup	5	B	align	false	minimap2	2.31	minimap2-2.31-lrhq	cpu	CPU: AMD EPYC 9745	8	1.39	162.67	4145.88	132.45	135.66	2.71	32.29	0.00	0.00
ATCC_BAA-679__202309	sup	5	B	call	false	clair3	1.0.5	minimap2-2.31-lrhq	cpu	CPU: AMD EPYC 9745	8	142.33	1877.93	8117.77	1457.87	1578.70	178.37	95.80	0.00	0.00
ATCC_BAA-679__202309	sup	5	C	align	false	minimap2	2.31	minimap2-2.31-lrhq	cpu	CPU: AMD EPYC 9745	8	1.39	162.67	4145.88	132.45	135.66	2.71	32.29	0.00	0.00
ATCC_BAA-679__202309	sup	5	C	call	false	clair3	2.0.3	minimap2-2.31-lrhq	cpu	CPU: AMD EPYC 9745	8	103.23	1651.55	5510.73	1333.39	1428.07	66.61	44.72	0.00	0.00
ATCC_BAA-679__202309	sup	5	D	align	false	minimap2	2.31	minimap2-2.31-lrhq	cpu	CPU: AMD EPYC 9745	8	1.39	162.67	4145.88	132.45	135.66	2.71	32.29	0.00	0.00
ATCC_BAA-679__202309	sup	5	D	call	false	dorado	2.1.2	minimap2-2.31-lrhq	gpu	NVIDIA H100 80GB HBM3	8	4.68	1160.67	41304.97	989.06	1070.20	3.00	63.98	0.00	0.00
ATCC_BAA-679__202309	sup	10	A	align	false	minimap2	2.26	minimap2-2.26-map-ont	cpu	CPU: AMD EPYC 9745	8	4.42	264.37	4928.06	236.55	239.87	10.57	223.24	0.00	0.00
ATCC_BAA-679__202309	sup	10	A	call	false	clair3	1.0.5	minimap2-2.26-map-ont	cpu	CPU: AMD EPYC 9745	8	137.61	2047.04	8240.20	1654.58	1778.88	108.00	55.86	0.00	0.00
ATCC_BAA-679__202309	sup	10	B	align	false	minimap2	2.31	minimap2-2.31-lrhq	cpu	CPU: AMD EPYC 9745	8	3.97	307.75	4073.23	174.83	178.21	5.81	119.64	0.00	0.00
ATCC_BAA-679__202309	sup	10	B	call	false	clair3	1.0.5	minimap2-2.31-lrhq	cpu	CPU: AMD EPYC 9745	8	137.77	1977.36	8137.49	1590.62	1714.15	111.98	55.55	0.00	0.00
ATCC_BAA-679__202309	sup	10	C	align	false	minimap2	2.31	minimap2-2.31-lrhq	cpu	CPU: AMD EPYC 9745	8	3.97	307.75	4073.23	174.83	178.21	5.81	119.64	0.00	0.00
ATCC_BAA-679__202309	sup	10	C	call	false	clair3	2.0.3	minimap2-2.31-lrhq	cpu	CPU: AMD EPYC 9745	8	107.12	1246.40	4721.20	1192.85	1200.30	49.15	39.54	0.00	0.00
ATCC_BAA-679__202309	sup	10	D	align	false	minimap2	2.31	minimap2-2.31-lrhq	cpu	CPU: AMD EPYC 9745	8	3.97	307.75	4073.23	174.83	178.21	5.81	119.64	0.00	0.00
ATCC_BAA-679__202309	sup	10	D	call	false	dorado	2.1.2	minimap2-2.31-lrhq	gpu	NVIDIA H100 80GB HBM3	8	7.58	1157.35	41880.02	1140.94	1143.76	3.62	47.74	0.00	0.00
ATCC_BAA-679__202309	sup	25	A	align	false	minimap2	2.26	minimap2-2.26-map-ont	cpu	CPU: AMD EPYC 9745	8	6.08	421.13	4774.52	393.22	395.77	27.49	442.04	0.00	0.00
ATCC_BAA-679__202309	sup	25	A	call	false	clair3	1.0.5	minimap2-2.26-map-ont	cpu	CPU: AMD EPYC 9745	8	68.73	1252.68	4489.11	855.22	860.02	25.21	16.17	0.00	0.00
ATCC_BAA-679__202309	sup	25	B	align	false	minimap2	2.31	minimap2-2.31-lrhq	cpu	CPU: AMD EPYC 9745	8	5.33	518.75	4698.48	417.25	419.13	21.21	391.09	0.00	0.00
ATCC_BAA-679__202309	sup	25	B	call	false	clair3	1.0.5	minimap2-2.31-lrhq	cpu	CPU: AMD EPYC 9745	8	62.75	940.29	4552.79	895.77	901.87	37.93	26.82	0.00	0.00
ATCC_BAA-679__202309	sup	25	C	align	false	minimap2	2.31	minimap2-2.31-lrhq	cpu	CPU: AMD EPYC 9745	8	5.33	518.75	4698.48	417.25	419.13	21.21	391.09	0.00	0.00
ATCC_BAA-679__202309	sup	25	C	call	false	clair3	2.0.3	minimap2-2.31-lrhq	cpu	CPU: AMD EPYC 9745	8	50.88	815.90	3692.55	764.81	773.41	44.59	32.19	0.00	0.00
ATCC_BAA-679__202309	sup	25	D	align	false	minimap2	2.31	minimap2-2.31-lrhq	cpu	CPU: AMD EPYC 9745	8	5.33	518.75	4698.48	417.25	419.13	21.21	391.09	0.00	0.00
ATCC_BAA-679__202309	sup	25	D	call	false	dorado	2.1.2	minimap2-2.31-lrhq	gpu	NVIDIA H100 80GB HBM3	8	8.37	1232.16	42992.96	1206.15	1210.91	4.34	51.74	0.02	0.00
ATCC_BAA-679__202309	sup	50	A	align	false	minimap2	2.26	minimap2-2.26-map-ont	cpu	CPU: AMD EPYC 9745	8	13.74	750.93	4967.25	723.04	726.43	55.83	400.06	0.00	0.00
ATCC_BAA-679__202309	sup	50	A	call	false	clair3	1.0.5	minimap2-2.26-map-ont	cpu	CPU: AMD EPYC 9745	8	46.00	784.00	4163.56	740.00	746.59	15.91	31.79	0.00	0.00
ATCC_BAA-679__202309	sup	50	B	align	false	minimap2	2.31	minimap2-2.31-lrhq	cpu	CPU: AMD EPYC 9745	8	11.37	950.36	4964.20	789.61	791.55	43.31	373.34	0.00	0.00
ATCC_BAA-679__202309	sup	50	B	call	false	clair3	1.0.5	minimap2-2.31-lrhq	cpu	CPU: AMD EPYC 9745	8	48.46	777.87	3862.43	757.85	763.39	17.35	33.10	0.00	0.00
ATCC_BAA-679__202309	sup	50	C	align	false	minimap2	2.31	minimap2-2.31-lrhq	cpu	CPU: AMD EPYC 9745	8	11.37	950.36	4964.20	789.61	791.55	43.31	373.34	0.00	0.00
ATCC_BAA-679__202309	sup	50	C	call	false	clair3	2.0.3	minimap2-2.31-lrhq	cpu	CPU: AMD EPYC 9745	8	37.35	965.25	4220.71	895.93	904.08	16.35	40.60	0.00	0.00
ATCC_BAA-679__202309	sup	50	D	align	false	minimap2	2.31	minimap2-2.31-lrhq	cpu	CPU: AMD EPYC 9745	8	11.37	950.36	4964.20	789.61	791.55	43.31	373.34	0.00	0.00
ATCC_BAA-679__202309	sup	50	D	call	false	dorado	2.1.2	minimap2-2.31-lrhq	gpu	NVIDIA H100 80GB HBM3	8	4.70	1300.60	44004.96	1127.91	1208.97	6.76	140.06	0.00	0.00
ATCC_BAA-679__202309	sup	50	D	call	true	dorado	2.1.2	minimap2-2.31-lrhq	cpu	CPU: AMD EPYC 9745	8	64.85	7052.24	29139.32	7044.85	7044.90	43.33	66.66	0.00	0.00
BPH2947__202310	hac	5	A	align	false	minimap2	2.26	minimap2-2.26-map-ont	cpu	CPU: AMD EPYC 9745	8	1.52	184.36	4367.61	157.02	160.34	2.76	13.09	0.00	0.00
BPH2947__202310	hac	5	A	call	false	clair3	1.0.5	minimap2-2.26-map-ont	cpu	CPU: AMD EPYC 9745	8	176.02	2183.82	8612.75	1792.69	1917.14	211.05	114.75	0.00	0.00
BPH2947__202310	hac	5	B	align	false	minimap2	2.31	minimap2-2.31-lrhq	cpu	CPU: AMD EPYC 9745	8	1.58	178.96	4561.34	151.07	155.38	4.52	261.27	0.00	0.00
BPH2947__202310	hac	5	B	call	false	clair3	1.0.5	minimap2-2.31-lrhq	cpu	CPU: AMD EPYC 9745	8	171.73	2611.50	10592.01	2097.29	2225.19	210.77	100.71	0.00	0.00
BPH2947__202310	hac	5	C	align	false	minimap2	2.31	minimap2-2.31-lrhq	cpu	CPU: AMD EPYC 9745	8	1.58	178.96	4561.34	151.07	155.38	4.52	261.27	0.00	0.00
BPH2947__202310	hac	5	C	call	false	clair3	2.0.3	minimap2-2.31-lrhq	cpu	CPU: AMD EPYC 9745	8	131.97	2230.39	6799.92	1737.57	1833.67	135.11	62.67	0.00	0.00
BPH2947__202310	hac	5	D	align	false	minimap2	2.31	minimap2-2.31-lrhq	cpu	CPU: AMD EPYC 9745	8	1.58	178.96	4561.34	151.07	155.38	4.52	261.27	0.00	0.00
BPH2947__202310	hac	5	D	call	false	dorado	2.1.2	minimap2-2.31-lrhq	gpu	NVIDIA H100 80GB HBM3	8	7.63	1096.48	33659.96	1080.38	1085.12	2.81	36.93	0.00	0.00
BPH2947__202310	hac	10	A	align	false	minimap2	2.26	minimap2-2.26-map-ont	cpu	CPU: AMD EPYC 9745	8	2.86	282.32	4856.64	255.04	257.54	11.92	367.59	0.00	0.00
BPH2947__202310	hac	10	A	call	false	clair3	1.0.5	minimap2-2.26-map-ont	cpu	CPU: AMD EPYC 9745	8	177.17	2265.73	8941.37	1869.86	1992.72	211.38	115.96	0.00	0.00
BPH2947__202310	hac	10	B	align	false	minimap2	2.31	minimap2-2.31-lrhq	cpu	CPU: AMD EPYC 9745	8	2.61	316.38	4004.22	288.78	291.42	6.36	152.32	0.00	0.00
BPH2947__202310	hac	10	B	call	false	clair3	1.0.5	minimap2-2.31-lrhq	cpu	CPU: AMD EPYC 9745	8	199.03	2625.52	10186.18	2105.80	2233.64	212.82	73.80	0.00	0.00
BPH2947__202310	hac	10	C	align	false	minimap2	2.31	minimap2-2.31-lrhq	cpu	CPU: AMD EPYC 9745	8	2.61	316.38	4004.22	288.78	291.42	6.36	152.32	0.00	0.00
BPH2947__202310	hac	10	C	call	false	clair3	2.0.3	minimap2-2.31-lrhq	cpu	CPU: AMD EPYC 9745	8	119.50	1929.72	6064.53	1601.15	1696.59	133.22	67.84	0.00	0.00
BPH2947__202310	hac	10	D	align	false	minimap2	2.31	minimap2-2.31-lrhq	cpu	CPU: AMD EPYC 9745	8	2.61	316.38	4004.22	288.78	291.42	6.36	152.32	0.00	0.00
BPH2947__202310	hac	10	D	call	false	dorado	2.1.2	minimap2-2.31-lrhq	gpu	NVIDIA H100 80GB HBM3	8	5.75	947.21	33245.46	841.96	856.68	4.25	74.16	0.00	0.00
BPH2947__202310	hac	25	A	align	false	minimap2	2.26	minimap2-2.26-map-ont	cpu	CPU: AMD EPYC 9745	8	7.07	499.97	4702.89	472.55	475.02	32.87	462.46	0.00	0.00
BPH2947__202310	hac	25	A	call	false	clair3	1.0.5	minimap2-2.26-map-ont	cpu	CPU: AMD EPYC 9745	8	84.15	1713.14	7260.21	1445.89	1544.63	63.51	65.98	0.00	0.00
BPH2947__202310	hac	25	B	align	false	minimap2	2.31	minimap2-2.31-lrhq	cpu	CPU: AMD EPYC 9745	8	5.96	691.35	4076.38	596.43	598.93	24.15	396.92	0.00	0.00
BPH2947__202310	hac	25	B	call	false	clair3	1.0.5	minimap2-2.31-lrhq	cpu	CPU: AMD EPYC 9745	8	83.01	1663.36	7188.25	994.11	1088.24	61.91	64.74	0.00	0.00
BPH2947__202310	hac	25	C	align	false	minimap2	2.31	minimap2-2.31-lrhq	cpu	CPU: AMD EPYC 9745	8	5.96	691.35	4076.38	596.43	598.93	24.15	396.92	0.00	0.00
BPH2947__202310	hac	25	C	call	false	clair3	2.0.3	minimap2-2.31-lrhq	cpu	CPU: AMD EPYC 9745	8	64.00	1092.79	5797.91	863.94	880.43	40.04	35.31	0.00	0.00
BPH2947__202310	hac	25	D	align	false	minimap2	2.31	minimap2-2.31-lrhq	cpu	CPU: AMD EPYC 9745	8	5.96	691.35	4076.38	596.43	598.93	24.15	396.92	0.00	0.00
BPH2947__202310	hac	25	D	call	false	dorado	2.1.2	minimap2-2.31-lrhq	gpu	NVIDIA H100 80GB HBM3	8	8.71	1206.70	33690.97	1190.40	1193.21	5.53	63.25	0.00	0.00
BPH2947__202310	hac	50	A	align	false	minimap2	2.26	minimap2-2.26-map-ont	cpu	CPU: AMD EPYC 9745	8	12.53	705.58	5049.04	652.01	655.42	63.14	498.16	0.00	0.00
BPH2947__202310	hac	50	A	call	false	clair3	1.0.5	minimap2-2.26-map-ont	cpu	CPU: AMD EPYC 9745	8	52.56	1322.05	7237.34	995.65	1067.30	51.00	43.04	0.00	0.00
BPH2947__202310	hac	50	B	align	false	minimap2	2.31	minimap2-2.31-lrhq	cpu	CPU: AMD EPYC 9745	8	12.75	1037.32	4824.96	911.76	915.81	47.50	364.38	0.00	0.00
BPH2947__202310	hac	50	B	call	false	clair3	1.0.5	minimap2-2.31-lrhq	cpu	CPU: AMD EPYC 9745	8	64.77	1307.80	7277.12	1246.74	1251.76	49.18	37.37	0.00	0.00
BPH2947__202310	hac	50	C	align	false	minimap2	2.31	minimap2-2.31-lrhq	cpu	CPU: AMD EPYC 9745	8	12.75	1037.32	4824.96	911.76	915.81	47.50	364.38	0.00	0.00
BPH2947__202310	hac	50	C	call	false	clair3	2.0.3	minimap2-2.31-lrhq	cpu	CPU: AMD EPYC 9745	8	43.80	978.07	5789.36	845.41	853.73	23.54	49.54	0.00	0.00
BPH2947__202310	hac	50	D	align	false	minimap2	2.31	minimap2-2.31-lrhq	cpu	CPU: AMD EPYC 9745	8	12.75	1037.32	4824.96	911.76	915.81	47.50	364.38	0.00	0.00
BPH2947__202310	hac	50	D	call	false	dorado	2.1.2	minimap2-2.31-lrhq	gpu	NVIDIA H100 80GB HBM3	8	3.58	1221.35	46127.47	1146.54	1151.50	7.17	197.52	0.00	0.00
BPH2947__202310	hac	50	D	call	true	dorado	2.1.2	minimap2-2.31-lrhq	cpu	CPU: AMD EPYC 9745	8	77.63	8641.91	22657.32	8423.71	8423.76	44.04	56.67	0.00	0.00
BPH2947__202310	sup	5	A	align	false	minimap2	2.26	minimap2-2.26-map-ont	cpu	CPU: AMD EPYC 9745	8	1.78	224.16	4436.63	191.19	193.75	2.78	1.34	0.00	0.00
BPH2947__202310	sup	5	A	call	false	clair3	1.0.5	minimap2-2.26-map-ont	cpu	CPU: AMD EPYC 9745	8	112.15	1656.82	7253.33	1289.24	1410.46	128.58	101.07	0.00	0.00
BPH2947__202310	sup	5	B	align	false	minimap2	2.31	minimap2-2.31-lrhq	cpu	CPU: AMD EPYC 9745	8	1.30	260.89	3125.18	233.21	236.66	2.77	0.00	0.00	0.00
BPH2947__202310	sup	5	B	call	false	clair3	1.0.5	minimap2-2.31-lrhq	cpu	CPU: AMD EPYC 9745	8	115.36	1668.60	7728.12	1291.64	1413.95	116.21	49.58	0.00	0.00
BPH2947__202310	sup	5	C	align	false	minimap2	2.31	minimap2-2.31-lrhq	cpu	CPU: AMD EPYC 9745	8	1.30	260.89	3125.18	233.21	236.66	2.77	0.00	0.00	0.00
BPH2947__202310	sup	5	C	call	false	clair3	2.0.3	minimap2-2.31-lrhq	cpu	CPU: AMD EPYC 9745	8	78.56	1142.71	5804.49	890.22	898.82	52.55	65.81	0.00	0.00
BPH2947__202310	sup	5	D	align	false	minimap2	2.31	minimap2-2.31-lrhq	cpu	CPU: AMD EPYC 9745	8	1.30	260.89	3125.18	233.21	236.66	2.77	0.00	0.00	0.00
BPH2947__202310	sup	5	D	call	false	dorado	2.1.2	minimap2-2.31-lrhq	gpu	NVIDIA H100 80GB HBM3	8	7.82	1275.88	33406.97	874.48	877.27	3.32	42.44	0.00	0.00
BPH2947__202310	sup	10	A	align	false	minimap2	2.26	minimap2-2.26-map-ont	cpu	CPU: AMD EPYC 9745	8	3.07	296.32	4220.98	267.89	271.26	10.39	309.87	0.00	0.00
BPH2947__202310	sup	10	A	call	false	clair3	1.0.5	minimap2-2.26-map-ont	cpu	CPU: AMD EPYC 9745	8	132.58	1659.21	7261.17	1285.84	1406.42	119.46	68.08	0.00	0.00
BPH2947__202310	sup	10	B	align	false	minimap2	2.31	minimap2-2.31-lrhq	cpu	CPU: AMD EPYC 9745	8	3.15	407.42	4001.53	375.41	377.10	8.49	235.05	0.00	0.00
BPH2947__202310	sup	10	B	call	false	clair3	1.0.5	minimap2-2.31-lrhq	cpu	CPU: AMD EPYC 9745	8	128.10	1547.04	7182.75	1204.92	1320.73	121.59	67.97	0.00	0.00
BPH2947__202310	sup	10	C	align	false	minimap2	2.31	minimap2-2.31-lrhq	cpu	CPU: AMD EPYC 9745	8	3.15	407.42	4001.53	375.41	377.10	8.49	235.05	0.00	0.00
BPH2947__202310	sup	10	C	call	false	clair3	2.0.3	minimap2-2.31-lrhq	cpu	CPU: AMD EPYC 9745	8	98.41	1262.78	5758.21	1029.57	1124.54	76.83	53.35	0.00	0.00
BPH2947__202310	sup	10	D	align	false	minimap2	2.31	minimap2-2.31-lrhq	cpu	CPU: AMD EPYC 9745	8	3.15	407.42	4001.53	375.41	377.10	8.49	235.05	0.00	0.00
BPH2947__202310	sup	10	D	call	false	dorado	2.1.2	minimap2-2.31-lrhq	gpu	NVIDIA H100 80GB HBM3	8	7.22	1371.35	33361.97	1355.19	1359.98	3.08	42.71	0.00	0.00
BPH2947__202310	sup	25	A	align	false	minimap2	2.26	minimap2-2.26-map-ont	cpu	CPU: AMD EPYC 9745	8	6.90	462.02	4992.29	434.41	436.90	32.07	457.00	0.00	0.00
BPH2947__202310	sup	25	A	call	false	clair3	1.0.5	minimap2-2.26-map-ont	cpu	CPU: AMD EPYC 9745	8	49.11	1343.07	7312.15	1057.97	1147.40	49.06	45.49	0.00	0.00
BPH2947__202310	sup	25	B	align	false	minimap2	2.31	minimap2-2.31-lrhq	cpu	CPU: AMD EPYC 9745	8	6.43	522.00	4003.82	493.88	497.28	22.43	339.45	0.00	0.00
BPH2947__202310	sup	25	B	call	false	clair3	1.0.5	minimap2-2.31-lrhq	cpu	CPU: AMD EPYC 9745	8	48.80	1476.39	7272.84	1103.95	1223.86	50.27	48.15	0.00	0.00
BPH2947__202310	sup	25	C	align	false	minimap2	2.31	minimap2-2.31-lrhq	cpu	CPU: AMD EPYC 9745	8	6.43	522.00	4003.82	493.88	497.28	22.43	339.45	0.00	0.00
BPH2947__202310	sup	25	C	call	false	clair3	2.0.3	minimap2-2.31-lrhq	cpu	CPU: AMD EPYC 9745	8	39.47	1041.48	5806.95	737.76	828.37	23.43	55.29	0.00	0.00
BPH2947__202310	sup	25	D	align	false	minimap2	2.31	minimap2-2.31-lrhq	cpu	CPU: AMD EPYC 9745	8	6.43	522.00	4003.82	493.88	497.28	22.43	339.45	0.00	0.00
BPH2947__202310	sup	25	D	call	false	dorado	2.1.2	minimap2-2.31-lrhq	gpu	NVIDIA H100 80GB HBM3	8	3.53	1196.14	33689.47	1179.89	1184.84	4.75	129.92	0.00	0.00
BPH2947__202310	sup	50	A	align	false	minimap2	2.26	minimap2-2.26-map-ont	cpu	CPU: AMD EPYC 9745	8	14.57	798.12	4823.48	770.48	774.19	67.17	457.07	0.00	0.00
BPH2947__202310	sup	50	A	call	false	clair3	1.0.5	minimap2-2.26-map-ont	cpu	CPU: AMD EPYC 9745	8	44.86	1299.20	7170.50	928.32	1048.80	26.13	55.29	0.00	0.00
BPH2947__202310	sup	50	B	align	false	minimap2	2.31	minimap2-2.31-lrhq	cpu	CPU: AMD EPYC 9745	8	11.70	904.34	4821.57	753.95	756.55	48.68	400.68	0.00	0.00
BPH2947__202310	sup	50	B	call	false	clair3	1.0.5	minimap2-2.31-lrhq	cpu	CPU: AMD EPYC 9745	8	40.25	1308.16	7239.51	815.71	928.94	25.16	59.19	0.00	0.00
BPH2947__202310	sup	50	C	align	false	minimap2	2.31	minimap2-2.31-lrhq	cpu	CPU: AMD EPYC 9745	8	11.70	904.34	4821.57	753.95	756.55	48.68	400.68	0.00	0.00
BPH2947__202310	sup	50	C	call	false	clair3	2.0.3	minimap2-2.31-lrhq	cpu	CPU: AMD EPYC 9745	8	41.15	1043.86	5762.65	972.61	980.70	21.17	46.85	0.00	0.00
BPH2947__202310	sup	50	D	align	false	minimap2	2.31	minimap2-2.31-lrhq	cpu	CPU: AMD EPYC 9745	8	11.70	904.34	4821.57	753.95	756.55	48.68	400.68	0.00	0.00
BPH2947__202310	sup	50	D	call	false	dorado	2.1.2	minimap2-2.31-lrhq	gpu	NVIDIA H100 80GB HBM3	8	4.25	1147.65	33553.47	875.43	956.23	8.14	188.62	0.00	0.00
BPH2947__202310	sup	50	D	call	true	dorado	2.1.2	minimap2-2.31-lrhq	cpu	CPU: AMD EPYC 9745	8	49.41	11103.80	21089.32	10961.23	11028.93	50.86	98.89	0.00	0.00
AJ292__202310	hac	5	A	align	false	minimap2	2.26	minimap2-2.26-map-ont	cpu	CPU: AMD EPYC 9745	8	3.59	307.59	4498.76	280.04	282.71	10.05	260.90	0.00	0.00
AJ292__202310	hac	5	A	call	false	clair3	1.0.5	minimap2-2.26-map-ont	cpu	CPU: AMD EPYC 9745	8	237.33	4272.61	14417.80	3515.88	3648.78	604.92	190.64	0.00	0.00
AJ292__202310	hac	5	B	align	false	minimap2	2.31	minimap2-2.31-lrhq	cpu	CPU: AMD EPYC 9745	8	2.20	331.04	2906.49	303.57	306.14	7.77	274.51	0.00	0.00
AJ292__202310	hac	5	B	call	false	clair3	1.0.5	minimap2-2.31-lrhq	cpu	CPU: AMD EPYC 9745	8	248.66	4370.82	15185.19	3614.81	3748.91	495.84	182.02	0.00	0.00
AJ292__202310	hac	5	C	align	false	minimap2	2.31	minimap2-2.31-lrhq	cpu	CPU: AMD EPYC 9745	8	2.20	331.04	2906.49	303.57	306.14	7.77	274.51	0.00	0.00
AJ292__202310	hac	5	C	call	false	clair3	2.0.3	minimap2-2.31-lrhq	cpu	CPU: AMD EPYC 9745	8	175.37	3517.22	9251.64	2900.95	2996.42	394.40	189.05	0.00	0.00
AJ292__202310	hac	5	D	align	false	minimap2	2.31	minimap2-2.31-lrhq	cpu	CPU: AMD EPYC 9745	8	2.20	331.04	2906.49	303.57	306.14	7.77	274.51	0.00	0.00
AJ292__202310	hac	5	D	call	false	dorado	2.1.2	minimap2-2.31-lrhq	gpu	NVIDIA H100 80GB HBM3	8	3.79	1088.93	58305.47	1050.04	1054.98	5.28	134.67	0.00	0.00
AJ292__202310	hac	10	A	align	false	minimap2	2.26	minimap2-2.26-map-ont	cpu	CPU: AMD EPYC 9745	8	4.22	409.27	5008.75	376.35	379.12	19.38	442.86	0.00	0.00
AJ292__202310	hac	10	A	call	false	clair3	1.0.5	minimap2-2.26-map-ont	cpu	CPU: AMD EPYC 9745	8	239.84	4556.02	14636.90	3702.79	3837.06	546.53	188.13	0.00	0.00
AJ292__202310	hac	10	B	align	false	minimap2	2.31	minimap2-2.31-lrhq	cpu	CPU: AMD EPYC 9745	8	4.74	510.50	4495.66	453.59	455.99	14.39	288.55	0.00	0.00
AJ292__202310	hac	10	B	call	false	clair3	1.0.5	minimap2-2.31-lrhq	cpu	CPU: AMD EPYC 9745	8	252.16	4582.55	14625.43	3828.96	3961.88	463.81	108.15	0.00	0.00
AJ292__202310	hac	10	C	align	false	minimap2	2.31	minimap2-2.31-lrhq	cpu	CPU: AMD EPYC 9745	8	4.74	510.50	4495.66	453.59	455.99	14.39	288.55	0.00	0.00
AJ292__202310	hac	10	C	call	false	clair3	2.0.3	minimap2-2.31-lrhq	cpu	CPU: AMD EPYC 9745	8	195.36	3636.51	9251.01	3026.76	3123.16	376.31	109.12	0.00	0.00
AJ292__202310	hac	10	D	align	false	minimap2	2.31	minimap2-2.31-lrhq	cpu	CPU: AMD EPYC 9745	8	4.74	510.50	4495.66	453.59	455.99	14.39	288.55	0.00	0.00
AJ292__202310	hac	10	D	call	false	dorado	2.1.2	minimap2-2.31-lrhq	gpu	NVIDIA H100 80GB HBM3	8	4.16	1731.71	58198.97	1707.30	1712.14	5.72	134.09	0.00	0.00
AJ292__202310	hac	25	A	align	false	minimap2	2.26	minimap2-2.26-map-ont	cpu	CPU: AMD EPYC 9745	8	12.46	789.04	5129.08	645.93	649.23	59.36	470.04	0.00	0.00
AJ292__202310	hac	25	A	call	false	clair3	1.0.5	minimap2-2.26-map-ont	cpu	CPU: AMD EPYC 9745	8	107.19	3267.64	10682.67	2604.04	2727.01	153.67	86.75	0.00	0.00
AJ292__202310	hac	25	B	align	false	minimap2	2.31	minimap2-2.31-lrhq	cpu	CPU: AMD EPYC 9745	8	10.28	974.43	4760.44	946.11	949.75	46.04	440.80	0.00	0.00
AJ292__202310	hac	25	B	call	false	clair3	1.0.5	minimap2-2.31-lrhq	cpu	CPU: AMD EPYC 9745	8	109.62	3447.46	11067.60	2935.75	3063.87	182.29	110.49	0.00	0.00
AJ292__202310	hac	25	C	align	false	minimap2	2.31	minimap2-2.31-lrhq	cpu	CPU: AMD EPYC 9745	8	10.28	974.43	4760.44	946.11	949.75	46.04	440.80	0.00	0.00
AJ292__202310	hac	25	C	call	false	clair3	2.0.3	minimap2-2.31-lrhq	cpu	CPU: AMD EPYC 9745	8	90.81	2634.90	7045.87	2218.09	2314.03	144.66	135.04	0.00	0.00
AJ292__202310	hac	25	D	align	false	minimap2	2.31	minimap2-2.31-lrhq	cpu	CPU: AMD EPYC 9745	8	10.28	974.43	4760.44	946.11	949.75	46.04	440.80	0.00	0.00
AJ292__202310	hac	25	D	call	false	dorado	2.1.2	minimap2-2.31-lrhq	gpu	NVIDIA H100 80GB HBM3	8	4.64	1240.82	58452.96	1219.03	1224.01	9.40	198.23	0.00	0.00
AJ292__202310	hac	50	A	align	false	minimap2	2.26	minimap2-2.26-map-ont	cpu	CPU: AMD EPYC 9745	8	22.90	1320.04	5090.13	1225.61	1228.25	101.46	441.99	0.00	0.00
AJ292__202310	hac	50	A	call	false	clair3	1.0.5	minimap2-2.26-map-ont	cpu	CPU: AMD EPYC 9745	8	70.69	2335.29	7437.88	2065.64	2180.66	60.90	44.92	0.00	0.00
AJ292__202310	hac	50	B	align	false	minimap2	2.31	minimap2-2.31-lrhq	cpu	CPU: AMD EPYC 9745	8	18.35	1778.49	5020.70	1208.34	1211.76	83.21	446.73	0.00	0.00
AJ292__202310	hac	50	B	call	false	clair3	1.0.5	minimap2-2.31-lrhq	cpu	CPU: AMD EPYC 9745	8	70.06	2487.92	7552.89	2220.16	2336.04	62.67	45.69	0.00	0.00
AJ292__202310	hac	50	C	align	false	minimap2	2.31	minimap2-2.31-lrhq	cpu	CPU: AMD EPYC 9745	8	18.35	1778.49	5020.70	1208.34	1211.76	83.21	446.73	0.00	0.00
AJ292__202310	hac	50	C	call	false	clair3	2.0.3	minimap2-2.31-lrhq	cpu	CPU: AMD EPYC 9745	8	60.40	2314.26	5907.80	2089.05	2168.01	82.38	54.46	0.00	0.00
AJ292__202310	hac	50	D	align	false	minimap2	2.31	minimap2-2.31-lrhq	cpu	CPU: AMD EPYC 9745	8	18.35	1778.49	5020.70	1208.34	1211.76	83.21	446.73	0.00	0.00
AJ292__202310	hac	50	D	call	false	dorado	2.1.2	minimap2-2.31-lrhq	gpu	NVIDIA H100 80GB HBM3	8	6.00	1817.41	58338.97	1771.89	1788.29	12.87	211.65	0.00	0.00
AJ292__202310	hac	50	D	call	true	dorado	2.1.2	minimap2-2.31-lrhq	cpu	CPU: AMD EPYC 9745	8	106.61	12411.22	29598.34	12268.39	12336.14	85.96	79.33	0.00	0.00
AJ292__202310	sup	5	A	align	false	minimap2	2.26	minimap2-2.26-map-ont	cpu	CPU: AMD EPYC 9745	8	2.61	306.29	4572.09	278.01	280.86	10.45	364.97	0.00	0.00
AJ292__202310	sup	5	A	call	false	clair3	1.0.5	minimap2-2.26-map-ont	cpu	CPU: AMD EPYC 9745	8	146.70	3399.75	12235.27	2762.31	2892.68	318.40	186.66	0.00	0.00
AJ292__202310	sup	5	B	align	false	minimap2	2.31	minimap2-2.31-lrhq	cpu	CPU: AMD EPYC 9745	8	2.75	353.65	2913.48	318.62	321.28	7.83	193.79	0.00	0.00
AJ292__202310	sup	5	B	call	false	clair3	1.0.5	minimap2-2.31-lrhq	cpu	CPU: AMD EPYC 9745	8	146.50	3382.07	12145.72	2748.43	2879.60	343.64	186.68	0.00	0.00
AJ292__202310	sup	5	C	align	false	minimap2	2.31	minimap2-2.31-lrhq	cpu	CPU: AMD EPYC 9745	8	2.75	353.65	2913.48	318.62	321.28	7.83	193.79	0.00	0.00
AJ292__202310	sup	5	C	call	false	clair3	2.0.3	minimap2-2.31-lrhq	cpu	CPU: AMD EPYC 9745	8	97.92	2796.03	7826.52	2275.42	2372.19	199.61	93.52	0.00	0.00
AJ292__202310	sup	5	D	align	false	minimap2	2.31	minimap2-2.31-lrhq	cpu	CPU: AMD EPYC 9745	8	2.75	353.65	2913.48	318.62	321.28	7.83	193.79	0.00	0.00
AJ292__202310	sup	5	D	call	false	dorado	2.1.2	minimap2-2.31-lrhq	gpu	NVIDIA H100 80GB HBM3	8	6.72	1357.97	58269.46	1333.53	1338.36	5.50	81.85	0.00	0.00
AJ292__202310	sup	10	A	align	false	minimap2	2.26	minimap2-2.26-map-ont	cpu	CPU: AMD EPYC 9745	8	5.33	368.41	4498.96	339.73	342.18	22.84	411.77	0.00	0.00
AJ292__202310	sup	10	A	call	false	clair3	1.0.5	minimap2-2.26-map-ont	cpu	CPU: AMD EPYC 9745	8	129.24	3677.23	12513.49	3038.96	3161.92	262.53	117.91	0.00	0.00
AJ292__202310	sup	10	B	align	false	minimap2	2.31	minimap2-2.31-lrhq	cpu	CPU: AMD EPYC 9745	8	4.50	439.31	3929.84	404.43	406.50	13.58	314.82	0.00	0.00
AJ292__202310	sup	10	B	call	false	clair3	1.0.5	minimap2-2.31-lrhq	cpu	CPU: AMD EPYC 9745	8	141.19	3883.91	12543.96	3111.44	3241.62	314.26	150.51	0.00	0.00
AJ292__202310	sup	10	C	align	false	minimap2	2.31	minimap2-2.31-lrhq	cpu	CPU: AMD EPYC 9745	8	4.50	439.31	3929.84	404.43	406.50	13.58	314.82	0.00	0.00
AJ292__202310	sup	10	C	call	false	clair3	2.0.3	minimap2-2.31-lrhq	cpu	CPU: AMD EPYC 9745	8	100.11	3196.61	8113.23	2672.22	2768.32	175.28	91.49	0.00	0.00
AJ292__202310	sup	10	D	align	false	minimap2	2.31	minimap2-2.31-lrhq	cpu	CPU: AMD EPYC 9745	8	4.50	439.31	3929.84	404.43	406.50	13.58	314.82	0.00	0.00
AJ292__202310	sup	10	D	call	false	dorado	2.1.2	minimap2-2.31-lrhq	gpu	NVIDIA H100 80GB HBM3	8	4.87	1427.54	58158.47	1255.19	1336.40	6.49	132.74	0.00	0.00
AJ292__202310	sup	25	A	align	false	minimap2	2.26	minimap2-2.26-map-ont	cpu	CPU: AMD EPYC 9745	8	13.43	748.46	4762.81	612.38	615.15	55.09	398.42	0.00	0.00
AJ292__202310	sup	25	A	call	false	clair3	1.0.5	minimap2-2.26-map-ont	cpu	CPU: AMD EPYC 9745	8	74.45	1911.22	6919.59	1682.04	1779.26	66.86	43.39	0.00	0.00
AJ292__202310	sup	25	B	align	false	minimap2	2.31	minimap2-2.31-lrhq	cpu	CPU: AMD EPYC 9745	8	9.06	964.71	4760.58	926.45	929.90	38.84	424.63	0.00	0.00
AJ292__202310	sup	25	B	call	false	clair3	1.0.5	minimap2-2.31-lrhq	cpu	CPU: AMD EPYC 9745	8	66.38	1886.90	6706.46	1605.50	1706.14	67.46	48.98	0.00	0.00
AJ292__202310	sup	25	C	align	false	minimap2	2.31	minimap2-2.31-lrhq	cpu	CPU: AMD EPYC 9745	8	9.06	964.71	4760.58	926.45	929.90	38.84	424.63	0.00	0.00
AJ292__202310	sup	25	C	call	false	clair3	2.0.3	minimap2-2.31-lrhq	cpu	CPU: AMD EPYC 9745	8	55.69	1625.60	5064.51	1397.05	1489.46	84.50	58.68	0.00	0.00
AJ292__202310	sup	25	D	align	false	minimap2	2.31	minimap2-2.31-lrhq	cpu	CPU: AMD EPYC 9745	8	9.06	964.71	4760.58	926.45	929.90	38.84	424.63	0.00	0.00
AJ292__202310	sup	25	D	call	false	dorado	2.1.2	minimap2-2.31-lrhq	gpu	NVIDIA H100 80GB HBM3	8	9.75	1716.26	58303.96	1693.97	1696.79	8.92	91.79	0.00	0.00
AJ292__202310	sup	50	A	align	false	minimap2	2.26	minimap2-2.26-map-ont	cpu	CPU: AMD EPYC 9745	8	22.39	1370.78	5381.48	1193.29	1195.96	103.69	460.02	0.00	0.00
AJ292__202310	sup	50	A	call	false	clair3	1.0.5	minimap2-2.26-map-ont	cpu	CPU: AMD EPYC 9745	8	61.68	2255.84	7262.96	1999.52	2097.51	87.82	52.48	0.00	0.00
AJ292__202310	sup	50	B	align	false	minimap2	2.31	minimap2-2.31-lrhq	cpu	CPU: AMD EPYC 9745	8	18.64	1960.44	5022.77	1674.41	1677.76	85.98	457.03	0.00	0.00
AJ292__202310	sup	50	B	call	false	clair3	1.0.5	minimap2-2.31-lrhq	cpu	CPU: AMD EPYC 9745	8	68.82	2221.42	7252.29	2011.16	2098.66	84.46	48.80	0.00	0.00
AJ292__202310	sup	50	C	align	false	minimap2	2.31	minimap2-2.31-lrhq	cpu	CPU: AMD EPYC 9745	8	18.64	1960.44	5022.77	1674.41	1677.76	85.98	457.03	0.00	0.00
AJ292__202310	sup	50	C	call	false	clair3	2.0.3	minimap2-2.31-lrhq	cpu	CPU: AMD EPYC 9745	8	53.40	1980.28	5696.91	1771.70	1849.86	61.44	110.32	0.00	0.00
AJ292__202310	sup	50	D	align	false	minimap2	2.31	minimap2-2.31-lrhq	cpu	CPU: AMD EPYC 9745	8	18.64	1960.44	5022.77	1674.41	1677.76	85.98	457.03	0.00	0.00
AJ292__202310	sup	50	D	call	false	dorado	2.1.2	minimap2-2.31-lrhq	gpu	NVIDIA H100 80GB HBM3	8	4.55	1665.11	58302.96	1453.21	1455.41	12.13	264.28	0.00	0.00
AJ292__202310	sup	50	D	call	true	dorado	2.1.2	minimap2-2.31-lrhq	cpu	CPU: AMD EPYC 9745	8	95.23	12482.50	29740.34	12475.05	12475.12	86.73	91.39	0.00	0.00
KPC2__202310	hac	5	A	align	false	minimap2	2.26	minimap2-2.26-map-ont	cpu	CPU: AMD EPYC 9745	8	2.64	373.59	4790.16	312.59	315.11	10.71	363.98	0.00	0.00
KPC2__202310	hac	5	A	call	false	clair3	1.0.5	minimap2-2.26-map-ont	cpu	CPU: AMD EPYC 9745	8	325.88	4137.90	14473.15	3489.36	3613.95	747.18	202.11	0.00	0.00
KPC2__202310	hac	5	B	align	false	minimap2	2.31	minimap2-2.31-lrhq	cpu	CPU: AMD EPYC 9745	8	2.65	512.36	3930.15	476.28	479.55	5.58	203.10	0.00	0.00
KPC2__202310	hac	5	B	call	false	clair3	1.0.5	minimap2-2.31-lrhq	cpu	CPU: AMD EPYC 9745	8	318.24	4235.74	14649.47	3476.30	3610.82	721.58	187.03	0.00	0.00
KPC2__202310	hac	5	C	align	false	minimap2	2.31	minimap2-2.31-lrhq	cpu	CPU: AMD EPYC 9745	8	2.65	512.36	3930.15	476.28	479.55	5.58	203.10	0.00	0.00
KPC2__202310	hac	5	C	call	false	clair3	2.0.3	minimap2-2.31-lrhq	cpu	CPU: AMD EPYC 9745	8	208.06	3547.78	9307.98	2902.66	2998.47	450.19	181.63	0.00	0.00
KPC2__202310	hac	5	D	align	false	minimap2	2.31	minimap2-2.31-lrhq	cpu	CPU: AMD EPYC 9745	8	2.65	512.36	3930.15	476.28	479.55	5.58	203.10	0.00	0.00
KPC2__202310	hac	5	D	call	false	dorado	2.1.2	minimap2-2.31-lrhq	gpu	NVIDIA H100 80GB HBM3	8	3.55	1349.56	58401.97	1333.24	1338.22	4.51	121.72	0.00	0.00
KPC2__202310	hac	10	A	align	false	minimap2	2.26	minimap2-2.26-map-ont	cpu	CPU: AMD EPYC 9745	8	5.90	528.96	4222.77	484.31	486.43	21.63	350.98	0.00	0.00
KPC2__202310	hac	10	A	call	false	clair3	1.0.5	minimap2-2.26-map-ont	cpu	CPU: AMD EPYC 9745	8	348.80	4582.88	14893.11	3829.63	3960.11	829.31	191.48	0.00	0.00
KPC2__202310	hac	10	B	align	false	minimap2	2.31	minimap2-2.31-lrhq	cpu	CPU: AMD EPYC 9745	8	4.42	706.81	4568.91	457.84	461.69	17.80	399.28	0.00	0.00
KPC2__202310	hac	10	B	call	false	clair3	1.0.5	minimap2-2.31-lrhq	cpu	CPU: AMD EPYC 9745	8	325.02	4351.67	14664.72	3592.59	3723.85	757.76	205.33	0.00	0.00
KPC2__202310	hac	10	C	align	false	minimap2	2.31	minimap2-2.31-lrhq	cpu	CPU: AMD EPYC 9745	8	4.42	706.81	4568.91	457.84	461.69	17.80	399.28	0.00	0.00
KPC2__202310	hac	10	C	call	false	clair3	2.0.3	minimap2-2.31-lrhq	cpu	CPU: AMD EPYC 9745	8	208.75	3680.66	9628.35	3054.90	3146.56	451.59	183.10	0.00	0.00
KPC2__202310	hac	10	D	align	false	minimap2	2.31	minimap2-2.31-lrhq	cpu	CPU: AMD EPYC 9745	8	4.42	706.81	4568.91	457.84	461.69	17.80	399.28	0.00	0.00
KPC2__202310	hac	10	D	call	false	dorado	2.1.2	minimap2-2.31-lrhq	gpu	NVIDIA H100 80GB HBM3	8	4.36	1401.95	58307.96	1211.53	1289.26	5.66	126.92	0.00	0.00
KPC2__202310	hac	25	A	align	false	minimap2	2.26	minimap2-2.26-map-ont	cpu	CPU: AMD EPYC 9745	8	13.98	832.04	4903.61	761.70	764.30	55.84	392.75	0.00	0.00
KPC2__202310	hac	25	A	call	false	clair3	1.0.5	minimap2-2.26-map-ont	cpu	CPU: AMD EPYC 9745	8	171.06	4519.38	14697.93	3769.11	3901.79	368.01	154.21	0.00	0.00
KPC2__202310	hac	25	B	align	false	minimap2	2.31	minimap2-2.31-lrhq	cpu	CPU: AMD EPYC 9745	8	10.07	1541.11	4834.63	1044.12	1047.65	43.96	432.05	0.00	0.00
KPC2__202310	hac	25	B	call	false	clair3	1.0.5	minimap2-2.31-lrhq	cpu	CPU: AMD EPYC 9745	8	164.41	4360.99	13476.75	3729.18	3855.45	367.77	145.62	0.00	0.00
KPC2__202310	hac	25	C	align	false	minimap2	2.31	minimap2-2.31-lrhq	cpu	CPU: AMD EPYC 9745	8	10.07	1541.11	4834.63	1044.12	1047.65	43.96	432.05	0.00	0.00
KPC2__202310	hac	25	C	call	false	clair3	2.0.3	minimap2-2.31-lrhq	cpu	CPU: AMD EPYC 9745	8	113.03	3498.01	9236.55	2878.32	2964.40	186.01	122.53	0.00	0.00
KPC2__202310	hac	25	D	align	false	minimap2	2.31	minimap2-2.31-lrhq	cpu	CPU: AMD EPYC 9745	8	10.07	1541.11	4834.63	1044.12	1047.65	43.96	432.05	0.00	0.00
KPC2__202310	hac	25	D	call	false	dorado	2.1.2	minimap2-2.31-lrhq	gpu	NVIDIA H100 80GB HBM3	8	4.63	1237.62	58374.97	1248.25	1253.24	9.42	199.45	0.00	0.00
KPC2__202310	hac	50	A	align	false	minimap2	2.26	minimap2-2.26-map-ont	cpu	CPU: AMD EPYC 9745	8	24.64	1263.19	5098.19	1129.38	1131.35	109.22	441.43	0.00	0.00
KPC2__202310	hac	50	A	call	false	clair3	1.0.5	minimap2-2.26-map-ont	cpu	CPU: AMD EPYC 9745	8	102.54	2996.74	10328.86	2603.96	2728.20	178.63	110.35	0.00	0.00
KPC2__202310	hac	50	B	align	false	minimap2	2.31	minimap2-2.31-lrhq	cpu	CPU: AMD EPYC 9745	8	19.43	2128.05	5163.48	1888.83	1890.84	84.23	429.20	0.00	0.00
KPC2__202310	hac	50	B	call	false	clair3	1.0.5	minimap2-2.31-lrhq	cpu	CPU: AMD EPYC 9745	8	93.63	2732.39	10349.57	2132.00	2247.00	166.18	121.04	0.00	0.00
KPC2__202310	hac	50	C	align	false	minimap2	2.31	minimap2-2.31-lrhq	cpu	CPU: AMD EPYC 9745	8	19.43	2128.05	5163.48	1888.83	1890.84	84.23	429.20	0.00	0.00
KPC2__202310	hac	50	C	call	false	clair3	2.0.3	minimap2-2.31-lrhq	cpu	CPU: AMD EPYC 9745	8	72.95	2369.27	8053.13	2039.27	2135.52	84.74	65.76	0.00	0.00
KPC2__202310	hac	50	D	align	false	minimap2	2.31	minimap2-2.31-lrhq	cpu	CPU: AMD EPYC 9745	8	19.43	2128.05	5163.48	1888.83	1890.84	84.23	429.20	0.00	0.00
KPC2__202310	hac	50	D	call	false	dorado	2.1.2	minimap2-2.31-lrhq	gpu	NVIDIA H100 80GB HBM3	8	6.25	1614.72	70386.48	1597.86	1602.56	14.80	234.80	0.00	0.00
KPC2__202310	hac	50	D	call	true	dorado	2.1.2	minimap2-2.31-lrhq	cpu	CPU: AMD EPYC 9745	8	109.07	12271.39	29800.34	12263.82	12263.87	115.35	105.57	0.00	0.00
KPC2__202310	sup	5	A	align	false	minimap2	2.26	minimap2-2.26-map-ont	cpu	CPU: AMD EPYC 9745	8	2.98	435.57	3929.97	337.14	339.53	8.43	264.88	0.00	0.00
KPC2__202310	sup	5	A	call	false	clair3	1.0.5	minimap2-2.26-map-ont	cpu	CPU: AMD EPYC 9745	8	293.36	4217.92	14512.82	3457.46	3583.60	647.43	174.69	0.00	0.00
KPC2__202310	sup	5	B	align	false	minimap2	2.31	minimap2-2.31-lrhq	cpu	CPU: AMD EPYC 9745	8	2.17	555.07	4002.61	396.19	398.82	7.38	259.73	0.00	0.00
KPC2__202310	sup	5	B	call	false	clair3	1.0.5	minimap2-2.31-lrhq	cpu	CPU: AMD EPYC 9745	8	200.13	4209.12	14606.14	3452.89	3586.19	437.62	205.80	0.00	0.00
KPC2__202310	sup	5	C	align	false	minimap2	2.31	minimap2-2.31-lrhq	cpu	CPU: AMD EPYC 9745	8	2.17	555.07	4002.61	396.19	398.82	7.38	259.73	0.00	0.00
KPC2__202310	sup	5	C	call	false	clair3	2.0.3	minimap2-2.31-lrhq	cpu	CPU: AMD EPYC 9745	8	165.86	3627.42	9378.88	3018.54	3111.59	320.91	175.23	0.00	0.00
KPC2__202310	sup	5	D	align	false	minimap2	2.31	minimap2-2.31-lrhq	cpu	CPU: AMD EPYC 9745	8	2.17	555.07	4002.61	396.19	398.82	7.38	259.73	0.00	0.00
KPC2__202310	sup	5	D	call	false	dorado	2.1.2	minimap2-2.31-lrhq	gpu	NVIDIA H100 80GB HBM3	8	3.52	1241.49	58318.97	1237.28	1242.24	4.45	121.33	0.00	0.00
KPC2__202310	sup	10	A	align	false	minimap2	2.26	minimap2-2.26-map-ont	cpu	CPU: AMD EPYC 9745	8	4.81	560.96	4656.55	516.83	519.46	20.06	396.35	0.00	0.00
KPC2__202310	sup	10	A	call	false	clair3	1.0.5	minimap2-2.26-map-ont	cpu	CPU: AMD EPYC 9745	8	225.20	4522.92	14947.84	3476.68	3607.21	414.72	121.36	0.00	0.00
KPC2__202310	sup	10	B	align	false	minimap2	2.31	minimap2-2.31-lrhq	cpu	CPU: AMD EPYC 9745	8	4.25	808.46	3930.61	601.54	605.74	15.34	340.67	0.00	0.00
KPC2__202310	sup	10	B	call	false	clair3	1.0.5	minimap2-2.31-lrhq	cpu	CPU: AMD EPYC 9745	8	283.85	4491.47	14785.85	3733.41	3865.36	577.47	129.47	0.00	0.00
KPC2__202310	sup	10	C	align	false	minimap2	2.31	minimap2-2.31-lrhq	cpu	CPU: AMD EPYC 9745	8	4.25	808.46	3930.61	601.54	605.74	15.34	340.67	0.00	0.00
KPC2__202310	sup	10	C	call	false	clair3	2.0.3	minimap2-2.31-lrhq	cpu	CPU: AMD EPYC 9745	8	182.10	3658.38	9241.59	3040.81	3136.92	404.33	127.99	0.00	0.00
KPC2__202310	sup	10	D	align	false	minimap2	2.31	minimap2-2.31-lrhq	cpu	CPU: AMD EPYC 9745	8	4.25	808.46	3930.61	601.54	605.74	15.34	340.67	0.00	0.00
KPC2__202310	sup	10	D	call	false	dorado	2.1.2	minimap2-2.31-lrhq	gpu	NVIDIA H100 80GB HBM3	8	4.48	1353.26	58138.96	1168.68	1249.85	6.60	143.60	0.00	0.00
KPC2__202310	sup	25	A	align	false	minimap2	2.26	minimap2-2.26-map-ont	cpu	CPU: AMD EPYC 9745	8	12.33	784.83	4977.44	716.82	719.30	52.37	418.68	0.00	0.00
KPC2__202310	sup	25	A	call	false	clair3	1.0.5	minimap2-2.26-map-ont	cpu	CPU: AMD EPYC 9745	8	102.34	3056.99	10799.21	2353.16	2477.19	173.51	109.26	0.00	0.00
KPC2__202310	sup	25	B	align	false	minimap2	2.31	minimap2-2.31-lrhq	cpu	CPU: AMD EPYC 9745	8	14.24	1173.51	4761.58	1103.54	1105.91	39.84	277.96	0.00	0.00
KPC2__202310	sup	25	B	call	false	clair3	1.0.5	minimap2-2.31-lrhq	cpu	CPU: AMD EPYC 9745	8	109.55	3064.30	10787.41	2366.41	2490.00	172.20	104.27	0.00	0.00
KPC2__202310	sup	25	C	align	false	minimap2	2.31	minimap2-2.31-lrhq	cpu	CPU: AMD EPYC 9745	8	14.24	1173.51	4761.58	1103.54	1105.91	39.84	277.96	0.00	0.00
KPC2__202310	sup	25	C	call	false	clair3	2.0.3	minimap2-2.31-lrhq	cpu	CPU: AMD EPYC 9745	8	69.94	2281.48	7956.98	1992.62	2073.46	71.03	63.26	0.00	0.00
KPC2__202310	sup	25	D	align	false	minimap2	2.31	minimap2-2.31-lrhq	cpu	CPU: AMD EPYC 9745	8	14.24	1173.51	4761.58	1103.54	1105.91	39.84	277.96	0.00	0.00
KPC2__202310	sup	25	D	call	false	dorado	2.1.2	minimap2-2.31-lrhq	gpu	NVIDIA H100 80GB HBM3	8	3.79	1704.61	58227.96	1682.31	1687.28	7.88	204.90	0.00	0.00
KPC2__202310	sup	50	A	align	false	minimap2	2.26	minimap2-2.26-map-ont	cpu	CPU: AMD EPYC 9745	8	22.81	1250.91	5097.43	1121.31	1124.22	108.98	471.80	0.00	0.00
KPC2__202310	sup	50	A	call	false	clair3	1.0.5	minimap2-2.26-map-ont	cpu	CPU: AMD EPYC 9745	8	72.72	2666.71	10361.68	1953.09	2080.91	88.37	72.09	0.00	0.00
KPC2__202310	sup	50	B	align	false	minimap2	2.31	minimap2-2.31-lrhq	cpu	CPU: AMD EPYC 9745	8	22.87	1751.12	5014.85	1714.53	1717.47	91.94	397.74	0.00	0.00
KPC2__202310	sup	50	B	call	false	clair3	1.0.5	minimap2-2.31-lrhq	cpu	CPU: AMD EPYC 9745	8	79.00	2678.44	10273.69	2080.12	2206.51	85.88	67.03	0.00	0.00
KPC2__202310	sup	50	C	align	false	minimap2	2.31	minimap2-2.31-lrhq	cpu	CPU: AMD EPYC 9745	8	22.87	1751.12	5014.85	1714.53	1717.47	91.94	397.74	0.00	0.00
KPC2__202310	sup	50	C	call	false	clair3	2.0.3	minimap2-2.31-lrhq	cpu	CPU: AMD EPYC 9745	8	61.16	1517.25	7298.32	1315.43	1394.08	74.14	73.62	0.00	0.00
KPC2__202310	sup	50	D	align	false	minimap2	2.31	minimap2-2.31-lrhq	cpu	CPU: AMD EPYC 9745	8	22.87	1751.12	5014.85	1714.53	1717.47	91.94	397.74	0.00	0.00
KPC2__202310	sup	50	D	call	false	dorado	2.1.2	minimap2-2.31-lrhq	gpu	NVIDIA H100 80GB HBM3	8	6.15	1518.29	58300.97	1471.21	1476.10	12.83	208.53	0.00	0.00
KPC2__202310	sup	50	D	call	true	dorado	2.1.2	minimap2-2.31-lrhq	cpu	CPU: AMD EPYC 9745	8	113.13	12263.97	29675.34	12256.36	12256.41	116.27	102.43	0.00	0.00
RDH275__202311	hac	5	A	align	false	minimap2	2.26	minimap2-2.26-map-ont	cpu	CPU: AMD EPYC 9745	8	1.29	152.48	2834.45	120.25	121.85	2.35	0.00	0.00	0.00
RDH275__202311	hac	5	A	call	false	clair3	1.0.5	minimap2-2.26-map-ont	cpu	CPU: AMD EPYC 9745	8	139.09	2023.13	8197.43	1629.98	1752.24	115.92	56.13	0.00	0.00
RDH275__202311	hac	5	B	align	false	minimap2	2.31	minimap2-2.31-lrhq	cpu	CPU: AMD EPYC 9745	8	0.90	66.55	3927.08	41.47	43.44	0.12	0.00	0.00	0.00
RDH275__202311	hac	5	B	call	false	clair3	1.0.5	minimap2-2.31-lrhq	cpu	CPU: AMD EPYC 9745	8	143.31	1872.86	8143.22	1475.54	1599.12	170.13	95.42	0.00	0.00
RDH275__202311	hac	5	C	align	false	minimap2	2.31	minimap2-2.31-lrhq	cpu	CPU: AMD EPYC 9745	8	0.90	66.55	3927.08	41.47	43.44	0.12	0.00	0.00	0.00
RDH275__202311	hac	5	C	call	false	clair3	2.0.3	minimap2-2.31-lrhq	cpu	CPU: AMD EPYC 9745	8	101.94	1727.30	5754.04	1423.42	1492.42	78.33	47.22	0.00	0.00
RDH275__202311	hac	5	D	align	false	minimap2	2.31	minimap2-2.31-lrhq	cpu	CPU: AMD EPYC 9745	8	0.90	66.55	3927.08	41.47	43.44	0.12	0.00	0.00	0.00
RDH275__202311	hac	5	D	call	false	dorado	2.1.2	minimap2-2.31-lrhq	gpu	NVIDIA H100 80GB HBM3	8	7.71	1098.23	33201.46	1081.89	1084.72	2.60	33.74	0.00	0.00
RDH275__202311	hac	10	A	align	false	minimap2	2.26	minimap2-2.26-map-ont	cpu	CPU: AMD EPYC 9745	8	2.53	195.23	4639.31	167.79	171.27	6.97	195.70	0.00	0.00
RDH275__202311	hac	10	A	call	false	clair3	1.0.5	minimap2-2.26-map-ont	cpu	CPU: AMD EPYC 9745	8	167.08	2067.56	8255.07	1680.08	1803.98	131.81	55.58	0.00	0.00
RDH275__202311	hac	10	B	align	false	minimap2	2.31	minimap2-2.31-lrhq	cpu	CPU: AMD EPYC 9745	8	1.93	242.59	4000.09	214.48	218.04	3.14	17.39	0.00	0.00
RDH275__202311	hac	10	B	call	false	clair3	1.0.5	minimap2-2.31-lrhq	cpu	CPU: AMD EPYC 9745	8	143.89	1876.59	8007.74	1491.34	1612.48	145.41	92.28	0.00	0.00
RDH275__202311	hac	10	C	align	false	minimap2	2.31	minimap2-2.31-lrhq	cpu	CPU: AMD EPYC 9745	8	1.93	242.59	4000.09	214.48	218.04	3.14	17.39	0.00	0.00
RDH275__202311	hac	10	C	call	false	clair3	2.0.3	minimap2-2.31-lrhq	cpu	CPU: AMD EPYC 9745	8	100.71	1879.28	5768.18	1550.64	1646.73	65.36	45.74	0.00	0.00
RDH275__202311	hac	10	D	align	false	minimap2	2.31	minimap2-2.31-lrhq	cpu	CPU: AMD EPYC 9745	8	1.93	242.59	4000.09	214.48	218.04	3.14	17.39	0.00	0.00
RDH275__202311	hac	10	D	call	false	dorado	2.1.2	minimap2-2.31-lrhq	gpu	NVIDIA H100 80GB HBM3	8	7.28	1116.99	33319.46	1100.52	1103.38	2.79	38.30	0.00	0.00
RDH275__202311	hac	25	A	align	false	minimap2	2.26	minimap2-2.26-map-ont	cpu	CPU: AMD EPYC 9745	8	5.19	348.51	4551.66	318.43	321.59	21.04	397.55	0.00	0.00
RDH275__202311	hac	25	A	call	false	clair3	1.0.5	minimap2-2.26-map-ont	cpu	CPU: AMD EPYC 9745	8	75.72	943.91	4295.54	900.41	907.13	24.83	21.73	0.00	0.00
RDH275__202311	hac	25	B	align	false	minimap2	2.31	minimap2-2.31-lrhq	cpu	CPU: AMD EPYC 9745	8	4.74	340.91	4555.25	288.17	294.51	14.10	283.22	0.00	0.00
RDH275__202311	hac	25	B	call	false	clair3	1.0.5	minimap2-2.31-lrhq	cpu	CPU: AMD EPYC 9745	8	75.47	907.23	4512.62	862.83	867.55	26.32	23.18	0.00	0.00
RDH275__202311	hac	25	C	align	false	minimap2	2.31	minimap2-2.31-lrhq	cpu	CPU: AMD EPYC 9745	8	4.74	340.91	4555.25	288.17	294.51	14.10	283.22	0.00	0.00
RDH275__202311	hac	25	C	call	false	clair3	2.0.3	minimap2-2.31-lrhq	cpu	CPU: AMD EPYC 9745	8	56.42	839.50	3713.54	787.80	795.40	37.27	29.01	0.00	0.00
RDH275__202311	hac	25	D	align	false	minimap2	2.31	minimap2-2.31-lrhq	cpu	CPU: AMD EPYC 9745	8	4.74	340.91	4555.25	288.17	294.51	14.10	283.22	0.00	0.00
RDH275__202311	hac	25	D	call	false	dorado	2.1.2	minimap2-2.31-lrhq	gpu	NVIDIA H100 80GB HBM3	8	3.60	986.26	34333.46	866.85	871.82	3.51	92.47	0.00	0.00
RDH275__202311	hac	50	A	align	false	minimap2	2.26	minimap2-2.26-map-ont	cpu	CPU: AMD EPYC 9745	8	8.98	528.57	4689.47	500.09	502.57	40.06	436.96	0.00	0.00
RDH275__202311	hac	50	A	call	false	clair3	1.0.5	minimap2-2.26-map-ont	cpu	CPU: AMD EPYC 9745	8	41.91	893.82	4102.88	850.31	855.08	17.50	40.16	0.00	0.00
RDH275__202311	hac	50	B	align	false	minimap2	2.31	minimap2-2.31-lrhq	cpu	CPU: AMD EPYC 9745	8	6.77	677.42	4213.31	512.79	514.87	27.59	391.70	0.00	0.00
RDH275__202311	hac	50	B	call	false	clair3	1.0.5	minimap2-2.31-lrhq	cpu	CPU: AMD EPYC 9745	8	44.47	678.95	3869.17	635.29	639.93	18.04	38.95	0.00	0.00
RDH275__202311	hac	50	C	align	false	minimap2	2.31	minimap2-2.31-lrhq	cpu	CPU: AMD EPYC 9745	8	6.77	677.42	4213.31	512.79	514.87	27.59	391.70	0.00	0.00
RDH275__202311	hac	50	C	call	false	clair3	2.0.3	minimap2-2.31-lrhq	cpu	CPU: AMD EPYC 9745	8	34.17	889.87	3709.43	534.70	542.03	16.17	43.83	0.00	0.00
RDH275__202311	hac	50	D	align	false	minimap2	2.31	minimap2-2.31-lrhq	cpu	CPU: AMD EPYC 9745	8	6.77	677.42	4213.31	512.79	514.87	27.59	391.70	0.00	0.00
RDH275__202311	hac	50	D	call	false	dorado	2.1.2	minimap2-2.31-lrhq	gpu	NVIDIA H100 80GB HBM3	8	4.38	1035.33	35899.97	856.29	937.43	5.31	118.82	0.00	0.00
RDH275__202311	hac	50	D	call	true	dorado	2.1.2	minimap2-2.31-lrhq	cpu	CPU: AMD EPYC 9745	8	43.82	9023.32	19725.32	8943.67	8944.59	22.35	48.60	0.00	0.00
RDH275__202311	sup	5	A	align	false	minimap2	2.26	minimap2-2.26-map-ont	cpu	CPU: AMD EPYC 9745	8	1.30	142.80	3125.24	111.82	113.80	2.48	0.00	0.00	0.00
RDH275__202311	sup	5	A	call	false	clair3	1.0.5	minimap2-2.26-map-ont	cpu	CPU: AMD EPYC 9745	8	101.46	1223.94	5999.39	959.93	1074.53	81.53	46.10	0.00	0.00
RDH275__202311	sup	5	B	align	false	minimap2	2.31	minimap2-2.31-lrhq	cpu	CPU: AMD EPYC 9745	8	1.10	86.79	4419.25	58.36	62.30	2.62	0.00	0.00	0.00
RDH275__202311	sup	5	B	call	false	clair3	1.0.5	minimap2-2.31-lrhq	cpu	CPU: AMD EPYC 9745	8	102.04	1380.16	6212.53	1114.58	1229.35	75.51	46.39	0.00	0.00
RDH275__202311	sup	5	C	align	false	minimap2	2.31	minimap2-2.31-lrhq	cpu	CPU: AMD EPYC 9745	8	1.10	86.79	4419.25	58.36	62.30	2.62	0.00	0.00	0.00
RDH275__202311	sup	5	C	call	false	clair3	2.0.3	minimap2-2.31-lrhq	cpu	CPU: AMD EPYC 9745	8	76.81	767.41	3893.24	716.57	724.00	15.78	18.17	0.00	0.00
RDH275__202311	sup	5	D	align	false	minimap2	2.31	minimap2-2.31-lrhq	cpu	CPU: AMD EPYC 9745	8	1.10	86.79	4419.25	58.36	62.30	2.62	0.00	0.00	0.00
RDH275__202311	sup	5	D	call	false	dorado	2.1.2	minimap2-2.31-lrhq	gpu	NVIDIA H100 80GB HBM3	8	3.47	919.64	32876.96	748.12	829.17	2.63	70.77	0.00	0.00
RDH275__202311	sup	10	A	align	false	minimap2	2.26	minimap2-2.26-map-ont	cpu	CPU: AMD EPYC 9745	8	1.95	204.05	4641.34	175.78	179.40	7.06	257.56	0.00	0.00
RDH275__202311	sup	10	A	call	false	clair3	1.0.5	minimap2-2.26-map-ont	cpu	CPU: AMD EPYC 9745	8	110.28	1354.63	6199.74	1088.49	1203.65	87.68	69.46	0.00	0.00
RDH275__202311	sup	10	B	align	false	minimap2	2.31	minimap2-2.31-lrhq	cpu	CPU: AMD EPYC 9745	8	1.72	257.50	4000.85	229.39	232.81	2.59	13.46	0.00	0.00
RDH275__202311	sup	10	B	call	false	clair3	1.0.5	minimap2-2.31-lrhq	cpu	CPU: AMD EPYC 9745	8	104.86	1409.20	6411.55	1143.60	1256.42	61.81	44.63	0.00	0.00
RDH275__202311	sup	10	C	align	false	minimap2	2.31	minimap2-2.31-lrhq	cpu	CPU: AMD EPYC 9745	8	1.72	257.50	4000.85	229.39	232.81	2.59	13.46	0.00	0.00
RDH275__202311	sup	10	C	call	false	clair3	2.0.3	minimap2-2.31-lrhq	cpu	CPU: AMD EPYC 9745	8	84.10	806.96	3788.23	755.25	763.22	72.65	55.13	0.00	0.00
RDH275__202311	sup	10	D	align	false	minimap2	2.31	minimap2-2.31-lrhq	cpu	CPU: AMD EPYC 9745	8	1.72	257.50	4000.85	229.39	232.81	2.59	13.46	0.00	0.00
RDH275__202311	sup	10	D	call	false	dorado	2.1.2	minimap2-2.31-lrhq	gpu	NVIDIA H100 80GB HBM3	8	7.04	1181.39	33191.52	1165.08	1167.90	2.77	39.32	0.00	0.00
RDH275__202311	sup	25	A	align	false	minimap2	2.26	minimap2-2.26-map-ont	cpu	CPU: AMD EPYC 9745	8	5.64	337.96	4413.77	309.68	312.33	14.63	253.37	0.00	0.00
RDH275__202311	sup	25	A	call	false	clair3	1.0.5	minimap2-2.26-map-ont	cpu	CPU: AMD EPYC 9745	8	47.46	891.65	4024.23	847.87	853.01	18.10	36.62	0.00	0.00
RDH275__202311	sup	25	B	align	false	minimap2	2.31	minimap2-2.31-lrhq	cpu	CPU: AMD EPYC 9745	8	3.99	522.59	4065.25	428.17	430.44	15.44	361.67	0.00	0.00
RDH275__202311	sup	25	B	call	false	clair3	1.0.5	minimap2-2.31-lrhq	cpu	CPU: AMD EPYC 9745	8	44.07	616.11	4177.62	570.25	575.05	17.44	38.17	0.00	0.00
RDH275__202311	sup	25	C	align	false	minimap2	2.31	minimap2-2.31-lrhq	cpu	CPU: AMD EPYC 9745	8	3.99	522.59	4065.25	428.17	430.44	15.44	361.67	0.00	0.00
RDH275__202311	sup	25	C	call	false	clair3	2.0.3	minimap2-2.31-lrhq	cpu	CPU: AMD EPYC 9745	8	37.27	593.19	3362.16	469.95	478.61	15.56	38.70	0.00	0.00
RDH275__202311	sup	25	D	align	false	minimap2	2.31	minimap2-2.31-lrhq	cpu	CPU: AMD EPYC 9745	8	3.99	522.59	4065.25	428.17	430.44	15.44	361.67	0.00	0.00
RDH275__202311	sup	25	D	call	false	dorado	2.1.2	minimap2-2.31-lrhq	gpu	NVIDIA H100 80GB HBM3	8	2.59	1286.27	33765.46	1269.89	1274.88	3.02	109.51	0.00	0.00
RDH275__202311	sup	50	A	align	false	minimap2	2.26	minimap2-2.26-map-ont	cpu	CPU: AMD EPYC 9745	8	7.11	493.80	4769.48	466.35	468.89	33.43	458.86	0.00	0.00
RDH275__202311	sup	50	A	call	false	clair3	1.0.5	minimap2-2.26-map-ont	cpu	CPU: AMD EPYC 9745	8	34.97	922.55	4141.78	828.89	834.46	16.51	44.46	0.00	0.00
RDH275__202311	sup	50	B	align	false	minimap2	2.31	minimap2-2.31-lrhq	cpu	CPU: AMD EPYC 9745	8	7.52	516.67	4548.78	469.07	470.96	28.71	387.38	0.00	0.00
RDH275__202311	sup	50	B	call	false	clair3	1.0.5	minimap2-2.31-lrhq	cpu	CPU: AMD EPYC 9745	8	37.80	583.29	4111.21	539.65	544.05	17.11	42.46	0.00	0.00
RDH275__202311	sup	50	C	align	false	minimap2	2.31	minimap2-2.31-lrhq	cpu	CPU: AMD EPYC 9745	8	7.52	516.67	4548.78	469.07	470.96	28.71	387.38	0.00	0.00
RDH275__202311	sup	50	C	call	false	clair3	2.0.3	minimap2-2.31-lrhq	cpu	CPU: AMD EPYC 9745	8	25.76	770.51	3820.47	717.12	725.84	15.22	53.83	0.00	0.00
RDH275__202311	sup	50	D	align	false	minimap2	2.31	minimap2-2.31-lrhq	cpu	CPU: AMD EPYC 9745	8	7.52	516.67	4548.78	469.07	470.96	28.71	387.38	0.00	0.00
RDH275__202311	sup	50	D	call	false	dorado	2.1.2	minimap2-2.31-lrhq	gpu	NVIDIA H100 80GB HBM3	8	8.79	1194.89	34861.96	1178.59	1181.42	4.83	54.97	0.00	0.00
RDH275__202311	sup	50	D	call	true	dorado	2.1.2	minimap2-2.31-lrhq	cpu	CPU: AMD EPYC 9745	8	30.67	9051.42	23561.32	9043.91	9043.95	18.77	57.14	0.00	0.00
MMC234__202311	hac	5	A	align	false	minimap2	2.26	minimap2-2.26-map-ont	cpu	CPU: AMD EPYC 9745	8	1.28	168.38	2983.73	136.88	139.01	2.85	0.00	0.00	0.00
MMC234__202311	hac	5	A	call	false	clair3	1.0.5	minimap2-2.26-map-ont	cpu	CPU: AMD EPYC 9745	8	167.05	2038.17	8400.07	1648.25	1771.24	159.53	64.52	0.00	0.00
MMC234__202311	hac	5	B	align	false	minimap2	2.31	minimap2-2.31-lrhq	cpu	CPU: AMD EPYC 9745	8	1.30	196.13	3076.55	168.39	170.91	1.90	0.00	0.00	0.00
MMC234__202311	hac	5	B	call	false	clair3	1.0.5	minimap2-2.31-lrhq	cpu	CPU: AMD EPYC 9745	8	169.51	2194.91	8346.79	1803.02	1926.79	197.32	80.24	0.00	0.00
MMC234__202311	hac	5	C	align	false	minimap2	2.31	minimap2-2.31-lrhq	cpu	CPU: AMD EPYC 9745	8	1.30	196.13	3076.55	168.39	170.91	1.90	0.00	0.00	0.00
MMC234__202311	hac	5	C	call	false	clair3	2.0.3	minimap2-2.31-lrhq	cpu	CPU: AMD EPYC 9745	8	112.98	1124.17	4346.41	1044.99	1052.63	76.06	41.18	0.00	0.00
MMC234__202311	hac	5	D	align	false	minimap2	2.31	minimap2-2.31-lrhq	cpu	CPU: AMD EPYC 9745	8	1.30	196.13	3076.55	168.39	170.91	1.90	0.00	0.00	0.00
MMC234__202311	hac	5	D	call	false	dorado	2.1.2	minimap2-2.31-lrhq	gpu	NVIDIA H100 80GB HBM3	8	2.94	862.88	35893.51	680.41	760.82	2.96	91.75	0.00	0.00
MMC234__202311	hac	10	A	align	false	minimap2	2.26	minimap2-2.26-map-ont	cpu	CPU: AMD EPYC 9745	8	2.51	224.64	4292.98	193.54	196.69	7.30	208.54	0.00	0.00
MMC234__202311	hac	10	A	call	false	clair3	1.0.5	minimap2-2.26-map-ont	cpu	CPU: AMD EPYC 9745	8	163.86	2221.07	8335.65	1827.66	1950.42	187.74	65.79	0.00	0.00
MMC234__202311	hac	10	B	align	false	minimap2	2.31	minimap2-2.31-lrhq	cpu	CPU: AMD EPYC 9745	8	2.26	257.82	4495.32	184.81	188.08	7.70	229.57	0.00	0.00
MMC234__202311	hac	10	B	call	false	clair3	1.0.5	minimap2-2.31-lrhq	cpu	CPU: AMD EPYC 9745	8	154.90	2411.32	8960.25	2014.94	2126.37	176.22	69.37	0.00	0.00
MMC234__202311	hac	10	C	align	false	minimap2	2.31	minimap2-2.31-lrhq	cpu	CPU: AMD EPYC 9745	8	2.26	257.82	4495.32	184.81	188.08	7.70	229.57	0.00	0.00
MMC234__202311	hac	10	C	call	false	clair3	2.0.3	minimap2-2.31-lrhq	cpu	CPU: AMD EPYC 9745	8	121.62	1838.68	5765.27	1393.40	1489.60	137.34	63.01	0.00	0.00
MMC234__202311	hac	10	D	align	false	minimap2	2.31	minimap2-2.31-lrhq	cpu	CPU: AMD EPYC 9745	8	2.26	257.82	4495.32	184.81	188.08	7.70	229.57	0.00	0.00
MMC234__202311	hac	10	D	call	false	dorado	2.1.2	minimap2-2.31-lrhq	gpu	NVIDIA H100 80GB HBM3	8	2.64	935.39	36410.96	854.51	859.45	2.87	101.22	0.00	0.00
MMC234__202311	hac	25	A	align	false	minimap2	2.26	minimap2-2.26-map-ont	cpu	CPU: AMD EPYC 9745	8	6.23	392.96	4490.90	365.52	368.09	21.21	345.86	0.00	0.00
MMC234__202311	hac	25	A	call	false	clair3	1.0.5	minimap2-2.26-map-ont	cpu	CPU: AMD EPYC 9745	8	89.88	1037.86	4573.60	868.40	874.28	69.50	48.58	0.00	0.00
MMC234__202311	hac	25	B	align	false	minimap2	2.31	minimap2-2.31-lrhq	cpu	CPU: AMD EPYC 9745	8	4.76	455.85	4001.43	353.77	356.28	15.80	314.98	0.00	0.00
MMC234__202311	hac	25	B	call	false	clair3	1.0.5	minimap2-2.31-lrhq	cpu	CPU: AMD EPYC 9745	8	95.49	948.86	4637.55	905.20	910.67	73.25	49.00	0.00	0.00
MMC234__202311	hac	25	C	align	false	minimap2	2.31	minimap2-2.31-lrhq	cpu	CPU: AMD EPYC 9745	8	4.76	455.85	4001.43	353.77	356.28	15.80	314.98	0.00	0.00
MMC234__202311	hac	25	C	call	false	clair3	2.0.3	minimap2-2.31-lrhq	cpu	CPU: AMD EPYC 9745	8	68.24	1367.91	4738.64	1100.91	1194.43	39.62	24.38	0.00	0.00
MMC234__202311	hac	25	D	align	false	minimap2	2.31	minimap2-2.31-lrhq	cpu	CPU: AMD EPYC 9745	8	4.76	455.85	4001.43	353.77	356.28	15.80	314.98	0.00	0.00
MMC234__202311	hac	25	D	call	false	dorado	2.1.2	minimap2-2.31-lrhq	gpu	NVIDIA H100 80GB HBM3	8	2.94	1314.60	38129.97	1298.31	1303.18	3.56	115.33	0.00	0.00
MMC234__202311	hac	50	A	align	false	minimap2	2.26	minimap2-2.26-map-ont	cpu	CPU: AMD EPYC 9745	8	11.69	594.58	4755.47	566.88	569.30	47.39	398.18	0.00	0.00
MMC234__202311	hac	50	A	call	false	clair3	1.0.5	minimap2-2.26-map-ont	cpu	CPU: AMD EPYC 9745	8	85.80	1160.32	4904.65	1115.59	1121.22	36.38	39.20	0.00	0.00
MMC234__202311	hac	50	B	align	false	minimap2	2.31	minimap2-2.31-lrhq	cpu	CPU: AMD EPYC 9745	8	11.19	847.93	4897.68	617.17	620.56	40.19	353.12	0.00	0.00
MMC234__202311	hac	50	B	call	false	clair3	1.0.5	minimap2-2.31-lrhq	cpu	CPU: AMD EPYC 9745	8	59.33	1062.57	4693.61	1018.37	1024.22	39.78	27.59	0.00	0.00
MMC234__202311	hac	50	C	align	false	minimap2	2.31	minimap2-2.31-lrhq	cpu	CPU: AMD EPYC 9745	8	11.19	847.93	4897.68	617.17	620.56	40.19	353.12	0.00	0.00
MMC234__202311	hac	50	C	call	false	clair3	2.0.3	minimap2-2.31-lrhq	cpu	CPU: AMD EPYC 9745	8	48.04	749.03	3699.04	697.23	705.32	16.41	32.58	0.00	0.00
MMC234__202311	hac	50	D	align	false	minimap2	2.31	minimap2-2.31-lrhq	cpu	CPU: AMD EPYC 9745	8	11.19	847.93	4897.68	617.17	620.56	40.19	353.12	0.00	0.00
MMC234__202311	hac	50	D	call	false	dorado	2.1.2	minimap2-2.31-lrhq	gpu	NVIDIA H100 80GB HBM3	8	5.01	1135.89	39733.46	1119.88	1124.79	5.31	106.01	0.00	0.00
MMC234__202311	hac	50	D	call	true	dorado	2.1.2	minimap2-2.31-lrhq	cpu	CPU: AMD EPYC 9745	8	39.64	11112.90	20805.32	11105.57	11105.62	19.65	46.01	0.00	0.00
MMC234__202311	sup	5	A	align	false	minimap2	2.26	minimap2-2.26-map-ont	cpu	CPU: AMD EPYC 9745	8	1.40	158.62	4147.54	131.20	133.75	2.12	11.70	0.00	0.00
MMC234__202311	sup	5	A	call	false	clair3	1.0.5	minimap2-2.26-map-ont	cpu	CPU: AMD EPYC 9745	8	118.62	1674.47	7717.27	1285.17	1408.77	124.95	90.19	0.00	0.00
MMC234__202311	sup	5	B	align	false	minimap2	2.31	minimap2-2.31-lrhq	cpu	CPU: AMD EPYC 9745	8	1.28	202.99	2954.79	170.74	172.99	2.16	0.00	0.00	0.00
MMC234__202311	sup	5	B	call	false	clair3	1.0.5	minimap2-2.31-lrhq	cpu	CPU: AMD EPYC 9745	8	107.27	1288.16	6281.85	995.10	1090.34	58.87	43.37	0.00	0.00
MMC234__202311	sup	5	C	align	false	minimap2	2.31	minimap2-2.31-lrhq	cpu	CPU: AMD EPYC 9745	8	1.28	202.99	2954.79	170.74	172.99	2.16	0.00	0.00	0.00
MMC234__202311	sup	5	C	call	false	clair3	2.0.3	minimap2-2.31-lrhq	cpu	CPU: AMD EPYC 9745	8	92.17	1274.43	4706.84	1063.96	1155.26	99.16	50.51	0.00	0.00
MMC234__202311	sup	5	D	align	false	minimap2	2.31	minimap2-2.31-lrhq	cpu	CPU: AMD EPYC 9745	8	1.28	202.99	2954.79	170.74	172.99	2.16	0.00	0.00	0.00
MMC234__202311	sup	5	D	call	false	dorado	2.1.2	minimap2-2.31-lrhq	gpu	NVIDIA H100 80GB HBM3	8	2.96	1073.93	36020.97	1057.54	1062.54	2.31	72.36	0.00	0.00
MMC234__202311	sup	10	A	align	false	minimap2	2.26	minimap2-2.26-map-ont	cpu	CPU: AMD EPYC 9745	8	2.54	223.94	4001.78	192.54	194.48	7.91	227.71	0.00	0.00
MMC234__202311	sup	10	A	call	false	clair3	1.0.5	minimap2-2.26-map-ont	cpu	CPU: AMD EPYC 9745	8	123.52	1618.10	6587.21	1352.48	1464.91	130.97	64.77	0.00	0.00
MMC234__202311	sup	10	B	align	false	minimap2	2.31	minimap2-2.31-lrhq	cpu	CPU: AMD EPYC 9745	8	2.02	299.62	3026.79	272.01	274.52	6.75	231.55	0.00	0.00
MMC234__202311	sup	10	B	call	false	clair3	1.0.5	minimap2-2.31-lrhq	cpu	CPU: AMD EPYC 9745	8	122.20	1521.27	7100.98	1258.94	1373.11	108.01	87.11	0.00	0.00
MMC234__202311	sup	10	C	align	false	minimap2	2.31	minimap2-2.31-lrhq	cpu	CPU: AMD EPYC 9745	8	2.02	299.62	3026.79	272.01	274.52	6.75	231.55	0.00	0.00
MMC234__202311	sup	10	C	call	false	clair3	2.0.3	minimap2-2.31-lrhq	cpu	CPU: AMD EPYC 9745	8	99.06	1280.25	4646.21	1045.29	1140.80	84.04	47.74	0.00	0.00
MMC234__202311	sup	10	D	align	false	minimap2	2.31	minimap2-2.31-lrhq	cpu	CPU: AMD EPYC 9745	8	2.02	299.62	3026.79	272.01	274.52	6.75	231.55	0.00	0.00
MMC234__202311	sup	10	D	call	false	dorado	2.1.2	minimap2-2.31-lrhq	gpu	NVIDIA H100 80GB HBM3	8	2.53	1074.46	36020.97	1058.20	1063.16	2.58	94.99	0.00	0.00
MMC234__202311	sup	25	A	align	false	minimap2	2.26	minimap2-2.26-map-ont	cpu	CPU: AMD EPYC 9745	8	5.62	319.71	4141.06	269.81	272.37	23.05	400.17	0.00	0.00
MMC234__202311	sup	25	A	call	false	clair3	1.0.5	minimap2-2.26-map-ont	cpu	CPU: AMD EPYC 9745	8	63.58	917.36	4393.51	763.62	768.42	39.01	27.49	0.00	0.00
MMC234__202311	sup	25	B	align	false	minimap2	2.31	minimap2-2.31-lrhq	cpu	CPU: AMD EPYC 9745	8	5.14	401.50	4696.95	300.64	302.90	20.25	376.99	0.00	0.00
MMC234__202311	sup	25	B	call	false	clair3	1.0.5	minimap2-2.31-lrhq	cpu	CPU: AMD EPYC 9745	8	66.13	954.71	4570.02	910.60	915.96	37.73	26.37	0.00	0.00
MMC234__202311	sup	25	C	align	false	minimap2	2.31	minimap2-2.31-lrhq	cpu	CPU: AMD EPYC 9745	8	5.14	401.50	4696.95	300.64	302.90	20.25	376.99	0.00	0.00
MMC234__202311	sup	25	C	call	false	clair3	2.0.3	minimap2-2.31-lrhq	cpu	CPU: AMD EPYC 9745	8	56.23	828.59	3705.86	777.34	784.51	46.38	31.89	0.00	0.00
MMC234__202311	sup	25	D	align	false	minimap2	2.31	minimap2-2.31-lrhq	cpu	CPU: AMD EPYC 9745	8	5.14	401.50	4696.95	300.64	302.90	20.25	376.99	0.00	0.00
MMC234__202311	sup	25	D	call	false	dorado	2.1.2	minimap2-2.31-lrhq	gpu	NVIDIA H100 80GB HBM3	8	8.79	1142.70	37069.96	1126.32	1129.71	4.14	47.11	0.00	0.00
MMC234__202311	sup	50	A	align	false	minimap2	2.26	minimap2-2.26-map-ont	cpu	CPU: AMD EPYC 9745	8	11.32	516.09	4763.79	488.02	490.58	49.10	421.27	0.00	0.00
MMC234__202311	sup	50	A	call	false	clair3	1.0.5	minimap2-2.26-map-ont	cpu	CPU: AMD EPYC 9745	8	58.56	1051.84	4664.86	1007.77	1013.17	45.58	28.47	0.00	0.00
MMC234__202311	sup	50	B	align	false	minimap2	2.31	minimap2-2.31-lrhq	cpu	CPU: AMD EPYC 9745	8	9.41	663.88	4615.03	627.95	630.26	38.31	398.76	0.00	0.00
MMC234__202311	sup	50	B	call	false	clair3	1.0.5	minimap2-2.31-lrhq	cpu	CPU: AMD EPYC 9745	8	61.29	1054.66	4737.39	1010.68	1016.40	45.02	28.22	0.00	0.00
MMC234__202311	sup	50	C	align	false	minimap2	2.31	minimap2-2.31-lrhq	cpu	CPU: AMD EPYC 9745	8	9.41	663.88	4615.03	627.95	630.26	38.31	398.76	0.00	0.00
MMC234__202311	sup	50	C	call	false	clair3	2.0.3	minimap2-2.31-lrhq	cpu	CPU: AMD EPYC 9745	8	46.46	684.35	3587.18	632.71	640.89	16.18	32.15	0.00	0.00
MMC234__202311	sup	50	D	align	false	minimap2	2.31	minimap2-2.31-lrhq	cpu	CPU: AMD EPYC 9745	8	9.41	663.88	4615.03	627.95	630.26	38.31	398.76	0.00	0.00
MMC234__202311	sup	50	D	call	false	dorado	2.1.2	minimap2-2.31-lrhq	gpu	NVIDIA H100 80GB HBM3	8	4.31	1316.23	38154.47	1146.61	1226.71	5.53	126.35	0.00	0.00
MMC234__202311	sup	50	D	call	true	dorado	2.1.2	minimap2-2.31-lrhq	cpu	CPU: AMD EPYC 9745	8	42.70	8819.81	20791.32	8677.19	8711.09	20.15	45.60	0.00	0.00
AMtb_1__202402	hac	5	A	align	false	minimap2	2.26	minimap2-2.26-map-ont	cpu	CPU: AMD EPYC 9745	8	1.90	219.17	2917.93	159.40	162.49	7.08	260.11	0.00	0.00
AMtb_1__202402	hac	5	A	call	false	clair3	1.0.5	minimap2-2.26-map-ont	cpu	CPU: AMD EPYC 9745	8	284.11	4113.66	13987.98	3356.88	3490.65	362.55	69.29	0.00	0.00
AMtb_1__202402	hac	5	B	align	false	minimap2	2.31	minimap2-2.31-lrhq	cpu	CPU: AMD EPYC 9745	8	1.79	248.87	4501.23	171.73	175.04	6.39	248.60	0.00	0.00
AMtb_1__202402	hac	5	B	call	false	clair3	1.0.5	minimap2-2.31-lrhq	cpu	CPU: AMD EPYC 9745	8	307.42	4224.80	14247.55	3471.89	3602.87	444.00	132.59	0.00	0.00
AMtb_1__202402	hac	5	C	align	false	minimap2	2.31	minimap2-2.31-lrhq	cpu	CPU: AMD EPYC 9745	8	1.79	248.87	4501.23	171.73	175.04	6.39	248.60	0.00	0.00
AMtb_1__202402	hac	5	C	call	false	clair3	2.0.3	minimap2-2.31-lrhq	cpu	CPU: AMD EPYC 9745	8	218.96	3537.96	8967.10	2917.52	3013.93	327.85	75.52	0.00	0.00
AMtb_1__202402	hac	5	D	align	false	minimap2	2.31	minimap2-2.31-lrhq	cpu	CPU: AMD EPYC 9745	8	1.79	248.87	4501.23	171.73	175.04	6.39	248.60	0.00	0.00
AMtb_1__202402	hac	5	D	call	false	dorado	2.1.2	minimap2-2.31-lrhq	gpu	NVIDIA H100 80GB HBM3	8	4.65	1221.43	46208.97	1058.24	1131.32	3.67	75.44	0.00	0.00
AMtb_1__202402	hac	10	A	align	false	minimap2	2.26	minimap2-2.26-map-ont	cpu	CPU: AMD EPYC 9745	8	4.26	277.09	3927.86	249.15	251.67	15.01	344.42	0.00	0.00
AMtb_1__202402	hac	10	A	call	false	clair3	1.0.5	minimap2-2.26-map-ont	cpu	CPU: AMD EPYC 9745	8	308.21	3681.98	12460.17	3043.34	3175.40	368.44	72.78	0.00	0.00
AMtb_1__202402	hac	10	B	align	false	minimap2	2.31	minimap2-2.31-lrhq	cpu	CPU: AMD EPYC 9745	8	3.85	409.39	4072.85	375.75	379.25	11.58	264.30	0.00	0.00
AMtb_1__202402	hac	10	B	call	false	clair3	1.0.5	minimap2-2.31-lrhq	cpu	CPU: AMD EPYC 9745	8	310.39	4482.63	14313.32	3725.92	3858.00	418.87	130.45	0.00	0.00
AMtb_1__202402	hac	10	C	align	false	minimap2	2.31	minimap2-2.31-lrhq	cpu	CPU: AMD EPYC 9745	8	3.85	409.39	4072.85	375.75	379.25	11.58	264.30	0.00	0.00
AMtb_1__202402	hac	10	C	call	false	clair3	2.0.3	minimap2-2.31-lrhq	cpu	CPU: AMD EPYC 9745	8	220.08	3593.76	8902.07	2981.09	3077.00	309.58	75.40	0.00	0.00
AMtb_1__202402	hac	10	D	align	false	minimap2	2.31	minimap2-2.31-lrhq	cpu	CPU: AMD EPYC 9745	8	3.85	409.39	4072.85	375.75	379.25	11.58	264.30	0.00	0.00
AMtb_1__202402	hac	10	D	call	false	dorado	2.1.2	minimap2-2.31-lrhq	gpu	NVIDIA H100 80GB HBM3	8	3.84	1600.79	46388.97	1584.51	1589.46	4.15	103.62	0.00	0.00
AMtb_1__202402	hac	25	A	align	false	minimap2	2.26	minimap2-2.26-map-ont	cpu	CPU: AMD EPYC 9745	8	8.72	460.95	4843.04	433.19	437.53	42.37	476.34	0.00	0.00
AMtb_1__202402	hac	25	A	call	false	clair3	1.0.5	minimap2-2.26-map-ont	cpu	CPU: AMD EPYC 9745	8	139.89	2431.71	8531.54	2040.65	2163.49	151.64	97.26	0.00	0.00
AMtb_1__202402	hac	25	B	align	false	minimap2	2.31	minimap2-2.31-lrhq	cpu	CPU: AMD EPYC 9745	8	7.49	577.71	4766.74	483.62	487.43	33.12	432.19	0.00	0.00
AMtb_1__202402	hac	25	B	call	false	clair3	1.0.5	minimap2-2.31-lrhq	cpu	CPU: AMD EPYC 9745	8	135.97	2353.77	8456.18	1995.16	2118.77	92.73	56.22	0.00	0.00
AMtb_1__202402	hac	25	C	align	false	minimap2	2.31	minimap2-2.31-lrhq	cpu	CPU: AMD EPYC 9745	8	7.49	577.71	4766.74	483.62	487.43	33.12	432.19	0.00	0.00
AMtb_1__202402	hac	25	C	call	false	clair3	2.0.3	minimap2-2.31-lrhq	cpu	CPU: AMD EPYC 9745	8	105.82	1659.67	4476.13	1081.36	1089.34	50.76	43.44	0.00	0.00
AMtb_1__202402	hac	25	D	align	false	minimap2	2.31	minimap2-2.31-lrhq	cpu	CPU: AMD EPYC 9745	8	7.49	577.71	4766.74	483.62	487.43	33.12	432.19	0.00	0.00
AMtb_1__202402	hac	25	D	call	false	dorado	2.1.2	minimap2-2.31-lrhq	gpu	NVIDIA H100 80GB HBM3	8	4.53	1645.70	46331.96	1629.40	1634.21	6.17	136.62	0.00	0.00
AMtb_1__202402	hac	50	A	align	false	minimap2	2.26	minimap2-2.26-map-ont	cpu	CPU: AMD EPYC 9745	8	18.19	932.15	5024.77	904.82	907.38	84.60	464.78	0.00	0.00
AMtb_1__202402	hac	50	A	call	false	clair3	1.0.5	minimap2-2.26-map-ont	cpu	CPU: AMD EPYC 9745	8	95.37	1315.32	5132.20	1257.69	1262.94	67.79	48.69	0.00	0.00
AMtb_1__202402	hac	50	B	align	false	minimap2	2.31	minimap2-2.31-lrhq	cpu	CPU: AMD EPYC 9745	8	16.93	934.01	4950.15	800.28	802.69	68.27	402.44	0.00	0.00
AMtb_1__202402	hac	50	B	call	false	clair3	1.0.5	minimap2-2.31-lrhq	cpu	CPU: AMD EPYC 9745	8	91.68	1300.62	4985.65	1256.82	1262.30	69.78	50.64	0.00	0.00
AMtb_1__202402	hac	50	C	align	false	minimap2	2.31	minimap2-2.31-lrhq	cpu	CPU: AMD EPYC 9745	8	16.93	934.01	4950.15	800.28	802.69	68.27	402.44	0.00	0.00
AMtb_1__202402	hac	50	C	call	false	clair3	2.0.3	minimap2-2.31-lrhq	cpu	CPU: AMD EPYC 9745	8	72.57	1153.90	4172.89	1101.78	1109.91	25.55	22.72	0.00	0.00
AMtb_1__202402	hac	50	D	align	false	minimap2	2.31	minimap2-2.31-lrhq	cpu	CPU: AMD EPYC 9745	8	16.93	934.01	4950.15	800.28	802.69	68.27	402.44	0.00	0.00
AMtb_1__202402	hac	50	D	call	false	dorado	2.1.2	minimap2-2.31-lrhq	gpu	NVIDIA H100 80GB HBM3	8	9.23	1585.50	58164.47	1555.34	1560.13	9.33	100.92	0.00	0.00
AMtb_1__202402	hac	50	D	call	true	dorado	2.1.2	minimap2-2.31-lrhq	cpu	CPU: AMD EPYC 9745	8	83.97	12140.24	29696.32	12132.68	12132.78	81.13	96.39	0.00	0.00
AMtb_1__202402	sup	5	A	align	false	minimap2	2.26	minimap2-2.26-map-ont	cpu	CPU: AMD EPYC 9745	8	2.30	206.86	4000.88	178.16	180.23	4.22	135.79	0.00	0.00
AMtb_1__202402	sup	5	A	call	false	clair3	1.0.5	minimap2-2.26-map-ont	cpu	CPU: AMD EPYC 9745	8	200.92	2113.91	8421.42	1760.50	1841.84	225.11	82.94	0.00	0.00
AMtb_1__202402	sup	5	B	align	false	minimap2	2.31	minimap2-2.31-lrhq	cpu	CPU: AMD EPYC 9745	8	1.78	276.06	4567.43	245.41	249.28	6.21	251.20	0.00	0.00
AMtb_1__202402	sup	5	B	call	false	clair3	1.0.5	minimap2-2.31-lrhq	cpu	CPU: AMD EPYC 9745	8	186.89	2083.61	8101.79	1695.14	1817.23	196.20	57.15	0.00	0.00
AMtb_1__202402	sup	5	C	align	false	minimap2	2.31	minimap2-2.31-lrhq	cpu	CPU: AMD EPYC 9745	8	1.78	276.06	4567.43	245.41	249.28	6.21	251.20	0.00	0.00
AMtb_1__202402	sup	5	C	call	false	clair3	2.0.3	minimap2-2.31-lrhq	cpu	CPU: AMD EPYC 9745	8	120.25	1912.33	5922.49	1572.41	1665.12	121.18	63.10	0.00	0.00
AMtb_1__202402	sup	5	D	align	false	minimap2	2.31	minimap2-2.31-lrhq	cpu	CPU: AMD EPYC 9745	8	1.78	276.06	4567.43	245.41	249.28	6.21	251.20	0.00	0.00
AMtb_1__202402	sup	5	D	call	false	dorado	2.1.2	minimap2-2.31-lrhq	gpu	NVIDIA H100 80GB HBM3	8	2.51	1536.08	46245.96	1513.84	1518.81	3.35	126.58	0.00	0.00
AMtb_1__202402	sup	10	A	align	false	minimap2	2.26	minimap2-2.26-map-ont	cpu	CPU: AMD EPYC 9745	8	3.73	277.43	4861.07	249.75	252.29	16.80	420.14	0.00	0.00
AMtb_1__202402	sup	10	A	call	false	clair3	1.0.5	minimap2-2.26-map-ont	cpu	CPU: AMD EPYC 9745	8	207.44	2246.89	8474.52	1853.96	1977.71	215.15	63.76	0.00	0.00
AMtb_1__202402	sup	10	B	align	false	minimap2	2.31	minimap2-2.31-lrhq	cpu	CPU: AMD EPYC 9745	8	4.15	361.33	3991.77	308.87	311.47	13.22	298.05	0.00	0.00
AMtb_1__202402	sup	10	B	call	false	clair3	1.0.5	minimap2-2.31-lrhq	cpu	CPU: AMD EPYC 9745	8	217.85	2373.04	8530.60	1979.31	2102.79	226.68	103.57	0.00	0.00
AMtb_1__202402	sup	10	C	align	false	minimap2	2.31	minimap2-2.31-lrhq	cpu	CPU: AMD EPYC 9745	8	4.15	361.33	3991.77	308.87	311.47	13.22	298.05	0.00	0.00
AMtb_1__202402	sup	10	C	call	false	clair3	2.0.3	minimap2-2.31-lrhq	cpu	CPU: AMD EPYC 9745	8	132.31	1591.52	6222.34	1239.14	1247.00	84.92	57.34	0.00	0.00
AMtb_1__202402	sup	10	D	align	false	minimap2	2.31	minimap2-2.31-lrhq	cpu	CPU: AMD EPYC 9745	8	4.15	361.33	3991.77	308.87	311.47	13.22	298.05	0.00	0.00
AMtb_1__202402	sup	10	D	call	false	dorado	2.1.2	minimap2-2.31-lrhq	gpu	NVIDIA H100 80GB HBM3	8	4.41	1296.61	46233.46	1124.68	1205.84	5.29	111.52	0.00	0.00
AMtb_1__202402	sup	25	A	align	false	minimap2	2.26	minimap2-2.26-map-ont	cpu	CPU: AMD EPYC 9745	8	9.47	546.13	4834.21	517.85	521.78	43.47	450.61	0.00	0.00
AMtb_1__202402	sup	25	A	call	false	clair3	1.0.5	minimap2-2.26-map-ont	cpu	CPU: AMD EPYC 9745	8	86.23	1052.06	4610.42	1008.11	1013.96	68.92	50.32	0.00	0.00
AMtb_1__202402	sup	25	B	align	false	minimap2	2.31	minimap2-2.31-lrhq	cpu	CPU: AMD EPYC 9745	8	8.79	539.98	4621.47	425.98	428.05	36.44	409.06	0.00	0.00
AMtb_1__202402	sup	25	B	call	false	clair3	1.0.5	minimap2-2.31-lrhq	cpu	CPU: AMD EPYC 9745	8	76.96	1702.37	4761.08	1659.22	1664.28	19.26	21.18	0.00	0.00
AMtb_1__202402	sup	25	C	align	false	minimap2	2.31	minimap2-2.31-lrhq	cpu	CPU: AMD EPYC 9745	8	8.79	539.98	4621.47	425.98	428.05	36.44	409.06	0.00	0.00
AMtb_1__202402	sup	25	C	call	false	clair3	2.0.3	minimap2-2.31-lrhq	cpu	CPU: AMD EPYC 9745	8	58.83	1072.69	3957.35	1021.39	1029.28	32.17	27.66	0.00	0.00
AMtb_1__202402	sup	25	D	align	false	minimap2	2.31	minimap2-2.31-lrhq	cpu	CPU: AMD EPYC 9745	8	8.79	539.98	4621.47	425.98	428.05	36.44	409.06	0.00	0.00
AMtb_1__202402	sup	25	D	call	false	dorado	2.1.2	minimap2-2.31-lrhq	gpu	NVIDIA H100 80GB HBM3	8	4.26	1497.41	46215.96	1319.26	1400.40	6.32	143.74	0.00	0.00
AMtb_1__202402	sup	50	A	align	false	minimap2	2.26	minimap2-2.26-map-ont	cpu	CPU: AMD EPYC 9745	8	20.26	990.96	4944.42	963.19	967.00	90.08	443.05	0.00	0.00
AMtb_1__202402	sup	50	A	call	false	clair3	1.0.5	minimap2-2.26-map-ont	cpu	CPU: AMD EPYC 9745	8	38.08	1017.01	3944.62	972.97	978.13	16.83	42.48	0.00	0.00
AMtb_1__202402	sup	50	B	align	false	minimap2	2.31	minimap2-2.31-lrhq	cpu	CPU: AMD EPYC 9745	8	14.41	886.54	5013.80	858.17	862.58	67.20	462.24	0.00	0.00
AMtb_1__202402	sup	50	B	call	false	clair3	1.0.5	minimap2-2.31-lrhq	cpu	CPU: AMD EPYC 9745	8	37.41	1019.31	4005.62	975.19	980.33	16.94	43.44	0.00	0.00
AMtb_1__202402	sup	50	C	align	false	minimap2	2.31	minimap2-2.31-lrhq	cpu	CPU: AMD EPYC 9745	8	14.41	886.54	5013.80	858.17	862.58	67.20	462.24	0.00	0.00
AMtb_1__202402	sup	50	C	call	false	clair3	2.0.3	minimap2-2.31-lrhq	cpu	CPU: AMD EPYC 9745	8	30.89	1054.53	3939.48	1002.65	1010.51	15.75	47.11	0.00	0.00
AMtb_1__202402	sup	50	D	align	false	minimap2	2.31	minimap2-2.31-lrhq	cpu	CPU: AMD EPYC 9745	8	14.41	886.54	5013.80	858.17	862.58	67.20	462.24	0.00	0.00
AMtb_1__202402	sup	50	D	call	false	dorado	2.1.2	minimap2-2.31-lrhq	gpu	NVIDIA H100 80GB HBM3	8	5.17	1534.86	46386.97	1357.38	1438.53	9.30	176.55	0.00	0.00
AMtb_1__202402	sup	50	D	call	true	dorado	2.1.2	minimap2-2.31-lrhq	cpu	CPU: AMD EPYC 9745	8	79.37	12155.64	29601.32	12148.07	12148.11	82.73	101.06	0.00	0.00
