sample	species	dnd_sample	read_model	basecall_model	depth	actual_depth	actual_depth_by_contig	arm	aligner	aligner_version	preset	caller	caller_version	calling_model	container	hardware	scoring_mode	var_type	min_qual	precision	recall	f1	f1_qscore	truth_tp	query_tp	truth_fn	query_fp
ATCC_10708__202309	Salmonella enterica	true	hac	dna_r10.4.1_e8.2_400bps_hac@v4.3.0	5	5.03	chromosome=5.03;plasmid=5.13	A	minimap2	2.26	map-ont	clair3	1.0.5	r1041_e82_400bps_hac_v430	docker://quay.io/mbhall88/clair3@sha256:6a4c352e7d14ebb67bdad4be366dcbf6afa66cc7f0ee0b37a05cebe3f4754735	CPU: AMD EPYC 9745	sweep_best	SNP	1	0.998970	0.982059	0.990443	20.196784	18447	18435	337	19
ATCC_10708__202309	Salmonella enterica	true	hac	dna_r10.4.1_e8.2_400bps_hac@v4.3.0	5	5.03	chromosome=5.03;plasmid=5.13	A	minimap2	2.26	map-ont	clair3	1.0.5	r1041_e82_400bps_hac_v430	docker://quay.io/mbhall88/clair3@sha256:6a4c352e7d14ebb67bdad4be366dcbf6afa66cc7f0ee0b37a05cebe3f4754735	CPU: AMD EPYC 9745	sweep_best	INDEL	1	0.963585	0.847118	0.901606	10.070314	338	344	61	13
ATCC_10708__202309	Salmonella enterica	true	hac	dna_r10.4.1_e8.2_400bps_hac@v4.3.0	5	5.03	chromosome=5.03;plasmid=5.13	A	minimap2	2.26	map-ont	clair3	1.0.5	r1041_e82_400bps_hac_v430	docker://quay.io/mbhall88/clair3@sha256:6a4c352e7d14ebb67bdad4be366dcbf6afa66cc7f0ee0b37a05cebe3f4754735	CPU: AMD EPYC 9745	sweep_best	ALL	1	0.998299	0.979252	0.988684	19.463071	18785	18779	398	32
ATCC_10708__202309	Salmonella enterica	true	hac	dna_r10.4.1_e8.2_400bps_hac@v4.3.0	5	5.03	chromosome=5.03;plasmid=5.13	A	minimap2	2.26	map-ont	clair3	1.0.5	r1041_e82_400bps_hac_v430	docker://quay.io/mbhall88/clair3@sha256:6a4c352e7d14ebb67bdad4be366dcbf6afa66cc7f0ee0b37a05cebe3f4754735	CPU: AMD EPYC 9745	default_pass	SNP	0	0.998916	0.981899	0.990335	20.147981	18444	18436	340	20
ATCC_10708__202309	Salmonella enterica	true	hac	dna_r10.4.1_e8.2_400bps_hac@v4.3.0	5	5.03	chromosome=5.03;plasmid=5.13	A	minimap2	2.26	map-ont	clair3	1.0.5	r1041_e82_400bps_hac_v430	docker://quay.io/mbhall88/clair3@sha256:6a4c352e7d14ebb67bdad4be366dcbf6afa66cc7f0ee0b37a05cebe3f4754735	CPU: AMD EPYC 9745	default_pass	INDEL	0	0.965812	0.839599	0.898294	9.926534	335	339	64	12
ATCC_10708__202309	Salmonella enterica	true	hac	dna_r10.4.1_e8.2_400bps_hac@v4.3.0	5	5.03	chromosome=5.03;plasmid=5.13	A	minimap2	2.26	map-ont	clair3	1.0.5	r1041_e82_400bps_hac_v430	docker://quay.io/mbhall88/clair3@sha256:6a4c352e7d14ebb67bdad4be366dcbf6afa66cc7f0ee0b37a05cebe3f4754735	CPU: AMD EPYC 9745	default_pass	ALL	0	0.998299	0.978940	0.988524	19.402095	18779	18775	404	32
ATCC_10708__202309	Salmonella enterica	true	hac	dna_r10.4.1_e8.2_400bps_hac@v4.3.0	5	5.03	chromosome=5.03;plasmid=5.13	B	minimap2	2.31	lr:hq	clair3	1.0.5	r1041_e82_400bps_hac_v430	docker://quay.io/mbhall88/clair3@sha256:6a4c352e7d14ebb67bdad4be366dcbf6afa66cc7f0ee0b37a05cebe3f4754735	CPU: AMD EPYC 9745	sweep_best	SNP	1	0.998970	0.982006	0.990415	20.184079	18446	18434	338	19
ATCC_10708__202309	Salmonella enterica	true	hac	dna_r10.4.1_e8.2_400bps_hac@v4.3.0	5	5.03	chromosome=5.03;plasmid=5.13	B	minimap2	2.31	lr:hq	clair3	1.0.5	r1041_e82_400bps_hac_v430	docker://quay.io/mbhall88/clair3@sha256:6a4c352e7d14ebb67bdad4be366dcbf6afa66cc7f0ee0b37a05cebe3f4754735	CPU: AMD EPYC 9745	sweep_best	INDEL	1	0.963585	0.847118	0.901606	10.070314	338	344	61	13
ATCC_10708__202309	Salmonella enterica	true	hac	dna_r10.4.1_e8.2_400bps_hac@v4.3.0	5	5.03	chromosome=5.03;plasmid=5.13	B	minimap2	2.31	lr:hq	clair3	1.0.5	r1041_e82_400bps_hac_v430	docker://quay.io/mbhall88/clair3@sha256:6a4c352e7d14ebb67bdad4be366dcbf6afa66cc7f0ee0b37a05cebe3f4754735	CPU: AMD EPYC 9745	sweep_best	ALL	1	0.998299	0.979200	0.988657	19.452721	18784	18778	399	32
ATCC_10708__202309	Salmonella enterica	true	hac	dna_r10.4.1_e8.2_400bps_hac@v4.3.0	5	5.03	chromosome=5.03;plasmid=5.13	B	minimap2	2.31	lr:hq	clair3	1.0.5	r1041_e82_400bps_hac_v430	docker://quay.io/mbhall88/clair3@sha256:6a4c352e7d14ebb67bdad4be366dcbf6afa66cc7f0ee0b37a05cebe3f4754735	CPU: AMD EPYC 9745	default_pass	SNP	0	0.998916	0.981846	0.990308	20.135866	18443	18435	341	20
ATCC_10708__202309	Salmonella enterica	true	hac	dna_r10.4.1_e8.2_400bps_hac@v4.3.0	5	5.03	chromosome=5.03;plasmid=5.13	B	minimap2	2.31	lr:hq	clair3	1.0.5	r1041_e82_400bps_hac_v430	docker://quay.io/mbhall88/clair3@sha256:6a4c352e7d14ebb67bdad4be366dcbf6afa66cc7f0ee0b37a05cebe3f4754735	CPU: AMD EPYC 9745	default_pass	INDEL	0	0.965812	0.839599	0.898294	9.926534	335	339	64	12
ATCC_10708__202309	Salmonella enterica	true	hac	dna_r10.4.1_e8.2_400bps_hac@v4.3.0	5	5.03	chromosome=5.03;plasmid=5.13	B	minimap2	2.31	lr:hq	clair3	1.0.5	r1041_e82_400bps_hac_v430	docker://quay.io/mbhall88/clair3@sha256:6a4c352e7d14ebb67bdad4be366dcbf6afa66cc7f0ee0b37a05cebe3f4754735	CPU: AMD EPYC 9745	default_pass	ALL	0	0.998298	0.978888	0.988498	19.392266	18778	18774	405	32
ATCC_10708__202309	Salmonella enterica	true	hac	dna_r10.4.1_e8.2_400bps_hac@v4.3.0	5	5.03	chromosome=5.03;plasmid=5.13	C	minimap2	2.31	lr:hq	clair3	2.0.3	r1041_e82_400bps_hac_v430	docker://hkubal/clair3@sha256:d56df84c2c7c508aaf0623b124d9926d366a58f34236505b26c055f848afa202	CPU: AMD EPYC 9745	sweep_best	SNP	1	0.998970	0.982006	0.990415	20.184079	18446	18434	338	19
ATCC_10708__202309	Salmonella enterica	true	hac	dna_r10.4.1_e8.2_400bps_hac@v4.3.0	5	5.03	chromosome=5.03;plasmid=5.13	C	minimap2	2.31	lr:hq	clair3	2.0.3	r1041_e82_400bps_hac_v430	docker://hkubal/clair3@sha256:d56df84c2c7c508aaf0623b124d9926d366a58f34236505b26c055f848afa202	CPU: AMD EPYC 9745	sweep_best	INDEL	1	0.963585	0.847118	0.901606	10.070314	338	344	61	13
ATCC_10708__202309	Salmonella enterica	true	hac	dna_r10.4.1_e8.2_400bps_hac@v4.3.0	5	5.03	chromosome=5.03;plasmid=5.13	C	minimap2	2.31	lr:hq	clair3	2.0.3	r1041_e82_400bps_hac_v430	docker://hkubal/clair3@sha256:d56df84c2c7c508aaf0623b124d9926d366a58f34236505b26c055f848afa202	CPU: AMD EPYC 9745	sweep_best	ALL	1	0.998299	0.979200	0.988657	19.452721	18784	18778	399	32
ATCC_10708__202309	Salmonella enterica	true	hac	dna_r10.4.1_e8.2_400bps_hac@v4.3.0	5	5.03	chromosome=5.03;plasmid=5.13	C	minimap2	2.31	lr:hq	clair3	2.0.3	r1041_e82_400bps_hac_v430	docker://hkubal/clair3@sha256:d56df84c2c7c508aaf0623b124d9926d366a58f34236505b26c055f848afa202	CPU: AMD EPYC 9745	default_pass	SNP	0	0.998916	0.981846	0.990308	20.135866	18443	18435	341	20
ATCC_10708__202309	Salmonella enterica	true	hac	dna_r10.4.1_e8.2_400bps_hac@v4.3.0	5	5.03	chromosome=5.03;plasmid=5.13	C	minimap2	2.31	lr:hq	clair3	2.0.3	r1041_e82_400bps_hac_v430	docker://hkubal/clair3@sha256:d56df84c2c7c508aaf0623b124d9926d366a58f34236505b26c055f848afa202	CPU: AMD EPYC 9745	default_pass	INDEL	0	0.965812	0.839599	0.898294	9.926534	335	339	64	12
ATCC_10708__202309	Salmonella enterica	true	hac	dna_r10.4.1_e8.2_400bps_hac@v4.3.0	5	5.03	chromosome=5.03;plasmid=5.13	C	minimap2	2.31	lr:hq	clair3	2.0.3	r1041_e82_400bps_hac_v430	docker://hkubal/clair3@sha256:d56df84c2c7c508aaf0623b124d9926d366a58f34236505b26c055f848afa202	CPU: AMD EPYC 9745	default_pass	ALL	0	0.998298	0.978888	0.988498	19.392266	18778	18774	405	32
ATCC_10708__202309	Salmonella enterica	true	hac	dna_r10.4.1_e8.2_400bps_hac@v4.3.0	5	5.03	chromosome=5.03;plasmid=5.13	D	minimap2	2.31	lr:hq	dorado	2.1.2	dna_r10.4.1_e8.2_400bps_polish_bacterial_methylation_v5.0.0		NVIDIA H100 80GB HBM3	sweep_best	SNP	9	0.991883	0.989459	0.990669	20.300718	18586	18574	198	152
ATCC_10708__202309	Salmonella enterica	true	hac	dna_r10.4.1_e8.2_400bps_hac@v4.3.0	5	5.03	chromosome=5.03;plasmid=5.13	D	minimap2	2.31	lr:hq	dorado	2.1.2	dna_r10.4.1_e8.2_400bps_polish_bacterial_methylation_v5.0.0		NVIDIA H100 80GB HBM3	sweep_best	INDEL	14	0.901538	0.719298	0.800173	6.993458	287	293	112	32
ATCC_10708__202309	Salmonella enterica	true	hac	dna_r10.4.1_e8.2_400bps_hac@v4.3.0	5	5.03	chromosome=5.03;plasmid=5.13	D	minimap2	2.31	lr:hq	dorado	2.1.2	dna_r10.4.1_e8.2_400bps_polish_bacterial_methylation_v5.0.0		NVIDIA H100 80GB HBM3	sweep_best	ALL	12	0.991925	0.980087	0.985970	18.529423	18801	18795	382	153
ATCC_10708__202309	Salmonella enterica	true	hac	dna_r10.4.1_e8.2_400bps_hac@v4.3.0	5	5.03	chromosome=5.03;plasmid=5.13	D	minimap2	2.31	lr:hq	dorado	2.1.2	dna_r10.4.1_e8.2_400bps_polish_bacterial_methylation_v5.0.0		NVIDIA H100 80GB HBM3	default_pass	SNP	0	0.974771	0.996273	0.985405	18.357959	18714	18700	70	484
ATCC_10708__202309	Salmonella enterica	true	hac	dna_r10.4.1_e8.2_400bps_hac@v4.3.0	5	5.03	chromosome=5.03;plasmid=5.13	D	minimap2	2.31	lr:hq	dorado	2.1.2	dna_r10.4.1_e8.2_400bps_polish_bacterial_methylation_v5.0.0		NVIDIA H100 80GB HBM3	default_pass	INDEL	0	0.342830	0.887218	0.494558	2.963287	354	361	45	692
ATCC_10708__202309	Salmonella enterica	true	hac	dna_r10.4.1_e8.2_400bps_hac@v4.3.0	5	5.03	chromosome=5.03;plasmid=5.13	D	minimap2	2.31	lr:hq	dorado	2.1.2	dna_r10.4.1_e8.2_400bps_polish_bacterial_methylation_v5.0.0		NVIDIA H100 80GB HBM3	default_pass	ALL	0	0.941889	0.994005	0.967245	14.847224	19068	19061	115	1176
ATCC_10708__202309	Salmonella enterica	true	hac	dna_r10.4.1_e8.2_400bps_hac@v4.3.0	10	10.05	chromosome=10.05;plasmid=10.35	A	minimap2	2.26	map-ont	clair3	1.0.5	r1041_e82_400bps_hac_v430	docker://quay.io/mbhall88/clair3@sha256:6a4c352e7d14ebb67bdad4be366dcbf6afa66cc7f0ee0b37a05cebe3f4754735	CPU: AMD EPYC 9745	sweep_best	SNP	0	0.999679	0.995422	0.997546	26.101254	18698	18684	86	6
ATCC_10708__202309	Salmonella enterica	true	hac	dna_r10.4.1_e8.2_400bps_hac@v4.3.0	10	10.05	chromosome=10.05;plasmid=10.35	A	minimap2	2.26	map-ont	clair3	1.0.5	r1041_e82_400bps_hac_v430	docker://quay.io/mbhall88/clair3@sha256:6a4c352e7d14ebb67bdad4be366dcbf6afa66cc7f0ee0b37a05cebe3f4754735	CPU: AMD EPYC 9745	sweep_best	INDEL	1	0.976190	0.912281	0.943154	12.453001	364	369	35	9
ATCC_10708__202309	Salmonella enterica	true	hac	dna_r10.4.1_e8.2_400bps_hac@v4.3.0	10	10.05	chromosome=10.05;plasmid=10.35	A	minimap2	2.26	map-ont	clair3	1.0.5	r1041_e82_400bps_hac_v430	docker://quay.io/mbhall88/clair3@sha256:6a4c352e7d14ebb67bdad4be366dcbf6afa66cc7f0ee0b37a05cebe3f4754735	CPU: AMD EPYC 9745	sweep_best	ALL	0	0.998742	0.993901	0.996316	24.336804	19066	19059	117	24
ATCC_10708__202309	Salmonella enterica	true	hac	dna_r10.4.1_e8.2_400bps_hac@v4.3.0	10	10.05	chromosome=10.05;plasmid=10.35	A	minimap2	2.26	map-ont	clair3	1.0.5	r1041_e82_400bps_hac_v430	docker://quay.io/mbhall88/clair3@sha256:6a4c352e7d14ebb67bdad4be366dcbf6afa66cc7f0ee0b37a05cebe3f4754735	CPU: AMD EPYC 9745	default_pass	SNP	0	0.999679	0.995209	0.997439	25.915904	18694	18684	90	6
ATCC_10708__202309	Salmonella enterica	true	hac	dna_r10.4.1_e8.2_400bps_hac@v4.3.0	10	10.05	chromosome=10.05;plasmid=10.35	A	minimap2	2.26	map-ont	clair3	1.0.5	r1041_e82_400bps_hac_v430	docker://quay.io/mbhall88/clair3@sha256:6a4c352e7d14ebb67bdad4be366dcbf6afa66cc7f0ee0b37a05cebe3f4754735	CPU: AMD EPYC 9745	default_pass	INDEL	0	0.975936	0.902256	0.937651	12.051705	360	365	39	9
ATCC_10708__202309	Salmonella enterica	true	hac	dna_r10.4.1_e8.2_400bps_hac@v4.3.0	10	10.05	chromosome=10.05;plasmid=10.35	A	minimap2	2.26	map-ont	clair3	1.0.5	r1041_e82_400bps_hac_v430	docker://quay.io/mbhall88/clair3@sha256:6a4c352e7d14ebb67bdad4be366dcbf6afa66cc7f0ee0b37a05cebe3f4754735	CPU: AMD EPYC 9745	default_pass	ALL	0	0.999213	0.993275	0.996235	24.242350	19054	19049	129	15
ATCC_10708__202309	Salmonella enterica	true	hac	dna_r10.4.1_e8.2_400bps_hac@v4.3.0	10	10.05	chromosome=10.05;plasmid=10.35	B	minimap2	2.31	lr:hq	clair3	1.0.5	r1041_e82_400bps_hac_v430	docker://quay.io/mbhall88/clair3@sha256:6a4c352e7d14ebb67bdad4be366dcbf6afa66cc7f0ee0b37a05cebe3f4754735	CPU: AMD EPYC 9745	sweep_best	SNP	0	0.999679	0.995581	0.997626	26.245193	18701	18687	83	6
ATCC_10708__202309	Salmonella enterica	true	hac	dna_r10.4.1_e8.2_400bps_hac@v4.3.0	10	10.05	chromosome=10.05;plasmid=10.35	B	minimap2	2.31	lr:hq	clair3	1.0.5	r1041_e82_400bps_hac_v430	docker://quay.io/mbhall88/clair3@sha256:6a4c352e7d14ebb67bdad4be366dcbf6afa66cc7f0ee0b37a05cebe3f4754735	CPU: AMD EPYC 9745	sweep_best	INDEL	1	0.976190	0.912281	0.943154	12.453001	364	369	35	9
ATCC_10708__202309	Salmonella enterica	true	hac	dna_r10.4.1_e8.2_400bps_hac@v4.3.0	10	10.05	chromosome=10.05;plasmid=10.35	B	minimap2	2.31	lr:hq	clair3	1.0.5	r1041_e82_400bps_hac_v430	docker://quay.io/mbhall88/clair3@sha256:6a4c352e7d14ebb67bdad4be366dcbf6afa66cc7f0ee0b37a05cebe3f4754735	CPU: AMD EPYC 9745	sweep_best	ALL	0	0.998743	0.994057	0.996394	24.429743	19069	19062	114	24
ATCC_10708__202309	Salmonella enterica	true	hac	dna_r10.4.1_e8.2_400bps_hac@v4.3.0	10	10.05	chromosome=10.05;plasmid=10.35	B	minimap2	2.31	lr:hq	clair3	1.0.5	r1041_e82_400bps_hac_v430	docker://quay.io/mbhall88/clair3@sha256:6a4c352e7d14ebb67bdad4be366dcbf6afa66cc7f0ee0b37a05cebe3f4754735	CPU: AMD EPYC 9745	default_pass	SNP	0	0.999679	0.995368	0.997519	26.053732	18697	18687	87	6
ATCC_10708__202309	Salmonella enterica	true	hac	dna_r10.4.1_e8.2_400bps_hac@v4.3.0	10	10.05	chromosome=10.05;plasmid=10.35	B	minimap2	2.31	lr:hq	clair3	1.0.5	r1041_e82_400bps_hac_v430	docker://quay.io/mbhall88/clair3@sha256:6a4c352e7d14ebb67bdad4be366dcbf6afa66cc7f0ee0b37a05cebe3f4754735	CPU: AMD EPYC 9745	default_pass	INDEL	0	0.975936	0.902256	0.937651	12.051705	360	365	39	9
ATCC_10708__202309	Salmonella enterica	true	hac	dna_r10.4.1_e8.2_400bps_hac@v4.3.0	10	10.05	chromosome=10.05;plasmid=10.35	B	minimap2	2.31	lr:hq	clair3	1.0.5	r1041_e82_400bps_hac_v430	docker://quay.io/mbhall88/clair3@sha256:6a4c352e7d14ebb67bdad4be366dcbf6afa66cc7f0ee0b37a05cebe3f4754735	CPU: AMD EPYC 9745	default_pass	ALL	0	0.999213	0.993432	0.996314	24.334447	19057	19052	126	15
ATCC_10708__202309	Salmonella enterica	true	hac	dna_r10.4.1_e8.2_400bps_hac@v4.3.0	10	10.05	chromosome=10.05;plasmid=10.35	C	minimap2	2.31	lr:hq	clair3	2.0.3	r1041_e82_400bps_hac_v430	docker://hkubal/clair3@sha256:d56df84c2c7c508aaf0623b124d9926d366a58f34236505b26c055f848afa202	CPU: AMD EPYC 9745	sweep_best	SNP	0	0.999679	0.995581	0.997626	26.245193	18701	18687	83	6
ATCC_10708__202309	Salmonella enterica	true	hac	dna_r10.4.1_e8.2_400bps_hac@v4.3.0	10	10.05	chromosome=10.05;plasmid=10.35	C	minimap2	2.31	lr:hq	clair3	2.0.3	r1041_e82_400bps_hac_v430	docker://hkubal/clair3@sha256:d56df84c2c7c508aaf0623b124d9926d366a58f34236505b26c055f848afa202	CPU: AMD EPYC 9745	sweep_best	INDEL	1	0.976190	0.912281	0.943154	12.453001	364	369	35	9
ATCC_10708__202309	Salmonella enterica	true	hac	dna_r10.4.1_e8.2_400bps_hac@v4.3.0	10	10.05	chromosome=10.05;plasmid=10.35	C	minimap2	2.31	lr:hq	clair3	2.0.3	r1041_e82_400bps_hac_v430	docker://hkubal/clair3@sha256:d56df84c2c7c508aaf0623b124d9926d366a58f34236505b26c055f848afa202	CPU: AMD EPYC 9745	sweep_best	ALL	0	0.998743	0.994057	0.996394	24.429743	19069	19062	114	24
ATCC_10708__202309	Salmonella enterica	true	hac	dna_r10.4.1_e8.2_400bps_hac@v4.3.0	10	10.05	chromosome=10.05;plasmid=10.35	C	minimap2	2.31	lr:hq	clair3	2.0.3	r1041_e82_400bps_hac_v430	docker://hkubal/clair3@sha256:d56df84c2c7c508aaf0623b124d9926d366a58f34236505b26c055f848afa202	CPU: AMD EPYC 9745	default_pass	SNP	0	0.999679	0.995368	0.997519	26.053732	18697	18687	87	6
ATCC_10708__202309	Salmonella enterica	true	hac	dna_r10.4.1_e8.2_400bps_hac@v4.3.0	10	10.05	chromosome=10.05;plasmid=10.35	C	minimap2	2.31	lr:hq	clair3	2.0.3	r1041_e82_400bps_hac_v430	docker://hkubal/clair3@sha256:d56df84c2c7c508aaf0623b124d9926d366a58f34236505b26c055f848afa202	CPU: AMD EPYC 9745	default_pass	INDEL	0	0.975936	0.902256	0.937651	12.051705	360	365	39	9
ATCC_10708__202309	Salmonella enterica	true	hac	dna_r10.4.1_e8.2_400bps_hac@v4.3.0	10	10.05	chromosome=10.05;plasmid=10.35	C	minimap2	2.31	lr:hq	clair3	2.0.3	r1041_e82_400bps_hac_v430	docker://hkubal/clair3@sha256:d56df84c2c7c508aaf0623b124d9926d366a58f34236505b26c055f848afa202	CPU: AMD EPYC 9745	default_pass	ALL	0	0.999213	0.993432	0.996314	24.334447	19057	19052	126	15
ATCC_10708__202309	Salmonella enterica	true	hac	dna_r10.4.1_e8.2_400bps_hac@v4.3.0	10	10.05	chromosome=10.05;plasmid=10.35	D	minimap2	2.31	lr:hq	dorado	2.1.2	dna_r10.4.1_e8.2_400bps_polish_bacterial_methylation_v5.0.0		NVIDIA H100 80GB HBM3	sweep_best	SNP	4	0.999360	0.998403	0.998881	29.511699	18754	18740	30	12
ATCC_10708__202309	Salmonella enterica	true	hac	dna_r10.4.1_e8.2_400bps_hac@v4.3.0	10	10.05	chromosome=10.05;plasmid=10.35	D	minimap2	2.31	lr:hq	dorado	2.1.2	dna_r10.4.1_e8.2_400bps_polish_bacterial_methylation_v5.0.0		NVIDIA H100 80GB HBM3	sweep_best	INDEL	7	0.953125	0.899749	0.925668	11.288242	359	366	40	18
ATCC_10708__202309	Salmonella enterica	true	hac	dna_r10.4.1_e8.2_400bps_hac@v4.3.0	10	10.05	chromosome=10.05;plasmid=10.35	D	minimap2	2.31	lr:hq	dorado	2.1.2	dna_r10.4.1_e8.2_400bps_polish_bacterial_methylation_v5.0.0		NVIDIA H100 80GB HBM3	sweep_best	ALL	5	0.997807	0.996403	0.997104	25.382014	19114	19107	69	42
ATCC_10708__202309	Salmonella enterica	true	hac	dna_r10.4.1_e8.2_400bps_hac@v4.3.0	10	10.05	chromosome=10.05;plasmid=10.35	D	minimap2	2.31	lr:hq	dorado	2.1.2	dna_r10.4.1_e8.2_400bps_polish_bacterial_methylation_v5.0.0		NVIDIA H100 80GB HBM3	default_pass	SNP	0	0.999041	0.998563	0.998802	29.215432	18757	18743	27	18
ATCC_10708__202309	Salmonella enterica	true	hac	dna_r10.4.1_e8.2_400bps_hac@v4.3.0	10	10.05	chromosome=10.05;plasmid=10.35	D	minimap2	2.31	lr:hq	dorado	2.1.2	dna_r10.4.1_e8.2_400bps_polish_bacterial_methylation_v5.0.0		NVIDIA H100 80GB HBM3	default_pass	INDEL	0	0.838496	0.932331	0.882927	9.315433	372	379	27	73
ATCC_10708__202309	Salmonella enterica	true	hac	dna_r10.4.1_e8.2_400bps_hac@v4.3.0	10	10.05	chromosome=10.05;plasmid=10.35	D	minimap2	2.31	lr:hq	dorado	2.1.2	dna_r10.4.1_e8.2_400bps_polish_bacterial_methylation_v5.0.0		NVIDIA H100 80GB HBM3	default_pass	ALL	0	0.995264	0.997185	0.996223	24.228530	19129	19122	54	91
ATCC_10708__202309	Salmonella enterica	true	hac	dna_r10.4.1_e8.2_400bps_hac@v4.3.0	25	25.13	chromosome=25.11;plasmid=26.68	A	minimap2	2.26	map-ont	clair3	1.0.5	r1041_e82_400bps_hac_v430	docker://quay.io/mbhall88/clair3@sha256:6a4c352e7d14ebb67bdad4be366dcbf6afa66cc7f0ee0b37a05cebe3f4754735	CPU: AMD EPYC 9745	sweep_best	SNP	0	0.999947	0.999361	0.999654	34.609239	18772	18758	12	1
ATCC_10708__202309	Salmonella enterica	true	hac	dna_r10.4.1_e8.2_400bps_hac@v4.3.0	25	25.13	chromosome=25.11;plasmid=26.68	A	minimap2	2.26	map-ont	clair3	1.0.5	r1041_e82_400bps_hac_v430	docker://quay.io/mbhall88/clair3@sha256:6a4c352e7d14ebb67bdad4be366dcbf6afa66cc7f0ee0b37a05cebe3f4754735	CPU: AMD EPYC 9745	sweep_best	INDEL	1	0.980198	0.974937	0.977561	16.489965	389	396	10	8
ATCC_10708__202309	Salmonella enterica	true	hac	dna_r10.4.1_e8.2_400bps_hac@v4.3.0	25	25.13	chromosome=25.11;plasmid=26.68	A	minimap2	2.26	map-ont	clair3	1.0.5	r1041_e82_400bps_hac_v430	docker://quay.io/mbhall88/clair3@sha256:6a4c352e7d14ebb67bdad4be366dcbf6afa66cc7f0ee0b37a05cebe3f4754735	CPU: AMD EPYC 9745	sweep_best	ALL	1	0.999582	0.998801	0.999192	30.925886	19160	19153	23	8
ATCC_10708__202309	Salmonella enterica	true	hac	dna_r10.4.1_e8.2_400bps_hac@v4.3.0	25	25.13	chromosome=25.11;plasmid=26.68	A	minimap2	2.26	map-ont	clair3	1.0.5	r1041_e82_400bps_hac_v430	docker://quay.io/mbhall88/clair3@sha256:6a4c352e7d14ebb67bdad4be366dcbf6afa66cc7f0ee0b37a05cebe3f4754735	CPU: AMD EPYC 9745	default_pass	SNP	0	1.000000	0.999308	0.999654	34.609239	18771	18757	13	0
ATCC_10708__202309	Salmonella enterica	true	hac	dna_r10.4.1_e8.2_400bps_hac@v4.3.0	25	25.13	chromosome=25.11;plasmid=26.68	A	minimap2	2.26	map-ont	clair3	1.0.5	r1041_e82_400bps_hac_v430	docker://quay.io/mbhall88/clair3@sha256:6a4c352e7d14ebb67bdad4be366dcbf6afa66cc7f0ee0b37a05cebe3f4754735	CPU: AMD EPYC 9745	default_pass	INDEL	0	0.980050	0.967419	0.973693	15.799287	386	393	13	8
ATCC_10708__202309	Salmonella enterica	true	hac	dna_r10.4.1_e8.2_400bps_hac@v4.3.0	25	25.13	chromosome=25.11;plasmid=26.68	A	minimap2	2.26	map-ont	clair3	1.0.5	r1041_e82_400bps_hac_v430	docker://quay.io/mbhall88/clair3@sha256:6a4c352e7d14ebb67bdad4be366dcbf6afa66cc7f0ee0b37a05cebe3f4754735	CPU: AMD EPYC 9745	default_pass	ALL	0	0.999582	0.998645	0.999113	30.520764	19157	19150	26	8
ATCC_10708__202309	Salmonella enterica	true	hac	dna_r10.4.1_e8.2_400bps_hac@v4.3.0	25	25.13	chromosome=25.11;plasmid=26.68	B	minimap2	2.31	lr:hq	clair3	1.0.5	r1041_e82_400bps_hac_v430	docker://quay.io/mbhall88/clair3@sha256:6a4c352e7d14ebb67bdad4be366dcbf6afa66cc7f0ee0b37a05cebe3f4754735	CPU: AMD EPYC 9745	sweep_best	SNP	0	0.999947	0.999361	0.999654	34.609239	18772	18758	12	1
ATCC_10708__202309	Salmonella enterica	true	hac	dna_r10.4.1_e8.2_400bps_hac@v4.3.0	25	25.13	chromosome=25.11;plasmid=26.68	B	minimap2	2.31	lr:hq	clair3	1.0.5	r1041_e82_400bps_hac_v430	docker://quay.io/mbhall88/clair3@sha256:6a4c352e7d14ebb67bdad4be366dcbf6afa66cc7f0ee0b37a05cebe3f4754735	CPU: AMD EPYC 9745	sweep_best	INDEL	1	0.980198	0.974937	0.977561	16.489965	389	396	10	8
ATCC_10708__202309	Salmonella enterica	true	hac	dna_r10.4.1_e8.2_400bps_hac@v4.3.0	25	25.13	chromosome=25.11;plasmid=26.68	B	minimap2	2.31	lr:hq	clair3	1.0.5	r1041_e82_400bps_hac_v430	docker://quay.io/mbhall88/clair3@sha256:6a4c352e7d14ebb67bdad4be366dcbf6afa66cc7f0ee0b37a05cebe3f4754735	CPU: AMD EPYC 9745	sweep_best	ALL	1	0.999582	0.998801	0.999192	30.925886	19160	19153	23	8
ATCC_10708__202309	Salmonella enterica	true	hac	dna_r10.4.1_e8.2_400bps_hac@v4.3.0	25	25.13	chromosome=25.11;plasmid=26.68	B	minimap2	2.31	lr:hq	clair3	1.0.5	r1041_e82_400bps_hac_v430	docker://quay.io/mbhall88/clair3@sha256:6a4c352e7d14ebb67bdad4be366dcbf6afa66cc7f0ee0b37a05cebe3f4754735	CPU: AMD EPYC 9745	default_pass	SNP	0	1.000000	0.999308	0.999654	34.609239	18771	18757	13	0
ATCC_10708__202309	Salmonella enterica	true	hac	dna_r10.4.1_e8.2_400bps_hac@v4.3.0	25	25.13	chromosome=25.11;plasmid=26.68	B	minimap2	2.31	lr:hq	clair3	1.0.5	r1041_e82_400bps_hac_v430	docker://quay.io/mbhall88/clair3@sha256:6a4c352e7d14ebb67bdad4be366dcbf6afa66cc7f0ee0b37a05cebe3f4754735	CPU: AMD EPYC 9745	default_pass	INDEL	0	0.980050	0.967419	0.973693	15.799287	386	393	13	8
ATCC_10708__202309	Salmonella enterica	true	hac	dna_r10.4.1_e8.2_400bps_hac@v4.3.0	25	25.13	chromosome=25.11;plasmid=26.68	B	minimap2	2.31	lr:hq	clair3	1.0.5	r1041_e82_400bps_hac_v430	docker://quay.io/mbhall88/clair3@sha256:6a4c352e7d14ebb67bdad4be366dcbf6afa66cc7f0ee0b37a05cebe3f4754735	CPU: AMD EPYC 9745	default_pass	ALL	0	0.999582	0.998645	0.999113	30.520764	19157	19150	26	8
ATCC_10708__202309	Salmonella enterica	true	hac	dna_r10.4.1_e8.2_400bps_hac@v4.3.0	25	25.13	chromosome=25.11;plasmid=26.68	C	minimap2	2.31	lr:hq	clair3	2.0.3	r1041_e82_400bps_hac_v430	docker://hkubal/clair3@sha256:d56df84c2c7c508aaf0623b124d9926d366a58f34236505b26c055f848afa202	CPU: AMD EPYC 9745	sweep_best	SNP	0	0.999947	0.999361	0.999654	34.609239	18772	18758	12	1
ATCC_10708__202309	Salmonella enterica	true	hac	dna_r10.4.1_e8.2_400bps_hac@v4.3.0	25	25.13	chromosome=25.11;plasmid=26.68	C	minimap2	2.31	lr:hq	clair3	2.0.3	r1041_e82_400bps_hac_v430	docker://hkubal/clair3@sha256:d56df84c2c7c508aaf0623b124d9926d366a58f34236505b26c055f848afa202	CPU: AMD EPYC 9745	sweep_best	INDEL	1	0.980198	0.974937	0.977561	16.489965	389	396	10	8
ATCC_10708__202309	Salmonella enterica	true	hac	dna_r10.4.1_e8.2_400bps_hac@v4.3.0	25	25.13	chromosome=25.11;plasmid=26.68	C	minimap2	2.31	lr:hq	clair3	2.0.3	r1041_e82_400bps_hac_v430	docker://hkubal/clair3@sha256:d56df84c2c7c508aaf0623b124d9926d366a58f34236505b26c055f848afa202	CPU: AMD EPYC 9745	sweep_best	ALL	1	0.999582	0.998801	0.999192	30.925886	19160	19153	23	8
ATCC_10708__202309	Salmonella enterica	true	hac	dna_r10.4.1_e8.2_400bps_hac@v4.3.0	25	25.13	chromosome=25.11;plasmid=26.68	C	minimap2	2.31	lr:hq	clair3	2.0.3	r1041_e82_400bps_hac_v430	docker://hkubal/clair3@sha256:d56df84c2c7c508aaf0623b124d9926d366a58f34236505b26c055f848afa202	CPU: AMD EPYC 9745	default_pass	SNP	0	1.000000	0.999308	0.999654	34.609239	18771	18757	13	0
ATCC_10708__202309	Salmonella enterica	true	hac	dna_r10.4.1_e8.2_400bps_hac@v4.3.0	25	25.13	chromosome=25.11;plasmid=26.68	C	minimap2	2.31	lr:hq	clair3	2.0.3	r1041_e82_400bps_hac_v430	docker://hkubal/clair3@sha256:d56df84c2c7c508aaf0623b124d9926d366a58f34236505b26c055f848afa202	CPU: AMD EPYC 9745	default_pass	INDEL	0	0.980050	0.967419	0.973693	15.799287	386	393	13	8
ATCC_10708__202309	Salmonella enterica	true	hac	dna_r10.4.1_e8.2_400bps_hac@v4.3.0	25	25.13	chromosome=25.11;plasmid=26.68	C	minimap2	2.31	lr:hq	clair3	2.0.3	r1041_e82_400bps_hac_v430	docker://hkubal/clair3@sha256:d56df84c2c7c508aaf0623b124d9926d366a58f34236505b26c055f848afa202	CPU: AMD EPYC 9745	default_pass	ALL	0	0.999582	0.998645	0.999113	30.520764	19157	19150	26	8
ATCC_10708__202309	Salmonella enterica	true	hac	dna_r10.4.1_e8.2_400bps_hac@v4.3.0	25	25.13	chromosome=25.11;plasmid=26.68	D	minimap2	2.31	lr:hq	dorado	2.1.2	dna_r10.4.1_e8.2_400bps_polish_bacterial_methylation_v5.0.0		NVIDIA H100 80GB HBM3	sweep_best	SNP	1	0.999734	0.999574	0.999654	34.609239	18776	18762	8	5
ATCC_10708__202309	Salmonella enterica	true	hac	dna_r10.4.1_e8.2_400bps_hac@v4.3.0	25	25.13	chromosome=25.11;plasmid=26.68	D	minimap2	2.31	lr:hq	dorado	2.1.2	dna_r10.4.1_e8.2_400bps_polish_bacterial_methylation_v5.0.0		NVIDIA H100 80GB HBM3	sweep_best	INDEL	5	0.987310	0.957393	0.972121	15.547228	382	389	17	5
ATCC_10708__202309	Salmonella enterica	true	hac	dna_r10.4.1_e8.2_400bps_hac@v4.3.0	25	25.13	chromosome=25.11;plasmid=26.68	D	minimap2	2.31	lr:hq	dorado	2.1.2	dna_r10.4.1_e8.2_400bps_polish_bacterial_methylation_v5.0.0		NVIDIA H100 80GB HBM3	sweep_best	ALL	1	0.999009	0.998957	0.998983	29.926790	19163	19156	20	19
ATCC_10708__202309	Salmonella enterica	true	hac	dna_r10.4.1_e8.2_400bps_hac@v4.3.0	25	25.13	chromosome=25.11;plasmid=26.68	D	minimap2	2.31	lr:hq	dorado	2.1.2	dna_r10.4.1_e8.2_400bps_polish_bacterial_methylation_v5.0.0		NVIDIA H100 80GB HBM3	default_pass	SNP	0	0.999734	0.999468	0.999601	33.990271	18774	18760	10	5
ATCC_10708__202309	Salmonella enterica	true	hac	dna_r10.4.1_e8.2_400bps_hac@v4.3.0	25	25.13	chromosome=25.11;plasmid=26.68	D	minimap2	2.31	lr:hq	dorado	2.1.2	dna_r10.4.1_e8.2_400bps_polish_bacterial_methylation_v5.0.0		NVIDIA H100 80GB HBM3	default_pass	INDEL	0	0.967980	0.967419	0.967699	14.907840	386	393	13	13
ATCC_10708__202309	Salmonella enterica	true	hac	dna_r10.4.1_e8.2_400bps_hac@v4.3.0	25	25.13	chromosome=25.11;plasmid=26.68	D	minimap2	2.31	lr:hq	dorado	2.1.2	dna_r10.4.1_e8.2_400bps_polish_bacterial_methylation_v5.0.0		NVIDIA H100 80GB HBM3	default_pass	ALL	0	0.999061	0.998801	0.998931	29.710223	19160	19153	23	18
ATCC_10708__202309	Salmonella enterica	true	hac	dna_r10.4.1_e8.2_400bps_hac@v4.3.0	50	50.25	chromosome=50.22;plasmid=53.06	A	minimap2	2.26	map-ont	clair3	1.0.5	r1041_e82_400bps_hac_v430	docker://quay.io/mbhall88/clair3@sha256:6a4c352e7d14ebb67bdad4be366dcbf6afa66cc7f0ee0b37a05cebe3f4754735	CPU: AMD EPYC 9745	sweep_best	SNP	0	1.000000	0.999840	0.999920	40.969100	18781	18767	3	0
ATCC_10708__202309	Salmonella enterica	true	hac	dna_r10.4.1_e8.2_400bps_hac@v4.3.0	50	50.25	chromosome=50.22;plasmid=53.06	A	minimap2	2.26	map-ont	clair3	1.0.5	r1041_e82_400bps_hac_v430	docker://quay.io/mbhall88/clair3@sha256:6a4c352e7d14ebb67bdad4be366dcbf6afa66cc7f0ee0b37a05cebe3f4754735	CPU: AMD EPYC 9745	sweep_best	INDEL	2	0.990025	0.977444	0.983694	17.876526	390	397	9	4
ATCC_10708__202309	Salmonella enterica	true	hac	dna_r10.4.1_e8.2_400bps_hac@v4.3.0	50	50.25	chromosome=50.22;plasmid=53.06	A	minimap2	2.26	map-ont	clair3	1.0.5	r1041_e82_400bps_hac_v430	docker://quay.io/mbhall88/clair3@sha256:6a4c352e7d14ebb67bdad4be366dcbf6afa66cc7f0ee0b37a05cebe3f4754735	CPU: AMD EPYC 9745	sweep_best	ALL	2	0.999791	0.999374	0.999583	33.798639	19171	19164	12	4
ATCC_10708__202309	Salmonella enterica	true	hac	dna_r10.4.1_e8.2_400bps_hac@v4.3.0	50	50.25	chromosome=50.22;plasmid=53.06	A	minimap2	2.26	map-ont	clair3	1.0.5	r1041_e82_400bps_hac_v430	docker://quay.io/mbhall88/clair3@sha256:6a4c352e7d14ebb67bdad4be366dcbf6afa66cc7f0ee0b37a05cebe3f4754735	CPU: AMD EPYC 9745	default_pass	SNP	0	1.000000	0.999840	0.999920	40.969100	18781	18767	3	0
ATCC_10708__202309	Salmonella enterica	true	hac	dna_r10.4.1_e8.2_400bps_hac@v4.3.0	50	50.25	chromosome=50.22;plasmid=53.06	A	minimap2	2.26	map-ont	clair3	1.0.5	r1041_e82_400bps_hac_v430	docker://quay.io/mbhall88/clair3@sha256:6a4c352e7d14ebb67bdad4be366dcbf6afa66cc7f0ee0b37a05cebe3f4754735	CPU: AMD EPYC 9745	default_pass	INDEL	0	0.990025	0.977444	0.983694	17.876526	390	397	9	4
ATCC_10708__202309	Salmonella enterica	true	hac	dna_r10.4.1_e8.2_400bps_hac@v4.3.0	50	50.25	chromosome=50.22;plasmid=53.06	A	minimap2	2.26	map-ont	clair3	1.0.5	r1041_e82_400bps_hac_v430	docker://quay.io/mbhall88/clair3@sha256:6a4c352e7d14ebb67bdad4be366dcbf6afa66cc7f0ee0b37a05cebe3f4754735	CPU: AMD EPYC 9745	default_pass	ALL	0	0.999791	0.999374	0.999583	33.798639	19171	19164	12	4
ATCC_10708__202309	Salmonella enterica	true	hac	dna_r10.4.1_e8.2_400bps_hac@v4.3.0	50	50.25	chromosome=50.22;plasmid=53.06	B	minimap2	2.31	lr:hq	clair3	1.0.5	r1041_e82_400bps_hac_v430	docker://quay.io/mbhall88/clair3@sha256:6a4c352e7d14ebb67bdad4be366dcbf6afa66cc7f0ee0b37a05cebe3f4754735	CPU: AMD EPYC 9745	sweep_best	SNP	0	1.000000	0.999840	0.999920	40.969100	18781	18767	3	0
ATCC_10708__202309	Salmonella enterica	true	hac	dna_r10.4.1_e8.2_400bps_hac@v4.3.0	50	50.25	chromosome=50.22;plasmid=53.06	B	minimap2	2.31	lr:hq	clair3	1.0.5	r1041_e82_400bps_hac_v430	docker://quay.io/mbhall88/clair3@sha256:6a4c352e7d14ebb67bdad4be366dcbf6afa66cc7f0ee0b37a05cebe3f4754735	CPU: AMD EPYC 9745	sweep_best	INDEL	2	0.990025	0.977444	0.983694	17.876526	390	397	9	4
ATCC_10708__202309	Salmonella enterica	true	hac	dna_r10.4.1_e8.2_400bps_hac@v4.3.0	50	50.25	chromosome=50.22;plasmid=53.06	B	minimap2	2.31	lr:hq	clair3	1.0.5	r1041_e82_400bps_hac_v430	docker://quay.io/mbhall88/clair3@sha256:6a4c352e7d14ebb67bdad4be366dcbf6afa66cc7f0ee0b37a05cebe3f4754735	CPU: AMD EPYC 9745	sweep_best	ALL	2	0.999791	0.999374	0.999583	33.798639	19171	19164	12	4
ATCC_10708__202309	Salmonella enterica	true	hac	dna_r10.4.1_e8.2_400bps_hac@v4.3.0	50	50.25	chromosome=50.22;plasmid=53.06	B	minimap2	2.31	lr:hq	clair3	1.0.5	r1041_e82_400bps_hac_v430	docker://quay.io/mbhall88/clair3@sha256:6a4c352e7d14ebb67bdad4be366dcbf6afa66cc7f0ee0b37a05cebe3f4754735	CPU: AMD EPYC 9745	default_pass	SNP	0	1.000000	0.999840	0.999920	40.969100	18781	18767	3	0
ATCC_10708__202309	Salmonella enterica	true	hac	dna_r10.4.1_e8.2_400bps_hac@v4.3.0	50	50.25	chromosome=50.22;plasmid=53.06	B	minimap2	2.31	lr:hq	clair3	1.0.5	r1041_e82_400bps_hac_v430	docker://quay.io/mbhall88/clair3@sha256:6a4c352e7d14ebb67bdad4be366dcbf6afa66cc7f0ee0b37a05cebe3f4754735	CPU: AMD EPYC 9745	default_pass	INDEL	0	0.990025	0.977444	0.983694	17.876526	390	397	9	4
ATCC_10708__202309	Salmonella enterica	true	hac	dna_r10.4.1_e8.2_400bps_hac@v4.3.0	50	50.25	chromosome=50.22;plasmid=53.06	B	minimap2	2.31	lr:hq	clair3	1.0.5	r1041_e82_400bps_hac_v430	docker://quay.io/mbhall88/clair3@sha256:6a4c352e7d14ebb67bdad4be366dcbf6afa66cc7f0ee0b37a05cebe3f4754735	CPU: AMD EPYC 9745	default_pass	ALL	0	0.999791	0.999374	0.999583	33.798639	19171	19164	12	4
ATCC_10708__202309	Salmonella enterica	true	hac	dna_r10.4.1_e8.2_400bps_hac@v4.3.0	50	50.25	chromosome=50.22;plasmid=53.06	C	minimap2	2.31	lr:hq	clair3	2.0.3	r1041_e82_400bps_hac_v430	docker://hkubal/clair3@sha256:d56df84c2c7c508aaf0623b124d9926d366a58f34236505b26c055f848afa202	CPU: AMD EPYC 9745	sweep_best	SNP	0	1.000000	0.999840	0.999920	40.969100	18781	18767	3	0
ATCC_10708__202309	Salmonella enterica	true	hac	dna_r10.4.1_e8.2_400bps_hac@v4.3.0	50	50.25	chromosome=50.22;plasmid=53.06	C	minimap2	2.31	lr:hq	clair3	2.0.3	r1041_e82_400bps_hac_v430	docker://hkubal/clair3@sha256:d56df84c2c7c508aaf0623b124d9926d366a58f34236505b26c055f848afa202	CPU: AMD EPYC 9745	sweep_best	INDEL	2	0.990025	0.977444	0.983694	17.876526	390	397	9	4
ATCC_10708__202309	Salmonella enterica	true	hac	dna_r10.4.1_e8.2_400bps_hac@v4.3.0	50	50.25	chromosome=50.22;plasmid=53.06	C	minimap2	2.31	lr:hq	clair3	2.0.3	r1041_e82_400bps_hac_v430	docker://hkubal/clair3@sha256:d56df84c2c7c508aaf0623b124d9926d366a58f34236505b26c055f848afa202	CPU: AMD EPYC 9745	sweep_best	ALL	2	0.999791	0.999374	0.999583	33.798639	19171	19164	12	4
ATCC_10708__202309	Salmonella enterica	true	hac	dna_r10.4.1_e8.2_400bps_hac@v4.3.0	50	50.25	chromosome=50.22;plasmid=53.06	C	minimap2	2.31	lr:hq	clair3	2.0.3	r1041_e82_400bps_hac_v430	docker://hkubal/clair3@sha256:d56df84c2c7c508aaf0623b124d9926d366a58f34236505b26c055f848afa202	CPU: AMD EPYC 9745	default_pass	SNP	0	1.000000	0.999840	0.999920	40.969100	18781	18767	3	0
ATCC_10708__202309	Salmonella enterica	true	hac	dna_r10.4.1_e8.2_400bps_hac@v4.3.0	50	50.25	chromosome=50.22;plasmid=53.06	C	minimap2	2.31	lr:hq	clair3	2.0.3	r1041_e82_400bps_hac_v430	docker://hkubal/clair3@sha256:d56df84c2c7c508aaf0623b124d9926d366a58f34236505b26c055f848afa202	CPU: AMD EPYC 9745	default_pass	INDEL	0	0.990025	0.977444	0.983694	17.876526	390	397	9	4
ATCC_10708__202309	Salmonella enterica	true	hac	dna_r10.4.1_e8.2_400bps_hac@v4.3.0	50	50.25	chromosome=50.22;plasmid=53.06	C	minimap2	2.31	lr:hq	clair3	2.0.3	r1041_e82_400bps_hac_v430	docker://hkubal/clair3@sha256:d56df84c2c7c508aaf0623b124d9926d366a58f34236505b26c055f848afa202	CPU: AMD EPYC 9745	default_pass	ALL	0	0.999791	0.999374	0.999583	33.798639	19171	19164	12	4
ATCC_10708__202309	Salmonella enterica	true	hac	dna_r10.4.1_e8.2_400bps_hac@v4.3.0	50	50.25	chromosome=50.22;plasmid=53.06	D	minimap2	2.31	lr:hq	dorado	2.1.2	dna_r10.4.1_e8.2_400bps_polish_bacterial_methylation_v5.0.0		NVIDIA H100 80GB HBM3	sweep_best	SNP	0	0.999947	0.999574	0.999760	36.197888	18776	18762	8	1
ATCC_10708__202309	Salmonella enterica	true	hac	dna_r10.4.1_e8.2_400bps_hac@v4.3.0	50	50.25	chromosome=50.22;plasmid=53.06	D	minimap2	2.31	lr:hq	dorado	2.1.2	dna_r10.4.1_e8.2_400bps_polish_bacterial_methylation_v5.0.0		NVIDIA H100 80GB HBM3	sweep_best	INDEL	1	0.975186	0.967419	0.971287	15.419214	386	393	13	10
ATCC_10708__202309	Salmonella enterica	true	hac	dna_r10.4.1_e8.2_400bps_hac@v4.3.0	50	50.25	chromosome=50.22;plasmid=53.06	D	minimap2	2.31	lr:hq	dorado	2.1.2	dna_r10.4.1_e8.2_400bps_polish_bacterial_methylation_v5.0.0		NVIDIA H100 80GB HBM3	sweep_best	ALL	1	0.999426	0.998905	0.999166	30.788339	19162	19155	21	11
ATCC_10708__202309	Salmonella enterica	true	hac	dna_r10.4.1_e8.2_400bps_hac@v4.3.0	50	50.25	chromosome=50.22;plasmid=53.06	D	minimap2	2.31	lr:hq	dorado	2.1.2	dna_r10.4.1_e8.2_400bps_polish_bacterial_methylation_v5.0.0		NVIDIA H100 80GB HBM3	default_pass	SNP	0	0.999947	0.999574	0.999760	36.197888	18776	18762	8	1
ATCC_10708__202309	Salmonella enterica	true	hac	dna_r10.4.1_e8.2_400bps_hac@v4.3.0	50	50.25	chromosome=50.22;plasmid=53.06	D	minimap2	2.31	lr:hq	dorado	2.1.2	dna_r10.4.1_e8.2_400bps_polish_bacterial_methylation_v5.0.0		NVIDIA H100 80GB HBM3	default_pass	INDEL	0	0.979900	0.959900	0.969796	15.199355	383	390	16	8
ATCC_10708__202309	Salmonella enterica	true	hac	dna_r10.4.1_e8.2_400bps_hac@v4.3.0	50	50.25	chromosome=50.22;plasmid=53.06	D	minimap2	2.31	lr:hq	dorado	2.1.2	dna_r10.4.1_e8.2_400bps_polish_bacterial_methylation_v5.0.0		NVIDIA H100 80GB HBM3	default_pass	ALL	0	0.999530	0.998749	0.999139	30.649968	19159	19152	24	9
ATCC_10708__202309	Salmonella enterica	true	sup	dna_r10.4.1_e8.2_400bps_sup@v4.3.0	5	5.05	chromosome=5.05;plasmid=5.44	A	minimap2	2.26	map-ont	clair3	1.0.5	r1041_e82_400bps_sup_v430	docker://quay.io/mbhall88/clair3@sha256:6a4c352e7d14ebb67bdad4be366dcbf6afa66cc7f0ee0b37a05cebe3f4754735	CPU: AMD EPYC 9745	sweep_best	SNP	0	0.999516	0.990311	0.994892	22.917491	18602	18596	182	9
ATCC_10708__202309	Salmonella enterica	true	sup	dna_r10.4.1_e8.2_400bps_sup@v4.3.0	5	5.05	chromosome=5.05;plasmid=5.44	A	minimap2	2.26	map-ont	clair3	1.0.5	r1041_e82_400bps_sup_v430	docker://quay.io/mbhall88/clair3@sha256:6a4c352e7d14ebb67bdad4be366dcbf6afa66cc7f0ee0b37a05cebe3f4754735	CPU: AMD EPYC 9745	sweep_best	INDEL	1	0.988950	0.889724	0.936717	11.987129	355	358	44	4
ATCC_10708__202309	Salmonella enterica	true	sup	dna_r10.4.1_e8.2_400bps_sup@v4.3.0	5	5.05	chromosome=5.05;plasmid=5.44	A	minimap2	2.26	map-ont	clair3	1.0.5	r1041_e82_400bps_sup_v430	docker://quay.io/mbhall88/clair3@sha256:6a4c352e7d14ebb67bdad4be366dcbf6afa66cc7f0ee0b37a05cebe3f4754735	CPU: AMD EPYC 9745	sweep_best	ALL	1	0.999367	0.988114	0.993709	22.012803	18955	18952	228	12
ATCC_10708__202309	Salmonella enterica	true	sup	dna_r10.4.1_e8.2_400bps_sup@v4.3.0	5	5.05	chromosome=5.05;plasmid=5.44	A	minimap2	2.26	map-ont	clair3	1.0.5	r1041_e82_400bps_sup_v430	docker://quay.io/mbhall88/clair3@sha256:6a4c352e7d14ebb67bdad4be366dcbf6afa66cc7f0ee0b37a05cebe3f4754735	CPU: AMD EPYC 9745	default_pass	SNP	0	0.999516	0.990098	0.994785	22.827457	18598	18592	186	9
ATCC_10708__202309	Salmonella enterica	true	sup	dna_r10.4.1_e8.2_400bps_sup@v4.3.0	5	5.05	chromosome=5.05;plasmid=5.44	A	minimap2	2.26	map-ont	clair3	1.0.5	r1041_e82_400bps_sup_v430	docker://quay.io/mbhall88/clair3@sha256:6a4c352e7d14ebb67bdad4be366dcbf6afa66cc7f0ee0b37a05cebe3f4754735	CPU: AMD EPYC 9745	default_pass	INDEL	0	0.988571	0.859649	0.919614	10.948196	343	346	56	4
ATCC_10708__202309	Salmonella enterica	true	sup	dna_r10.4.1_e8.2_400bps_sup@v4.3.0	5	5.05	chromosome=5.05;plasmid=5.44	A	minimap2	2.26	map-ont	clair3	1.0.5	r1041_e82_400bps_sup_v430	docker://quay.io/mbhall88/clair3@sha256:6a4c352e7d14ebb67bdad4be366dcbf6afa66cc7f0ee0b37a05cebe3f4754735	CPU: AMD EPYC 9745	default_pass	ALL	0	0.999314	0.987385	0.993314	21.748336	18941	18938	242	13
ATCC_10708__202309	Salmonella enterica	true	sup	dna_r10.4.1_e8.2_400bps_sup@v4.3.0	5	5.05	chromosome=5.05;plasmid=5.44	B	minimap2	2.31	lr:hq	clair3	1.0.5	r1041_e82_400bps_sup_v430	docker://quay.io/mbhall88/clair3@sha256:6a4c352e7d14ebb67bdad4be366dcbf6afa66cc7f0ee0b37a05cebe3f4754735	CPU: AMD EPYC 9745	sweep_best	SNP	0	0.999517	0.990897	0.995188	23.176744	18613	18607	171	9
ATCC_10708__202309	Salmonella enterica	true	sup	dna_r10.4.1_e8.2_400bps_sup@v4.3.0	5	5.05	chromosome=5.05;plasmid=5.44	B	minimap2	2.31	lr:hq	clair3	1.0.5	r1041_e82_400bps_sup_v430	docker://quay.io/mbhall88/clair3@sha256:6a4c352e7d14ebb67bdad4be366dcbf6afa66cc7f0ee0b37a05cebe3f4754735	CPU: AMD EPYC 9745	sweep_best	INDEL	1	0.988950	0.889724	0.936717	11.987129	355	358	44	4
ATCC_10708__202309	Salmonella enterica	true	sup	dna_r10.4.1_e8.2_400bps_sup@v4.3.0	5	5.05	chromosome=5.05;plasmid=5.44	B	minimap2	2.31	lr:hq	clair3	1.0.5	r1041_e82_400bps_sup_v430	docker://quay.io/mbhall88/clair3@sha256:6a4c352e7d14ebb67bdad4be366dcbf6afa66cc7f0ee0b37a05cebe3f4754735	CPU: AMD EPYC 9745	sweep_best	ALL	0	0.998999	0.989053	0.994001	22.219211	18973	18970	210	19
ATCC_10708__202309	Salmonella enterica	true	sup	dna_r10.4.1_e8.2_400bps_sup@v4.3.0	5	5.05	chromosome=5.05;plasmid=5.44	B	minimap2	2.31	lr:hq	clair3	1.0.5	r1041_e82_400bps_sup_v430	docker://quay.io/mbhall88/clair3@sha256:6a4c352e7d14ebb67bdad4be366dcbf6afa66cc7f0ee0b37a05cebe3f4754735	CPU: AMD EPYC 9745	default_pass	SNP	0	0.999570	0.990684	0.995107	23.104248	18609	18603	175	8
ATCC_10708__202309	Salmonella enterica	true	sup	dna_r10.4.1_e8.2_400bps_sup@v4.3.0	5	5.05	chromosome=5.05;plasmid=5.44	B	minimap2	2.31	lr:hq	clair3	1.0.5	r1041_e82_400bps_sup_v430	docker://quay.io/mbhall88/clair3@sha256:6a4c352e7d14ebb67bdad4be366dcbf6afa66cc7f0ee0b37a05cebe3f4754735	CPU: AMD EPYC 9745	default_pass	INDEL	0	0.988571	0.859649	0.919614	10.948196	343	346	56	4
ATCC_10708__202309	Salmonella enterica	true	sup	dna_r10.4.1_e8.2_400bps_sup@v4.3.0	5	5.05	chromosome=5.05;plasmid=5.44	B	minimap2	2.31	lr:hq	clair3	1.0.5	r1041_e82_400bps_sup_v430	docker://quay.io/mbhall88/clair3@sha256:6a4c352e7d14ebb67bdad4be366dcbf6afa66cc7f0ee0b37a05cebe3f4754735	CPU: AMD EPYC 9745	default_pass	ALL	0	0.999367	0.987958	0.993630	21.958606	18952	18949	231	12
ATCC_10708__202309	Salmonella enterica	true	sup	dna_r10.4.1_e8.2_400bps_sup@v4.3.0	5	5.05	chromosome=5.05;plasmid=5.44	C	minimap2	2.31	lr:hq	clair3	2.0.3	r1041_e82_400bps_sup_v430	docker://hkubal/clair3@sha256:d56df84c2c7c508aaf0623b124d9926d366a58f34236505b26c055f848afa202	CPU: AMD EPYC 9745	sweep_best	SNP	0	0.999517	0.990897	0.995188	23.176744	18613	18607	171	9
ATCC_10708__202309	Salmonella enterica	true	sup	dna_r10.4.1_e8.2_400bps_sup@v4.3.0	5	5.05	chromosome=5.05;plasmid=5.44	C	minimap2	2.31	lr:hq	clair3	2.0.3	r1041_e82_400bps_sup_v430	docker://hkubal/clair3@sha256:d56df84c2c7c508aaf0623b124d9926d366a58f34236505b26c055f848afa202	CPU: AMD EPYC 9745	sweep_best	INDEL	1	0.988950	0.889724	0.936717	11.987129	355	358	44	4
ATCC_10708__202309	Salmonella enterica	true	sup	dna_r10.4.1_e8.2_400bps_sup@v4.3.0	5	5.05	chromosome=5.05;plasmid=5.44	C	minimap2	2.31	lr:hq	clair3	2.0.3	r1041_e82_400bps_sup_v430	docker://hkubal/clair3@sha256:d56df84c2c7c508aaf0623b124d9926d366a58f34236505b26c055f848afa202	CPU: AMD EPYC 9745	sweep_best	ALL	0	0.998999	0.989053	0.994001	22.219211	18973	18970	210	19
ATCC_10708__202309	Salmonella enterica	true	sup	dna_r10.4.1_e8.2_400bps_sup@v4.3.0	5	5.05	chromosome=5.05;plasmid=5.44	C	minimap2	2.31	lr:hq	clair3	2.0.3	r1041_e82_400bps_sup_v430	docker://hkubal/clair3@sha256:d56df84c2c7c508aaf0623b124d9926d366a58f34236505b26c055f848afa202	CPU: AMD EPYC 9745	default_pass	SNP	0	0.999570	0.990684	0.995107	23.104248	18609	18603	175	8
ATCC_10708__202309	Salmonella enterica	true	sup	dna_r10.4.1_e8.2_400bps_sup@v4.3.0	5	5.05	chromosome=5.05;plasmid=5.44	C	minimap2	2.31	lr:hq	clair3	2.0.3	r1041_e82_400bps_sup_v430	docker://hkubal/clair3@sha256:d56df84c2c7c508aaf0623b124d9926d366a58f34236505b26c055f848afa202	CPU: AMD EPYC 9745	default_pass	INDEL	0	0.988571	0.859649	0.919614	10.948196	343	346	56	4
ATCC_10708__202309	Salmonella enterica	true	sup	dna_r10.4.1_e8.2_400bps_sup@v4.3.0	5	5.05	chromosome=5.05;plasmid=5.44	C	minimap2	2.31	lr:hq	clair3	2.0.3	r1041_e82_400bps_sup_v430	docker://hkubal/clair3@sha256:d56df84c2c7c508aaf0623b124d9926d366a58f34236505b26c055f848afa202	CPU: AMD EPYC 9745	default_pass	ALL	0	0.999367	0.987958	0.993630	21.958606	18952	18949	231	12
ATCC_10708__202309	Salmonella enterica	true	sup	dna_r10.4.1_e8.2_400bps_sup@v4.3.0	5	5.05	chromosome=5.05;plasmid=5.44	D	minimap2	2.31	lr:hq	dorado	2.1.2	dna_r10.4.1_e8.2_400bps_polish_bacterial_methylation_v5.0.0		NVIDIA H100 80GB HBM3	sweep_best	SNP	6	0.996651	0.998776	0.997712	26.405440	18761	18747	23	63
ATCC_10708__202309	Salmonella enterica	true	sup	dna_r10.4.1_e8.2_400bps_sup@v4.3.0	5	5.05	chromosome=5.05;plasmid=5.44	D	minimap2	2.31	lr:hq	dorado	2.1.2	dna_r10.4.1_e8.2_400bps_polish_bacterial_methylation_v5.0.0		NVIDIA H100 80GB HBM3	sweep_best	INDEL	9	0.943396	0.864662	0.902315	10.101721	345	350	54	21
ATCC_10708__202309	Salmonella enterica	true	sup	dna_r10.4.1_e8.2_400bps_sup@v4.3.0	5	5.05	chromosome=5.05;plasmid=5.44	D	minimap2	2.31	lr:hq	dorado	2.1.2	dna_r10.4.1_e8.2_400bps_polish_bacterial_methylation_v5.0.0		NVIDIA H100 80GB HBM3	sweep_best	ALL	9	0.996396	0.994787	0.995591	23.556599	19083	19078	100	69
ATCC_10708__202309	Salmonella enterica	true	sup	dna_r10.4.1_e8.2_400bps_sup@v4.3.0	5	5.05	chromosome=5.05;plasmid=5.44	D	minimap2	2.31	lr:hq	dorado	2.1.2	dna_r10.4.1_e8.2_400bps_polish_bacterial_methylation_v5.0.0		NVIDIA H100 80GB HBM3	default_pass	SNP	0	0.993537	0.999255	0.996388	24.422523	18770	18756	14	122
ATCC_10708__202309	Salmonella enterica	true	sup	dna_r10.4.1_e8.2_400bps_sup@v4.3.0	5	5.05	chromosome=5.05;plasmid=5.44	D	minimap2	2.31	lr:hq	dorado	2.1.2	dna_r10.4.1_e8.2_400bps_polish_bacterial_methylation_v5.0.0		NVIDIA H100 80GB HBM3	default_pass	INDEL	0	0.754491	0.929825	0.833032	7.773668	371	378	28	123
ATCC_10708__202309	Salmonella enterica	true	sup	dna_r10.4.1_e8.2_400bps_sup@v4.3.0	5	5.05	chromosome=5.05;plasmid=5.44	D	minimap2	2.31	lr:hq	dorado	2.1.2	dna_r10.4.1_e8.2_400bps_polish_bacterial_methylation_v5.0.0		NVIDIA H100 80GB HBM3	default_pass	ALL	0	0.987357	0.997811	0.992556	21.281936	19141	19134	42	245
ATCC_10708__202309	Salmonella enterica	true	sup	dna_r10.4.1_e8.2_400bps_sup@v4.3.0	10	10.12	chromosome=10.11;plasmid=10.88	A	minimap2	2.26	map-ont	clair3	1.0.5	r1041_e82_400bps_sup_v430	docker://quay.io/mbhall88/clair3@sha256:6a4c352e7d14ebb67bdad4be366dcbf6afa66cc7f0ee0b37a05cebe3f4754735	CPU: AMD EPYC 9745	sweep_best	SNP	0	1.000000	0.998137	0.999067	30.301184	18749	18735	35	0
ATCC_10708__202309	Salmonella enterica	true	sup	dna_r10.4.1_e8.2_400bps_sup@v4.3.0	10	10.12	chromosome=10.11;plasmid=10.88	A	minimap2	2.26	map-ont	clair3	1.0.5	r1041_e82_400bps_sup_v430	docker://quay.io/mbhall88/clair3@sha256:6a4c352e7d14ebb67bdad4be366dcbf6afa66cc7f0ee0b37a05cebe3f4754735	CPU: AMD EPYC 9745	sweep_best	INDEL	0	0.994845	0.949875	0.971840	15.503673	379	386	20	2
ATCC_10708__202309	Salmonella enterica	true	sup	dna_r10.4.1_e8.2_400bps_sup@v4.3.0	10	10.12	chromosome=10.11;plasmid=10.88	A	minimap2	2.26	map-ont	clair3	1.0.5	r1041_e82_400bps_sup_v430	docker://quay.io/mbhall88/clair3@sha256:6a4c352e7d14ebb67bdad4be366dcbf6afa66cc7f0ee0b37a05cebe3f4754735	CPU: AMD EPYC 9745	sweep_best	ALL	0	0.999895	0.997133	0.998512	28.273971	19128	19121	55	2
ATCC_10708__202309	Salmonella enterica	true	sup	dna_r10.4.1_e8.2_400bps_sup@v4.3.0	10	10.12	chromosome=10.11;plasmid=10.88	A	minimap2	2.26	map-ont	clair3	1.0.5	r1041_e82_400bps_sup_v430	docker://quay.io/mbhall88/clair3@sha256:6a4c352e7d14ebb67bdad4be366dcbf6afa66cc7f0ee0b37a05cebe3f4754735	CPU: AMD EPYC 9745	default_pass	SNP	0	1.000000	0.998083	0.999041	30.181814	18748	18734	36	0
ATCC_10708__202309	Salmonella enterica	true	sup	dna_r10.4.1_e8.2_400bps_sup@v4.3.0	10	10.12	chromosome=10.11;plasmid=10.88	A	minimap2	2.26	map-ont	clair3	1.0.5	r1041_e82_400bps_sup_v430	docker://quay.io/mbhall88/clair3@sha256:6a4c352e7d14ebb67bdad4be366dcbf6afa66cc7f0ee0b37a05cebe3f4754735	CPU: AMD EPYC 9745	default_pass	INDEL	0	1.000000	0.944862	0.971649	15.474316	377	384	22	0
ATCC_10708__202309	Salmonella enterica	true	sup	dna_r10.4.1_e8.2_400bps_sup@v4.3.0	10	10.12	chromosome=10.11;plasmid=10.88	A	minimap2	2.26	map-ont	clair3	1.0.5	r1041_e82_400bps_sup_v430	docker://quay.io/mbhall88/clair3@sha256:6a4c352e7d14ebb67bdad4be366dcbf6afa66cc7f0ee0b37a05cebe3f4754735	CPU: AMD EPYC 9745	default_pass	ALL	0	1.000000	0.996976	0.998486	28.198741	19125	19118	58	0
ATCC_10708__202309	Salmonella enterica	true	sup	dna_r10.4.1_e8.2_400bps_sup@v4.3.0	10	10.12	chromosome=10.11;plasmid=10.88	B	minimap2	2.31	lr:hq	clair3	1.0.5	r1041_e82_400bps_sup_v430	docker://quay.io/mbhall88/clair3@sha256:6a4c352e7d14ebb67bdad4be366dcbf6afa66cc7f0ee0b37a05cebe3f4754735	CPU: AMD EPYC 9745	sweep_best	SNP	0	1.000000	0.998243	0.999121	30.560111	18751	18737	33	0
ATCC_10708__202309	Salmonella enterica	true	sup	dna_r10.4.1_e8.2_400bps_sup@v4.3.0	10	10.12	chromosome=10.11;plasmid=10.88	B	minimap2	2.31	lr:hq	clair3	1.0.5	r1041_e82_400bps_sup_v430	docker://quay.io/mbhall88/clair3@sha256:6a4c352e7d14ebb67bdad4be366dcbf6afa66cc7f0ee0b37a05cebe3f4754735	CPU: AMD EPYC 9745	sweep_best	INDEL	0	0.994845	0.949875	0.971840	15.503673	379	386	20	2
ATCC_10708__202309	Salmonella enterica	true	sup	dna_r10.4.1_e8.2_400bps_sup@v4.3.0	10	10.12	chromosome=10.11;plasmid=10.88	B	minimap2	2.31	lr:hq	clair3	1.0.5	r1041_e82_400bps_sup_v430	docker://quay.io/mbhall88/clair3@sha256:6a4c352e7d14ebb67bdad4be366dcbf6afa66cc7f0ee0b37a05cebe3f4754735	CPU: AMD EPYC 9745	sweep_best	ALL	0	0.999895	0.997237	0.998565	28.431481	19130	19123	53	2
ATCC_10708__202309	Salmonella enterica	true	sup	dna_r10.4.1_e8.2_400bps_sup@v4.3.0	10	10.12	chromosome=10.11;plasmid=10.88	B	minimap2	2.31	lr:hq	clair3	1.0.5	r1041_e82_400bps_sup_v430	docker://quay.io/mbhall88/clair3@sha256:6a4c352e7d14ebb67bdad4be366dcbf6afa66cc7f0ee0b37a05cebe3f4754735	CPU: AMD EPYC 9745	default_pass	SNP	0	1.000000	0.998190	0.999094	30.428718	18750	18736	34	0
ATCC_10708__202309	Salmonella enterica	true	sup	dna_r10.4.1_e8.2_400bps_sup@v4.3.0	10	10.12	chromosome=10.11;plasmid=10.88	B	minimap2	2.31	lr:hq	clair3	1.0.5	r1041_e82_400bps_sup_v430	docker://quay.io/mbhall88/clair3@sha256:6a4c352e7d14ebb67bdad4be366dcbf6afa66cc7f0ee0b37a05cebe3f4754735	CPU: AMD EPYC 9745	default_pass	INDEL	0	1.000000	0.944862	0.971649	15.474316	377	384	22	0
ATCC_10708__202309	Salmonella enterica	true	sup	dna_r10.4.1_e8.2_400bps_sup@v4.3.0	10	10.12	chromosome=10.11;plasmid=10.88	B	minimap2	2.31	lr:hq	clair3	1.0.5	r1041_e82_400bps_sup_v430	docker://quay.io/mbhall88/clair3@sha256:6a4c352e7d14ebb67bdad4be366dcbf6afa66cc7f0ee0b37a05cebe3f4754735	CPU: AMD EPYC 9745	default_pass	ALL	0	1.000000	0.997081	0.998538	28.350526	19127	19120	56	0
ATCC_10708__202309	Salmonella enterica	true	sup	dna_r10.4.1_e8.2_400bps_sup@v4.3.0	10	10.12	chromosome=10.11;plasmid=10.88	C	minimap2	2.31	lr:hq	clair3	2.0.3	r1041_e82_400bps_sup_v430	docker://hkubal/clair3@sha256:d56df84c2c7c508aaf0623b124d9926d366a58f34236505b26c055f848afa202	CPU: AMD EPYC 9745	sweep_best	SNP	0	1.000000	0.998243	0.999121	30.560111	18751	18737	33	0
ATCC_10708__202309	Salmonella enterica	true	sup	dna_r10.4.1_e8.2_400bps_sup@v4.3.0	10	10.12	chromosome=10.11;plasmid=10.88	C	minimap2	2.31	lr:hq	clair3	2.0.3	r1041_e82_400bps_sup_v430	docker://hkubal/clair3@sha256:d56df84c2c7c508aaf0623b124d9926d366a58f34236505b26c055f848afa202	CPU: AMD EPYC 9745	sweep_best	INDEL	0	0.994845	0.949875	0.971840	15.503673	379	386	20	2
ATCC_10708__202309	Salmonella enterica	true	sup	dna_r10.4.1_e8.2_400bps_sup@v4.3.0	10	10.12	chromosome=10.11;plasmid=10.88	C	minimap2	2.31	lr:hq	clair3	2.0.3	r1041_e82_400bps_sup_v430	docker://hkubal/clair3@sha256:d56df84c2c7c508aaf0623b124d9926d366a58f34236505b26c055f848afa202	CPU: AMD EPYC 9745	sweep_best	ALL	0	0.999895	0.997237	0.998565	28.431481	19130	19123	53	2
ATCC_10708__202309	Salmonella enterica	true	sup	dna_r10.4.1_e8.2_400bps_sup@v4.3.0	10	10.12	chromosome=10.11;plasmid=10.88	C	minimap2	2.31	lr:hq	clair3	2.0.3	r1041_e82_400bps_sup_v430	docker://hkubal/clair3@sha256:d56df84c2c7c508aaf0623b124d9926d366a58f34236505b26c055f848afa202	CPU: AMD EPYC 9745	default_pass	SNP	0	1.000000	0.998190	0.999094	30.428718	18750	18736	34	0
ATCC_10708__202309	Salmonella enterica	true	sup	dna_r10.4.1_e8.2_400bps_sup@v4.3.0	10	10.12	chromosome=10.11;plasmid=10.88	C	minimap2	2.31	lr:hq	clair3	2.0.3	r1041_e82_400bps_sup_v430	docker://hkubal/clair3@sha256:d56df84c2c7c508aaf0623b124d9926d366a58f34236505b26c055f848afa202	CPU: AMD EPYC 9745	default_pass	INDEL	0	1.000000	0.944862	0.971649	15.474316	377	384	22	0
ATCC_10708__202309	Salmonella enterica	true	sup	dna_r10.4.1_e8.2_400bps_sup@v4.3.0	10	10.12	chromosome=10.11;plasmid=10.88	C	minimap2	2.31	lr:hq	clair3	2.0.3	r1041_e82_400bps_sup_v430	docker://hkubal/clair3@sha256:d56df84c2c7c508aaf0623b124d9926d366a58f34236505b26c055f848afa202	CPU: AMD EPYC 9745	default_pass	ALL	0	1.000000	0.997081	0.998538	28.350526	19127	19120	56	0
ATCC_10708__202309	Salmonella enterica	true	sup	dna_r10.4.1_e8.2_400bps_sup@v4.3.0	10	10.12	chromosome=10.11;plasmid=10.88	D	minimap2	2.31	lr:hq	dorado	2.1.2	dna_r10.4.1_e8.2_400bps_polish_bacterial_methylation_v5.0.0		NVIDIA H100 80GB HBM3	sweep_best	SNP	0	0.999787	0.999894	0.999840	37.958800	18782	18768	2	4
ATCC_10708__202309	Salmonella enterica	true	sup	dna_r10.4.1_e8.2_400bps_sup@v4.3.0	10	10.12	chromosome=10.11;plasmid=10.88	D	minimap2	2.31	lr:hq	dorado	2.1.2	dna_r10.4.1_e8.2_400bps_polish_bacterial_methylation_v5.0.0		NVIDIA H100 80GB HBM3	sweep_best	INDEL	4	0.992327	0.954887	0.973247	15.726275	381	388	18	3
ATCC_10708__202309	Salmonella enterica	true	sup	dna_r10.4.1_e8.2_400bps_sup@v4.3.0	10	10.12	chromosome=10.11;plasmid=10.88	D	minimap2	2.31	lr:hq	dorado	2.1.2	dna_r10.4.1_e8.2_400bps_polish_bacterial_methylation_v5.0.0		NVIDIA H100 80GB HBM3	sweep_best	ALL	1	0.999270	0.999270	0.999270	31.366771	19169	19162	14	14
ATCC_10708__202309	Salmonella enterica	true	sup	dna_r10.4.1_e8.2_400bps_sup@v4.3.0	10	10.12	chromosome=10.11;plasmid=10.88	D	minimap2	2.31	lr:hq	dorado	2.1.2	dna_r10.4.1_e8.2_400bps_polish_bacterial_methylation_v5.0.0		NVIDIA H100 80GB HBM3	default_pass	SNP	0	0.999787	0.999894	0.999840	37.958800	18782	18768	2	4
ATCC_10708__202309	Salmonella enterica	true	sup	dna_r10.4.1_e8.2_400bps_sup@v4.3.0	10	10.12	chromosome=10.11;plasmid=10.88	D	minimap2	2.31	lr:hq	dorado	2.1.2	dna_r10.4.1_e8.2_400bps_polish_bacterial_methylation_v5.0.0		NVIDIA H100 80GB HBM3	default_pass	INDEL	0	0.977556	0.964912	0.971193	15.405020	385	392	14	9
ATCC_10708__202309	Salmonella enterica	true	sup	dna_r10.4.1_e8.2_400bps_sup@v4.3.0	10	10.12	chromosome=10.11;plasmid=10.88	D	minimap2	2.31	lr:hq	dorado	2.1.2	dna_r10.4.1_e8.2_400bps_polish_bacterial_methylation_v5.0.0		NVIDIA H100 80GB HBM3	default_pass	ALL	0	0.999322	0.999166	0.999244	31.214782	19167	19160	16	13
ATCC_10708__202309	Salmonella enterica	true	sup	dna_r10.4.1_e8.2_400bps_sup@v4.3.0	25	25.29	chromosome=25.28;plasmid=26.40	A	minimap2	2.26	map-ont	clair3	1.0.5	r1041_e82_400bps_sup_v430	docker://quay.io/mbhall88/clair3@sha256:6a4c352e7d14ebb67bdad4be366dcbf6afa66cc7f0ee0b37a05cebe3f4754735	CPU: AMD EPYC 9745	sweep_best	SNP	3	1.000000	0.999787	0.999893	39.706162	18780	18766	4	0
ATCC_10708__202309	Salmonella enterica	true	sup	dna_r10.4.1_e8.2_400bps_sup@v4.3.0	25	25.29	chromosome=25.28;plasmid=26.40	A	minimap2	2.26	map-ont	clair3	1.0.5	r1041_e82_400bps_sup_v430	docker://quay.io/mbhall88/clair3@sha256:6a4c352e7d14ebb67bdad4be366dcbf6afa66cc7f0ee0b37a05cebe3f4754735	CPU: AMD EPYC 9745	sweep_best	INDEL	0	0.997487	0.977444	0.987364	18.983904	390	397	9	1
ATCC_10708__202309	Salmonella enterica	true	sup	dna_r10.4.1_e8.2_400bps_sup@v4.3.0	25	25.29	chromosome=25.28;plasmid=26.40	A	minimap2	2.26	map-ont	clair3	1.0.5	r1041_e82_400bps_sup_v430	docker://quay.io/mbhall88/clair3@sha256:6a4c352e7d14ebb67bdad4be366dcbf6afa66cc7f0ee0b37a05cebe3f4754735	CPU: AMD EPYC 9745	sweep_best	ALL	0	0.999896	0.999322	0.999609	34.078232	19170	19163	13	2
ATCC_10708__202309	Salmonella enterica	true	sup	dna_r10.4.1_e8.2_400bps_sup@v4.3.0	25	25.29	chromosome=25.28;plasmid=26.40	A	minimap2	2.26	map-ont	clair3	1.0.5	r1041_e82_400bps_sup_v430	docker://quay.io/mbhall88/clair3@sha256:6a4c352e7d14ebb67bdad4be366dcbf6afa66cc7f0ee0b37a05cebe3f4754735	CPU: AMD EPYC 9745	default_pass	SNP	0	0.999947	0.999787	0.999867	38.761484	18780	18766	4	1
ATCC_10708__202309	Salmonella enterica	true	sup	dna_r10.4.1_e8.2_400bps_sup@v4.3.0	25	25.29	chromosome=25.28;plasmid=26.40	A	minimap2	2.26	map-ont	clair3	1.0.5	r1041_e82_400bps_sup_v430	docker://quay.io/mbhall88/clair3@sha256:6a4c352e7d14ebb67bdad4be366dcbf6afa66cc7f0ee0b37a05cebe3f4754735	CPU: AMD EPYC 9745	default_pass	INDEL	0	0.997481	0.974937	0.986080	18.563608	389	396	10	1
ATCC_10708__202309	Salmonella enterica	true	sup	dna_r10.4.1_e8.2_400bps_sup@v4.3.0	25	25.29	chromosome=25.28;plasmid=26.40	A	minimap2	2.26	map-ont	clair3	1.0.5	r1041_e82_400bps_sup_v430	docker://quay.io/mbhall88/clair3@sha256:6a4c352e7d14ebb67bdad4be366dcbf6afa66cc7f0ee0b37a05cebe3f4754735	CPU: AMD EPYC 9745	default_pass	ALL	0	0.999896	0.999270	0.999583	33.798639	19169	19162	14	2
ATCC_10708__202309	Salmonella enterica	true	sup	dna_r10.4.1_e8.2_400bps_sup@v4.3.0	25	25.29	chromosome=25.28;plasmid=26.40	B	minimap2	2.31	lr:hq	clair3	1.0.5	r1041_e82_400bps_sup_v430	docker://quay.io/mbhall88/clair3@sha256:6a4c352e7d14ebb67bdad4be366dcbf6afa66cc7f0ee0b37a05cebe3f4754735	CPU: AMD EPYC 9745	sweep_best	SNP	3	1.000000	0.999787	0.999893	39.706162	18780	18766	4	0
ATCC_10708__202309	Salmonella enterica	true	sup	dna_r10.4.1_e8.2_400bps_sup@v4.3.0	25	25.29	chromosome=25.28;plasmid=26.40	B	minimap2	2.31	lr:hq	clair3	1.0.5	r1041_e82_400bps_sup_v430	docker://quay.io/mbhall88/clair3@sha256:6a4c352e7d14ebb67bdad4be366dcbf6afa66cc7f0ee0b37a05cebe3f4754735	CPU: AMD EPYC 9745	sweep_best	INDEL	0	0.997487	0.977444	0.987364	18.983904	390	397	9	1
ATCC_10708__202309	Salmonella enterica	true	sup	dna_r10.4.1_e8.2_400bps_sup@v4.3.0	25	25.29	chromosome=25.28;plasmid=26.40	B	minimap2	2.31	lr:hq	clair3	1.0.5	r1041_e82_400bps_sup_v430	docker://quay.io/mbhall88/clair3@sha256:6a4c352e7d14ebb67bdad4be366dcbf6afa66cc7f0ee0b37a05cebe3f4754735	CPU: AMD EPYC 9745	sweep_best	ALL	0	0.999896	0.999322	0.999609	34.078232	19170	19163	13	2
ATCC_10708__202309	Salmonella enterica	true	sup	dna_r10.4.1_e8.2_400bps_sup@v4.3.0	25	25.29	chromosome=25.28;plasmid=26.40	B	minimap2	2.31	lr:hq	clair3	1.0.5	r1041_e82_400bps_sup_v430	docker://quay.io/mbhall88/clair3@sha256:6a4c352e7d14ebb67bdad4be366dcbf6afa66cc7f0ee0b37a05cebe3f4754735	CPU: AMD EPYC 9745	default_pass	SNP	0	0.999947	0.999787	0.999867	38.761484	18780	18766	4	1
ATCC_10708__202309	Salmonella enterica	true	sup	dna_r10.4.1_e8.2_400bps_sup@v4.3.0	25	25.29	chromosome=25.28;plasmid=26.40	B	minimap2	2.31	lr:hq	clair3	1.0.5	r1041_e82_400bps_sup_v430	docker://quay.io/mbhall88/clair3@sha256:6a4c352e7d14ebb67bdad4be366dcbf6afa66cc7f0ee0b37a05cebe3f4754735	CPU: AMD EPYC 9745	default_pass	INDEL	0	0.997481	0.974937	0.986080	18.563608	389	396	10	1
ATCC_10708__202309	Salmonella enterica	true	sup	dna_r10.4.1_e8.2_400bps_sup@v4.3.0	25	25.29	chromosome=25.28;plasmid=26.40	B	minimap2	2.31	lr:hq	clair3	1.0.5	r1041_e82_400bps_sup_v430	docker://quay.io/mbhall88/clair3@sha256:6a4c352e7d14ebb67bdad4be366dcbf6afa66cc7f0ee0b37a05cebe3f4754735	CPU: AMD EPYC 9745	default_pass	ALL	0	0.999896	0.999270	0.999583	33.798639	19169	19162	14	2
ATCC_10708__202309	Salmonella enterica	true	sup	dna_r10.4.1_e8.2_400bps_sup@v4.3.0	25	25.29	chromosome=25.28;plasmid=26.40	C	minimap2	2.31	lr:hq	clair3	2.0.3	r1041_e82_400bps_sup_v430	docker://hkubal/clair3@sha256:d56df84c2c7c508aaf0623b124d9926d366a58f34236505b26c055f848afa202	CPU: AMD EPYC 9745	sweep_best	SNP	3	1.000000	0.999787	0.999893	39.706162	18780	18766	4	0
ATCC_10708__202309	Salmonella enterica	true	sup	dna_r10.4.1_e8.2_400bps_sup@v4.3.0	25	25.29	chromosome=25.28;plasmid=26.40	C	minimap2	2.31	lr:hq	clair3	2.0.3	r1041_e82_400bps_sup_v430	docker://hkubal/clair3@sha256:d56df84c2c7c508aaf0623b124d9926d366a58f34236505b26c055f848afa202	CPU: AMD EPYC 9745	sweep_best	INDEL	0	0.997487	0.977444	0.987364	18.983904	390	397	9	1
ATCC_10708__202309	Salmonella enterica	true	sup	dna_r10.4.1_e8.2_400bps_sup@v4.3.0	25	25.29	chromosome=25.28;plasmid=26.40	C	minimap2	2.31	lr:hq	clair3	2.0.3	r1041_e82_400bps_sup_v430	docker://hkubal/clair3@sha256:d56df84c2c7c508aaf0623b124d9926d366a58f34236505b26c055f848afa202	CPU: AMD EPYC 9745	sweep_best	ALL	0	0.999896	0.999322	0.999609	34.078232	19170	19163	13	2
ATCC_10708__202309	Salmonella enterica	true	sup	dna_r10.4.1_e8.2_400bps_sup@v4.3.0	25	25.29	chromosome=25.28;plasmid=26.40	C	minimap2	2.31	lr:hq	clair3	2.0.3	r1041_e82_400bps_sup_v430	docker://hkubal/clair3@sha256:d56df84c2c7c508aaf0623b124d9926d366a58f34236505b26c055f848afa202	CPU: AMD EPYC 9745	default_pass	SNP	0	0.999947	0.999787	0.999867	38.761484	18780	18766	4	1
ATCC_10708__202309	Salmonella enterica	true	sup	dna_r10.4.1_e8.2_400bps_sup@v4.3.0	25	25.29	chromosome=25.28;plasmid=26.40	C	minimap2	2.31	lr:hq	clair3	2.0.3	r1041_e82_400bps_sup_v430	docker://hkubal/clair3@sha256:d56df84c2c7c508aaf0623b124d9926d366a58f34236505b26c055f848afa202	CPU: AMD EPYC 9745	default_pass	INDEL	0	0.997481	0.974937	0.986080	18.563608	389	396	10	1
ATCC_10708__202309	Salmonella enterica	true	sup	dna_r10.4.1_e8.2_400bps_sup@v4.3.0	25	25.29	chromosome=25.28;plasmid=26.40	C	minimap2	2.31	lr:hq	clair3	2.0.3	r1041_e82_400bps_sup_v430	docker://hkubal/clair3@sha256:d56df84c2c7c508aaf0623b124d9926d366a58f34236505b26c055f848afa202	CPU: AMD EPYC 9745	default_pass	ALL	0	0.999896	0.999270	0.999583	33.798639	19169	19162	14	2
ATCC_10708__202309	Salmonella enterica	true	sup	dna_r10.4.1_e8.2_400bps_sup@v4.3.0	25	25.29	chromosome=25.28;plasmid=26.40	D	minimap2	2.31	lr:hq	dorado	2.1.2	dna_r10.4.1_e8.2_400bps_polish_bacterial_methylation_v5.0.0		NVIDIA H100 80GB HBM3	sweep_best	SNP	0	0.999947	0.999840	0.999893	39.706162	18781	18767	3	1
ATCC_10708__202309	Salmonella enterica	true	sup	dna_r10.4.1_e8.2_400bps_sup@v4.3.0	25	25.29	chromosome=25.28;plasmid=26.40	D	minimap2	2.31	lr:hq	dorado	2.1.2	dna_r10.4.1_e8.2_400bps_polish_bacterial_methylation_v5.0.0		NVIDIA H100 80GB HBM3	sweep_best	INDEL	0	0.992611	0.992481	0.992546	21.276106	396	403	3	3
ATCC_10708__202309	Salmonella enterica	true	sup	dna_r10.4.1_e8.2_400bps_sup@v4.3.0	25	25.29	chromosome=25.28;plasmid=26.40	D	minimap2	2.31	lr:hq	dorado	2.1.2	dna_r10.4.1_e8.2_400bps_polish_bacterial_methylation_v5.0.0		NVIDIA H100 80GB HBM3	sweep_best	ALL	0	0.999791	0.999687	0.999739	35.833595	19177	19170	6	4
ATCC_10708__202309	Salmonella enterica	true	sup	dna_r10.4.1_e8.2_400bps_sup@v4.3.0	25	25.29	chromosome=25.28;plasmid=26.40	D	minimap2	2.31	lr:hq	dorado	2.1.2	dna_r10.4.1_e8.2_400bps_polish_bacterial_methylation_v5.0.0		NVIDIA H100 80GB HBM3	default_pass	SNP	0	0.999947	0.999840	0.999893	39.706162	18781	18767	3	1
ATCC_10708__202309	Salmonella enterica	true	sup	dna_r10.4.1_e8.2_400bps_sup@v4.3.0	25	25.29	chromosome=25.28;plasmid=26.40	D	minimap2	2.31	lr:hq	dorado	2.1.2	dna_r10.4.1_e8.2_400bps_polish_bacterial_methylation_v5.0.0		NVIDIA H100 80GB HBM3	default_pass	INDEL	0	0.992574	0.987469	0.990015	20.006519	394	401	5	3
ATCC_10708__202309	Salmonella enterica	true	sup	dna_r10.4.1_e8.2_400bps_sup@v4.3.0	25	25.29	chromosome=25.28;plasmid=26.40	D	minimap2	2.31	lr:hq	dorado	2.1.2	dna_r10.4.1_e8.2_400bps_polish_bacterial_methylation_v5.0.0		NVIDIA H100 80GB HBM3	default_pass	ALL	0	0.999791	0.999583	0.999687	35.044557	19175	19168	8	4
ATCC_10708__202309	Salmonella enterica	true	sup	dna_r10.4.1_e8.2_400bps_sup@v4.3.0	50	50.47	chromosome=50.43;plasmid=53.46	A	minimap2	2.26	map-ont	clair3	1.0.5	r1041_e82_400bps_sup_v430	docker://quay.io/mbhall88/clair3@sha256:6a4c352e7d14ebb67bdad4be366dcbf6afa66cc7f0ee0b37a05cebe3f4754735	CPU: AMD EPYC 9745	sweep_best	SNP	0	1.000000	1.000000	1.000000	60.000000	18784	18770	0	0
ATCC_10708__202309	Salmonella enterica	true	sup	dna_r10.4.1_e8.2_400bps_sup@v4.3.0	50	50.47	chromosome=50.43;plasmid=53.46	A	minimap2	2.26	map-ont	clair3	1.0.5	r1041_e82_400bps_sup_v430	docker://quay.io/mbhall88/clair3@sha256:6a4c352e7d14ebb67bdad4be366dcbf6afa66cc7f0ee0b37a05cebe3f4754735	CPU: AMD EPYC 9745	sweep_best	INDEL	8	1.000000	0.977444	0.988593	19.428286	390	397	9	0
ATCC_10708__202309	Salmonella enterica	true	sup	dna_r10.4.1_e8.2_400bps_sup@v4.3.0	50	50.47	chromosome=50.43;plasmid=53.46	A	minimap2	2.26	map-ont	clair3	1.0.5	r1041_e82_400bps_sup_v430	docker://quay.io/mbhall88/clair3@sha256:6a4c352e7d14ebb67bdad4be366dcbf6afa66cc7f0ee0b37a05cebe3f4754735	CPU: AMD EPYC 9745	sweep_best	ALL	0	0.999844	0.999635	0.999739	35.833595	19176	19169	7	3
ATCC_10708__202309	Salmonella enterica	true	sup	dna_r10.4.1_e8.2_400bps_sup@v4.3.0	50	50.47	chromosome=50.43;plasmid=53.46	A	minimap2	2.26	map-ont	clair3	1.0.5	r1041_e82_400bps_sup_v430	docker://quay.io/mbhall88/clair3@sha256:6a4c352e7d14ebb67bdad4be366dcbf6afa66cc7f0ee0b37a05cebe3f4754735	CPU: AMD EPYC 9745	default_pass	SNP	0	1.000000	1.000000	1.000000	60.000000	18784	18770	0	0
ATCC_10708__202309	Salmonella enterica	true	sup	dna_r10.4.1_e8.2_400bps_sup@v4.3.0	50	50.47	chromosome=50.43;plasmid=53.46	A	minimap2	2.26	map-ont	clair3	1.0.5	r1041_e82_400bps_sup_v430	docker://quay.io/mbhall88/clair3@sha256:6a4c352e7d14ebb67bdad4be366dcbf6afa66cc7f0ee0b37a05cebe3f4754735	CPU: AMD EPYC 9745	default_pass	INDEL	0	0.992519	0.979950	0.986194	18.599321	391	398	8	3
ATCC_10708__202309	Salmonella enterica	true	sup	dna_r10.4.1_e8.2_400bps_sup@v4.3.0	50	50.47	chromosome=50.43;plasmid=53.46	A	minimap2	2.26	map-ont	clair3	1.0.5	r1041_e82_400bps_sup_v430	docker://quay.io/mbhall88/clair3@sha256:6a4c352e7d14ebb67bdad4be366dcbf6afa66cc7f0ee0b37a05cebe3f4754735	CPU: AMD EPYC 9745	default_pass	ALL	0	0.999844	0.999583	0.999713	35.421181	19175	19168	8	3
ATCC_10708__202309	Salmonella enterica	true	sup	dna_r10.4.1_e8.2_400bps_sup@v4.3.0	50	50.47	chromosome=50.43;plasmid=53.46	B	minimap2	2.31	lr:hq	clair3	1.0.5	r1041_e82_400bps_sup_v430	docker://quay.io/mbhall88/clair3@sha256:6a4c352e7d14ebb67bdad4be366dcbf6afa66cc7f0ee0b37a05cebe3f4754735	CPU: AMD EPYC 9745	sweep_best	SNP	0	1.000000	1.000000	1.000000	60.000000	18784	18770	0	0
ATCC_10708__202309	Salmonella enterica	true	sup	dna_r10.4.1_e8.2_400bps_sup@v4.3.0	50	50.47	chromosome=50.43;plasmid=53.46	B	minimap2	2.31	lr:hq	clair3	1.0.5	r1041_e82_400bps_sup_v430	docker://quay.io/mbhall88/clair3@sha256:6a4c352e7d14ebb67bdad4be366dcbf6afa66cc7f0ee0b37a05cebe3f4754735	CPU: AMD EPYC 9745	sweep_best	INDEL	8	1.000000	0.977444	0.988593	19.428286	390	397	9	0
ATCC_10708__202309	Salmonella enterica	true	sup	dna_r10.4.1_e8.2_400bps_sup@v4.3.0	50	50.47	chromosome=50.43;plasmid=53.46	B	minimap2	2.31	lr:hq	clair3	1.0.5	r1041_e82_400bps_sup_v430	docker://quay.io/mbhall88/clair3@sha256:6a4c352e7d14ebb67bdad4be366dcbf6afa66cc7f0ee0b37a05cebe3f4754735	CPU: AMD EPYC 9745	sweep_best	ALL	0	0.999844	0.999635	0.999739	35.833595	19176	19169	7	3
ATCC_10708__202309	Salmonella enterica	true	sup	dna_r10.4.1_e8.2_400bps_sup@v4.3.0	50	50.47	chromosome=50.43;plasmid=53.46	B	minimap2	2.31	lr:hq	clair3	1.0.5	r1041_e82_400bps_sup_v430	docker://quay.io/mbhall88/clair3@sha256:6a4c352e7d14ebb67bdad4be366dcbf6afa66cc7f0ee0b37a05cebe3f4754735	CPU: AMD EPYC 9745	default_pass	SNP	0	1.000000	1.000000	1.000000	60.000000	18784	18770	0	0
ATCC_10708__202309	Salmonella enterica	true	sup	dna_r10.4.1_e8.2_400bps_sup@v4.3.0	50	50.47	chromosome=50.43;plasmid=53.46	B	minimap2	2.31	lr:hq	clair3	1.0.5	r1041_e82_400bps_sup_v430	docker://quay.io/mbhall88/clair3@sha256:6a4c352e7d14ebb67bdad4be366dcbf6afa66cc7f0ee0b37a05cebe3f4754735	CPU: AMD EPYC 9745	default_pass	INDEL	0	0.992519	0.979950	0.986194	18.599321	391	398	8	3
ATCC_10708__202309	Salmonella enterica	true	sup	dna_r10.4.1_e8.2_400bps_sup@v4.3.0	50	50.47	chromosome=50.43;plasmid=53.46	B	minimap2	2.31	lr:hq	clair3	1.0.5	r1041_e82_400bps_sup_v430	docker://quay.io/mbhall88/clair3@sha256:6a4c352e7d14ebb67bdad4be366dcbf6afa66cc7f0ee0b37a05cebe3f4754735	CPU: AMD EPYC 9745	default_pass	ALL	0	0.999844	0.999583	0.999713	35.421181	19175	19168	8	3
ATCC_10708__202309	Salmonella enterica	true	sup	dna_r10.4.1_e8.2_400bps_sup@v4.3.0	50	50.47	chromosome=50.43;plasmid=53.46	C	minimap2	2.31	lr:hq	clair3	2.0.3	r1041_e82_400bps_sup_v430	docker://hkubal/clair3@sha256:d56df84c2c7c508aaf0623b124d9926d366a58f34236505b26c055f848afa202	CPU: AMD EPYC 9745	sweep_best	SNP	0	1.000000	1.000000	1.000000	60.000000	18784	18770	0	0
ATCC_10708__202309	Salmonella enterica	true	sup	dna_r10.4.1_e8.2_400bps_sup@v4.3.0	50	50.47	chromosome=50.43;plasmid=53.46	C	minimap2	2.31	lr:hq	clair3	2.0.3	r1041_e82_400bps_sup_v430	docker://hkubal/clair3@sha256:d56df84c2c7c508aaf0623b124d9926d366a58f34236505b26c055f848afa202	CPU: AMD EPYC 9745	sweep_best	INDEL	8	1.000000	0.977444	0.988593	19.428286	390	397	9	0
ATCC_10708__202309	Salmonella enterica	true	sup	dna_r10.4.1_e8.2_400bps_sup@v4.3.0	50	50.47	chromosome=50.43;plasmid=53.46	C	minimap2	2.31	lr:hq	clair3	2.0.3	r1041_e82_400bps_sup_v430	docker://hkubal/clair3@sha256:d56df84c2c7c508aaf0623b124d9926d366a58f34236505b26c055f848afa202	CPU: AMD EPYC 9745	sweep_best	ALL	0	0.999844	0.999635	0.999739	35.833595	19176	19169	7	3
ATCC_10708__202309	Salmonella enterica	true	sup	dna_r10.4.1_e8.2_400bps_sup@v4.3.0	50	50.47	chromosome=50.43;plasmid=53.46	C	minimap2	2.31	lr:hq	clair3	2.0.3	r1041_e82_400bps_sup_v430	docker://hkubal/clair3@sha256:d56df84c2c7c508aaf0623b124d9926d366a58f34236505b26c055f848afa202	CPU: AMD EPYC 9745	default_pass	SNP	0	1.000000	1.000000	1.000000	60.000000	18784	18770	0	0
ATCC_10708__202309	Salmonella enterica	true	sup	dna_r10.4.1_e8.2_400bps_sup@v4.3.0	50	50.47	chromosome=50.43;plasmid=53.46	C	minimap2	2.31	lr:hq	clair3	2.0.3	r1041_e82_400bps_sup_v430	docker://hkubal/clair3@sha256:d56df84c2c7c508aaf0623b124d9926d366a58f34236505b26c055f848afa202	CPU: AMD EPYC 9745	default_pass	INDEL	0	0.992519	0.979950	0.986194	18.599321	391	398	8	3
ATCC_10708__202309	Salmonella enterica	true	sup	dna_r10.4.1_e8.2_400bps_sup@v4.3.0	50	50.47	chromosome=50.43;plasmid=53.46	C	minimap2	2.31	lr:hq	clair3	2.0.3	r1041_e82_400bps_sup_v430	docker://hkubal/clair3@sha256:d56df84c2c7c508aaf0623b124d9926d366a58f34236505b26c055f848afa202	CPU: AMD EPYC 9745	default_pass	ALL	0	0.999844	0.999583	0.999713	35.421181	19175	19168	8	3
ATCC_10708__202309	Salmonella enterica	true	sup	dna_r10.4.1_e8.2_400bps_sup@v4.3.0	50	50.47	chromosome=50.43;plasmid=53.46	D	minimap2	2.31	lr:hq	dorado	2.1.2	dna_r10.4.1_e8.2_400bps_polish_bacterial_methylation_v5.0.0		NVIDIA H100 80GB HBM3	sweep_best	SNP	0	1.000000	0.999840	0.999920	40.969100	18781	18767	3	0
ATCC_10708__202309	Salmonella enterica	true	sup	dna_r10.4.1_e8.2_400bps_sup@v4.3.0	50	50.47	chromosome=50.43;plasmid=53.46	D	minimap2	2.31	lr:hq	dorado	2.1.2	dna_r10.4.1_e8.2_400bps_polish_bacterial_methylation_v5.0.0		NVIDIA H100 80GB HBM3	sweep_best	INDEL	5	0.995000	0.979950	0.987418	19.002503	391	398	8	2
ATCC_10708__202309	Salmonella enterica	true	sup	dna_r10.4.1_e8.2_400bps_sup@v4.3.0	50	50.47	chromosome=50.43;plasmid=53.46	D	minimap2	2.31	lr:hq	dorado	2.1.2	dna_r10.4.1_e8.2_400bps_polish_bacterial_methylation_v5.0.0		NVIDIA H100 80GB HBM3	sweep_best	ALL	0	0.999687	0.999583	0.999635	34.377071	19175	19168	8	6
ATCC_10708__202309	Salmonella enterica	true	sup	dna_r10.4.1_e8.2_400bps_sup@v4.3.0	50	50.47	chromosome=50.43;plasmid=53.46	D	minimap2	2.31	lr:hq	dorado	2.1.2	dna_r10.4.1_e8.2_400bps_polish_bacterial_methylation_v5.0.0		NVIDIA H100 80GB HBM3	default_pass	SNP	0	1.000000	0.999840	0.999920	40.969100	18781	18767	3	0
ATCC_10708__202309	Salmonella enterica	true	sup	dna_r10.4.1_e8.2_400bps_sup@v4.3.0	50	50.47	chromosome=50.43;plasmid=53.46	D	minimap2	2.31	lr:hq	dorado	2.1.2	dna_r10.4.1_e8.2_400bps_polish_bacterial_methylation_v5.0.0		NVIDIA H100 80GB HBM3	default_pass	INDEL	0	0.987624	0.982456	0.985033	18.248652	392	399	7	5
ATCC_10708__202309	Salmonella enterica	true	sup	dna_r10.4.1_e8.2_400bps_sup@v4.3.0	50	50.47	chromosome=50.43;plasmid=53.46	D	minimap2	2.31	lr:hq	dorado	2.1.2	dna_r10.4.1_e8.2_400bps_polish_bacterial_methylation_v5.0.0		NVIDIA H100 80GB HBM3	default_pass	ALL	0	0.999739	0.999479	0.999609	34.078232	19173	19166	10	5
ATCC_17802__202309	Vibrio parahaemolyticus	true	hac	dna_r10.4.1_e8.2_400bps_hac@v4.3.0	5	5.00	chromosome_1=5.01;chromosome_2=4.99	A	minimap2	2.26	map-ont	clair3	1.0.5	r1041_e82_400bps_hac_v430	docker://quay.io/mbhall88/clair3@sha256:6a4c352e7d14ebb67bdad4be366dcbf6afa66cc7f0ee0b37a05cebe3f4754735	CPU: AMD EPYC 9745	sweep_best	SNP	0	0.999003	0.986646	0.992786	21.418239	57114	57092	773	57
ATCC_17802__202309	Vibrio parahaemolyticus	true	hac	dna_r10.4.1_e8.2_400bps_hac@v4.3.0	5	5.00	chromosome_1=5.01;chromosome_2=4.99	A	minimap2	2.26	map-ont	clair3	1.0.5	r1041_e82_400bps_hac_v430	docker://quay.io/mbhall88/clair3@sha256:6a4c352e7d14ebb67bdad4be366dcbf6afa66cc7f0ee0b37a05cebe3f4754735	CPU: AMD EPYC 9745	sweep_best	INDEL	0	0.948399	0.892123	0.919401	10.936703	521	533	63	29
ATCC_17802__202309	Vibrio parahaemolyticus	true	hac	dna_r10.4.1_e8.2_400bps_hac@v4.3.0	5	5.00	chromosome_1=5.01;chromosome_2=4.99	A	minimap2	2.26	map-ont	clair3	1.0.5	r1041_e82_400bps_hac_v430	docker://quay.io/mbhall88/clair3@sha256:6a4c352e7d14ebb67bdad4be366dcbf6afa66cc7f0ee0b37a05cebe3f4754735	CPU: AMD EPYC 9745	sweep_best	ALL	0	0.998510	0.985702	0.992065	21.004531	57635	57625	836	86
ATCC_17802__202309	Vibrio parahaemolyticus	true	hac	dna_r10.4.1_e8.2_400bps_hac@v4.3.0	5	5.00	chromosome_1=5.01;chromosome_2=4.99	A	minimap2	2.26	map-ont	clair3	1.0.5	r1041_e82_400bps_hac_v430	docker://quay.io/mbhall88/clair3@sha256:6a4c352e7d14ebb67bdad4be366dcbf6afa66cc7f0ee0b37a05cebe3f4754735	CPU: AMD EPYC 9745	default_pass	SNP	0	0.998967	0.986128	0.992506	21.252863	57084	57080	803	59
ATCC_17802__202309	Vibrio parahaemolyticus	true	hac	dna_r10.4.1_e8.2_400bps_hac@v4.3.0	5	5.00	chromosome_1=5.01;chromosome_2=4.99	A	minimap2	2.26	map-ont	clair3	1.0.5	r1041_e82_400bps_hac_v430	docker://quay.io/mbhall88/clair3@sha256:6a4c352e7d14ebb67bdad4be366dcbf6afa66cc7f0ee0b37a05cebe3f4754735	CPU: AMD EPYC 9745	default_pass	INDEL	0	0.974104	0.833904	0.898568	9.938250	487	489	97	13
ATCC_17802__202309	Vibrio parahaemolyticus	true	hac	dna_r10.4.1_e8.2_400bps_hac@v4.3.0	5	5.00	chromosome_1=5.01;chromosome_2=4.99	A	minimap2	2.26	map-ont	clair3	1.0.5	r1041_e82_400bps_hac_v430	docker://quay.io/mbhall88/clair3@sha256:6a4c352e7d14ebb67bdad4be366dcbf6afa66cc7f0ee0b37a05cebe3f4754735	CPU: AMD EPYC 9745	default_pass	ALL	0	0.998751	0.984608	0.991629	20.772227	57571	57569	900	72
ATCC_17802__202309	Vibrio parahaemolyticus	true	hac	dna_r10.4.1_e8.2_400bps_hac@v4.3.0	5	5.00	chromosome_1=5.01;chromosome_2=4.99	B	minimap2	2.31	lr:hq	clair3	1.0.5	r1041_e82_400bps_hac_v430	docker://quay.io/mbhall88/clair3@sha256:6a4c352e7d14ebb67bdad4be366dcbf6afa66cc7f0ee0b37a05cebe3f4754735	CPU: AMD EPYC 9745	sweep_best	SNP	0	0.999003	0.986646	0.992786	21.418239	57114	57092	773	57
ATCC_17802__202309	Vibrio parahaemolyticus	true	hac	dna_r10.4.1_e8.2_400bps_hac@v4.3.0	5	5.00	chromosome_1=5.01;chromosome_2=4.99	B	minimap2	2.31	lr:hq	clair3	1.0.5	r1041_e82_400bps_hac_v430	docker://quay.io/mbhall88/clair3@sha256:6a4c352e7d14ebb67bdad4be366dcbf6afa66cc7f0ee0b37a05cebe3f4754735	CPU: AMD EPYC 9745	sweep_best	INDEL	0	0.948399	0.892123	0.919401	10.936703	521	533	63	29
ATCC_17802__202309	Vibrio parahaemolyticus	true	hac	dna_r10.4.1_e8.2_400bps_hac@v4.3.0	5	5.00	chromosome_1=5.01;chromosome_2=4.99	B	minimap2	2.31	lr:hq	clair3	1.0.5	r1041_e82_400bps_hac_v430	docker://quay.io/mbhall88/clair3@sha256:6a4c352e7d14ebb67bdad4be366dcbf6afa66cc7f0ee0b37a05cebe3f4754735	CPU: AMD EPYC 9745	sweep_best	ALL	0	0.998510	0.985702	0.992065	21.004531	57635	57625	836	86
ATCC_17802__202309	Vibrio parahaemolyticus	true	hac	dna_r10.4.1_e8.2_400bps_hac@v4.3.0	5	5.00	chromosome_1=5.01;chromosome_2=4.99	B	minimap2	2.31	lr:hq	clair3	1.0.5	r1041_e82_400bps_hac_v430	docker://quay.io/mbhall88/clair3@sha256:6a4c352e7d14ebb67bdad4be366dcbf6afa66cc7f0ee0b37a05cebe3f4754735	CPU: AMD EPYC 9745	default_pass	SNP	0	0.998967	0.986128	0.992506	21.252863	57084	57080	803	59
ATCC_17802__202309	Vibrio parahaemolyticus	true	hac	dna_r10.4.1_e8.2_400bps_hac@v4.3.0	5	5.00	chromosome_1=5.01;chromosome_2=4.99	B	minimap2	2.31	lr:hq	clair3	1.0.5	r1041_e82_400bps_hac_v430	docker://quay.io/mbhall88/clair3@sha256:6a4c352e7d14ebb67bdad4be366dcbf6afa66cc7f0ee0b37a05cebe3f4754735	CPU: AMD EPYC 9745	default_pass	INDEL	0	0.974104	0.833904	0.898568	9.938250	487	489	97	13
ATCC_17802__202309	Vibrio parahaemolyticus	true	hac	dna_r10.4.1_e8.2_400bps_hac@v4.3.0	5	5.00	chromosome_1=5.01;chromosome_2=4.99	B	minimap2	2.31	lr:hq	clair3	1.0.5	r1041_e82_400bps_hac_v430	docker://quay.io/mbhall88/clair3@sha256:6a4c352e7d14ebb67bdad4be366dcbf6afa66cc7f0ee0b37a05cebe3f4754735	CPU: AMD EPYC 9745	default_pass	ALL	0	0.998751	0.984608	0.991629	20.772227	57571	57569	900	72
ATCC_17802__202309	Vibrio parahaemolyticus	true	hac	dna_r10.4.1_e8.2_400bps_hac@v4.3.0	5	5.00	chromosome_1=5.01;chromosome_2=4.99	C	minimap2	2.31	lr:hq	clair3	2.0.3	r1041_e82_400bps_hac_v430	docker://hkubal/clair3@sha256:d56df84c2c7c508aaf0623b124d9926d366a58f34236505b26c055f848afa202	CPU: AMD EPYC 9745	sweep_best	SNP	0	0.999003	0.986646	0.992786	21.418239	57114	57092	773	57
ATCC_17802__202309	Vibrio parahaemolyticus	true	hac	dna_r10.4.1_e8.2_400bps_hac@v4.3.0	5	5.00	chromosome_1=5.01;chromosome_2=4.99	C	minimap2	2.31	lr:hq	clair3	2.0.3	r1041_e82_400bps_hac_v430	docker://hkubal/clair3@sha256:d56df84c2c7c508aaf0623b124d9926d366a58f34236505b26c055f848afa202	CPU: AMD EPYC 9745	sweep_best	INDEL	0	0.948399	0.892123	0.919401	10.936703	521	533	63	29
ATCC_17802__202309	Vibrio parahaemolyticus	true	hac	dna_r10.4.1_e8.2_400bps_hac@v4.3.0	5	5.00	chromosome_1=5.01;chromosome_2=4.99	C	minimap2	2.31	lr:hq	clair3	2.0.3	r1041_e82_400bps_hac_v430	docker://hkubal/clair3@sha256:d56df84c2c7c508aaf0623b124d9926d366a58f34236505b26c055f848afa202	CPU: AMD EPYC 9745	sweep_best	ALL	0	0.998510	0.985702	0.992065	21.004531	57635	57625	836	86
ATCC_17802__202309	Vibrio parahaemolyticus	true	hac	dna_r10.4.1_e8.2_400bps_hac@v4.3.0	5	5.00	chromosome_1=5.01;chromosome_2=4.99	C	minimap2	2.31	lr:hq	clair3	2.0.3	r1041_e82_400bps_hac_v430	docker://hkubal/clair3@sha256:d56df84c2c7c508aaf0623b124d9926d366a58f34236505b26c055f848afa202	CPU: AMD EPYC 9745	default_pass	SNP	0	0.998967	0.986128	0.992506	21.252863	57084	57080	803	59
ATCC_17802__202309	Vibrio parahaemolyticus	true	hac	dna_r10.4.1_e8.2_400bps_hac@v4.3.0	5	5.00	chromosome_1=5.01;chromosome_2=4.99	C	minimap2	2.31	lr:hq	clair3	2.0.3	r1041_e82_400bps_hac_v430	docker://hkubal/clair3@sha256:d56df84c2c7c508aaf0623b124d9926d366a58f34236505b26c055f848afa202	CPU: AMD EPYC 9745	default_pass	INDEL	0	0.974104	0.833904	0.898568	9.938250	487	489	97	13
ATCC_17802__202309	Vibrio parahaemolyticus	true	hac	dna_r10.4.1_e8.2_400bps_hac@v4.3.0	5	5.00	chromosome_1=5.01;chromosome_2=4.99	C	minimap2	2.31	lr:hq	clair3	2.0.3	r1041_e82_400bps_hac_v430	docker://hkubal/clair3@sha256:d56df84c2c7c508aaf0623b124d9926d366a58f34236505b26c055f848afa202	CPU: AMD EPYC 9745	default_pass	ALL	0	0.998751	0.984608	0.991629	20.772227	57571	57569	900	72
ATCC_17802__202309	Vibrio parahaemolyticus	true	hac	dna_r10.4.1_e8.2_400bps_hac@v4.3.0	5	5.00	chromosome_1=5.01;chromosome_2=4.99	D	minimap2	2.31	lr:hq	dorado	2.1.2	dna_r10.4.1_e8.2_400bps_polish_bacterial_methylation_v5.0.0		NVIDIA H100 80GB HBM3	sweep_best	SNP	7	0.995276	0.993798	0.994536	22.624893	57528	57514	359	273
ATCC_17802__202309	Vibrio parahaemolyticus	true	hac	dna_r10.4.1_e8.2_400bps_hac@v4.3.0	5	5.00	chromosome_1=5.01;chromosome_2=4.99	D	minimap2	2.31	lr:hq	dorado	2.1.2	dna_r10.4.1_e8.2_400bps_polish_bacterial_methylation_v5.0.0		NVIDIA H100 80GB HBM3	sweep_best	INDEL	13	0.866412	0.765411	0.812786	7.276617	447	454	137	70
ATCC_17802__202309	Vibrio parahaemolyticus	true	hac	dna_r10.4.1_e8.2_400bps_hac@v4.3.0	5	5.00	chromosome_1=5.01;chromosome_2=4.99	D	minimap2	2.31	lr:hq	dorado	2.1.2	dna_r10.4.1_e8.2_400bps_polish_bacterial_methylation_v5.0.0		NVIDIA H100 80GB HBM3	sweep_best	ALL	9	0.993771	0.990594	0.992180	21.067932	57921	57914	550	363
ATCC_17802__202309	Vibrio parahaemolyticus	true	hac	dna_r10.4.1_e8.2_400bps_hac@v4.3.0	5	5.00	chromosome_1=5.01;chromosome_2=4.99	D	minimap2	2.31	lr:hq	dorado	2.1.2	dna_r10.4.1_e8.2_400bps_polish_bacterial_methylation_v5.0.0		NVIDIA H100 80GB HBM3	default_pass	SNP	0	0.989754	0.996441	0.993086	21.602706	57681	57667	206	597
ATCC_17802__202309	Vibrio parahaemolyticus	true	hac	dna_r10.4.1_e8.2_400bps_hac@v4.3.0	5	5.00	chromosome_1=5.01;chromosome_2=4.99	D	minimap2	2.31	lr:hq	dorado	2.1.2	dna_r10.4.1_e8.2_400bps_polish_bacterial_methylation_v5.0.0		NVIDIA H100 80GB HBM3	default_pass	INDEL	0	0.409924	0.907534	0.564754	3.612652	530	537	54	773
ATCC_17802__202309	Vibrio parahaemolyticus	true	hac	dna_r10.4.1_e8.2_400bps_hac@v4.3.0	5	5.00	chromosome_1=5.01;chromosome_2=4.99	D	minimap2	2.31	lr:hq	dorado	2.1.2	dna_r10.4.1_e8.2_400bps_polish_bacterial_methylation_v5.0.0		NVIDIA H100 80GB HBM3	default_pass	ALL	0	0.977003	0.995553	0.986191	18.598378	58211	58204	260	1370
ATCC_17802__202309	Vibrio parahaemolyticus	true	hac	dna_r10.4.1_e8.2_400bps_hac@v4.3.0	10	10.00	chromosome_1=10.02;chromosome_2=9.98	A	minimap2	2.26	map-ont	clair3	1.0.5	r1041_e82_400bps_hac_v430	docker://quay.io/mbhall88/clair3@sha256:6a4c352e7d14ebb67bdad4be366dcbf6afa66cc7f0ee0b37a05cebe3f4754735	CPU: AMD EPYC 9745	sweep_best	SNP	0	0.999775	0.997201	0.998487	28.201611	57725	57703	162	13
ATCC_17802__202309	Vibrio parahaemolyticus	true	hac	dna_r10.4.1_e8.2_400bps_hac@v4.3.0	10	10.00	chromosome_1=10.02;chromosome_2=9.98	A	minimap2	2.26	map-ont	clair3	1.0.5	r1041_e82_400bps_hac_v430	docker://quay.io/mbhall88/clair3@sha256:6a4c352e7d14ebb67bdad4be366dcbf6afa66cc7f0ee0b37a05cebe3f4754735	CPU: AMD EPYC 9745	sweep_best	INDEL	0	0.986159	0.950342	0.967920	14.937656	555	570	29	8
ATCC_17802__202309	Vibrio parahaemolyticus	true	hac	dna_r10.4.1_e8.2_400bps_hac@v4.3.0	10	10.00	chromosome_1=10.02;chromosome_2=9.98	A	minimap2	2.26	map-ont	clair3	1.0.5	r1041_e82_400bps_hac_v430	docker://quay.io/mbhall88/clair3@sha256:6a4c352e7d14ebb67bdad4be366dcbf6afa66cc7f0ee0b37a05cebe3f4754735	CPU: AMD EPYC 9745	sweep_best	ALL	0	0.999640	0.996733	0.998185	27.411234	58280	58273	191	21
ATCC_17802__202309	Vibrio parahaemolyticus	true	hac	dna_r10.4.1_e8.2_400bps_hac@v4.3.0	10	10.00	chromosome_1=10.02;chromosome_2=9.98	A	minimap2	2.26	map-ont	clair3	1.0.5	r1041_e82_400bps_hac_v430	docker://quay.io/mbhall88/clair3@sha256:6a4c352e7d14ebb67bdad4be366dcbf6afa66cc7f0ee0b37a05cebe3f4754735	CPU: AMD EPYC 9745	default_pass	SNP	0	0.999740	0.997132	0.998435	28.054857	57721	57701	166	15
ATCC_17802__202309	Vibrio parahaemolyticus	true	hac	dna_r10.4.1_e8.2_400bps_hac@v4.3.0	10	10.00	chromosome_1=10.02;chromosome_2=9.98	A	minimap2	2.26	map-ont	clair3	1.0.5	r1041_e82_400bps_hac_v430	docker://quay.io/mbhall88/clair3@sha256:6a4c352e7d14ebb67bdad4be366dcbf6afa66cc7f0ee0b37a05cebe3f4754735	CPU: AMD EPYC 9745	default_pass	INDEL	0	0.989209	0.922945	0.954929	13.461028	539	550	45	6
ATCC_17802__202309	Vibrio parahaemolyticus	true	hac	dna_r10.4.1_e8.2_400bps_hac@v4.3.0	10	10.00	chromosome_1=10.02;chromosome_2=9.98	A	minimap2	2.26	map-ont	clair3	1.0.5	r1041_e82_400bps_hac_v430	docker://quay.io/mbhall88/clair3@sha256:6a4c352e7d14ebb67bdad4be366dcbf6afa66cc7f0ee0b37a05cebe3f4754735	CPU: AMD EPYC 9745	default_pass	ALL	0	0.999640	0.996391	0.998013	27.018021	58260	58251	211	21
ATCC_17802__202309	Vibrio parahaemolyticus	true	hac	dna_r10.4.1_e8.2_400bps_hac@v4.3.0	10	10.00	chromosome_1=10.02;chromosome_2=9.98	B	minimap2	2.31	lr:hq	clair3	1.0.5	r1041_e82_400bps_hac_v430	docker://quay.io/mbhall88/clair3@sha256:6a4c352e7d14ebb67bdad4be366dcbf6afa66cc7f0ee0b37a05cebe3f4754735	CPU: AMD EPYC 9745	sweep_best	SNP	0	0.999775	0.997219	0.998495	28.224635	57726	57702	161	13
ATCC_17802__202309	Vibrio parahaemolyticus	true	hac	dna_r10.4.1_e8.2_400bps_hac@v4.3.0	10	10.00	chromosome_1=10.02;chromosome_2=9.98	B	minimap2	2.31	lr:hq	clair3	1.0.5	r1041_e82_400bps_hac_v430	docker://quay.io/mbhall88/clair3@sha256:6a4c352e7d14ebb67bdad4be366dcbf6afa66cc7f0ee0b37a05cebe3f4754735	CPU: AMD EPYC 9745	sweep_best	INDEL	0	0.979239	0.946918	0.962807	14.295388	553	566	31	12
ATCC_17802__202309	Vibrio parahaemolyticus	true	hac	dna_r10.4.1_e8.2_400bps_hac@v4.3.0	10	10.00	chromosome_1=10.02;chromosome_2=9.98	B	minimap2	2.31	lr:hq	clair3	1.0.5	r1041_e82_400bps_hac_v430	docker://quay.io/mbhall88/clair3@sha256:6a4c352e7d14ebb67bdad4be366dcbf6afa66cc7f0ee0b37a05cebe3f4754735	CPU: AMD EPYC 9745	sweep_best	ALL	0	0.999571	0.996716	0.998142	27.309543	58279	58268	192	25
ATCC_17802__202309	Vibrio parahaemolyticus	true	hac	dna_r10.4.1_e8.2_400bps_hac@v4.3.0	10	10.00	chromosome_1=10.02;chromosome_2=9.98	B	minimap2	2.31	lr:hq	clair3	1.0.5	r1041_e82_400bps_hac_v430	docker://quay.io/mbhall88/clair3@sha256:6a4c352e7d14ebb67bdad4be366dcbf6afa66cc7f0ee0b37a05cebe3f4754735	CPU: AMD EPYC 9745	default_pass	SNP	0	0.999775	0.997150	0.998460	28.124793	57722	57702	165	13
ATCC_17802__202309	Vibrio parahaemolyticus	true	hac	dna_r10.4.1_e8.2_400bps_hac@v4.3.0	10	10.00	chromosome_1=10.02;chromosome_2=9.98	B	minimap2	2.31	lr:hq	clair3	1.0.5	r1041_e82_400bps_hac_v430	docker://quay.io/mbhall88/clair3@sha256:6a4c352e7d14ebb67bdad4be366dcbf6afa66cc7f0ee0b37a05cebe3f4754735	CPU: AMD EPYC 9745	default_pass	INDEL	0	0.992780	0.922945	0.956590	13.624102	539	550	45	4
ATCC_17802__202309	Vibrio parahaemolyticus	true	hac	dna_r10.4.1_e8.2_400bps_hac@v4.3.0	10	10.00	chromosome_1=10.02;chromosome_2=9.98	B	minimap2	2.31	lr:hq	clair3	1.0.5	r1041_e82_400bps_hac_v430	docker://quay.io/mbhall88/clair3@sha256:6a4c352e7d14ebb67bdad4be366dcbf6afa66cc7f0ee0b37a05cebe3f4754735	CPU: AMD EPYC 9745	default_pass	ALL	0	0.999708	0.996408	0.998056	27.113037	58261	58252	210	17
ATCC_17802__202309	Vibrio parahaemolyticus	true	hac	dna_r10.4.1_e8.2_400bps_hac@v4.3.0	10	10.00	chromosome_1=10.02;chromosome_2=9.98	C	minimap2	2.31	lr:hq	clair3	2.0.3	r1041_e82_400bps_hac_v430	docker://hkubal/clair3@sha256:d56df84c2c7c508aaf0623b124d9926d366a58f34236505b26c055f848afa202	CPU: AMD EPYC 9745	sweep_best	SNP	0	0.999775	0.997219	0.998495	28.224635	57726	57702	161	13
ATCC_17802__202309	Vibrio parahaemolyticus	true	hac	dna_r10.4.1_e8.2_400bps_hac@v4.3.0	10	10.00	chromosome_1=10.02;chromosome_2=9.98	C	minimap2	2.31	lr:hq	clair3	2.0.3	r1041_e82_400bps_hac_v430	docker://hkubal/clair3@sha256:d56df84c2c7c508aaf0623b124d9926d366a58f34236505b26c055f848afa202	CPU: AMD EPYC 9745	sweep_best	INDEL	0	0.979239	0.946918	0.962807	14.295388	553	566	31	12
ATCC_17802__202309	Vibrio parahaemolyticus	true	hac	dna_r10.4.1_e8.2_400bps_hac@v4.3.0	10	10.00	chromosome_1=10.02;chromosome_2=9.98	C	minimap2	2.31	lr:hq	clair3	2.0.3	r1041_e82_400bps_hac_v430	docker://hkubal/clair3@sha256:d56df84c2c7c508aaf0623b124d9926d366a58f34236505b26c055f848afa202	CPU: AMD EPYC 9745	sweep_best	ALL	0	0.999571	0.996716	0.998142	27.309543	58279	58268	192	25
ATCC_17802__202309	Vibrio parahaemolyticus	true	hac	dna_r10.4.1_e8.2_400bps_hac@v4.3.0	10	10.00	chromosome_1=10.02;chromosome_2=9.98	C	minimap2	2.31	lr:hq	clair3	2.0.3	r1041_e82_400bps_hac_v430	docker://hkubal/clair3@sha256:d56df84c2c7c508aaf0623b124d9926d366a58f34236505b26c055f848afa202	CPU: AMD EPYC 9745	default_pass	SNP	0	0.999775	0.997150	0.998460	28.124793	57722	57702	165	13
ATCC_17802__202309	Vibrio parahaemolyticus	true	hac	dna_r10.4.1_e8.2_400bps_hac@v4.3.0	10	10.00	chromosome_1=10.02;chromosome_2=9.98	C	minimap2	2.31	lr:hq	clair3	2.0.3	r1041_e82_400bps_hac_v430	docker://hkubal/clair3@sha256:d56df84c2c7c508aaf0623b124d9926d366a58f34236505b26c055f848afa202	CPU: AMD EPYC 9745	default_pass	INDEL	0	0.992780	0.922945	0.956590	13.624102	539	550	45	4
ATCC_17802__202309	Vibrio parahaemolyticus	true	hac	dna_r10.4.1_e8.2_400bps_hac@v4.3.0	10	10.00	chromosome_1=10.02;chromosome_2=9.98	C	minimap2	2.31	lr:hq	clair3	2.0.3	r1041_e82_400bps_hac_v430	docker://hkubal/clair3@sha256:d56df84c2c7c508aaf0623b124d9926d366a58f34236505b26c055f848afa202	CPU: AMD EPYC 9745	default_pass	ALL	0	0.999708	0.996408	0.998056	27.113037	58261	58252	210	17
ATCC_17802__202309	Vibrio parahaemolyticus	true	hac	dna_r10.4.1_e8.2_400bps_hac@v4.3.0	10	10.00	chromosome_1=10.02;chromosome_2=9.98	D	minimap2	2.31	lr:hq	dorado	2.1.2	dna_r10.4.1_e8.2_400bps_polish_bacterial_methylation_v5.0.0		NVIDIA H100 80GB HBM3	sweep_best	SNP	5	0.999153	0.999015	0.999084	30.381045	57830	57812	57	49
ATCC_17802__202309	Vibrio parahaemolyticus	true	hac	dna_r10.4.1_e8.2_400bps_hac@v4.3.0	10	10.00	chromosome_1=10.02;chromosome_2=9.98	D	minimap2	2.31	lr:hq	dorado	2.1.2	dna_r10.4.1_e8.2_400bps_polish_bacterial_methylation_v5.0.0		NVIDIA H100 80GB HBM3	sweep_best	INDEL	8	0.971326	0.912671	0.941086	12.297815	533	542	51	16
ATCC_17802__202309	Vibrio parahaemolyticus	true	hac	dna_r10.4.1_e8.2_400bps_hac@v4.3.0	10	10.00	chromosome_1=10.02;chromosome_2=9.98	D	minimap2	2.31	lr:hq	dorado	2.1.2	dna_r10.4.1_e8.2_400bps_polish_bacterial_methylation_v5.0.0		NVIDIA H100 80GB HBM3	sweep_best	ALL	8	0.999400	0.997537	0.998468	28.147412	58327	58318	144	35
ATCC_17802__202309	Vibrio parahaemolyticus	true	hac	dna_r10.4.1_e8.2_400bps_hac@v4.3.0	10	10.00	chromosome_1=10.02;chromosome_2=9.98	D	minimap2	2.31	lr:hq	dorado	2.1.2	dna_r10.4.1_e8.2_400bps_polish_bacterial_methylation_v5.0.0		NVIDIA H100 80GB HBM3	default_pass	SNP	0	0.998567	0.999274	0.998920	29.665762	57845	57827	42	83
ATCC_17802__202309	Vibrio parahaemolyticus	true	hac	dna_r10.4.1_e8.2_400bps_hac@v4.3.0	10	10.00	chromosome_1=10.02;chromosome_2=9.98	D	minimap2	2.31	lr:hq	dorado	2.1.2	dna_r10.4.1_e8.2_400bps_polish_bacterial_methylation_v5.0.0		NVIDIA H100 80GB HBM3	default_pass	INDEL	0	0.877138	0.950342	0.912274	10.568717	555	564	29	79
ATCC_17802__202309	Vibrio parahaemolyticus	true	hac	dna_r10.4.1_e8.2_400bps_hac@v4.3.0	10	10.00	chromosome_1=10.02;chromosome_2=9.98	D	minimap2	2.31	lr:hq	dorado	2.1.2	dna_r10.4.1_e8.2_400bps_polish_bacterial_methylation_v5.0.0		NVIDIA H100 80GB HBM3	default_pass	ALL	0	0.997233	0.998786	0.998009	27.009287	58400	58391	71	162
ATCC_17802__202309	Vibrio parahaemolyticus	true	hac	dna_r10.4.1_e8.2_400bps_hac@v4.3.0	25	24.97	chromosome_1=24.99;chromosome_2=24.93	A	minimap2	2.26	map-ont	clair3	1.0.5	r1041_e82_400bps_hac_v430	docker://quay.io/mbhall88/clair3@sha256:6a4c352e7d14ebb67bdad4be366dcbf6afa66cc7f0ee0b37a05cebe3f4754735	CPU: AMD EPYC 9745	sweep_best	SNP	0	0.999965	0.999706	0.999836	37.851562	57870	57848	17	2
ATCC_17802__202309	Vibrio parahaemolyticus	true	hac	dna_r10.4.1_e8.2_400bps_hac@v4.3.0	25	24.97	chromosome_1=24.99;chromosome_2=24.93	A	minimap2	2.26	map-ont	clair3	1.0.5	r1041_e82_400bps_hac_v430	docker://quay.io/mbhall88/clair3@sha256:6a4c352e7d14ebb67bdad4be366dcbf6afa66cc7f0ee0b37a05cebe3f4754735	CPU: AMD EPYC 9745	sweep_best	INDEL	0	0.994898	0.976027	0.985372	18.348150	570	585	14	3
ATCC_17802__202309	Vibrio parahaemolyticus	true	hac	dna_r10.4.1_e8.2_400bps_hac@v4.3.0	25	24.97	chromosome_1=24.99;chromosome_2=24.93	A	minimap2	2.26	map-ont	clair3	1.0.5	r1041_e82_400bps_hac_v430	docker://quay.io/mbhall88/clair3@sha256:6a4c352e7d14ebb67bdad4be366dcbf6afa66cc7f0ee0b37a05cebe3f4754735	CPU: AMD EPYC 9745	sweep_best	ALL	0	0.999914	0.999470	0.999692	35.114493	58440	58433	31	5
ATCC_17802__202309	Vibrio parahaemolyticus	true	hac	dna_r10.4.1_e8.2_400bps_hac@v4.3.0	25	24.97	chromosome_1=24.99;chromosome_2=24.93	A	minimap2	2.26	map-ont	clair3	1.0.5	r1041_e82_400bps_hac_v430	docker://quay.io/mbhall88/clair3@sha256:6a4c352e7d14ebb67bdad4be366dcbf6afa66cc7f0ee0b37a05cebe3f4754735	CPU: AMD EPYC 9745	default_pass	SNP	0	0.999931	0.999568	0.999749	36.003263	57862	57844	25	4
ATCC_17802__202309	Vibrio parahaemolyticus	true	hac	dna_r10.4.1_e8.2_400bps_hac@v4.3.0	25	24.97	chromosome_1=24.99;chromosome_2=24.93	A	minimap2	2.26	map-ont	clair3	1.0.5	r1041_e82_400bps_hac_v430	docker://quay.io/mbhall88/clair3@sha256:6a4c352e7d14ebb67bdad4be366dcbf6afa66cc7f0ee0b37a05cebe3f4754735	CPU: AMD EPYC 9745	default_pass	INDEL	0	0.989655	0.967466	0.978435	16.662505	565	574	19	6
ATCC_17802__202309	Vibrio parahaemolyticus	true	hac	dna_r10.4.1_e8.2_400bps_hac@v4.3.0	25	24.97	chromosome_1=24.99;chromosome_2=24.93	A	minimap2	2.26	map-ont	clair3	1.0.5	r1041_e82_400bps_hac_v430	docker://quay.io/mbhall88/clair3@sha256:6a4c352e7d14ebb67bdad4be366dcbf6afa66cc7f0ee0b37a05cebe3f4754735	CPU: AMD EPYC 9745	default_pass	ALL	0	0.999829	0.999247	0.999538	33.353580	58427	58418	44	10
ATCC_17802__202309	Vibrio parahaemolyticus	true	hac	dna_r10.4.1_e8.2_400bps_hac@v4.3.0	25	24.97	chromosome_1=24.99;chromosome_2=24.93	B	minimap2	2.31	lr:hq	clair3	1.0.5	r1041_e82_400bps_hac_v430	docker://quay.io/mbhall88/clair3@sha256:6a4c352e7d14ebb67bdad4be366dcbf6afa66cc7f0ee0b37a05cebe3f4754735	CPU: AMD EPYC 9745	sweep_best	SNP	0	0.999948	0.999724	0.999836	37.851562	57871	57847	16	3
ATCC_17802__202309	Vibrio parahaemolyticus	true	hac	dna_r10.4.1_e8.2_400bps_hac@v4.3.0	25	24.97	chromosome_1=24.99;chromosome_2=24.93	B	minimap2	2.31	lr:hq	clair3	1.0.5	r1041_e82_400bps_hac_v430	docker://quay.io/mbhall88/clair3@sha256:6a4c352e7d14ebb67bdad4be366dcbf6afa66cc7f0ee0b37a05cebe3f4754735	CPU: AMD EPYC 9745	sweep_best	INDEL	1	0.998276	0.969178	0.983512	17.828320	566	579	18	1
ATCC_17802__202309	Vibrio parahaemolyticus	true	hac	dna_r10.4.1_e8.2_400bps_hac@v4.3.0	25	24.97	chromosome_1=24.99;chromosome_2=24.93	B	minimap2	2.31	lr:hq	clair3	1.0.5	r1041_e82_400bps_hac_v430	docker://quay.io/mbhall88/clair3@sha256:6a4c352e7d14ebb67bdad4be366dcbf6afa66cc7f0ee0b37a05cebe3f4754735	CPU: AMD EPYC 9745	sweep_best	ALL	1	0.999949	0.999401	0.999675	34.881166	58436	58425	35	3
ATCC_17802__202309	Vibrio parahaemolyticus	true	hac	dna_r10.4.1_e8.2_400bps_hac@v4.3.0	25	24.97	chromosome_1=24.99;chromosome_2=24.93	B	minimap2	2.31	lr:hq	clair3	1.0.5	r1041_e82_400bps_hac_v430	docker://quay.io/mbhall88/clair3@sha256:6a4c352e7d14ebb67bdad4be366dcbf6afa66cc7f0ee0b37a05cebe3f4754735	CPU: AMD EPYC 9745	default_pass	SNP	0	0.999948	0.999585	0.999767	36.326441	57863	57845	24	3
ATCC_17802__202309	Vibrio parahaemolyticus	true	hac	dna_r10.4.1_e8.2_400bps_hac@v4.3.0	25	24.97	chromosome_1=24.99;chromosome_2=24.93	B	minimap2	2.31	lr:hq	clair3	1.0.5	r1041_e82_400bps_hac_v430	docker://quay.io/mbhall88/clair3@sha256:6a4c352e7d14ebb67bdad4be366dcbf6afa66cc7f0ee0b37a05cebe3f4754735	CPU: AMD EPYC 9745	default_pass	INDEL	0	0.991364	0.967466	0.979269	16.833797	565	574	19	5
ATCC_17802__202309	Vibrio parahaemolyticus	true	hac	dna_r10.4.1_e8.2_400bps_hac@v4.3.0	25	24.97	chromosome_1=24.99;chromosome_2=24.93	B	minimap2	2.31	lr:hq	clair3	1.0.5	r1041_e82_400bps_hac_v430	docker://quay.io/mbhall88/clair3@sha256:6a4c352e7d14ebb67bdad4be366dcbf6afa66cc7f0ee0b37a05cebe3f4754735	CPU: AMD EPYC 9745	default_pass	ALL	0	0.999863	0.999265	0.999564	33.605135	58428	58419	43	8
ATCC_17802__202309	Vibrio parahaemolyticus	true	hac	dna_r10.4.1_e8.2_400bps_hac@v4.3.0	25	24.97	chromosome_1=24.99;chromosome_2=24.93	C	minimap2	2.31	lr:hq	clair3	2.0.3	r1041_e82_400bps_hac_v430	docker://hkubal/clair3@sha256:d56df84c2c7c508aaf0623b124d9926d366a58f34236505b26c055f848afa202	CPU: AMD EPYC 9745	sweep_best	SNP	0	0.999948	0.999724	0.999836	37.851562	57871	57847	16	3
ATCC_17802__202309	Vibrio parahaemolyticus	true	hac	dna_r10.4.1_e8.2_400bps_hac@v4.3.0	25	24.97	chromosome_1=24.99;chromosome_2=24.93	C	minimap2	2.31	lr:hq	clair3	2.0.3	r1041_e82_400bps_hac_v430	docker://hkubal/clair3@sha256:d56df84c2c7c508aaf0623b124d9926d366a58f34236505b26c055f848afa202	CPU: AMD EPYC 9745	sweep_best	INDEL	1	0.998276	0.969178	0.983512	17.828320	566	579	18	1
ATCC_17802__202309	Vibrio parahaemolyticus	true	hac	dna_r10.4.1_e8.2_400bps_hac@v4.3.0	25	24.97	chromosome_1=24.99;chromosome_2=24.93	C	minimap2	2.31	lr:hq	clair3	2.0.3	r1041_e82_400bps_hac_v430	docker://hkubal/clair3@sha256:d56df84c2c7c508aaf0623b124d9926d366a58f34236505b26c055f848afa202	CPU: AMD EPYC 9745	sweep_best	ALL	1	0.999949	0.999401	0.999675	34.881166	58436	58425	35	3
ATCC_17802__202309	Vibrio parahaemolyticus	true	hac	dna_r10.4.1_e8.2_400bps_hac@v4.3.0	25	24.97	chromosome_1=24.99;chromosome_2=24.93	C	minimap2	2.31	lr:hq	clair3	2.0.3	r1041_e82_400bps_hac_v430	docker://hkubal/clair3@sha256:d56df84c2c7c508aaf0623b124d9926d366a58f34236505b26c055f848afa202	CPU: AMD EPYC 9745	default_pass	SNP	0	0.999948	0.999585	0.999767	36.326441	57863	57845	24	3
ATCC_17802__202309	Vibrio parahaemolyticus	true	hac	dna_r10.4.1_e8.2_400bps_hac@v4.3.0	25	24.97	chromosome_1=24.99;chromosome_2=24.93	C	minimap2	2.31	lr:hq	clair3	2.0.3	r1041_e82_400bps_hac_v430	docker://hkubal/clair3@sha256:d56df84c2c7c508aaf0623b124d9926d366a58f34236505b26c055f848afa202	CPU: AMD EPYC 9745	default_pass	INDEL	0	0.991364	0.967466	0.979269	16.833797	565	574	19	5
ATCC_17802__202309	Vibrio parahaemolyticus	true	hac	dna_r10.4.1_e8.2_400bps_hac@v4.3.0	25	24.97	chromosome_1=24.99;chromosome_2=24.93	C	minimap2	2.31	lr:hq	clair3	2.0.3	r1041_e82_400bps_hac_v430	docker://hkubal/clair3@sha256:d56df84c2c7c508aaf0623b124d9926d366a58f34236505b26c055f848afa202	CPU: AMD EPYC 9745	default_pass	ALL	0	0.999863	0.999265	0.999564	33.605135	58428	58419	43	8
ATCC_17802__202309	Vibrio parahaemolyticus	true	hac	dna_r10.4.1_e8.2_400bps_hac@v4.3.0	25	24.97	chromosome_1=24.99;chromosome_2=24.93	D	minimap2	2.31	lr:hq	dorado	2.1.2	dna_r10.4.1_e8.2_400bps_polish_bacterial_methylation_v5.0.0		NVIDIA H100 80GB HBM3	sweep_best	SNP	2	0.999983	0.999568	0.999775	36.478175	57862	57844	25	1
ATCC_17802__202309	Vibrio parahaemolyticus	true	hac	dna_r10.4.1_e8.2_400bps_hac@v4.3.0	25	24.97	chromosome_1=24.99;chromosome_2=24.93	D	minimap2	2.31	lr:hq	dorado	2.1.2	dna_r10.4.1_e8.2_400bps_polish_bacterial_methylation_v5.0.0		NVIDIA H100 80GB HBM3	sweep_best	INDEL	1	0.984563	0.967466	0.975939	16.186863	565	574	19	9
ATCC_17802__202309	Vibrio parahaemolyticus	true	hac	dna_r10.4.1_e8.2_400bps_hac@v4.3.0	25	24.97	chromosome_1=24.99;chromosome_2=24.93	D	minimap2	2.31	lr:hq	dorado	2.1.2	dna_r10.4.1_e8.2_400bps_polish_bacterial_methylation_v5.0.0		NVIDIA H100 80GB HBM3	sweep_best	ALL	1	0.999812	0.999247	0.999529	33.269791	58427	58418	44	11
ATCC_17802__202309	Vibrio parahaemolyticus	true	hac	dna_r10.4.1_e8.2_400bps_hac@v4.3.0	25	24.97	chromosome_1=24.99;chromosome_2=24.93	D	minimap2	2.31	lr:hq	dorado	2.1.2	dna_r10.4.1_e8.2_400bps_polish_bacterial_methylation_v5.0.0		NVIDIA H100 80GB HBM3	default_pass	SNP	0	0.999931	0.999534	0.999732	35.718652	57860	57842	27	4
ATCC_17802__202309	Vibrio parahaemolyticus	true	hac	dna_r10.4.1_e8.2_400bps_hac@v4.3.0	25	24.97	chromosome_1=24.99;chromosome_2=24.93	D	minimap2	2.31	lr:hq	dorado	2.1.2	dna_r10.4.1_e8.2_400bps_polish_bacterial_methylation_v5.0.0		NVIDIA H100 80GB HBM3	default_pass	INDEL	0	0.986159	0.960616	0.973220	15.721894	561	570	23	8
ATCC_17802__202309	Vibrio parahaemolyticus	true	hac	dna_r10.4.1_e8.2_400bps_hac@v4.3.0	25	24.97	chromosome_1=24.99;chromosome_2=24.93	D	minimap2	2.31	lr:hq	dorado	2.1.2	dna_r10.4.1_e8.2_400bps_polish_bacterial_methylation_v5.0.0		NVIDIA H100 80GB HBM3	default_pass	ALL	0	0.999795	0.999145	0.999470	32.757241	58421	58412	50	12
ATCC_17802__202309	Vibrio parahaemolyticus	true	hac	dna_r10.4.1_e8.2_400bps_hac@v4.3.0	50	49.96	chromosome_1=49.97;chromosome_2=49.95	A	minimap2	2.26	map-ont	clair3	1.0.5	r1041_e82_400bps_hac_v430	docker://quay.io/mbhall88/clair3@sha256:6a4c352e7d14ebb67bdad4be366dcbf6afa66cc7f0ee0b37a05cebe3f4754735	CPU: AMD EPYC 9745	sweep_best	SNP	1	1.000000	0.999793	0.999896	39.829667	57875	57851	12	0
ATCC_17802__202309	Vibrio parahaemolyticus	true	hac	dna_r10.4.1_e8.2_400bps_hac@v4.3.0	50	49.96	chromosome_1=49.97;chromosome_2=49.95	A	minimap2	2.26	map-ont	clair3	1.0.5	r1041_e82_400bps_hac_v430	docker://quay.io/mbhall88/clair3@sha256:6a4c352e7d14ebb67bdad4be366dcbf6afa66cc7f0ee0b37a05cebe3f4754735	CPU: AMD EPYC 9745	sweep_best	INDEL	1	0.998311	0.989726	0.994000	22.218487	578	591	6	1
ATCC_17802__202309	Vibrio parahaemolyticus	true	hac	dna_r10.4.1_e8.2_400bps_hac@v4.3.0	50	49.96	chromosome_1=49.97;chromosome_2=49.95	A	minimap2	2.26	map-ont	clair3	1.0.5	r1041_e82_400bps_hac_v430	docker://quay.io/mbhall88/clair3@sha256:6a4c352e7d14ebb67bdad4be366dcbf6afa66cc7f0ee0b37a05cebe3f4754735	CPU: AMD EPYC 9745	sweep_best	ALL	1	0.999983	0.999692	0.999838	37.904850	58453	58442	18	1
ATCC_17802__202309	Vibrio parahaemolyticus	true	hac	dna_r10.4.1_e8.2_400bps_hac@v4.3.0	50	49.96	chromosome_1=49.97;chromosome_2=49.95	A	minimap2	2.26	map-ont	clair3	1.0.5	r1041_e82_400bps_hac_v430	docker://quay.io/mbhall88/clair3@sha256:6a4c352e7d14ebb67bdad4be366dcbf6afa66cc7f0ee0b37a05cebe3f4754735	CPU: AMD EPYC 9745	default_pass	SNP	0	0.999983	0.999775	0.999879	39.172146	57874	57850	13	1
ATCC_17802__202309	Vibrio parahaemolyticus	true	hac	dna_r10.4.1_e8.2_400bps_hac@v4.3.0	50	49.96	chromosome_1=49.97;chromosome_2=49.95	A	minimap2	2.26	map-ont	clair3	1.0.5	r1041_e82_400bps_hac_v430	docker://quay.io/mbhall88/clair3@sha256:6a4c352e7d14ebb67bdad4be366dcbf6afa66cc7f0ee0b37a05cebe3f4754735	CPU: AMD EPYC 9745	default_pass	INDEL	0	0.994941	0.988014	0.991465	20.687965	577	590	7	3
ATCC_17802__202309	Vibrio parahaemolyticus	true	hac	dna_r10.4.1_e8.2_400bps_hac@v4.3.0	50	49.96	chromosome_1=49.97;chromosome_2=49.95	A	minimap2	2.26	map-ont	clair3	1.0.5	r1041_e82_400bps_hac_v430	docker://quay.io/mbhall88/clair3@sha256:6a4c352e7d14ebb67bdad4be366dcbf6afa66cc7f0ee0b37a05cebe3f4754735	CPU: AMD EPYC 9745	default_pass	ALL	0	0.999932	0.999658	0.999795	36.882461	58451	58440	20	4
ATCC_17802__202309	Vibrio parahaemolyticus	true	hac	dna_r10.4.1_e8.2_400bps_hac@v4.3.0	50	49.96	chromosome_1=49.97;chromosome_2=49.95	B	minimap2	2.31	lr:hq	clair3	1.0.5	r1041_e82_400bps_hac_v430	docker://quay.io/mbhall88/clair3@sha256:6a4c352e7d14ebb67bdad4be366dcbf6afa66cc7f0ee0b37a05cebe3f4754735	CPU: AMD EPYC 9745	sweep_best	SNP	1	1.000000	0.999793	0.999896	39.829667	57875	57851	12	0
ATCC_17802__202309	Vibrio parahaemolyticus	true	hac	dna_r10.4.1_e8.2_400bps_hac@v4.3.0	50	49.96	chromosome_1=49.97;chromosome_2=49.95	B	minimap2	2.31	lr:hq	clair3	1.0.5	r1041_e82_400bps_hac_v430	docker://quay.io/mbhall88/clair3@sha256:6a4c352e7d14ebb67bdad4be366dcbf6afa66cc7f0ee0b37a05cebe3f4754735	CPU: AMD EPYC 9745	sweep_best	INDEL	1	0.998311	0.989726	0.994000	22.218487	578	591	6	1
ATCC_17802__202309	Vibrio parahaemolyticus	true	hac	dna_r10.4.1_e8.2_400bps_hac@v4.3.0	50	49.96	chromosome_1=49.97;chromosome_2=49.95	B	minimap2	2.31	lr:hq	clair3	1.0.5	r1041_e82_400bps_hac_v430	docker://quay.io/mbhall88/clair3@sha256:6a4c352e7d14ebb67bdad4be366dcbf6afa66cc7f0ee0b37a05cebe3f4754735	CPU: AMD EPYC 9745	sweep_best	ALL	1	0.999983	0.999692	0.999838	37.904850	58453	58442	18	1
ATCC_17802__202309	Vibrio parahaemolyticus	true	hac	dna_r10.4.1_e8.2_400bps_hac@v4.3.0	50	49.96	chromosome_1=49.97;chromosome_2=49.95	B	minimap2	2.31	lr:hq	clair3	1.0.5	r1041_e82_400bps_hac_v430	docker://quay.io/mbhall88/clair3@sha256:6a4c352e7d14ebb67bdad4be366dcbf6afa66cc7f0ee0b37a05cebe3f4754735	CPU: AMD EPYC 9745	default_pass	SNP	0	0.999983	0.999775	0.999879	39.172146	57874	57850	13	1
ATCC_17802__202309	Vibrio parahaemolyticus	true	hac	dna_r10.4.1_e8.2_400bps_hac@v4.3.0	50	49.96	chromosome_1=49.97;chromosome_2=49.95	B	minimap2	2.31	lr:hq	clair3	1.0.5	r1041_e82_400bps_hac_v430	docker://quay.io/mbhall88/clair3@sha256:6a4c352e7d14ebb67bdad4be366dcbf6afa66cc7f0ee0b37a05cebe3f4754735	CPU: AMD EPYC 9745	default_pass	INDEL	0	0.996616	0.986301	0.991432	20.671205	576	589	8	2
ATCC_17802__202309	Vibrio parahaemolyticus	true	hac	dna_r10.4.1_e8.2_400bps_hac@v4.3.0	50	49.96	chromosome_1=49.97;chromosome_2=49.95	B	minimap2	2.31	lr:hq	clair3	1.0.5	r1041_e82_400bps_hac_v430	docker://quay.io/mbhall88/clair3@sha256:6a4c352e7d14ebb67bdad4be366dcbf6afa66cc7f0ee0b37a05cebe3f4754735	CPU: AMD EPYC 9745	default_pass	ALL	0	0.999949	0.999641	0.999795	36.882461	58450	58439	21	3
ATCC_17802__202309	Vibrio parahaemolyticus	true	hac	dna_r10.4.1_e8.2_400bps_hac@v4.3.0	50	49.96	chromosome_1=49.97;chromosome_2=49.95	C	minimap2	2.31	lr:hq	clair3	2.0.3	r1041_e82_400bps_hac_v430	docker://hkubal/clair3@sha256:d56df84c2c7c508aaf0623b124d9926d366a58f34236505b26c055f848afa202	CPU: AMD EPYC 9745	sweep_best	SNP	1	1.000000	0.999793	0.999896	39.829667	57875	57851	12	0
ATCC_17802__202309	Vibrio parahaemolyticus	true	hac	dna_r10.4.1_e8.2_400bps_hac@v4.3.0	50	49.96	chromosome_1=49.97;chromosome_2=49.95	C	minimap2	2.31	lr:hq	clair3	2.0.3	r1041_e82_400bps_hac_v430	docker://hkubal/clair3@sha256:d56df84c2c7c508aaf0623b124d9926d366a58f34236505b26c055f848afa202	CPU: AMD EPYC 9745	sweep_best	INDEL	1	0.998311	0.989726	0.994000	22.218487	578	591	6	1
ATCC_17802__202309	Vibrio parahaemolyticus	true	hac	dna_r10.4.1_e8.2_400bps_hac@v4.3.0	50	49.96	chromosome_1=49.97;chromosome_2=49.95	C	minimap2	2.31	lr:hq	clair3	2.0.3	r1041_e82_400bps_hac_v430	docker://hkubal/clair3@sha256:d56df84c2c7c508aaf0623b124d9926d366a58f34236505b26c055f848afa202	CPU: AMD EPYC 9745	sweep_best	ALL	1	0.999983	0.999692	0.999838	37.904850	58453	58442	18	1
ATCC_17802__202309	Vibrio parahaemolyticus	true	hac	dna_r10.4.1_e8.2_400bps_hac@v4.3.0	50	49.96	chromosome_1=49.97;chromosome_2=49.95	C	minimap2	2.31	lr:hq	clair3	2.0.3	r1041_e82_400bps_hac_v430	docker://hkubal/clair3@sha256:d56df84c2c7c508aaf0623b124d9926d366a58f34236505b26c055f848afa202	CPU: AMD EPYC 9745	default_pass	SNP	0	0.999983	0.999775	0.999879	39.172146	57874	57850	13	1
ATCC_17802__202309	Vibrio parahaemolyticus	true	hac	dna_r10.4.1_e8.2_400bps_hac@v4.3.0	50	49.96	chromosome_1=49.97;chromosome_2=49.95	C	minimap2	2.31	lr:hq	clair3	2.0.3	r1041_e82_400bps_hac_v430	docker://hkubal/clair3@sha256:d56df84c2c7c508aaf0623b124d9926d366a58f34236505b26c055f848afa202	CPU: AMD EPYC 9745	default_pass	INDEL	0	0.996616	0.986301	0.991432	20.671205	576	589	8	2
ATCC_17802__202309	Vibrio parahaemolyticus	true	hac	dna_r10.4.1_e8.2_400bps_hac@v4.3.0	50	49.96	chromosome_1=49.97;chromosome_2=49.95	C	minimap2	2.31	lr:hq	clair3	2.0.3	r1041_e82_400bps_hac_v430	docker://hkubal/clair3@sha256:d56df84c2c7c508aaf0623b124d9926d366a58f34236505b26c055f848afa202	CPU: AMD EPYC 9745	default_pass	ALL	0	0.999949	0.999641	0.999795	36.882461	58450	58439	21	3
ATCC_17802__202309	Vibrio parahaemolyticus	true	hac	dna_r10.4.1_e8.2_400bps_hac@v4.3.0	50	49.96	chromosome_1=49.97;chromosome_2=49.95	D	minimap2	2.31	lr:hq	dorado	2.1.2	dna_r10.4.1_e8.2_400bps_polish_bacterial_methylation_v5.0.0		NVIDIA H100 80GB HBM3	sweep_best	SNP	1	0.999983	0.999689	0.999836	37.851562	57869	57851	18	1
ATCC_17802__202309	Vibrio parahaemolyticus	true	hac	dna_r10.4.1_e8.2_400bps_hac@v4.3.0	50	49.96	chromosome_1=49.97;chromosome_2=49.95	D	minimap2	2.31	lr:hq	dorado	2.1.2	dna_r10.4.1_e8.2_400bps_polish_bacterial_methylation_v5.0.0		NVIDIA H100 80GB HBM3	sweep_best	INDEL	1	0.989637	0.965753	0.977550	16.487837	564	573	20	6
ATCC_17802__202309	Vibrio parahaemolyticus	true	hac	dna_r10.4.1_e8.2_400bps_hac@v4.3.0	50	49.96	chromosome_1=49.97;chromosome_2=49.95	D	minimap2	2.31	lr:hq	dorado	2.1.2	dna_r10.4.1_e8.2_400bps_polish_bacterial_methylation_v5.0.0		NVIDIA H100 80GB HBM3	sweep_best	ALL	1	0.999880	0.999350	0.999615	34.145393	58433	58424	38	7
ATCC_17802__202309	Vibrio parahaemolyticus	true	hac	dna_r10.4.1_e8.2_400bps_hac@v4.3.0	50	49.96	chromosome_1=49.97;chromosome_2=49.95	D	minimap2	2.31	lr:hq	dorado	2.1.2	dna_r10.4.1_e8.2_400bps_polish_bacterial_methylation_v5.0.0		NVIDIA H100 80GB HBM3	default_pass	SNP	0	0.999948	0.999637	0.999793	36.840297	57866	57848	21	3
ATCC_17802__202309	Vibrio parahaemolyticus	true	hac	dna_r10.4.1_e8.2_400bps_hac@v4.3.0	50	49.96	chromosome_1=49.97;chromosome_2=49.95	D	minimap2	2.31	lr:hq	dorado	2.1.2	dna_r10.4.1_e8.2_400bps_polish_bacterial_methylation_v5.0.0		NVIDIA H100 80GB HBM3	default_pass	INDEL	0	0.989601	0.962329	0.975775	16.157362	562	571	22	6
ATCC_17802__202309	Vibrio parahaemolyticus	true	hac	dna_r10.4.1_e8.2_400bps_hac@v4.3.0	50	49.96	chromosome_1=49.97;chromosome_2=49.95	D	minimap2	2.31	lr:hq	dorado	2.1.2	dna_r10.4.1_e8.2_400bps_polish_bacterial_methylation_v5.0.0		NVIDIA H100 80GB HBM3	default_pass	ALL	0	0.999846	0.999265	0.999555	33.516400	58428	58419	43	9
ATCC_17802__202309	Vibrio parahaemolyticus	true	sup	dna_r10.4.1_e8.2_400bps_sup@v4.3.0	5	5.02	chromosome_1=5.02;chromosome_2=5.01	A	minimap2	2.26	map-ont	clair3	1.0.5	r1041_e82_400bps_sup_v430	docker://quay.io/mbhall88/clair3@sha256:6a4c352e7d14ebb67bdad4be366dcbf6afa66cc7f0ee0b37a05cebe3f4754735	CPU: AMD EPYC 9745	sweep_best	SNP	0	0.999826	0.994627	0.997220	25.559552	57576	57558	311	10
ATCC_17802__202309	Vibrio parahaemolyticus	true	sup	dna_r10.4.1_e8.2_400bps_sup@v4.3.0	5	5.02	chromosome_1=5.02;chromosome_2=5.01	A	minimap2	2.26	map-ont	clair3	1.0.5	r1041_e82_400bps_sup_v430	docker://quay.io/mbhall88/clair3@sha256:6a4c352e7d14ebb67bdad4be366dcbf6afa66cc7f0ee0b37a05cebe3f4754735	CPU: AMD EPYC 9745	sweep_best	INDEL	0	0.992793	0.921233	0.955675	13.533513	538	551	46	4
ATCC_17802__202309	Vibrio parahaemolyticus	true	sup	dna_r10.4.1_e8.2_400bps_sup@v4.3.0	5	5.02	chromosome_1=5.02;chromosome_2=5.01	A	minimap2	2.26	map-ont	clair3	1.0.5	r1041_e82_400bps_sup_v430	docker://quay.io/mbhall88/clair3@sha256:6a4c352e7d14ebb67bdad4be366dcbf6afa66cc7f0ee0b37a05cebe3f4754735	CPU: AMD EPYC 9745	sweep_best	ALL	0	0.999759	0.993894	0.996818	24.972998	58114	58109	357	14
ATCC_17802__202309	Vibrio parahaemolyticus	true	sup	dna_r10.4.1_e8.2_400bps_sup@v4.3.0	5	5.02	chromosome_1=5.02;chromosome_2=5.01	A	minimap2	2.26	map-ont	clair3	1.0.5	r1041_e82_400bps_sup_v430	docker://quay.io/mbhall88/clair3@sha256:6a4c352e7d14ebb67bdad4be366dcbf6afa66cc7f0ee0b37a05cebe3f4754735	CPU: AMD EPYC 9745	default_pass	SNP	0	0.999774	0.994299	0.997029	25.270973	57557	57549	330	13
ATCC_17802__202309	Vibrio parahaemolyticus	true	sup	dna_r10.4.1_e8.2_400bps_sup@v4.3.0	5	5.02	chromosome_1=5.02;chromosome_2=5.01	A	minimap2	2.26	map-ont	clair3	1.0.5	r1041_e82_400bps_sup_v430	docker://quay.io/mbhall88/clair3@sha256:6a4c352e7d14ebb67bdad4be366dcbf6afa66cc7f0ee0b37a05cebe3f4754735	CPU: AMD EPYC 9745	default_pass	INDEL	0	0.990512	0.880137	0.932068	11.679256	514	522	70	5
ATCC_17802__202309	Vibrio parahaemolyticus	true	sup	dna_r10.4.1_e8.2_400bps_sup@v4.3.0	5	5.02	chromosome_1=5.02;chromosome_2=5.01	A	minimap2	2.26	map-ont	clair3	1.0.5	r1041_e82_400bps_sup_v430	docker://quay.io/mbhall88/clair3@sha256:6a4c352e7d14ebb67bdad4be366dcbf6afa66cc7f0ee0b37a05cebe3f4754735	CPU: AMD EPYC 9745	default_pass	ALL	0	0.999690	0.993159	0.996414	24.453897	58071	58071	400	18
ATCC_17802__202309	Vibrio parahaemolyticus	true	sup	dna_r10.4.1_e8.2_400bps_sup@v4.3.0	5	5.02	chromosome_1=5.02;chromosome_2=5.01	B	minimap2	2.31	lr:hq	clair3	1.0.5	r1041_e82_400bps_sup_v430	docker://quay.io/mbhall88/clair3@sha256:6a4c352e7d14ebb67bdad4be366dcbf6afa66cc7f0ee0b37a05cebe3f4754735	CPU: AMD EPYC 9745	sweep_best	SNP	0	0.999826	0.994610	0.997211	25.545515	57575	57557	312	10
ATCC_17802__202309	Vibrio parahaemolyticus	true	sup	dna_r10.4.1_e8.2_400bps_sup@v4.3.0	5	5.02	chromosome_1=5.02;chromosome_2=5.01	B	minimap2	2.31	lr:hq	clair3	1.0.5	r1041_e82_400bps_sup_v430	docker://quay.io/mbhall88/clair3@sha256:6a4c352e7d14ebb67bdad4be366dcbf6afa66cc7f0ee0b37a05cebe3f4754735	CPU: AMD EPYC 9745	sweep_best	INDEL	0	0.992793	0.921233	0.955675	13.533513	538	551	46	4
ATCC_17802__202309	Vibrio parahaemolyticus	true	sup	dna_r10.4.1_e8.2_400bps_sup@v4.3.0	5	5.02	chromosome_1=5.02;chromosome_2=5.01	B	minimap2	2.31	lr:hq	clair3	1.0.5	r1041_e82_400bps_sup_v430	docker://quay.io/mbhall88/clair3@sha256:6a4c352e7d14ebb67bdad4be366dcbf6afa66cc7f0ee0b37a05cebe3f4754735	CPU: AMD EPYC 9745	sweep_best	ALL	0	0.999759	0.993877	0.996810	24.962093	58113	58108	358	14
ATCC_17802__202309	Vibrio parahaemolyticus	true	sup	dna_r10.4.1_e8.2_400bps_sup@v4.3.0	5	5.02	chromosome_1=5.02;chromosome_2=5.01	B	minimap2	2.31	lr:hq	clair3	1.0.5	r1041_e82_400bps_sup_v430	docker://quay.io/mbhall88/clair3@sha256:6a4c352e7d14ebb67bdad4be366dcbf6afa66cc7f0ee0b37a05cebe3f4754735	CPU: AMD EPYC 9745	default_pass	SNP	0	0.999774	0.994282	0.997020	25.257837	57556	57548	331	13
ATCC_17802__202309	Vibrio parahaemolyticus	true	sup	dna_r10.4.1_e8.2_400bps_sup@v4.3.0	5	5.02	chromosome_1=5.02;chromosome_2=5.01	B	minimap2	2.31	lr:hq	clair3	1.0.5	r1041_e82_400bps_sup_v430	docker://quay.io/mbhall88/clair3@sha256:6a4c352e7d14ebb67bdad4be366dcbf6afa66cc7f0ee0b37a05cebe3f4754735	CPU: AMD EPYC 9745	default_pass	INDEL	0	0.990512	0.880137	0.932068	11.679256	514	522	70	5
ATCC_17802__202309	Vibrio parahaemolyticus	true	sup	dna_r10.4.1_e8.2_400bps_sup@v4.3.0	5	5.02	chromosome_1=5.02;chromosome_2=5.01	B	minimap2	2.31	lr:hq	clair3	1.0.5	r1041_e82_400bps_sup_v430	docker://quay.io/mbhall88/clair3@sha256:6a4c352e7d14ebb67bdad4be366dcbf6afa66cc7f0ee0b37a05cebe3f4754735	CPU: AMD EPYC 9745	default_pass	ALL	0	0.999690	0.993142	0.996405	24.443011	58070	58070	401	18
ATCC_17802__202309	Vibrio parahaemolyticus	true	sup	dna_r10.4.1_e8.2_400bps_sup@v4.3.0	5	5.02	chromosome_1=5.02;chromosome_2=5.01	C	minimap2	2.31	lr:hq	clair3	2.0.3	r1041_e82_400bps_sup_v430	docker://hkubal/clair3@sha256:d56df84c2c7c508aaf0623b124d9926d366a58f34236505b26c055f848afa202	CPU: AMD EPYC 9745	sweep_best	SNP	0	0.999826	0.994610	0.997211	25.545515	57575	57557	312	10
ATCC_17802__202309	Vibrio parahaemolyticus	true	sup	dna_r10.4.1_e8.2_400bps_sup@v4.3.0	5	5.02	chromosome_1=5.02;chromosome_2=5.01	C	minimap2	2.31	lr:hq	clair3	2.0.3	r1041_e82_400bps_sup_v430	docker://hkubal/clair3@sha256:d56df84c2c7c508aaf0623b124d9926d366a58f34236505b26c055f848afa202	CPU: AMD EPYC 9745	sweep_best	INDEL	0	0.992793	0.921233	0.955675	13.533513	538	551	46	4
ATCC_17802__202309	Vibrio parahaemolyticus	true	sup	dna_r10.4.1_e8.2_400bps_sup@v4.3.0	5	5.02	chromosome_1=5.02;chromosome_2=5.01	C	minimap2	2.31	lr:hq	clair3	2.0.3	r1041_e82_400bps_sup_v430	docker://hkubal/clair3@sha256:d56df84c2c7c508aaf0623b124d9926d366a58f34236505b26c055f848afa202	CPU: AMD EPYC 9745	sweep_best	ALL	0	0.999759	0.993877	0.996810	24.962093	58113	58108	358	14
ATCC_17802__202309	Vibrio parahaemolyticus	true	sup	dna_r10.4.1_e8.2_400bps_sup@v4.3.0	5	5.02	chromosome_1=5.02;chromosome_2=5.01	C	minimap2	2.31	lr:hq	clair3	2.0.3	r1041_e82_400bps_sup_v430	docker://hkubal/clair3@sha256:d56df84c2c7c508aaf0623b124d9926d366a58f34236505b26c055f848afa202	CPU: AMD EPYC 9745	default_pass	SNP	0	0.999774	0.994282	0.997020	25.257837	57556	57548	331	13
ATCC_17802__202309	Vibrio parahaemolyticus	true	sup	dna_r10.4.1_e8.2_400bps_sup@v4.3.0	5	5.02	chromosome_1=5.02;chromosome_2=5.01	C	minimap2	2.31	lr:hq	clair3	2.0.3	r1041_e82_400bps_sup_v430	docker://hkubal/clair3@sha256:d56df84c2c7c508aaf0623b124d9926d366a58f34236505b26c055f848afa202	CPU: AMD EPYC 9745	default_pass	INDEL	0	0.990512	0.880137	0.932068	11.679256	514	522	70	5
ATCC_17802__202309	Vibrio parahaemolyticus	true	sup	dna_r10.4.1_e8.2_400bps_sup@v4.3.0	5	5.02	chromosome_1=5.02;chromosome_2=5.01	C	minimap2	2.31	lr:hq	clair3	2.0.3	r1041_e82_400bps_sup_v430	docker://hkubal/clair3@sha256:d56df84c2c7c508aaf0623b124d9926d366a58f34236505b26c055f848afa202	CPU: AMD EPYC 9745	default_pass	ALL	0	0.999690	0.993142	0.996405	24.443011	58070	58070	401	18
ATCC_17802__202309	Vibrio parahaemolyticus	true	sup	dna_r10.4.1_e8.2_400bps_sup@v4.3.0	5	5.02	chromosome_1=5.02;chromosome_2=5.01	D	minimap2	2.31	lr:hq	dorado	2.1.2	dna_r10.4.1_e8.2_400bps_polish_bacterial_methylation_v5.0.0		NVIDIA H100 80GB HBM3	sweep_best	SNP	8	0.998703	0.998255	0.998479	28.178708	57786	57768	101	75
ATCC_17802__202309	Vibrio parahaemolyticus	true	sup	dna_r10.4.1_e8.2_400bps_sup@v4.3.0	5	5.02	chromosome_1=5.02;chromosome_2=5.01	D	minimap2	2.31	lr:hq	dorado	2.1.2	dna_r10.4.1_e8.2_400bps_polish_bacterial_methylation_v5.0.0		NVIDIA H100 80GB HBM3	sweep_best	INDEL	9	0.949821	0.892123	0.920068	10.972793	521	530	63	28
ATCC_17802__202309	Vibrio parahaemolyticus	true	sup	dna_r10.4.1_e8.2_400bps_sup@v4.3.0	5	5.02	chromosome_1=5.02;chromosome_2=5.01	D	minimap2	2.31	lr:hq	dorado	2.1.2	dna_r10.4.1_e8.2_400bps_polish_bacterial_methylation_v5.0.0		NVIDIA H100 80GB HBM3	sweep_best	ALL	8	0.998083	0.997298	0.997690	26.363880	58313	58304	158	112
ATCC_17802__202309	Vibrio parahaemolyticus	true	sup	dna_r10.4.1_e8.2_400bps_sup@v4.3.0	5	5.02	chromosome_1=5.02;chromosome_2=5.01	D	minimap2	2.31	lr:hq	dorado	2.1.2	dna_r10.4.1_e8.2_400bps_polish_bacterial_methylation_v5.0.0		NVIDIA H100 80GB HBM3	default_pass	SNP	0	0.997034	0.999033	0.998032	27.059749	57831	57813	56	172
ATCC_17802__202309	Vibrio parahaemolyticus	true	sup	dna_r10.4.1_e8.2_400bps_sup@v4.3.0	5	5.02	chromosome_1=5.02;chromosome_2=5.01	D	minimap2	2.31	lr:hq	dorado	2.1.2	dna_r10.4.1_e8.2_400bps_polish_bacterial_methylation_v5.0.0		NVIDIA H100 80GB HBM3	default_pass	INDEL	0	0.774550	0.943493	0.850715	8.259838	551	560	33	163
ATCC_17802__202309	Vibrio parahaemolyticus	true	sup	dna_r10.4.1_e8.2_400bps_sup@v4.3.0	5	5.02	chromosome_1=5.02;chromosome_2=5.01	D	minimap2	2.31	lr:hq	dorado	2.1.2	dna_r10.4.1_e8.2_400bps_polish_bacterial_methylation_v5.0.0		NVIDIA H100 80GB HBM3	default_pass	ALL	0	0.994294	0.998478	0.996382	24.415314	58382	58373	89	335
ATCC_17802__202309	Vibrio parahaemolyticus	true	sup	dna_r10.4.1_e8.2_400bps_sup@v4.3.0	10	10.03	chromosome_1=10.05;chromosome_2=10.00	A	minimap2	2.26	map-ont	clair3	1.0.5	r1041_e82_400bps_sup_v430	docker://quay.io/mbhall88/clair3@sha256:6a4c352e7d14ebb67bdad4be366dcbf6afa66cc7f0ee0b37a05cebe3f4754735	CPU: AMD EPYC 9745	sweep_best	SNP	0	0.999983	0.998756	0.999369	31.999706	57815	57797	72	1
ATCC_17802__202309	Vibrio parahaemolyticus	true	sup	dna_r10.4.1_e8.2_400bps_sup@v4.3.0	10	10.03	chromosome_1=10.05;chromosome_2=10.00	A	minimap2	2.26	map-ont	clair3	1.0.5	r1041_e82_400bps_sup_v430	docker://quay.io/mbhall88/clair3@sha256:6a4c352e7d14ebb67bdad4be366dcbf6afa66cc7f0ee0b37a05cebe3f4754735	CPU: AMD EPYC 9745	sweep_best	INDEL	0	0.994907	0.981164	0.987988	19.203847	573	586	11	3
ATCC_17802__202309	Vibrio parahaemolyticus	true	sup	dna_r10.4.1_e8.2_400bps_sup@v4.3.0	10	10.03	chromosome_1=10.05;chromosome_2=10.00	A	minimap2	2.26	map-ont	clair3	1.0.5	r1041_e82_400bps_sup_v430	docker://quay.io/mbhall88/clair3@sha256:6a4c352e7d14ebb67bdad4be366dcbf6afa66cc7f0ee0b37a05cebe3f4754735	CPU: AMD EPYC 9745	sweep_best	ALL	0	0.999932	0.998581	0.999256	31.284271	58388	58383	83	4
ATCC_17802__202309	Vibrio parahaemolyticus	true	sup	dna_r10.4.1_e8.2_400bps_sup@v4.3.0	10	10.03	chromosome_1=10.05;chromosome_2=10.00	A	minimap2	2.26	map-ont	clair3	1.0.5	r1041_e82_400bps_sup_v430	docker://quay.io/mbhall88/clair3@sha256:6a4c352e7d14ebb67bdad4be366dcbf6afa66cc7f0ee0b37a05cebe3f4754735	CPU: AMD EPYC 9745	default_pass	SNP	0	0.999931	0.998670	0.999300	31.549020	57810	57794	77	4
ATCC_17802__202309	Vibrio parahaemolyticus	true	sup	dna_r10.4.1_e8.2_400bps_sup@v4.3.0	10	10.03	chromosome_1=10.05;chromosome_2=10.00	A	minimap2	2.26	map-ont	clair3	1.0.5	r1041_e82_400bps_sup_v430	docker://quay.io/mbhall88/clair3@sha256:6a4c352e7d14ebb67bdad4be366dcbf6afa66cc7f0ee0b37a05cebe3f4754735	CPU: AMD EPYC 9745	default_pass	INDEL	0	0.991438	0.976027	0.983672	17.870670	570	579	14	5
ATCC_17802__202309	Vibrio parahaemolyticus	true	sup	dna_r10.4.1_e8.2_400bps_sup@v4.3.0	10	10.03	chromosome_1=10.05;chromosome_2=10.00	A	minimap2	2.26	map-ont	clair3	1.0.5	r1041_e82_400bps_sup_v430	docker://quay.io/mbhall88/clair3@sha256:6a4c352e7d14ebb67bdad4be366dcbf6afa66cc7f0ee0b37a05cebe3f4754735	CPU: AMD EPYC 9745	default_pass	ALL	0	0.999846	0.998444	0.999144	30.675262	58380	58373	91	9
ATCC_17802__202309	Vibrio parahaemolyticus	true	sup	dna_r10.4.1_e8.2_400bps_sup@v4.3.0	10	10.03	chromosome_1=10.05;chromosome_2=10.00	B	minimap2	2.31	lr:hq	clair3	1.0.5	r1041_e82_400bps_sup_v430	docker://quay.io/mbhall88/clair3@sha256:6a4c352e7d14ebb67bdad4be366dcbf6afa66cc7f0ee0b37a05cebe3f4754735	CPU: AMD EPYC 9745	sweep_best	SNP	0	0.999983	0.998825	0.999404	32.247537	57819	57801	68	1
ATCC_17802__202309	Vibrio parahaemolyticus	true	sup	dna_r10.4.1_e8.2_400bps_sup@v4.3.0	10	10.03	chromosome_1=10.05;chromosome_2=10.00	B	minimap2	2.31	lr:hq	clair3	1.0.5	r1041_e82_400bps_sup_v430	docker://quay.io/mbhall88/clair3@sha256:6a4c352e7d14ebb67bdad4be366dcbf6afa66cc7f0ee0b37a05cebe3f4754735	CPU: AMD EPYC 9745	sweep_best	INDEL	0	0.994907	0.981164	0.987988	19.203847	573	586	11	3
ATCC_17802__202309	Vibrio parahaemolyticus	true	sup	dna_r10.4.1_e8.2_400bps_sup@v4.3.0	10	10.03	chromosome_1=10.05;chromosome_2=10.00	B	minimap2	2.31	lr:hq	clair3	1.0.5	r1041_e82_400bps_sup_v430	docker://quay.io/mbhall88/clair3@sha256:6a4c352e7d14ebb67bdad4be366dcbf6afa66cc7f0ee0b37a05cebe3f4754735	CPU: AMD EPYC 9745	sweep_best	ALL	0	0.999932	0.998649	0.999290	31.487417	58392	58387	79	4
ATCC_17802__202309	Vibrio parahaemolyticus	true	sup	dna_r10.4.1_e8.2_400bps_sup@v4.3.0	10	10.03	chromosome_1=10.05;chromosome_2=10.00	B	minimap2	2.31	lr:hq	clair3	1.0.5	r1041_e82_400bps_sup_v430	docker://quay.io/mbhall88/clair3@sha256:6a4c352e7d14ebb67bdad4be366dcbf6afa66cc7f0ee0b37a05cebe3f4754735	CPU: AMD EPYC 9745	default_pass	SNP	0	0.999931	0.998739	0.999335	31.771784	57814	57798	73	4
ATCC_17802__202309	Vibrio parahaemolyticus	true	sup	dna_r10.4.1_e8.2_400bps_sup@v4.3.0	10	10.03	chromosome_1=10.05;chromosome_2=10.00	B	minimap2	2.31	lr:hq	clair3	1.0.5	r1041_e82_400bps_sup_v430	docker://quay.io/mbhall88/clair3@sha256:6a4c352e7d14ebb67bdad4be366dcbf6afa66cc7f0ee0b37a05cebe3f4754735	CPU: AMD EPYC 9745	default_pass	INDEL	0	0.993139	0.976027	0.984509	18.099205	570	579	14	4
ATCC_17802__202309	Vibrio parahaemolyticus	true	sup	dna_r10.4.1_e8.2_400bps_sup@v4.3.0	10	10.03	chromosome_1=10.05;chromosome_2=10.00	B	minimap2	2.31	lr:hq	clair3	1.0.5	r1041_e82_400bps_sup_v430	docker://quay.io/mbhall88/clair3@sha256:6a4c352e7d14ebb67bdad4be366dcbf6afa66cc7f0ee0b37a05cebe3f4754735	CPU: AMD EPYC 9745	default_pass	ALL	0	0.999863	0.998512	0.999187	30.899095	58384	58377	87	8
ATCC_17802__202309	Vibrio parahaemolyticus	true	sup	dna_r10.4.1_e8.2_400bps_sup@v4.3.0	10	10.03	chromosome_1=10.05;chromosome_2=10.00	C	minimap2	2.31	lr:hq	clair3	2.0.3	r1041_e82_400bps_sup_v430	docker://hkubal/clair3@sha256:d56df84c2c7c508aaf0623b124d9926d366a58f34236505b26c055f848afa202	CPU: AMD EPYC 9745	sweep_best	SNP	0	0.999983	0.998825	0.999404	32.247537	57819	57801	68	1
ATCC_17802__202309	Vibrio parahaemolyticus	true	sup	dna_r10.4.1_e8.2_400bps_sup@v4.3.0	10	10.03	chromosome_1=10.05;chromosome_2=10.00	C	minimap2	2.31	lr:hq	clair3	2.0.3	r1041_e82_400bps_sup_v430	docker://hkubal/clair3@sha256:d56df84c2c7c508aaf0623b124d9926d366a58f34236505b26c055f848afa202	CPU: AMD EPYC 9745	sweep_best	INDEL	0	0.994907	0.981164	0.987988	19.203847	573	586	11	3
ATCC_17802__202309	Vibrio parahaemolyticus	true	sup	dna_r10.4.1_e8.2_400bps_sup@v4.3.0	10	10.03	chromosome_1=10.05;chromosome_2=10.00	C	minimap2	2.31	lr:hq	clair3	2.0.3	r1041_e82_400bps_sup_v430	docker://hkubal/clair3@sha256:d56df84c2c7c508aaf0623b124d9926d366a58f34236505b26c055f848afa202	CPU: AMD EPYC 9745	sweep_best	ALL	0	0.999932	0.998649	0.999290	31.487417	58392	58387	79	4
ATCC_17802__202309	Vibrio parahaemolyticus	true	sup	dna_r10.4.1_e8.2_400bps_sup@v4.3.0	10	10.03	chromosome_1=10.05;chromosome_2=10.00	C	minimap2	2.31	lr:hq	clair3	2.0.3	r1041_e82_400bps_sup_v430	docker://hkubal/clair3@sha256:d56df84c2c7c508aaf0623b124d9926d366a58f34236505b26c055f848afa202	CPU: AMD EPYC 9745	default_pass	SNP	0	0.999931	0.998739	0.999335	31.771784	57814	57798	73	4
ATCC_17802__202309	Vibrio parahaemolyticus	true	sup	dna_r10.4.1_e8.2_400bps_sup@v4.3.0	10	10.03	chromosome_1=10.05;chromosome_2=10.00	C	minimap2	2.31	lr:hq	clair3	2.0.3	r1041_e82_400bps_sup_v430	docker://hkubal/clair3@sha256:d56df84c2c7c508aaf0623b124d9926d366a58f34236505b26c055f848afa202	CPU: AMD EPYC 9745	default_pass	INDEL	0	0.993139	0.976027	0.984509	18.099205	570	579	14	4
ATCC_17802__202309	Vibrio parahaemolyticus	true	sup	dna_r10.4.1_e8.2_400bps_sup@v4.3.0	10	10.03	chromosome_1=10.05;chromosome_2=10.00	C	minimap2	2.31	lr:hq	clair3	2.0.3	r1041_e82_400bps_sup_v430	docker://hkubal/clair3@sha256:d56df84c2c7c508aaf0623b124d9926d366a58f34236505b26c055f848afa202	CPU: AMD EPYC 9745	default_pass	ALL	0	0.999863	0.998512	0.999187	30.899095	58384	58377	87	8
ATCC_17802__202309	Vibrio parahaemolyticus	true	sup	dna_r10.4.1_e8.2_400bps_sup@v4.3.0	10	10.03	chromosome_1=10.05;chromosome_2=10.00	D	minimap2	2.31	lr:hq	dorado	2.1.2	dna_r10.4.1_e8.2_400bps_polish_bacterial_methylation_v5.0.0		NVIDIA H100 80GB HBM3	sweep_best	SNP	3	0.999741	0.999689	0.999715	35.451551	57869	57851	18	15
ATCC_17802__202309	Vibrio parahaemolyticus	true	sup	dna_r10.4.1_e8.2_400bps_sup@v4.3.0	10	10.03	chromosome_1=10.05;chromosome_2=10.00	D	minimap2	2.31	lr:hq	dorado	2.1.2	dna_r10.4.1_e8.2_400bps_polish_bacterial_methylation_v5.0.0		NVIDIA H100 80GB HBM3	sweep_best	INDEL	6	0.987931	0.965753	0.976716	16.329424	564	573	20	7
ATCC_17802__202309	Vibrio parahaemolyticus	true	sup	dna_r10.4.1_e8.2_400bps_sup@v4.3.0	10	10.03	chromosome_1=10.05;chromosome_2=10.00	D	minimap2	2.31	lr:hq	dorado	2.1.2	dna_r10.4.1_e8.2_400bps_polish_bacterial_methylation_v5.0.0		NVIDIA H100 80GB HBM3	sweep_best	ALL	6	0.999675	0.999299	0.999487	32.898826	58430	58421	41	19
ATCC_17802__202309	Vibrio parahaemolyticus	true	sup	dna_r10.4.1_e8.2_400bps_sup@v4.3.0	10	10.03	chromosome_1=10.05;chromosome_2=10.00	D	minimap2	2.31	lr:hq	dorado	2.1.2	dna_r10.4.1_e8.2_400bps_polish_bacterial_methylation_v5.0.0		NVIDIA H100 80GB HBM3	default_pass	SNP	0	0.999741	0.999689	0.999715	35.451551	57869	57851	18	15
ATCC_17802__202309	Vibrio parahaemolyticus	true	sup	dna_r10.4.1_e8.2_400bps_sup@v4.3.0	10	10.03	chromosome_1=10.05;chromosome_2=10.00	D	minimap2	2.31	lr:hq	dorado	2.1.2	dna_r10.4.1_e8.2_400bps_polish_bacterial_methylation_v5.0.0		NVIDIA H100 80GB HBM3	default_pass	INDEL	0	0.974619	0.970890	0.972751	15.646494	567	576	17	15
ATCC_17802__202309	Vibrio parahaemolyticus	true	sup	dna_r10.4.1_e8.2_400bps_sup@v4.3.0	10	10.03	chromosome_1=10.05;chromosome_2=10.00	D	minimap2	2.31	lr:hq	dorado	2.1.2	dna_r10.4.1_e8.2_400bps_polish_bacterial_methylation_v5.0.0		NVIDIA H100 80GB HBM3	default_pass	ALL	0	0.999487	0.999401	0.999444	32.549252	58436	58427	35	30
ATCC_17802__202309	Vibrio parahaemolyticus	true	sup	dna_r10.4.1_e8.2_400bps_sup@v4.3.0	25	25.10	chromosome_1=25.09;chromosome_2=25.13	A	minimap2	2.26	map-ont	clair3	1.0.5	r1041_e82_400bps_sup_v430	docker://quay.io/mbhall88/clair3@sha256:6a4c352e7d14ebb67bdad4be366dcbf6afa66cc7f0ee0b37a05cebe3f4754735	CPU: AMD EPYC 9745	sweep_best	SNP	0	1.000000	0.999862	0.999931	41.611509	57879	57857	8	0
ATCC_17802__202309	Vibrio parahaemolyticus	true	sup	dna_r10.4.1_e8.2_400bps_sup@v4.3.0	25	25.10	chromosome_1=25.09;chromosome_2=25.13	A	minimap2	2.26	map-ont	clair3	1.0.5	r1041_e82_400bps_sup_v430	docker://quay.io/mbhall88/clair3@sha256:6a4c352e7d14ebb67bdad4be366dcbf6afa66cc7f0ee0b37a05cebe3f4754735	CPU: AMD EPYC 9745	sweep_best	INDEL	0	1.000000	0.986301	0.993103	21.613398	576	591	8	0
ATCC_17802__202309	Vibrio parahaemolyticus	true	sup	dna_r10.4.1_e8.2_400bps_sup@v4.3.0	25	25.10	chromosome_1=25.09;chromosome_2=25.13	A	minimap2	2.26	map-ont	clair3	1.0.5	r1041_e82_400bps_sup_v430	docker://quay.io/mbhall88/clair3@sha256:6a4c352e7d14ebb67bdad4be366dcbf6afa66cc7f0ee0b37a05cebe3f4754735	CPU: AMD EPYC 9745	sweep_best	ALL	0	1.000000	0.999726	0.999863	38.632794	58455	58448	16	0
ATCC_17802__202309	Vibrio parahaemolyticus	true	sup	dna_r10.4.1_e8.2_400bps_sup@v4.3.0	25	25.10	chromosome_1=25.09;chromosome_2=25.13	A	minimap2	2.26	map-ont	clair3	1.0.5	r1041_e82_400bps_sup_v430	docker://quay.io/mbhall88/clair3@sha256:6a4c352e7d14ebb67bdad4be366dcbf6afa66cc7f0ee0b37a05cebe3f4754735	CPU: AMD EPYC 9745	default_pass	SNP	0	0.999965	0.999793	0.999879	39.172146	57875	57855	12	2
ATCC_17802__202309	Vibrio parahaemolyticus	true	sup	dna_r10.4.1_e8.2_400bps_sup@v4.3.0	25	25.10	chromosome_1=25.09;chromosome_2=25.13	A	minimap2	2.26	map-ont	clair3	1.0.5	r1041_e82_400bps_sup_v430	docker://quay.io/mbhall88/clair3@sha256:6a4c352e7d14ebb67bdad4be366dcbf6afa66cc7f0ee0b37a05cebe3f4754735	CPU: AMD EPYC 9745	default_pass	INDEL	0	0.993209	0.982877	0.988016	19.213982	574	585	10	4
ATCC_17802__202309	Vibrio parahaemolyticus	true	sup	dna_r10.4.1_e8.2_400bps_sup@v4.3.0	25	25.10	chromosome_1=25.09;chromosome_2=25.13	A	minimap2	2.26	map-ont	clair3	1.0.5	r1041_e82_400bps_sup_v430	docker://quay.io/mbhall88/clair3@sha256:6a4c352e7d14ebb67bdad4be366dcbf6afa66cc7f0ee0b37a05cebe3f4754735	CPU: AMD EPYC 9745	default_pass	ALL	0	0.999897	0.999624	0.999761	36.216021	58449	58440	22	6
ATCC_17802__202309	Vibrio parahaemolyticus	true	sup	dna_r10.4.1_e8.2_400bps_sup@v4.3.0	25	25.10	chromosome_1=25.09;chromosome_2=25.13	B	minimap2	2.31	lr:hq	clair3	1.0.5	r1041_e82_400bps_sup_v430	docker://quay.io/mbhall88/clair3@sha256:6a4c352e7d14ebb67bdad4be366dcbf6afa66cc7f0ee0b37a05cebe3f4754735	CPU: AMD EPYC 9745	sweep_best	SNP	0	1.000000	0.999862	0.999931	41.611509	57879	57857	8	0
ATCC_17802__202309	Vibrio parahaemolyticus	true	sup	dna_r10.4.1_e8.2_400bps_sup@v4.3.0	25	25.10	chromosome_1=25.09;chromosome_2=25.13	B	minimap2	2.31	lr:hq	clair3	1.0.5	r1041_e82_400bps_sup_v430	docker://quay.io/mbhall88/clair3@sha256:6a4c352e7d14ebb67bdad4be366dcbf6afa66cc7f0ee0b37a05cebe3f4754735	CPU: AMD EPYC 9745	sweep_best	INDEL	0	1.000000	0.986301	0.993103	21.613398	576	591	8	0
ATCC_17802__202309	Vibrio parahaemolyticus	true	sup	dna_r10.4.1_e8.2_400bps_sup@v4.3.0	25	25.10	chromosome_1=25.09;chromosome_2=25.13	B	minimap2	2.31	lr:hq	clair3	1.0.5	r1041_e82_400bps_sup_v430	docker://quay.io/mbhall88/clair3@sha256:6a4c352e7d14ebb67bdad4be366dcbf6afa66cc7f0ee0b37a05cebe3f4754735	CPU: AMD EPYC 9745	sweep_best	ALL	0	1.000000	0.999726	0.999863	38.632794	58455	58448	16	0
ATCC_17802__202309	Vibrio parahaemolyticus	true	sup	dna_r10.4.1_e8.2_400bps_sup@v4.3.0	25	25.10	chromosome_1=25.09;chromosome_2=25.13	B	minimap2	2.31	lr:hq	clair3	1.0.5	r1041_e82_400bps_sup_v430	docker://quay.io/mbhall88/clair3@sha256:6a4c352e7d14ebb67bdad4be366dcbf6afa66cc7f0ee0b37a05cebe3f4754735	CPU: AMD EPYC 9745	default_pass	SNP	0	0.999965	0.999793	0.999879	39.172146	57875	57855	12	2
ATCC_17802__202309	Vibrio parahaemolyticus	true	sup	dna_r10.4.1_e8.2_400bps_sup@v4.3.0	25	25.10	chromosome_1=25.09;chromosome_2=25.13	B	minimap2	2.31	lr:hq	clair3	1.0.5	r1041_e82_400bps_sup_v430	docker://quay.io/mbhall88/clair3@sha256:6a4c352e7d14ebb67bdad4be366dcbf6afa66cc7f0ee0b37a05cebe3f4754735	CPU: AMD EPYC 9745	default_pass	INDEL	0	0.994898	0.982877	0.988851	19.527641	574	585	10	3
ATCC_17802__202309	Vibrio parahaemolyticus	true	sup	dna_r10.4.1_e8.2_400bps_sup@v4.3.0	25	25.10	chromosome_1=25.09;chromosome_2=25.13	B	minimap2	2.31	lr:hq	clair3	1.0.5	r1041_e82_400bps_sup_v430	docker://quay.io/mbhall88/clair3@sha256:6a4c352e7d14ebb67bdad4be366dcbf6afa66cc7f0ee0b37a05cebe3f4754735	CPU: AMD EPYC 9745	default_pass	ALL	0	0.999914	0.999624	0.999769	36.363880	58449	58440	22	5
ATCC_17802__202309	Vibrio parahaemolyticus	true	sup	dna_r10.4.1_e8.2_400bps_sup@v4.3.0	25	25.10	chromosome_1=25.09;chromosome_2=25.13	C	minimap2	2.31	lr:hq	clair3	2.0.3	r1041_e82_400bps_sup_v430	docker://hkubal/clair3@sha256:d56df84c2c7c508aaf0623b124d9926d366a58f34236505b26c055f848afa202	CPU: AMD EPYC 9745	sweep_best	SNP	0	1.000000	0.999862	0.999931	41.611509	57879	57857	8	0
ATCC_17802__202309	Vibrio parahaemolyticus	true	sup	dna_r10.4.1_e8.2_400bps_sup@v4.3.0	25	25.10	chromosome_1=25.09;chromosome_2=25.13	C	minimap2	2.31	lr:hq	clair3	2.0.3	r1041_e82_400bps_sup_v430	docker://hkubal/clair3@sha256:d56df84c2c7c508aaf0623b124d9926d366a58f34236505b26c055f848afa202	CPU: AMD EPYC 9745	sweep_best	INDEL	0	1.000000	0.986301	0.993103	21.613398	576	591	8	0
ATCC_17802__202309	Vibrio parahaemolyticus	true	sup	dna_r10.4.1_e8.2_400bps_sup@v4.3.0	25	25.10	chromosome_1=25.09;chromosome_2=25.13	C	minimap2	2.31	lr:hq	clair3	2.0.3	r1041_e82_400bps_sup_v430	docker://hkubal/clair3@sha256:d56df84c2c7c508aaf0623b124d9926d366a58f34236505b26c055f848afa202	CPU: AMD EPYC 9745	sweep_best	ALL	0	1.000000	0.999726	0.999863	38.632794	58455	58448	16	0
ATCC_17802__202309	Vibrio parahaemolyticus	true	sup	dna_r10.4.1_e8.2_400bps_sup@v4.3.0	25	25.10	chromosome_1=25.09;chromosome_2=25.13	C	minimap2	2.31	lr:hq	clair3	2.0.3	r1041_e82_400bps_sup_v430	docker://hkubal/clair3@sha256:d56df84c2c7c508aaf0623b124d9926d366a58f34236505b26c055f848afa202	CPU: AMD EPYC 9745	default_pass	SNP	0	0.999965	0.999793	0.999879	39.172146	57875	57855	12	2
ATCC_17802__202309	Vibrio parahaemolyticus	true	sup	dna_r10.4.1_e8.2_400bps_sup@v4.3.0	25	25.10	chromosome_1=25.09;chromosome_2=25.13	C	minimap2	2.31	lr:hq	clair3	2.0.3	r1041_e82_400bps_sup_v430	docker://hkubal/clair3@sha256:d56df84c2c7c508aaf0623b124d9926d366a58f34236505b26c055f848afa202	CPU: AMD EPYC 9745	default_pass	INDEL	0	0.994898	0.982877	0.988851	19.527641	574	585	10	3
ATCC_17802__202309	Vibrio parahaemolyticus	true	sup	dna_r10.4.1_e8.2_400bps_sup@v4.3.0	25	25.10	chromosome_1=25.09;chromosome_2=25.13	C	minimap2	2.31	lr:hq	clair3	2.0.3	r1041_e82_400bps_sup_v430	docker://hkubal/clair3@sha256:d56df84c2c7c508aaf0623b124d9926d366a58f34236505b26c055f848afa202	CPU: AMD EPYC 9745	default_pass	ALL	0	0.999914	0.999624	0.999769	36.363880	58449	58440	22	5
ATCC_17802__202309	Vibrio parahaemolyticus	true	sup	dna_r10.4.1_e8.2_400bps_sup@v4.3.0	25	25.10	chromosome_1=25.09;chromosome_2=25.13	D	minimap2	2.31	lr:hq	dorado	2.1.2	dna_r10.4.1_e8.2_400bps_polish_bacterial_methylation_v5.0.0		NVIDIA H100 80GB HBM3	sweep_best	SNP	0	0.999948	0.999724	0.999836	37.851562	57871	57853	16	3
ATCC_17802__202309	Vibrio parahaemolyticus	true	sup	dna_r10.4.1_e8.2_400bps_sup@v4.3.0	25	25.10	chromosome_1=25.09;chromosome_2=25.13	D	minimap2	2.31	lr:hq	dorado	2.1.2	dna_r10.4.1_e8.2_400bps_polish_bacterial_methylation_v5.0.0		NVIDIA H100 80GB HBM3	sweep_best	INDEL	3	0.993151	0.977740	0.985385	18.352012	571	580	13	4
ATCC_17802__202309	Vibrio parahaemolyticus	true	sup	dna_r10.4.1_e8.2_400bps_sup@v4.3.0	25	25.10	chromosome_1=25.09;chromosome_2=25.13	D	minimap2	2.31	lr:hq	dorado	2.1.2	dna_r10.4.1_e8.2_400bps_polish_bacterial_methylation_v5.0.0		NVIDIA H100 80GB HBM3	sweep_best	ALL	3	0.999880	0.999504	0.999692	35.114493	58442	58433	29	7
ATCC_17802__202309	Vibrio parahaemolyticus	true	sup	dna_r10.4.1_e8.2_400bps_sup@v4.3.0	25	25.10	chromosome_1=25.09;chromosome_2=25.13	D	minimap2	2.31	lr:hq	dorado	2.1.2	dna_r10.4.1_e8.2_400bps_polish_bacterial_methylation_v5.0.0		NVIDIA H100 80GB HBM3	default_pass	SNP	0	0.999948	0.999724	0.999836	37.851562	57871	57853	16	3
ATCC_17802__202309	Vibrio parahaemolyticus	true	sup	dna_r10.4.1_e8.2_400bps_sup@v4.3.0	25	25.10	chromosome_1=25.09;chromosome_2=25.13	D	minimap2	2.31	lr:hq	dorado	2.1.2	dna_r10.4.1_e8.2_400bps_polish_bacterial_methylation_v5.0.0		NVIDIA H100 80GB HBM3	default_pass	INDEL	0	0.993151	0.977740	0.985385	18.352012	571	580	13	4
ATCC_17802__202309	Vibrio parahaemolyticus	true	sup	dna_r10.4.1_e8.2_400bps_sup@v4.3.0	25	25.10	chromosome_1=25.09;chromosome_2=25.13	D	minimap2	2.31	lr:hq	dorado	2.1.2	dna_r10.4.1_e8.2_400bps_polish_bacterial_methylation_v5.0.0		NVIDIA H100 80GB HBM3	default_pass	ALL	0	0.999880	0.999504	0.999692	35.114493	58442	58433	29	7
ATCC_17802__202309	Vibrio parahaemolyticus	true	sup	dna_r10.4.1_e8.2_400bps_sup@v4.3.0	50	50.20	chromosome_1=50.20;chromosome_2=50.21	A	minimap2	2.26	map-ont	clair3	1.0.5	r1041_e82_400bps_sup_v430	docker://quay.io/mbhall88/clair3@sha256:6a4c352e7d14ebb67bdad4be366dcbf6afa66cc7f0ee0b37a05cebe3f4754735	CPU: AMD EPYC 9745	sweep_best	SNP	0	1.000000	0.999914	0.999957	43.665315	57882	57860	5	0
ATCC_17802__202309	Vibrio parahaemolyticus	true	sup	dna_r10.4.1_e8.2_400bps_sup@v4.3.0	50	50.20	chromosome_1=50.20;chromosome_2=50.21	A	minimap2	2.26	map-ont	clair3	1.0.5	r1041_e82_400bps_sup_v430	docker://quay.io/mbhall88/clair3@sha256:6a4c352e7d14ebb67bdad4be366dcbf6afa66cc7f0ee0b37a05cebe3f4754735	CPU: AMD EPYC 9745	sweep_best	INDEL	0	1.000000	0.993151	0.996564	24.639468	580	595	4	0
ATCC_17802__202309	Vibrio parahaemolyticus	true	sup	dna_r10.4.1_e8.2_400bps_sup@v4.3.0	50	50.20	chromosome_1=50.20;chromosome_2=50.21	A	minimap2	2.26	map-ont	clair3	1.0.5	r1041_e82_400bps_sup_v430	docker://quay.io/mbhall88/clair3@sha256:6a4c352e7d14ebb67bdad4be366dcbf6afa66cc7f0ee0b37a05cebe3f4754735	CPU: AMD EPYC 9745	sweep_best	ALL	0	1.000000	0.999846	0.999923	41.135093	58462	58455	9	0
ATCC_17802__202309	Vibrio parahaemolyticus	true	sup	dna_r10.4.1_e8.2_400bps_sup@v4.3.0	50	50.20	chromosome_1=50.20;chromosome_2=50.21	A	minimap2	2.26	map-ont	clair3	1.0.5	r1041_e82_400bps_sup_v430	docker://quay.io/mbhall88/clair3@sha256:6a4c352e7d14ebb67bdad4be366dcbf6afa66cc7f0ee0b37a05cebe3f4754735	CPU: AMD EPYC 9745	default_pass	SNP	0	0.999965	0.999914	0.999940	42.218487	57882	57858	5	2
ATCC_17802__202309	Vibrio parahaemolyticus	true	sup	dna_r10.4.1_e8.2_400bps_sup@v4.3.0	50	50.20	chromosome_1=50.20;chromosome_2=50.21	A	minimap2	2.26	map-ont	clair3	1.0.5	r1041_e82_400bps_sup_v430	docker://quay.io/mbhall88/clair3@sha256:6a4c352e7d14ebb67bdad4be366dcbf6afa66cc7f0ee0b37a05cebe3f4754735	CPU: AMD EPYC 9745	default_pass	INDEL	0	0.994941	0.988014	0.991465	20.687965	577	590	7	3
ATCC_17802__202309	Vibrio parahaemolyticus	true	sup	dna_r10.4.1_e8.2_400bps_sup@v4.3.0	50	50.20	chromosome_1=50.20;chromosome_2=50.21	A	minimap2	2.26	map-ont	clair3	1.0.5	r1041_e82_400bps_sup_v430	docker://quay.io/mbhall88/clair3@sha256:6a4c352e7d14ebb67bdad4be366dcbf6afa66cc7f0ee0b37a05cebe3f4754735	CPU: AMD EPYC 9745	default_pass	ALL	0	0.999914	0.999795	0.999855	38.386320	58459	58448	12	5
ATCC_17802__202309	Vibrio parahaemolyticus	true	sup	dna_r10.4.1_e8.2_400bps_sup@v4.3.0	50	50.20	chromosome_1=50.20;chromosome_2=50.21	B	minimap2	2.31	lr:hq	clair3	1.0.5	r1041_e82_400bps_sup_v430	docker://quay.io/mbhall88/clair3@sha256:6a4c352e7d14ebb67bdad4be366dcbf6afa66cc7f0ee0b37a05cebe3f4754735	CPU: AMD EPYC 9745	sweep_best	SNP	0	1.000000	0.999914	0.999957	43.665315	57882	57860	5	0
ATCC_17802__202309	Vibrio parahaemolyticus	true	sup	dna_r10.4.1_e8.2_400bps_sup@v4.3.0	50	50.20	chromosome_1=50.20;chromosome_2=50.21	B	minimap2	2.31	lr:hq	clair3	1.0.5	r1041_e82_400bps_sup_v430	docker://quay.io/mbhall88/clair3@sha256:6a4c352e7d14ebb67bdad4be366dcbf6afa66cc7f0ee0b37a05cebe3f4754735	CPU: AMD EPYC 9745	sweep_best	INDEL	0	1.000000	0.993151	0.996564	24.639468	580	595	4	0
ATCC_17802__202309	Vibrio parahaemolyticus	true	sup	dna_r10.4.1_e8.2_400bps_sup@v4.3.0	50	50.20	chromosome_1=50.20;chromosome_2=50.21	B	minimap2	2.31	lr:hq	clair3	1.0.5	r1041_e82_400bps_sup_v430	docker://quay.io/mbhall88/clair3@sha256:6a4c352e7d14ebb67bdad4be366dcbf6afa66cc7f0ee0b37a05cebe3f4754735	CPU: AMD EPYC 9745	sweep_best	ALL	0	1.000000	0.999846	0.999923	41.135093	58462	58455	9	0
ATCC_17802__202309	Vibrio parahaemolyticus	true	sup	dna_r10.4.1_e8.2_400bps_sup@v4.3.0	50	50.20	chromosome_1=50.20;chromosome_2=50.21	B	minimap2	2.31	lr:hq	clair3	1.0.5	r1041_e82_400bps_sup_v430	docker://quay.io/mbhall88/clair3@sha256:6a4c352e7d14ebb67bdad4be366dcbf6afa66cc7f0ee0b37a05cebe3f4754735	CPU: AMD EPYC 9745	default_pass	SNP	0	0.999965	0.999914	0.999940	42.218487	57882	57858	5	2
ATCC_17802__202309	Vibrio parahaemolyticus	true	sup	dna_r10.4.1_e8.2_400bps_sup@v4.3.0	50	50.20	chromosome_1=50.20;chromosome_2=50.21	B	minimap2	2.31	lr:hq	clair3	1.0.5	r1041_e82_400bps_sup_v430	docker://quay.io/mbhall88/clair3@sha256:6a4c352e7d14ebb67bdad4be366dcbf6afa66cc7f0ee0b37a05cebe3f4754735	CPU: AMD EPYC 9745	default_pass	INDEL	0	0.996622	0.988014	0.992299	21.134529	577	590	7	2
ATCC_17802__202309	Vibrio parahaemolyticus	true	sup	dna_r10.4.1_e8.2_400bps_sup@v4.3.0	50	50.20	chromosome_1=50.20;chromosome_2=50.21	B	minimap2	2.31	lr:hq	clair3	1.0.5	r1041_e82_400bps_sup_v430	docker://quay.io/mbhall88/clair3@sha256:6a4c352e7d14ebb67bdad4be366dcbf6afa66cc7f0ee0b37a05cebe3f4754735	CPU: AMD EPYC 9745	default_pass	ALL	0	0.999932	0.999795	0.999863	38.632794	58459	58448	12	4
ATCC_17802__202309	Vibrio parahaemolyticus	true	sup	dna_r10.4.1_e8.2_400bps_sup@v4.3.0	50	50.20	chromosome_1=50.20;chromosome_2=50.21	C	minimap2	2.31	lr:hq	clair3	2.0.3	r1041_e82_400bps_sup_v430	docker://hkubal/clair3@sha256:d56df84c2c7c508aaf0623b124d9926d366a58f34236505b26c055f848afa202	CPU: AMD EPYC 9745	sweep_best	SNP	0	1.000000	0.999914	0.999957	43.665315	57882	57860	5	0
ATCC_17802__202309	Vibrio parahaemolyticus	true	sup	dna_r10.4.1_e8.2_400bps_sup@v4.3.0	50	50.20	chromosome_1=50.20;chromosome_2=50.21	C	minimap2	2.31	lr:hq	clair3	2.0.3	r1041_e82_400bps_sup_v430	docker://hkubal/clair3@sha256:d56df84c2c7c508aaf0623b124d9926d366a58f34236505b26c055f848afa202	CPU: AMD EPYC 9745	sweep_best	INDEL	0	1.000000	0.993151	0.996564	24.639468	580	595	4	0
ATCC_17802__202309	Vibrio parahaemolyticus	true	sup	dna_r10.4.1_e8.2_400bps_sup@v4.3.0	50	50.20	chromosome_1=50.20;chromosome_2=50.21	C	minimap2	2.31	lr:hq	clair3	2.0.3	r1041_e82_400bps_sup_v430	docker://hkubal/clair3@sha256:d56df84c2c7c508aaf0623b124d9926d366a58f34236505b26c055f848afa202	CPU: AMD EPYC 9745	sweep_best	ALL	0	1.000000	0.999846	0.999923	41.135093	58462	58455	9	0
ATCC_17802__202309	Vibrio parahaemolyticus	true	sup	dna_r10.4.1_e8.2_400bps_sup@v4.3.0	50	50.20	chromosome_1=50.20;chromosome_2=50.21	C	minimap2	2.31	lr:hq	clair3	2.0.3	r1041_e82_400bps_sup_v430	docker://hkubal/clair3@sha256:d56df84c2c7c508aaf0623b124d9926d366a58f34236505b26c055f848afa202	CPU: AMD EPYC 9745	default_pass	SNP	0	0.999965	0.999914	0.999940	42.218487	57882	57858	5	2
ATCC_17802__202309	Vibrio parahaemolyticus	true	sup	dna_r10.4.1_e8.2_400bps_sup@v4.3.0	50	50.20	chromosome_1=50.20;chromosome_2=50.21	C	minimap2	2.31	lr:hq	clair3	2.0.3	r1041_e82_400bps_sup_v430	docker://hkubal/clair3@sha256:d56df84c2c7c508aaf0623b124d9926d366a58f34236505b26c055f848afa202	CPU: AMD EPYC 9745	default_pass	INDEL	0	0.996622	0.988014	0.992299	21.134529	577	590	7	2
ATCC_17802__202309	Vibrio parahaemolyticus	true	sup	dna_r10.4.1_e8.2_400bps_sup@v4.3.0	50	50.20	chromosome_1=50.20;chromosome_2=50.21	C	minimap2	2.31	lr:hq	clair3	2.0.3	r1041_e82_400bps_sup_v430	docker://hkubal/clair3@sha256:d56df84c2c7c508aaf0623b124d9926d366a58f34236505b26c055f848afa202	CPU: AMD EPYC 9745	default_pass	ALL	0	0.999932	0.999795	0.999863	38.632794	58459	58448	12	4
ATCC_17802__202309	Vibrio parahaemolyticus	true	sup	dna_r10.4.1_e8.2_400bps_sup@v4.3.0	50	50.20	chromosome_1=50.20;chromosome_2=50.21	D	minimap2	2.31	lr:hq	dorado	2.1.2	dna_r10.4.1_e8.2_400bps_polish_bacterial_methylation_v5.0.0		NVIDIA H100 80GB HBM3	sweep_best	SNP	9	0.999983	0.999741	0.999862	38.601209	57872	57854	15	1
ATCC_17802__202309	Vibrio parahaemolyticus	true	sup	dna_r10.4.1_e8.2_400bps_sup@v4.3.0	50	50.20	chromosome_1=50.20;chromosome_2=50.21	D	minimap2	2.31	lr:hq	dorado	2.1.2	dna_r10.4.1_e8.2_400bps_polish_bacterial_methylation_v5.0.0		NVIDIA H100 80GB HBM3	sweep_best	INDEL	0	0.993151	0.977740	0.985385	18.352012	571	580	13	4
ATCC_17802__202309	Vibrio parahaemolyticus	true	sup	dna_r10.4.1_e8.2_400bps_sup@v4.3.0	50	50.20	chromosome_1=50.20;chromosome_2=50.21	D	minimap2	2.31	lr:hq	dorado	2.1.2	dna_r10.4.1_e8.2_400bps_polish_bacterial_methylation_v5.0.0		NVIDIA H100 80GB HBM3	sweep_best	ALL	0	0.999880	0.999521	0.999701	35.243288	58443	58434	28	7
ATCC_17802__202309	Vibrio parahaemolyticus	true	sup	dna_r10.4.1_e8.2_400bps_sup@v4.3.0	50	50.20	chromosome_1=50.20;chromosome_2=50.21	D	minimap2	2.31	lr:hq	dorado	2.1.2	dna_r10.4.1_e8.2_400bps_polish_bacterial_methylation_v5.0.0		NVIDIA H100 80GB HBM3	default_pass	SNP	0	0.999948	0.999741	0.999844	38.068754	57872	57854	15	3
ATCC_17802__202309	Vibrio parahaemolyticus	true	sup	dna_r10.4.1_e8.2_400bps_sup@v4.3.0	50	50.20	chromosome_1=50.20;chromosome_2=50.21	D	minimap2	2.31	lr:hq	dorado	2.1.2	dna_r10.4.1_e8.2_400bps_polish_bacterial_methylation_v5.0.0		NVIDIA H100 80GB HBM3	default_pass	INDEL	0	0.994845	0.976027	0.985347	18.340735	570	579	14	3
ATCC_17802__202309	Vibrio parahaemolyticus	true	sup	dna_r10.4.1_e8.2_400bps_sup@v4.3.0	50	50.20	chromosome_1=50.20;chromosome_2=50.21	D	minimap2	2.31	lr:hq	dorado	2.1.2	dna_r10.4.1_e8.2_400bps_polish_bacterial_methylation_v5.0.0		NVIDIA H100 80GB HBM3	default_pass	ALL	0	0.999897	0.999504	0.999701	35.243288	58442	58433	29	6
ATCC_25922__202309	Escherichia coli	false	hac	dna_r10.4.1_e8.2_400bps_hac@v4.3.0	5	5.03	chromosome=5.01;plasmid_1=5.43;plasmid_2=6.75;plasmid_3=8.86;plasmid_4=7.90	A	minimap2	2.26	map-ont	clair3	1.0.5	r1041_e82_400bps_hac_v430	docker://quay.io/mbhall88/clair3@sha256:6a4c352e7d14ebb67bdad4be366dcbf6afa66cc7f0ee0b37a05cebe3f4754735	CPU: AMD EPYC 9745	sweep_best	SNP	1	0.995401	0.955860	0.975230	16.060740	4331	4329	200	20
ATCC_25922__202309	Escherichia coli	false	hac	dna_r10.4.1_e8.2_400bps_hac@v4.3.0	5	5.03	chromosome=5.01;plasmid_1=5.43;plasmid_2=6.75;plasmid_3=8.86;plasmid_4=7.90	A	minimap2	2.26	map-ont	clair3	1.0.5	r1041_e82_400bps_hac_v430	docker://quay.io/mbhall88/clair3@sha256:6a4c352e7d14ebb67bdad4be366dcbf6afa66cc7f0ee0b37a05cebe3f4754735	CPU: AMD EPYC 9745	sweep_best	INDEL	1	0.962099	0.911357	0.936041	11.940983	329	330	32	13
ATCC_25922__202309	Escherichia coli	false	hac	dna_r10.4.1_e8.2_400bps_hac@v4.3.0	5	5.03	chromosome=5.01;plasmid_1=5.43;plasmid_2=6.75;plasmid_3=8.86;plasmid_4=7.90	A	minimap2	2.26	map-ont	clair3	1.0.5	r1041_e82_400bps_hac_v430	docker://quay.io/mbhall88/clair3@sha256:6a4c352e7d14ebb67bdad4be366dcbf6afa66cc7f0ee0b37a05cebe3f4754735	CPU: AMD EPYC 9745	sweep_best	ALL	1	0.992967	0.952576	0.972352	15.583363	4660	4659	232	33
ATCC_25922__202309	Escherichia coli	false	hac	dna_r10.4.1_e8.2_400bps_hac@v4.3.0	5	5.03	chromosome=5.01;plasmid_1=5.43;plasmid_2=6.75;plasmid_3=8.86;plasmid_4=7.90	A	minimap2	2.26	map-ont	clair3	1.0.5	r1041_e82_400bps_hac_v430	docker://quay.io/mbhall88/clair3@sha256:6a4c352e7d14ebb67bdad4be366dcbf6afa66cc7f0ee0b37a05cebe3f4754735	CPU: AMD EPYC 9745	default_pass	SNP	0	0.994943	0.955639	0.974895	16.002398	4330	4328	201	22
ATCC_25922__202309	Escherichia coli	false	hac	dna_r10.4.1_e8.2_400bps_hac@v4.3.0	5	5.03	chromosome=5.01;plasmid_1=5.43;plasmid_2=6.75;plasmid_3=8.86;plasmid_4=7.90	A	minimap2	2.26	map-ont	clair3	1.0.5	r1041_e82_400bps_hac_v430	docker://quay.io/mbhall88/clair3@sha256:6a4c352e7d14ebb67bdad4be366dcbf6afa66cc7f0ee0b37a05cebe3f4754735	CPU: AMD EPYC 9745	default_pass	INDEL	0	0.969788	0.886427	0.926236	11.321555	320	321	41	10
ATCC_25922__202309	Escherichia coli	false	hac	dna_r10.4.1_e8.2_400bps_hac@v4.3.0	5	5.03	chromosome=5.01;plasmid_1=5.43;plasmid_2=6.75;plasmid_3=8.86;plasmid_4=7.90	A	minimap2	2.26	map-ont	clair3	1.0.5	r1041_e82_400bps_hac_v430	docker://quay.io/mbhall88/clair3@sha256:6a4c352e7d14ebb67bdad4be366dcbf6afa66cc7f0ee0b37a05cebe3f4754735	CPU: AMD EPYC 9745	default_pass	ALL	0	0.993164	0.950531	0.971380	15.433304	4650	4649	242	32
ATCC_25922__202309	Escherichia coli	false	hac	dna_r10.4.1_e8.2_400bps_hac@v4.3.0	5	5.03	chromosome=5.01;plasmid_1=5.43;plasmid_2=6.75;plasmid_3=8.86;plasmid_4=7.90	B	minimap2	2.31	lr:hq	clair3	1.0.5	r1041_e82_400bps_hac_v430	docker://quay.io/mbhall88/clair3@sha256:6a4c352e7d14ebb67bdad4be366dcbf6afa66cc7f0ee0b37a05cebe3f4754735	CPU: AMD EPYC 9745	sweep_best	SNP	1	0.995400	0.955639	0.975114	16.040449	4330	4328	201	20
ATCC_25922__202309	Escherichia coli	false	hac	dna_r10.4.1_e8.2_400bps_hac@v4.3.0	5	5.03	chromosome=5.01;plasmid_1=5.43;plasmid_2=6.75;plasmid_3=8.86;plasmid_4=7.90	B	minimap2	2.31	lr:hq	clair3	1.0.5	r1041_e82_400bps_hac_v430	docker://quay.io/mbhall88/clair3@sha256:6a4c352e7d14ebb67bdad4be366dcbf6afa66cc7f0ee0b37a05cebe3f4754735	CPU: AMD EPYC 9745	sweep_best	INDEL	1	0.962099	0.911357	0.936041	11.940983	329	330	32	13
ATCC_25922__202309	Escherichia coli	false	hac	dna_r10.4.1_e8.2_400bps_hac@v4.3.0	5	5.03	chromosome=5.01;plasmid_1=5.43;plasmid_2=6.75;plasmid_3=8.86;plasmid_4=7.90	B	minimap2	2.31	lr:hq	clair3	1.0.5	r1041_e82_400bps_hac_v430	docker://quay.io/mbhall88/clair3@sha256:6a4c352e7d14ebb67bdad4be366dcbf6afa66cc7f0ee0b37a05cebe3f4754735	CPU: AMD EPYC 9745	sweep_best	ALL	1	0.992965	0.952371	0.972245	15.566588	4659	4658	233	33
ATCC_25922__202309	Escherichia coli	false	hac	dna_r10.4.1_e8.2_400bps_hac@v4.3.0	5	5.03	chromosome=5.01;plasmid_1=5.43;plasmid_2=6.75;plasmid_3=8.86;plasmid_4=7.90	B	minimap2	2.31	lr:hq	clair3	1.0.5	r1041_e82_400bps_hac_v430	docker://quay.io/mbhall88/clair3@sha256:6a4c352e7d14ebb67bdad4be366dcbf6afa66cc7f0ee0b37a05cebe3f4754735	CPU: AMD EPYC 9745	default_pass	SNP	0	0.994941	0.955418	0.974779	15.982377	4329	4327	202	22
ATCC_25922__202309	Escherichia coli	false	hac	dna_r10.4.1_e8.2_400bps_hac@v4.3.0	5	5.03	chromosome=5.01;plasmid_1=5.43;plasmid_2=6.75;plasmid_3=8.86;plasmid_4=7.90	B	minimap2	2.31	lr:hq	clair3	1.0.5	r1041_e82_400bps_hac_v430	docker://quay.io/mbhall88/clair3@sha256:6a4c352e7d14ebb67bdad4be366dcbf6afa66cc7f0ee0b37a05cebe3f4754735	CPU: AMD EPYC 9745	default_pass	INDEL	0	0.969788	0.886427	0.926236	11.321555	320	321	41	10
ATCC_25922__202309	Escherichia coli	false	hac	dna_r10.4.1_e8.2_400bps_hac@v4.3.0	5	5.03	chromosome=5.01;plasmid_1=5.43;plasmid_2=6.75;plasmid_3=8.86;plasmid_4=7.90	B	minimap2	2.31	lr:hq	clair3	1.0.5	r1041_e82_400bps_hac_v430	docker://quay.io/mbhall88/clair3@sha256:6a4c352e7d14ebb67bdad4be366dcbf6afa66cc7f0ee0b37a05cebe3f4754735	CPU: AMD EPYC 9745	default_pass	ALL	0	0.993162	0.950327	0.971273	15.417097	4649	4648	243	32
ATCC_25922__202309	Escherichia coli	false	hac	dna_r10.4.1_e8.2_400bps_hac@v4.3.0	5	5.03	chromosome=5.01;plasmid_1=5.43;plasmid_2=6.75;plasmid_3=8.86;plasmid_4=7.90	C	minimap2	2.31	lr:hq	clair3	2.0.3	r1041_e82_400bps_hac_v430	docker://hkubal/clair3@sha256:d56df84c2c7c508aaf0623b124d9926d366a58f34236505b26c055f848afa202	CPU: AMD EPYC 9745	sweep_best	SNP	1	0.995400	0.955639	0.975114	16.040449	4330	4328	201	20
ATCC_25922__202309	Escherichia coli	false	hac	dna_r10.4.1_e8.2_400bps_hac@v4.3.0	5	5.03	chromosome=5.01;plasmid_1=5.43;plasmid_2=6.75;plasmid_3=8.86;plasmid_4=7.90	C	minimap2	2.31	lr:hq	clair3	2.0.3	r1041_e82_400bps_hac_v430	docker://hkubal/clair3@sha256:d56df84c2c7c508aaf0623b124d9926d366a58f34236505b26c055f848afa202	CPU: AMD EPYC 9745	sweep_best	INDEL	1	0.962099	0.911357	0.936041	11.940983	329	330	32	13
ATCC_25922__202309	Escherichia coli	false	hac	dna_r10.4.1_e8.2_400bps_hac@v4.3.0	5	5.03	chromosome=5.01;plasmid_1=5.43;plasmid_2=6.75;plasmid_3=8.86;plasmid_4=7.90	C	minimap2	2.31	lr:hq	clair3	2.0.3	r1041_e82_400bps_hac_v430	docker://hkubal/clair3@sha256:d56df84c2c7c508aaf0623b124d9926d366a58f34236505b26c055f848afa202	CPU: AMD EPYC 9745	sweep_best	ALL	1	0.992965	0.952371	0.972245	15.566588	4659	4658	233	33
ATCC_25922__202309	Escherichia coli	false	hac	dna_r10.4.1_e8.2_400bps_hac@v4.3.0	5	5.03	chromosome=5.01;plasmid_1=5.43;plasmid_2=6.75;plasmid_3=8.86;plasmid_4=7.90	C	minimap2	2.31	lr:hq	clair3	2.0.3	r1041_e82_400bps_hac_v430	docker://hkubal/clair3@sha256:d56df84c2c7c508aaf0623b124d9926d366a58f34236505b26c055f848afa202	CPU: AMD EPYC 9745	default_pass	SNP	0	0.994941	0.955418	0.974779	15.982377	4329	4327	202	22
ATCC_25922__202309	Escherichia coli	false	hac	dna_r10.4.1_e8.2_400bps_hac@v4.3.0	5	5.03	chromosome=5.01;plasmid_1=5.43;plasmid_2=6.75;plasmid_3=8.86;plasmid_4=7.90	C	minimap2	2.31	lr:hq	clair3	2.0.3	r1041_e82_400bps_hac_v430	docker://hkubal/clair3@sha256:d56df84c2c7c508aaf0623b124d9926d366a58f34236505b26c055f848afa202	CPU: AMD EPYC 9745	default_pass	INDEL	0	0.969788	0.886427	0.926236	11.321555	320	321	41	10
ATCC_25922__202309	Escherichia coli	false	hac	dna_r10.4.1_e8.2_400bps_hac@v4.3.0	5	5.03	chromosome=5.01;plasmid_1=5.43;plasmid_2=6.75;plasmid_3=8.86;plasmid_4=7.90	C	minimap2	2.31	lr:hq	clair3	2.0.3	r1041_e82_400bps_hac_v430	docker://hkubal/clair3@sha256:d56df84c2c7c508aaf0623b124d9926d366a58f34236505b26c055f848afa202	CPU: AMD EPYC 9745	default_pass	ALL	0	0.993162	0.950327	0.971273	15.417097	4649	4648	243	32
ATCC_25922__202309	Escherichia coli	false	hac	dna_r10.4.1_e8.2_400bps_hac@v4.3.0	5	5.03	chromosome=5.01;plasmid_1=5.43;plasmid_2=6.75;plasmid_3=8.86;plasmid_4=7.90	D	minimap2	2.31	lr:hq	dorado	2.1.2	dna_r10.4.1_e8.2_400bps_polish_bacterial_methylation_v5.0.0		NVIDIA H100 80GB HBM3	sweep_best	SNP	16	0.987933	0.975723	0.981790	17.396901	4421	4421	110	54
ATCC_25922__202309	Escherichia coli	false	hac	dna_r10.4.1_e8.2_400bps_hac@v4.3.0	5	5.03	chromosome=5.01;plasmid_1=5.43;plasmid_2=6.75;plasmid_3=8.86;plasmid_4=7.90	D	minimap2	2.31	lr:hq	dorado	2.1.2	dna_r10.4.1_e8.2_400bps_polish_bacterial_methylation_v5.0.0		NVIDIA H100 80GB HBM3	sweep_best	INDEL	14	0.865889	0.822715	0.843750	8.061800	297	297	64	46
ATCC_25922__202309	Escherichia coli	false	hac	dna_r10.4.1_e8.2_400bps_hac@v4.3.0	5	5.03	chromosome=5.01;plasmid_1=5.43;plasmid_2=6.75;plasmid_3=8.86;plasmid_4=7.90	D	minimap2	2.31	lr:hq	dorado	2.1.2	dna_r10.4.1_e8.2_400bps_polish_bacterial_methylation_v5.0.0		NVIDIA H100 80GB HBM3	sweep_best	ALL	16	0.982046	0.961570	0.971700	15.482136	4704	4704	188	86
ATCC_25922__202309	Escherichia coli	false	hac	dna_r10.4.1_e8.2_400bps_hac@v4.3.0	5	5.03	chromosome=5.01;plasmid_1=5.43;plasmid_2=6.75;plasmid_3=8.86;plasmid_4=7.90	D	minimap2	2.31	lr:hq	dorado	2.1.2	dna_r10.4.1_e8.2_400bps_polish_bacterial_methylation_v5.0.0		NVIDIA H100 80GB HBM3	default_pass	SNP	0	0.895734	0.992055	0.941437	12.323767	4495	4493	36	523
ATCC_25922__202309	Escherichia coli	false	hac	dna_r10.4.1_e8.2_400bps_hac@v4.3.0	5	5.03	chromosome=5.01;plasmid_1=5.43;plasmid_2=6.75;plasmid_3=8.86;plasmid_4=7.90	D	minimap2	2.31	lr:hq	dorado	2.1.2	dna_r10.4.1_e8.2_400bps_polish_bacterial_methylation_v5.0.0		NVIDIA H100 80GB HBM3	default_pass	INDEL	0	0.298380	0.966759	0.456016	2.644139	349	350	12	823
ATCC_25922__202309	Escherichia coli	false	hac	dna_r10.4.1_e8.2_400bps_hac@v4.3.0	5	5.03	chromosome=5.01;plasmid_1=5.43;plasmid_2=6.75;plasmid_3=8.86;plasmid_4=7.90	D	minimap2	2.31	lr:hq	dorado	2.1.2	dna_r10.4.1_e8.2_400bps_polish_bacterial_methylation_v5.0.0		NVIDIA H100 80GB HBM3	default_pass	ALL	0	0.782517	0.990188	0.874188	9.002779	4844	4843	48	1346
ATCC_25922__202309	Escherichia coli	false	hac	dna_r10.4.1_e8.2_400bps_hac@v4.3.0	10	10.06	chromosome=10.02;plasmid_1=12.13;plasmid_2=12.95;plasmid_3=14.52;plasmid_4=17.32	A	minimap2	2.26	map-ont	clair3	1.0.5	r1041_e82_400bps_hac_v430	docker://quay.io/mbhall88/clair3@sha256:6a4c352e7d14ebb67bdad4be366dcbf6afa66cc7f0ee0b37a05cebe3f4754735	CPU: AMD EPYC 9745	sweep_best	SNP	0	0.998651	0.980578	0.989532	19.801363	4443	4441	88	6
ATCC_25922__202309	Escherichia coli	false	hac	dna_r10.4.1_e8.2_400bps_hac@v4.3.0	10	10.06	chromosome=10.02;plasmid_1=12.13;plasmid_2=12.95;plasmid_3=14.52;plasmid_4=17.32	A	minimap2	2.26	map-ont	clair3	1.0.5	r1041_e82_400bps_hac_v430	docker://quay.io/mbhall88/clair3@sha256:6a4c352e7d14ebb67bdad4be366dcbf6afa66cc7f0ee0b37a05cebe3f4754735	CPU: AMD EPYC 9745	sweep_best	INDEL	1	0.982808	0.947368	0.964763	14.530011	342	343	19	6
ATCC_25922__202309	Escherichia coli	false	hac	dna_r10.4.1_e8.2_400bps_hac@v4.3.0	10	10.06	chromosome=10.02;plasmid_1=12.13;plasmid_2=12.95;plasmid_3=14.52;plasmid_4=17.32	A	minimap2	2.26	map-ont	clair3	1.0.5	r1041_e82_400bps_hac_v430	docker://quay.io/mbhall88/clair3@sha256:6a4c352e7d14ebb67bdad4be366dcbf6afa66cc7f0ee0b37a05cebe3f4754735	CPU: AMD EPYC 9745	sweep_best	ALL	1	0.997498	0.978128	0.987718	19.107309	4785	4784	107	12
ATCC_25922__202309	Escherichia coli	false	hac	dna_r10.4.1_e8.2_400bps_hac@v4.3.0	10	10.06	chromosome=10.02;plasmid_1=12.13;plasmid_2=12.95;plasmid_3=14.52;plasmid_4=17.32	A	minimap2	2.26	map-ont	clair3	1.0.5	r1041_e82_400bps_hac_v430	docker://quay.io/mbhall88/clair3@sha256:6a4c352e7d14ebb67bdad4be366dcbf6afa66cc7f0ee0b37a05cebe3f4754735	CPU: AMD EPYC 9745	default_pass	SNP	0	0.998650	0.980358	0.989420	19.755143	4442	4440	89	6
ATCC_25922__202309	Escherichia coli	false	hac	dna_r10.4.1_e8.2_400bps_hac@v4.3.0	10	10.06	chromosome=10.02;plasmid_1=12.13;plasmid_2=12.95;plasmid_3=14.52;plasmid_4=17.32	A	minimap2	2.26	map-ont	clair3	1.0.5	r1041_e82_400bps_hac_v430	docker://quay.io/mbhall88/clair3@sha256:6a4c352e7d14ebb67bdad4be366dcbf6afa66cc7f0ee0b37a05cebe3f4754735	CPU: AMD EPYC 9745	default_pass	INDEL	0	0.979710	0.933518	0.956056	13.571004	337	338	24	7
ATCC_25922__202309	Escherichia coli	false	hac	dna_r10.4.1_e8.2_400bps_hac@v4.3.0	10	10.06	chromosome=10.02;plasmid_1=12.13;plasmid_2=12.95;plasmid_3=14.52;plasmid_4=17.32	A	minimap2	2.26	map-ont	clair3	1.0.5	r1041_e82_400bps_hac_v430	docker://quay.io/mbhall88/clair3@sha256:6a4c352e7d14ebb67bdad4be366dcbf6afa66cc7f0ee0b37a05cebe3f4754735	CPU: AMD EPYC 9745	default_pass	ALL	0	0.997287	0.976901	0.986989	18.856893	4779	4778	113	13
ATCC_25922__202309	Escherichia coli	false	hac	dna_r10.4.1_e8.2_400bps_hac@v4.3.0	10	10.06	chromosome=10.02;plasmid_1=12.13;plasmid_2=12.95;plasmid_3=14.52;plasmid_4=17.32	B	minimap2	2.31	lr:hq	clair3	1.0.5	r1041_e82_400bps_hac_v430	docker://quay.io/mbhall88/clair3@sha256:6a4c352e7d14ebb67bdad4be366dcbf6afa66cc7f0ee0b37a05cebe3f4754735	CPU: AMD EPYC 9745	sweep_best	SNP	0	0.998650	0.980137	0.989307	19.709004	4441	4439	90	6
ATCC_25922__202309	Escherichia coli	false	hac	dna_r10.4.1_e8.2_400bps_hac@v4.3.0	10	10.06	chromosome=10.02;plasmid_1=12.13;plasmid_2=12.95;plasmid_3=14.52;plasmid_4=17.32	B	minimap2	2.31	lr:hq	clair3	1.0.5	r1041_e82_400bps_hac_v430	docker://quay.io/mbhall88/clair3@sha256:6a4c352e7d14ebb67bdad4be366dcbf6afa66cc7f0ee0b37a05cebe3f4754735	CPU: AMD EPYC 9745	sweep_best	INDEL	1	0.982808	0.947368	0.964763	14.530011	342	343	19	6
ATCC_25922__202309	Escherichia coli	false	hac	dna_r10.4.1_e8.2_400bps_hac@v4.3.0	10	10.06	chromosome=10.02;plasmid_1=12.13;plasmid_2=12.95;plasmid_3=14.52;plasmid_4=17.32	B	minimap2	2.31	lr:hq	clair3	1.0.5	r1041_e82_400bps_hac_v430	docker://quay.io/mbhall88/clair3@sha256:6a4c352e7d14ebb67bdad4be366dcbf6afa66cc7f0ee0b37a05cebe3f4754735	CPU: AMD EPYC 9745	sweep_best	ALL	1	0.997497	0.977719	0.987509	19.034028	4783	4782	109	12
ATCC_25922__202309	Escherichia coli	false	hac	dna_r10.4.1_e8.2_400bps_hac@v4.3.0	10	10.06	chromosome=10.02;plasmid_1=12.13;plasmid_2=12.95;plasmid_3=14.52;plasmid_4=17.32	B	minimap2	2.31	lr:hq	clair3	1.0.5	r1041_e82_400bps_hac_v430	docker://quay.io/mbhall88/clair3@sha256:6a4c352e7d14ebb67bdad4be366dcbf6afa66cc7f0ee0b37a05cebe3f4754735	CPU: AMD EPYC 9745	default_pass	SNP	0	0.998650	0.979916	0.989194	19.663350	4440	4438	91	6
ATCC_25922__202309	Escherichia coli	false	hac	dna_r10.4.1_e8.2_400bps_hac@v4.3.0	10	10.06	chromosome=10.02;plasmid_1=12.13;plasmid_2=12.95;plasmid_3=14.52;plasmid_4=17.32	B	minimap2	2.31	lr:hq	clair3	1.0.5	r1041_e82_400bps_hac_v430	docker://quay.io/mbhall88/clair3@sha256:6a4c352e7d14ebb67bdad4be366dcbf6afa66cc7f0ee0b37a05cebe3f4754735	CPU: AMD EPYC 9745	default_pass	INDEL	0	0.979710	0.933518	0.956056	13.571004	337	338	24	7
ATCC_25922__202309	Escherichia coli	false	hac	dna_r10.4.1_e8.2_400bps_hac@v4.3.0	10	10.06	chromosome=10.02;plasmid_1=12.13;plasmid_2=12.95;plasmid_3=14.52;plasmid_4=17.32	B	minimap2	2.31	lr:hq	clair3	1.0.5	r1041_e82_400bps_hac_v430	docker://quay.io/mbhall88/clair3@sha256:6a4c352e7d14ebb67bdad4be366dcbf6afa66cc7f0ee0b37a05cebe3f4754735	CPU: AMD EPYC 9745	default_pass	ALL	0	0.997285	0.976492	0.986779	18.787357	4777	4776	115	13
ATCC_25922__202309	Escherichia coli	false	hac	dna_r10.4.1_e8.2_400bps_hac@v4.3.0	10	10.06	chromosome=10.02;plasmid_1=12.13;plasmid_2=12.95;plasmid_3=14.52;plasmid_4=17.32	C	minimap2	2.31	lr:hq	clair3	2.0.3	r1041_e82_400bps_hac_v430	docker://hkubal/clair3@sha256:d56df84c2c7c508aaf0623b124d9926d366a58f34236505b26c055f848afa202	CPU: AMD EPYC 9745	sweep_best	SNP	0	0.998650	0.980137	0.989307	19.709004	4441	4439	90	6
ATCC_25922__202309	Escherichia coli	false	hac	dna_r10.4.1_e8.2_400bps_hac@v4.3.0	10	10.06	chromosome=10.02;plasmid_1=12.13;plasmid_2=12.95;plasmid_3=14.52;plasmid_4=17.32	C	minimap2	2.31	lr:hq	clair3	2.0.3	r1041_e82_400bps_hac_v430	docker://hkubal/clair3@sha256:d56df84c2c7c508aaf0623b124d9926d366a58f34236505b26c055f848afa202	CPU: AMD EPYC 9745	sweep_best	INDEL	1	0.982808	0.947368	0.964763	14.530011	342	343	19	6
ATCC_25922__202309	Escherichia coli	false	hac	dna_r10.4.1_e8.2_400bps_hac@v4.3.0	10	10.06	chromosome=10.02;plasmid_1=12.13;plasmid_2=12.95;plasmid_3=14.52;plasmid_4=17.32	C	minimap2	2.31	lr:hq	clair3	2.0.3	r1041_e82_400bps_hac_v430	docker://hkubal/clair3@sha256:d56df84c2c7c508aaf0623b124d9926d366a58f34236505b26c055f848afa202	CPU: AMD EPYC 9745	sweep_best	ALL	1	0.997497	0.977719	0.987509	19.034028	4783	4782	109	12
ATCC_25922__202309	Escherichia coli	false	hac	dna_r10.4.1_e8.2_400bps_hac@v4.3.0	10	10.06	chromosome=10.02;plasmid_1=12.13;plasmid_2=12.95;plasmid_3=14.52;plasmid_4=17.32	C	minimap2	2.31	lr:hq	clair3	2.0.3	r1041_e82_400bps_hac_v430	docker://hkubal/clair3@sha256:d56df84c2c7c508aaf0623b124d9926d366a58f34236505b26c055f848afa202	CPU: AMD EPYC 9745	default_pass	SNP	0	0.998650	0.979916	0.989194	19.663350	4440	4438	91	6
ATCC_25922__202309	Escherichia coli	false	hac	dna_r10.4.1_e8.2_400bps_hac@v4.3.0	10	10.06	chromosome=10.02;plasmid_1=12.13;plasmid_2=12.95;plasmid_3=14.52;plasmid_4=17.32	C	minimap2	2.31	lr:hq	clair3	2.0.3	r1041_e82_400bps_hac_v430	docker://hkubal/clair3@sha256:d56df84c2c7c508aaf0623b124d9926d366a58f34236505b26c055f848afa202	CPU: AMD EPYC 9745	default_pass	INDEL	0	0.979710	0.933518	0.956056	13.571004	337	338	24	7
ATCC_25922__202309	Escherichia coli	false	hac	dna_r10.4.1_e8.2_400bps_hac@v4.3.0	10	10.06	chromosome=10.02;plasmid_1=12.13;plasmid_2=12.95;plasmid_3=14.52;plasmid_4=17.32	C	minimap2	2.31	lr:hq	clair3	2.0.3	r1041_e82_400bps_hac_v430	docker://hkubal/clair3@sha256:d56df84c2c7c508aaf0623b124d9926d366a58f34236505b26c055f848afa202	CPU: AMD EPYC 9745	default_pass	ALL	0	0.997285	0.976492	0.986779	18.787357	4777	4776	115	13
ATCC_25922__202309	Escherichia coli	false	hac	dna_r10.4.1_e8.2_400bps_hac@v4.3.0	10	10.06	chromosome=10.02;plasmid_1=12.13;plasmid_2=12.95;plasmid_3=14.52;plasmid_4=17.32	D	minimap2	2.31	lr:hq	dorado	2.1.2	dna_r10.4.1_e8.2_400bps_polish_bacterial_methylation_v5.0.0		NVIDIA H100 80GB HBM3	sweep_best	SNP	6	0.998673	0.997131	0.997901	26.779876	4518	4516	13	6
ATCC_25922__202309	Escherichia coli	false	hac	dna_r10.4.1_e8.2_400bps_hac@v4.3.0	10	10.06	chromosome=10.02;plasmid_1=12.13;plasmid_2=12.95;plasmid_3=14.52;plasmid_4=17.32	D	minimap2	2.31	lr:hq	dorado	2.1.2	dna_r10.4.1_e8.2_400bps_polish_bacterial_methylation_v5.0.0		NVIDIA H100 80GB HBM3	sweep_best	INDEL	12	0.982558	0.933518	0.957410	13.706924	337	338	24	6
ATCC_25922__202309	Escherichia coli	false	hac	dna_r10.4.1_e8.2_400bps_hac@v4.3.0	10	10.06	chromosome=10.02;plasmid_1=12.13;plasmid_2=12.95;plasmid_3=14.52;plasmid_4=17.32	D	minimap2	2.31	lr:hq	dorado	2.1.2	dna_r10.4.1_e8.2_400bps_polish_bacterial_methylation_v5.0.0		NVIDIA H100 80GB HBM3	sweep_best	ALL	7	0.994066	0.993254	0.993660	21.979107	4859	4858	33	29
ATCC_25922__202309	Escherichia coli	false	hac	dna_r10.4.1_e8.2_400bps_hac@v4.3.0	10	10.06	chromosome=10.02;plasmid_1=12.13;plasmid_2=12.95;plasmid_3=14.52;plasmid_4=17.32	D	minimap2	2.31	lr:hq	dorado	2.1.2	dna_r10.4.1_e8.2_400bps_polish_bacterial_methylation_v5.0.0		NVIDIA H100 80GB HBM3	default_pass	SNP	0	0.996033	0.997793	0.996912	25.103227	4521	4519	10	18
ATCC_25922__202309	Escherichia coli	false	hac	dna_r10.4.1_e8.2_400bps_hac@v4.3.0	10	10.06	chromosome=10.02;plasmid_1=12.13;plasmid_2=12.95;plasmid_3=14.52;plasmid_4=17.32	D	minimap2	2.31	lr:hq	dorado	2.1.2	dna_r10.4.1_e8.2_400bps_polish_bacterial_methylation_v5.0.0		NVIDIA H100 80GB HBM3	default_pass	INDEL	0	0.847826	0.969529	0.904603	10.204653	350	351	11	63
ATCC_25922__202309	Escherichia coli	false	hac	dna_r10.4.1_e8.2_400bps_hac@v4.3.0	10	10.06	chromosome=10.02;plasmid_1=12.13;plasmid_2=12.95;plasmid_3=14.52;plasmid_4=17.32	D	minimap2	2.31	lr:hq	dorado	2.1.2	dna_r10.4.1_e8.2_400bps_polish_bacterial_methylation_v5.0.0		NVIDIA H100 80GB HBM3	default_pass	ALL	0	0.983640	0.995707	0.989637	19.845145	4871	4870	21	81
ATCC_25922__202309	Escherichia coli	false	hac	dna_r10.4.1_e8.2_400bps_hac@v4.3.0	25	25.14	chromosome=25.04;plasmid_1=31.23;plasmid_2=31.42;plasmid_3=36.14;plasmid_4=39.56	A	minimap2	2.26	map-ont	clair3	1.0.5	r1041_e82_400bps_hac_v430	docker://quay.io/mbhall88/clair3@sha256:6a4c352e7d14ebb67bdad4be366dcbf6afa66cc7f0ee0b37a05cebe3f4754735	CPU: AMD EPYC 9745	sweep_best	SNP	0	0.999775	0.979475	0.989521	19.796802	4438	4436	93	1
ATCC_25922__202309	Escherichia coli	false	hac	dna_r10.4.1_e8.2_400bps_hac@v4.3.0	25	25.14	chromosome=25.04;plasmid_1=31.23;plasmid_2=31.42;plasmid_3=36.14;plasmid_4=39.56	A	minimap2	2.26	map-ont	clair3	1.0.5	r1041_e82_400bps_hac_v430	docker://quay.io/mbhall88/clair3@sha256:6a4c352e7d14ebb67bdad4be366dcbf6afa66cc7f0ee0b37a05cebe3f4754735	CPU: AMD EPYC 9745	sweep_best	INDEL	1	0.997214	0.988920	0.993050	21.580152	357	358	4	1
ATCC_25922__202309	Escherichia coli	false	hac	dna_r10.4.1_e8.2_400bps_hac@v4.3.0	25	25.14	chromosome=25.04;plasmid_1=31.23;plasmid_2=31.42;plasmid_3=36.14;plasmid_4=39.56	A	minimap2	2.26	map-ont	clair3	1.0.5	r1041_e82_400bps_hac_v430	docker://quay.io/mbhall88/clair3@sha256:6a4c352e7d14ebb67bdad4be366dcbf6afa66cc7f0ee0b37a05cebe3f4754735	CPU: AMD EPYC 9745	sweep_best	ALL	1	0.999583	0.980172	0.989782	19.906341	4795	4794	97	2
ATCC_25922__202309	Escherichia coli	false	hac	dna_r10.4.1_e8.2_400bps_hac@v4.3.0	25	25.14	chromosome=25.04;plasmid_1=31.23;plasmid_2=31.42;plasmid_3=36.14;plasmid_4=39.56	A	minimap2	2.26	map-ont	clair3	1.0.5	r1041_e82_400bps_hac_v430	docker://quay.io/mbhall88/clair3@sha256:6a4c352e7d14ebb67bdad4be366dcbf6afa66cc7f0ee0b37a05cebe3f4754735	CPU: AMD EPYC 9745	default_pass	SNP	0	0.999775	0.979475	0.989521	19.796802	4438	4436	93	1
ATCC_25922__202309	Escherichia coli	false	hac	dna_r10.4.1_e8.2_400bps_hac@v4.3.0	25	25.14	chromosome=25.04;plasmid_1=31.23;plasmid_2=31.42;plasmid_3=36.14;plasmid_4=39.56	A	minimap2	2.26	map-ont	clair3	1.0.5	r1041_e82_400bps_hac_v430	docker://quay.io/mbhall88/clair3@sha256:6a4c352e7d14ebb67bdad4be366dcbf6afa66cc7f0ee0b37a05cebe3f4754735	CPU: AMD EPYC 9745	default_pass	INDEL	0	0.997199	0.983379	0.990241	20.105947	355	356	6	1
ATCC_25922__202309	Escherichia coli	false	hac	dna_r10.4.1_e8.2_400bps_hac@v4.3.0	25	25.14	chromosome=25.04;plasmid_1=31.23;plasmid_2=31.42;plasmid_3=36.14;plasmid_4=39.56	A	minimap2	2.26	map-ont	clair3	1.0.5	r1041_e82_400bps_hac_v430	docker://quay.io/mbhall88/clair3@sha256:6a4c352e7d14ebb67bdad4be366dcbf6afa66cc7f0ee0b37a05cebe3f4754735	CPU: AMD EPYC 9745	default_pass	ALL	0	0.999583	0.979763	0.989574	19.818823	4793	4792	99	2
ATCC_25922__202309	Escherichia coli	false	hac	dna_r10.4.1_e8.2_400bps_hac@v4.3.0	25	25.14	chromosome=25.04;plasmid_1=31.23;plasmid_2=31.42;plasmid_3=36.14;plasmid_4=39.56	B	minimap2	2.31	lr:hq	clair3	1.0.5	r1041_e82_400bps_hac_v430	docker://quay.io/mbhall88/clair3@sha256:6a4c352e7d14ebb67bdad4be366dcbf6afa66cc7f0ee0b37a05cebe3f4754735	CPU: AMD EPYC 9745	sweep_best	SNP	0	0.999775	0.979033	0.989295	19.704133	4436	4434	95	1
ATCC_25922__202309	Escherichia coli	false	hac	dna_r10.4.1_e8.2_400bps_hac@v4.3.0	25	25.14	chromosome=25.04;plasmid_1=31.23;plasmid_2=31.42;plasmid_3=36.14;plasmid_4=39.56	B	minimap2	2.31	lr:hq	clair3	1.0.5	r1041_e82_400bps_hac_v430	docker://quay.io/mbhall88/clair3@sha256:6a4c352e7d14ebb67bdad4be366dcbf6afa66cc7f0ee0b37a05cebe3f4754735	CPU: AMD EPYC 9745	sweep_best	INDEL	1	0.997214	0.988920	0.993050	21.580152	357	358	4	1
ATCC_25922__202309	Escherichia coli	false	hac	dna_r10.4.1_e8.2_400bps_hac@v4.3.0	25	25.14	chromosome=25.04;plasmid_1=31.23;plasmid_2=31.42;plasmid_3=36.14;plasmid_4=39.56	B	minimap2	2.31	lr:hq	clair3	1.0.5	r1041_e82_400bps_hac_v430	docker://quay.io/mbhall88/clair3@sha256:6a4c352e7d14ebb67bdad4be366dcbf6afa66cc7f0ee0b37a05cebe3f4754735	CPU: AMD EPYC 9745	sweep_best	ALL	1	0.999583	0.979763	0.989574	19.818823	4793	4792	99	2
ATCC_25922__202309	Escherichia coli	false	hac	dna_r10.4.1_e8.2_400bps_hac@v4.3.0	25	25.14	chromosome=25.04;plasmid_1=31.23;plasmid_2=31.42;plasmid_3=36.14;plasmid_4=39.56	B	minimap2	2.31	lr:hq	clair3	1.0.5	r1041_e82_400bps_hac_v430	docker://quay.io/mbhall88/clair3@sha256:6a4c352e7d14ebb67bdad4be366dcbf6afa66cc7f0ee0b37a05cebe3f4754735	CPU: AMD EPYC 9745	default_pass	SNP	0	0.999775	0.979033	0.989295	19.704133	4436	4434	95	1
ATCC_25922__202309	Escherichia coli	false	hac	dna_r10.4.1_e8.2_400bps_hac@v4.3.0	25	25.14	chromosome=25.04;plasmid_1=31.23;plasmid_2=31.42;plasmid_3=36.14;plasmid_4=39.56	B	minimap2	2.31	lr:hq	clair3	1.0.5	r1041_e82_400bps_hac_v430	docker://quay.io/mbhall88/clair3@sha256:6a4c352e7d14ebb67bdad4be366dcbf6afa66cc7f0ee0b37a05cebe3f4754735	CPU: AMD EPYC 9745	default_pass	INDEL	0	0.997199	0.983379	0.990241	20.105947	355	356	6	1
ATCC_25922__202309	Escherichia coli	false	hac	dna_r10.4.1_e8.2_400bps_hac@v4.3.0	25	25.14	chromosome=25.04;plasmid_1=31.23;plasmid_2=31.42;plasmid_3=36.14;plasmid_4=39.56	B	minimap2	2.31	lr:hq	clair3	1.0.5	r1041_e82_400bps_hac_v430	docker://quay.io/mbhall88/clair3@sha256:6a4c352e7d14ebb67bdad4be366dcbf6afa66cc7f0ee0b37a05cebe3f4754735	CPU: AMD EPYC 9745	default_pass	ALL	0	0.999583	0.979354	0.989365	19.732625	4791	4790	101	2
ATCC_25922__202309	Escherichia coli	false	hac	dna_r10.4.1_e8.2_400bps_hac@v4.3.0	25	25.14	chromosome=25.04;plasmid_1=31.23;plasmid_2=31.42;plasmid_3=36.14;plasmid_4=39.56	C	minimap2	2.31	lr:hq	clair3	2.0.3	r1041_e82_400bps_hac_v430	docker://hkubal/clair3@sha256:d56df84c2c7c508aaf0623b124d9926d366a58f34236505b26c055f848afa202	CPU: AMD EPYC 9745	sweep_best	SNP	0	0.999775	0.979033	0.989295	19.704133	4436	4434	95	1
ATCC_25922__202309	Escherichia coli	false	hac	dna_r10.4.1_e8.2_400bps_hac@v4.3.0	25	25.14	chromosome=25.04;plasmid_1=31.23;plasmid_2=31.42;plasmid_3=36.14;plasmid_4=39.56	C	minimap2	2.31	lr:hq	clair3	2.0.3	r1041_e82_400bps_hac_v430	docker://hkubal/clair3@sha256:d56df84c2c7c508aaf0623b124d9926d366a58f34236505b26c055f848afa202	CPU: AMD EPYC 9745	sweep_best	INDEL	1	0.997214	0.988920	0.993050	21.580152	357	358	4	1
ATCC_25922__202309	Escherichia coli	false	hac	dna_r10.4.1_e8.2_400bps_hac@v4.3.0	25	25.14	chromosome=25.04;plasmid_1=31.23;plasmid_2=31.42;plasmid_3=36.14;plasmid_4=39.56	C	minimap2	2.31	lr:hq	clair3	2.0.3	r1041_e82_400bps_hac_v430	docker://hkubal/clair3@sha256:d56df84c2c7c508aaf0623b124d9926d366a58f34236505b26c055f848afa202	CPU: AMD EPYC 9745	sweep_best	ALL	1	0.999583	0.979763	0.989574	19.818823	4793	4792	99	2
ATCC_25922__202309	Escherichia coli	false	hac	dna_r10.4.1_e8.2_400bps_hac@v4.3.0	25	25.14	chromosome=25.04;plasmid_1=31.23;plasmid_2=31.42;plasmid_3=36.14;plasmid_4=39.56	C	minimap2	2.31	lr:hq	clair3	2.0.3	r1041_e82_400bps_hac_v430	docker://hkubal/clair3@sha256:d56df84c2c7c508aaf0623b124d9926d366a58f34236505b26c055f848afa202	CPU: AMD EPYC 9745	default_pass	SNP	0	0.999775	0.979033	0.989295	19.704133	4436	4434	95	1
ATCC_25922__202309	Escherichia coli	false	hac	dna_r10.4.1_e8.2_400bps_hac@v4.3.0	25	25.14	chromosome=25.04;plasmid_1=31.23;plasmid_2=31.42;plasmid_3=36.14;plasmid_4=39.56	C	minimap2	2.31	lr:hq	clair3	2.0.3	r1041_e82_400bps_hac_v430	docker://hkubal/clair3@sha256:d56df84c2c7c508aaf0623b124d9926d366a58f34236505b26c055f848afa202	CPU: AMD EPYC 9745	default_pass	INDEL	0	0.997199	0.983379	0.990241	20.105947	355	356	6	1
ATCC_25922__202309	Escherichia coli	false	hac	dna_r10.4.1_e8.2_400bps_hac@v4.3.0	25	25.14	chromosome=25.04;plasmid_1=31.23;plasmid_2=31.42;plasmid_3=36.14;plasmid_4=39.56	C	minimap2	2.31	lr:hq	clair3	2.0.3	r1041_e82_400bps_hac_v430	docker://hkubal/clair3@sha256:d56df84c2c7c508aaf0623b124d9926d366a58f34236505b26c055f848afa202	CPU: AMD EPYC 9745	default_pass	ALL	0	0.999583	0.979354	0.989365	19.732625	4791	4790	101	2
ATCC_25922__202309	Escherichia coli	false	hac	dna_r10.4.1_e8.2_400bps_hac@v4.3.0	25	25.14	chromosome=25.04;plasmid_1=31.23;plasmid_2=31.42;plasmid_3=36.14;plasmid_4=39.56	D	minimap2	2.31	lr:hq	dorado	2.1.2	dna_r10.4.1_e8.2_400bps_polish_bacterial_methylation_v5.0.0		NVIDIA H100 80GB HBM3	sweep_best	SNP	5	0.999779	0.998455	0.999117	30.540393	4524	4522	7	1
ATCC_25922__202309	Escherichia coli	false	hac	dna_r10.4.1_e8.2_400bps_hac@v4.3.0	25	25.14	chromosome=25.04;plasmid_1=31.23;plasmid_2=31.42;plasmid_3=36.14;plasmid_4=39.56	D	minimap2	2.31	lr:hq	dorado	2.1.2	dna_r10.4.1_e8.2_400bps_polish_bacterial_methylation_v5.0.0		NVIDIA H100 80GB HBM3	sweep_best	INDEL	5	0.991597	0.977839	0.984670	18.144578	353	354	8	3
ATCC_25922__202309	Escherichia coli	false	hac	dna_r10.4.1_e8.2_400bps_hac@v4.3.0	25	25.14	chromosome=25.04;plasmid_1=31.23;plasmid_2=31.42;plasmid_3=36.14;plasmid_4=39.56	D	minimap2	2.31	lr:hq	dorado	2.1.2	dna_r10.4.1_e8.2_400bps_polish_bacterial_methylation_v5.0.0		NVIDIA H100 80GB HBM3	sweep_best	ALL	5	0.999180	0.996934	0.998056	27.113037	4877	4876	15	4
ATCC_25922__202309	Escherichia coli	false	hac	dna_r10.4.1_e8.2_400bps_hac@v4.3.0	25	25.14	chromosome=25.04;plasmid_1=31.23;plasmid_2=31.42;plasmid_3=36.14;plasmid_4=39.56	D	minimap2	2.31	lr:hq	dorado	2.1.2	dna_r10.4.1_e8.2_400bps_polish_bacterial_methylation_v5.0.0		NVIDIA H100 80GB HBM3	default_pass	SNP	0	0.999116	0.998455	0.998786	29.157813	4524	4522	7	4
ATCC_25922__202309	Escherichia coli	false	hac	dna_r10.4.1_e8.2_400bps_hac@v4.3.0	25	25.14	chromosome=25.04;plasmid_1=31.23;plasmid_2=31.42;plasmid_3=36.14;plasmid_4=39.56	D	minimap2	2.31	lr:hq	dorado	2.1.2	dna_r10.4.1_e8.2_400bps_polish_bacterial_methylation_v5.0.0		NVIDIA H100 80GB HBM3	default_pass	INDEL	0	0.978022	0.983379	0.980693	17.142852	355	356	6	8
ATCC_25922__202309	Escherichia coli	false	hac	dna_r10.4.1_e8.2_400bps_hac@v4.3.0	25	25.14	chromosome=25.04;plasmid_1=31.23;plasmid_2=31.42;plasmid_3=36.14;plasmid_4=39.56	D	minimap2	2.31	lr:hq	dorado	2.1.2	dna_r10.4.1_e8.2_400bps_polish_bacterial_methylation_v5.0.0		NVIDIA H100 80GB HBM3	default_pass	ALL	0	0.997546	0.997343	0.997444	25.924392	4879	4878	13	12
ATCC_25922__202309	Escherichia coli	false	hac	dna_r10.4.1_e8.2_400bps_hac@v4.3.0	50	50.22	chromosome=50.06;plasmid_1=59.10;plasmid_2=61.78;plasmid_3=72.74;plasmid_4=73.85	A	minimap2	2.26	map-ont	clair3	1.0.5	r1041_e82_400bps_hac_v430	docker://quay.io/mbhall88/clair3@sha256:6a4c352e7d14ebb67bdad4be366dcbf6afa66cc7f0ee0b37a05cebe3f4754735	CPU: AMD EPYC 9745	sweep_best	SNP	0	1.000000	0.991172	0.995566	23.532043	4491	4489	40	0
ATCC_25922__202309	Escherichia coli	false	hac	dna_r10.4.1_e8.2_400bps_hac@v4.3.0	50	50.22	chromosome=50.06;plasmid_1=59.10;plasmid_2=61.78;plasmid_3=72.74;plasmid_4=73.85	A	minimap2	2.26	map-ont	clair3	1.0.5	r1041_e82_400bps_hac_v430	docker://quay.io/mbhall88/clair3@sha256:6a4c352e7d14ebb67bdad4be366dcbf6afa66cc7f0ee0b37a05cebe3f4754735	CPU: AMD EPYC 9745	sweep_best	INDEL	1	1.000000	0.994460	0.997222	25.562678	359	360	2	0
ATCC_25922__202309	Escherichia coli	false	hac	dna_r10.4.1_e8.2_400bps_hac@v4.3.0	50	50.22	chromosome=50.06;plasmid_1=59.10;plasmid_2=61.78;plasmid_3=72.74;plasmid_4=73.85	A	minimap2	2.26	map-ont	clair3	1.0.5	r1041_e82_400bps_hac_v430	docker://quay.io/mbhall88/clair3@sha256:6a4c352e7d14ebb67bdad4be366dcbf6afa66cc7f0ee0b37a05cebe3f4754735	CPU: AMD EPYC 9745	sweep_best	ALL	1	1.000000	0.991415	0.995689	23.654220	4850	4849	42	0
ATCC_25922__202309	Escherichia coli	false	hac	dna_r10.4.1_e8.2_400bps_hac@v4.3.0	50	50.22	chromosome=50.06;plasmid_1=59.10;plasmid_2=61.78;plasmid_3=72.74;plasmid_4=73.85	A	minimap2	2.26	map-ont	clair3	1.0.5	r1041_e82_400bps_hac_v430	docker://quay.io/mbhall88/clair3@sha256:6a4c352e7d14ebb67bdad4be366dcbf6afa66cc7f0ee0b37a05cebe3f4754735	CPU: AMD EPYC 9745	default_pass	SNP	0	1.000000	0.991172	0.995566	23.532043	4491	4489	40	0
ATCC_25922__202309	Escherichia coli	false	hac	dna_r10.4.1_e8.2_400bps_hac@v4.3.0	50	50.22	chromosome=50.06;plasmid_1=59.10;plasmid_2=61.78;plasmid_3=72.74;plasmid_4=73.85	A	minimap2	2.26	map-ont	clair3	1.0.5	r1041_e82_400bps_hac_v430	docker://quay.io/mbhall88/clair3@sha256:6a4c352e7d14ebb67bdad4be366dcbf6afa66cc7f0ee0b37a05cebe3f4754735	CPU: AMD EPYC 9745	default_pass	INDEL	0	1.000000	0.994460	0.997222	25.562678	359	360	2	0
ATCC_25922__202309	Escherichia coli	false	hac	dna_r10.4.1_e8.2_400bps_hac@v4.3.0	50	50.22	chromosome=50.06;plasmid_1=59.10;plasmid_2=61.78;plasmid_3=72.74;plasmid_4=73.85	A	minimap2	2.26	map-ont	clair3	1.0.5	r1041_e82_400bps_hac_v430	docker://quay.io/mbhall88/clair3@sha256:6a4c352e7d14ebb67bdad4be366dcbf6afa66cc7f0ee0b37a05cebe3f4754735	CPU: AMD EPYC 9745	default_pass	ALL	0	1.000000	0.991415	0.995689	23.654220	4850	4849	42	0
ATCC_25922__202309	Escherichia coli	false	hac	dna_r10.4.1_e8.2_400bps_hac@v4.3.0	50	50.22	chromosome=50.06;plasmid_1=59.10;plasmid_2=61.78;plasmid_3=72.74;plasmid_4=73.85	B	minimap2	2.31	lr:hq	clair3	1.0.5	r1041_e82_400bps_hac_v430	docker://quay.io/mbhall88/clair3@sha256:6a4c352e7d14ebb67bdad4be366dcbf6afa66cc7f0ee0b37a05cebe3f4754735	CPU: AMD EPYC 9745	sweep_best	SNP	0	1.000000	0.989406	0.994675	22.736804	4483	4481	48	0
ATCC_25922__202309	Escherichia coli	false	hac	dna_r10.4.1_e8.2_400bps_hac@v4.3.0	50	50.22	chromosome=50.06;plasmid_1=59.10;plasmid_2=61.78;plasmid_3=72.74;plasmid_4=73.85	B	minimap2	2.31	lr:hq	clair3	1.0.5	r1041_e82_400bps_hac_v430	docker://quay.io/mbhall88/clair3@sha256:6a4c352e7d14ebb67bdad4be366dcbf6afa66cc7f0ee0b37a05cebe3f4754735	CPU: AMD EPYC 9745	sweep_best	INDEL	1	1.000000	0.994460	0.997222	25.562678	359	360	2	0
ATCC_25922__202309	Escherichia coli	false	hac	dna_r10.4.1_e8.2_400bps_hac@v4.3.0	50	50.22	chromosome=50.06;plasmid_1=59.10;plasmid_2=61.78;plasmid_3=72.74;plasmid_4=73.85	B	minimap2	2.31	lr:hq	clair3	1.0.5	r1041_e82_400bps_hac_v430	docker://quay.io/mbhall88/clair3@sha256:6a4c352e7d14ebb67bdad4be366dcbf6afa66cc7f0ee0b37a05cebe3f4754735	CPU: AMD EPYC 9745	sweep_best	ALL	1	1.000000	0.989779	0.994863	22.892904	4842	4841	50	0
ATCC_25922__202309	Escherichia coli	false	hac	dna_r10.4.1_e8.2_400bps_hac@v4.3.0	50	50.22	chromosome=50.06;plasmid_1=59.10;plasmid_2=61.78;plasmid_3=72.74;plasmid_4=73.85	B	minimap2	2.31	lr:hq	clair3	1.0.5	r1041_e82_400bps_hac_v430	docker://quay.io/mbhall88/clair3@sha256:6a4c352e7d14ebb67bdad4be366dcbf6afa66cc7f0ee0b37a05cebe3f4754735	CPU: AMD EPYC 9745	default_pass	SNP	0	1.000000	0.989406	0.994675	22.736804	4483	4481	48	0
ATCC_25922__202309	Escherichia coli	false	hac	dna_r10.4.1_e8.2_400bps_hac@v4.3.0	50	50.22	chromosome=50.06;plasmid_1=59.10;plasmid_2=61.78;plasmid_3=72.74;plasmid_4=73.85	B	minimap2	2.31	lr:hq	clair3	1.0.5	r1041_e82_400bps_hac_v430	docker://quay.io/mbhall88/clair3@sha256:6a4c352e7d14ebb67bdad4be366dcbf6afa66cc7f0ee0b37a05cebe3f4754735	CPU: AMD EPYC 9745	default_pass	INDEL	0	1.000000	0.994460	0.997222	25.562678	359	360	2	0
ATCC_25922__202309	Escherichia coli	false	hac	dna_r10.4.1_e8.2_400bps_hac@v4.3.0	50	50.22	chromosome=50.06;plasmid_1=59.10;plasmid_2=61.78;plasmid_3=72.74;plasmid_4=73.85	B	minimap2	2.31	lr:hq	clair3	1.0.5	r1041_e82_400bps_hac_v430	docker://quay.io/mbhall88/clair3@sha256:6a4c352e7d14ebb67bdad4be366dcbf6afa66cc7f0ee0b37a05cebe3f4754735	CPU: AMD EPYC 9745	default_pass	ALL	0	1.000000	0.989779	0.994863	22.892904	4842	4841	50	0
ATCC_25922__202309	Escherichia coli	false	hac	dna_r10.4.1_e8.2_400bps_hac@v4.3.0	50	50.22	chromosome=50.06;plasmid_1=59.10;plasmid_2=61.78;plasmid_3=72.74;plasmid_4=73.85	C	minimap2	2.31	lr:hq	clair3	2.0.3	r1041_e82_400bps_hac_v430	docker://hkubal/clair3@sha256:d56df84c2c7c508aaf0623b124d9926d366a58f34236505b26c055f848afa202	CPU: AMD EPYC 9745	sweep_best	SNP	0	1.000000	0.989406	0.994675	22.736804	4483	4481	48	0
ATCC_25922__202309	Escherichia coli	false	hac	dna_r10.4.1_e8.2_400bps_hac@v4.3.0	50	50.22	chromosome=50.06;plasmid_1=59.10;plasmid_2=61.78;plasmid_3=72.74;plasmid_4=73.85	C	minimap2	2.31	lr:hq	clair3	2.0.3	r1041_e82_400bps_hac_v430	docker://hkubal/clair3@sha256:d56df84c2c7c508aaf0623b124d9926d366a58f34236505b26c055f848afa202	CPU: AMD EPYC 9745	sweep_best	INDEL	1	1.000000	0.994460	0.997222	25.562678	359	360	2	0
ATCC_25922__202309	Escherichia coli	false	hac	dna_r10.4.1_e8.2_400bps_hac@v4.3.0	50	50.22	chromosome=50.06;plasmid_1=59.10;plasmid_2=61.78;plasmid_3=72.74;plasmid_4=73.85	C	minimap2	2.31	lr:hq	clair3	2.0.3	r1041_e82_400bps_hac_v430	docker://hkubal/clair3@sha256:d56df84c2c7c508aaf0623b124d9926d366a58f34236505b26c055f848afa202	CPU: AMD EPYC 9745	sweep_best	ALL	1	1.000000	0.989779	0.994863	22.892904	4842	4841	50	0
ATCC_25922__202309	Escherichia coli	false	hac	dna_r10.4.1_e8.2_400bps_hac@v4.3.0	50	50.22	chromosome=50.06;plasmid_1=59.10;plasmid_2=61.78;plasmid_3=72.74;plasmid_4=73.85	C	minimap2	2.31	lr:hq	clair3	2.0.3	r1041_e82_400bps_hac_v430	docker://hkubal/clair3@sha256:d56df84c2c7c508aaf0623b124d9926d366a58f34236505b26c055f848afa202	CPU: AMD EPYC 9745	default_pass	SNP	0	1.000000	0.989406	0.994675	22.736804	4483	4481	48	0
ATCC_25922__202309	Escherichia coli	false	hac	dna_r10.4.1_e8.2_400bps_hac@v4.3.0	50	50.22	chromosome=50.06;plasmid_1=59.10;plasmid_2=61.78;plasmid_3=72.74;plasmid_4=73.85	C	minimap2	2.31	lr:hq	clair3	2.0.3	r1041_e82_400bps_hac_v430	docker://hkubal/clair3@sha256:d56df84c2c7c508aaf0623b124d9926d366a58f34236505b26c055f848afa202	CPU: AMD EPYC 9745	default_pass	INDEL	0	1.000000	0.994460	0.997222	25.562678	359	360	2	0
ATCC_25922__202309	Escherichia coli	false	hac	dna_r10.4.1_e8.2_400bps_hac@v4.3.0	50	50.22	chromosome=50.06;plasmid_1=59.10;plasmid_2=61.78;plasmid_3=72.74;plasmid_4=73.85	C	minimap2	2.31	lr:hq	clair3	2.0.3	r1041_e82_400bps_hac_v430	docker://hkubal/clair3@sha256:d56df84c2c7c508aaf0623b124d9926d366a58f34236505b26c055f848afa202	CPU: AMD EPYC 9745	default_pass	ALL	0	1.000000	0.989779	0.994863	22.892904	4842	4841	50	0
ATCC_25922__202309	Escherichia coli	false	hac	dna_r10.4.1_e8.2_400bps_hac@v4.3.0	50	50.22	chromosome=50.06;plasmid_1=59.10;plasmid_2=61.78;plasmid_3=72.74;plasmid_4=73.85	D	minimap2	2.31	lr:hq	dorado	2.1.2	dna_r10.4.1_e8.2_400bps_polish_bacterial_methylation_v5.0.0		NVIDIA H100 80GB HBM3	sweep_best	SNP	0	0.999779	0.998455	0.999117	30.540393	4524	4522	7	1
ATCC_25922__202309	Escherichia coli	false	hac	dna_r10.4.1_e8.2_400bps_hac@v4.3.0	50	50.22	chromosome=50.06;plasmid_1=59.10;plasmid_2=61.78;plasmid_3=72.74;plasmid_4=73.85	D	minimap2	2.31	lr:hq	dorado	2.1.2	dna_r10.4.1_e8.2_400bps_polish_bacterial_methylation_v5.0.0		NVIDIA H100 80GB HBM3	sweep_best	INDEL	0	0.997199	0.983379	0.990241	20.105947	355	356	6	1
ATCC_25922__202309	Escherichia coli	false	hac	dna_r10.4.1_e8.2_400bps_hac@v4.3.0	50	50.22	chromosome=50.06;plasmid_1=59.10;plasmid_2=61.78;plasmid_3=72.74;plasmid_4=73.85	D	minimap2	2.31	lr:hq	dorado	2.1.2	dna_r10.4.1_e8.2_400bps_polish_bacterial_methylation_v5.0.0		NVIDIA H100 80GB HBM3	sweep_best	ALL	0	0.999590	0.997343	0.998465	28.138916	4879	4878	13	2
ATCC_25922__202309	Escherichia coli	false	hac	dna_r10.4.1_e8.2_400bps_hac@v4.3.0	50	50.22	chromosome=50.06;plasmid_1=59.10;plasmid_2=61.78;plasmid_3=72.74;plasmid_4=73.85	D	minimap2	2.31	lr:hq	dorado	2.1.2	dna_r10.4.1_e8.2_400bps_polish_bacterial_methylation_v5.0.0		NVIDIA H100 80GB HBM3	default_pass	SNP	0	0.999779	0.998455	0.999117	30.540393	4524	4522	7	1
ATCC_25922__202309	Escherichia coli	false	hac	dna_r10.4.1_e8.2_400bps_hac@v4.3.0	50	50.22	chromosome=50.06;plasmid_1=59.10;plasmid_2=61.78;plasmid_3=72.74;plasmid_4=73.85	D	minimap2	2.31	lr:hq	dorado	2.1.2	dna_r10.4.1_e8.2_400bps_polish_bacterial_methylation_v5.0.0		NVIDIA H100 80GB HBM3	default_pass	INDEL	0	0.997199	0.983379	0.990241	20.105947	355	356	6	1
ATCC_25922__202309	Escherichia coli	false	hac	dna_r10.4.1_e8.2_400bps_hac@v4.3.0	50	50.22	chromosome=50.06;plasmid_1=59.10;plasmid_2=61.78;plasmid_3=72.74;plasmid_4=73.85	D	minimap2	2.31	lr:hq	dorado	2.1.2	dna_r10.4.1_e8.2_400bps_polish_bacterial_methylation_v5.0.0		NVIDIA H100 80GB HBM3	default_pass	ALL	0	0.999590	0.997343	0.998465	28.138916	4879	4878	13	2
ATCC_25922__202309	Escherichia coli	false	sup	dna_r10.4.1_e8.2_400bps_sup@v4.3.0	5	5.05	chromosome=5.03;plasmid_1=5.94;plasmid_2=5.90;plasmid_3=7.93;plasmid_4=6.23	A	minimap2	2.26	map-ont	clair3	1.0.5	r1041_e82_400bps_sup_v430	docker://quay.io/mbhall88/clair3@sha256:6a4c352e7d14ebb67bdad4be366dcbf6afa66cc7f0ee0b37a05cebe3f4754735	CPU: AMD EPYC 9745	sweep_best	SNP	2	0.998641	0.973295	0.985805	18.478646	4410	4408	121	6
ATCC_25922__202309	Escherichia coli	false	sup	dna_r10.4.1_e8.2_400bps_sup@v4.3.0	5	5.05	chromosome=5.03;plasmid_1=5.94;plasmid_2=5.90;plasmid_3=7.93;plasmid_4=6.23	A	minimap2	2.26	map-ont	clair3	1.0.5	r1041_e82_400bps_sup_v430	docker://quay.io/mbhall88/clair3@sha256:6a4c352e7d14ebb67bdad4be366dcbf6afa66cc7f0ee0b37a05cebe3f4754735	CPU: AMD EPYC 9745	sweep_best	INDEL	0	0.994253	0.955679	0.974584	15.948928	345	346	16	2
ATCC_25922__202309	Escherichia coli	false	sup	dna_r10.4.1_e8.2_400bps_sup@v4.3.0	5	5.05	chromosome=5.03;plasmid_1=5.94;plasmid_2=5.90;plasmid_3=7.93;plasmid_4=6.23	A	minimap2	2.26	map-ont	clair3	1.0.5	r1041_e82_400bps_sup_v430	docker://quay.io/mbhall88/clair3@sha256:6a4c352e7d14ebb67bdad4be366dcbf6afa66cc7f0ee0b37a05cebe3f4754735	CPU: AMD EPYC 9745	sweep_best	ALL	0	0.997692	0.971995	0.984676	18.146279	4755	4754	137	11
ATCC_25922__202309	Escherichia coli	false	sup	dna_r10.4.1_e8.2_400bps_sup@v4.3.0	5	5.05	chromosome=5.03;plasmid_1=5.94;plasmid_2=5.90;plasmid_3=7.93;plasmid_4=6.23	A	minimap2	2.26	map-ont	clair3	1.0.5	r1041_e82_400bps_sup_v430	docker://quay.io/mbhall88/clair3@sha256:6a4c352e7d14ebb67bdad4be366dcbf6afa66cc7f0ee0b37a05cebe3f4754735	CPU: AMD EPYC 9745	default_pass	SNP	0	0.998414	0.973074	0.985581	18.410649	4409	4407	122	7
ATCC_25922__202309	Escherichia coli	false	sup	dna_r10.4.1_e8.2_400bps_sup@v4.3.0	5	5.05	chromosome=5.03;plasmid_1=5.94;plasmid_2=5.90;plasmid_3=7.93;plasmid_4=6.23	A	minimap2	2.26	map-ont	clair3	1.0.5	r1041_e82_400bps_sup_v430	docker://quay.io/mbhall88/clair3@sha256:6a4c352e7d14ebb67bdad4be366dcbf6afa66cc7f0ee0b37a05cebe3f4754735	CPU: AMD EPYC 9745	default_pass	INDEL	0	0.997024	0.925208	0.959774	13.954932	334	335	27	1
ATCC_25922__202309	Escherichia coli	false	sup	dna_r10.4.1_e8.2_400bps_sup@v4.3.0	5	5.05	chromosome=5.03;plasmid_1=5.94;plasmid_2=5.90;plasmid_3=7.93;plasmid_4=6.23	A	minimap2	2.26	map-ont	clair3	1.0.5	r1041_e82_400bps_sup_v430	docker://quay.io/mbhall88/clair3@sha256:6a4c352e7d14ebb67bdad4be366dcbf6afa66cc7f0ee0b37a05cebe3f4754735	CPU: AMD EPYC 9745	default_pass	ALL	0	0.998316	0.969542	0.983719	17.883189	4743	4742	149	8
ATCC_25922__202309	Escherichia coli	false	sup	dna_r10.4.1_e8.2_400bps_sup@v4.3.0	5	5.05	chromosome=5.03;plasmid_1=5.94;plasmid_2=5.90;plasmid_3=7.93;plasmid_4=6.23	B	minimap2	2.31	lr:hq	clair3	1.0.5	r1041_e82_400bps_sup_v430	docker://quay.io/mbhall88/clair3@sha256:6a4c352e7d14ebb67bdad4be366dcbf6afa66cc7f0ee0b37a05cebe3f4754735	CPU: AMD EPYC 9745	sweep_best	SNP	2	0.998641	0.973295	0.985805	18.478646	4410	4408	121	6
ATCC_25922__202309	Escherichia coli	false	sup	dna_r10.4.1_e8.2_400bps_sup@v4.3.0	5	5.05	chromosome=5.03;plasmid_1=5.94;plasmid_2=5.90;plasmid_3=7.93;plasmid_4=6.23	B	minimap2	2.31	lr:hq	clair3	1.0.5	r1041_e82_400bps_sup_v430	docker://quay.io/mbhall88/clair3@sha256:6a4c352e7d14ebb67bdad4be366dcbf6afa66cc7f0ee0b37a05cebe3f4754735	CPU: AMD EPYC 9745	sweep_best	INDEL	0	0.994253	0.955679	0.974584	15.948928	345	346	16	2
ATCC_25922__202309	Escherichia coli	false	sup	dna_r10.4.1_e8.2_400bps_sup@v4.3.0	5	5.05	chromosome=5.03;plasmid_1=5.94;plasmid_2=5.90;plasmid_3=7.93;plasmid_4=6.23	B	minimap2	2.31	lr:hq	clair3	1.0.5	r1041_e82_400bps_sup_v430	docker://quay.io/mbhall88/clair3@sha256:6a4c352e7d14ebb67bdad4be366dcbf6afa66cc7f0ee0b37a05cebe3f4754735	CPU: AMD EPYC 9745	sweep_best	ALL	0	0.997692	0.971995	0.984676	18.146279	4755	4754	137	11
ATCC_25922__202309	Escherichia coli	false	sup	dna_r10.4.1_e8.2_400bps_sup@v4.3.0	5	5.05	chromosome=5.03;plasmid_1=5.94;plasmid_2=5.90;plasmid_3=7.93;plasmid_4=6.23	B	minimap2	2.31	lr:hq	clair3	1.0.5	r1041_e82_400bps_sup_v430	docker://quay.io/mbhall88/clair3@sha256:6a4c352e7d14ebb67bdad4be366dcbf6afa66cc7f0ee0b37a05cebe3f4754735	CPU: AMD EPYC 9745	default_pass	SNP	0	0.998414	0.973074	0.985581	18.410649	4409	4407	122	7
ATCC_25922__202309	Escherichia coli	false	sup	dna_r10.4.1_e8.2_400bps_sup@v4.3.0	5	5.05	chromosome=5.03;plasmid_1=5.94;plasmid_2=5.90;plasmid_3=7.93;plasmid_4=6.23	B	minimap2	2.31	lr:hq	clair3	1.0.5	r1041_e82_400bps_sup_v430	docker://quay.io/mbhall88/clair3@sha256:6a4c352e7d14ebb67bdad4be366dcbf6afa66cc7f0ee0b37a05cebe3f4754735	CPU: AMD EPYC 9745	default_pass	INDEL	0	0.997024	0.925208	0.959774	13.954932	334	335	27	1
ATCC_25922__202309	Escherichia coli	false	sup	dna_r10.4.1_e8.2_400bps_sup@v4.3.0	5	5.05	chromosome=5.03;plasmid_1=5.94;plasmid_2=5.90;plasmid_3=7.93;plasmid_4=6.23	B	minimap2	2.31	lr:hq	clair3	1.0.5	r1041_e82_400bps_sup_v430	docker://quay.io/mbhall88/clair3@sha256:6a4c352e7d14ebb67bdad4be366dcbf6afa66cc7f0ee0b37a05cebe3f4754735	CPU: AMD EPYC 9745	default_pass	ALL	0	0.998316	0.969542	0.983719	17.883189	4743	4742	149	8
ATCC_25922__202309	Escherichia coli	false	sup	dna_r10.4.1_e8.2_400bps_sup@v4.3.0	5	5.05	chromosome=5.03;plasmid_1=5.94;plasmid_2=5.90;plasmid_3=7.93;plasmid_4=6.23	C	minimap2	2.31	lr:hq	clair3	2.0.3	r1041_e82_400bps_sup_v430	docker://hkubal/clair3@sha256:d56df84c2c7c508aaf0623b124d9926d366a58f34236505b26c055f848afa202	CPU: AMD EPYC 9745	sweep_best	SNP	2	0.998641	0.973295	0.985805	18.478646	4410	4408	121	6
ATCC_25922__202309	Escherichia coli	false	sup	dna_r10.4.1_e8.2_400bps_sup@v4.3.0	5	5.05	chromosome=5.03;plasmid_1=5.94;plasmid_2=5.90;plasmid_3=7.93;plasmid_4=6.23	C	minimap2	2.31	lr:hq	clair3	2.0.3	r1041_e82_400bps_sup_v430	docker://hkubal/clair3@sha256:d56df84c2c7c508aaf0623b124d9926d366a58f34236505b26c055f848afa202	CPU: AMD EPYC 9745	sweep_best	INDEL	0	0.994253	0.955679	0.974584	15.948928	345	346	16	2
ATCC_25922__202309	Escherichia coli	false	sup	dna_r10.4.1_e8.2_400bps_sup@v4.3.0	5	5.05	chromosome=5.03;plasmid_1=5.94;plasmid_2=5.90;plasmid_3=7.93;plasmid_4=6.23	C	minimap2	2.31	lr:hq	clair3	2.0.3	r1041_e82_400bps_sup_v430	docker://hkubal/clair3@sha256:d56df84c2c7c508aaf0623b124d9926d366a58f34236505b26c055f848afa202	CPU: AMD EPYC 9745	sweep_best	ALL	0	0.997692	0.971995	0.984676	18.146279	4755	4754	137	11
ATCC_25922__202309	Escherichia coli	false	sup	dna_r10.4.1_e8.2_400bps_sup@v4.3.0	5	5.05	chromosome=5.03;plasmid_1=5.94;plasmid_2=5.90;plasmid_3=7.93;plasmid_4=6.23	C	minimap2	2.31	lr:hq	clair3	2.0.3	r1041_e82_400bps_sup_v430	docker://hkubal/clair3@sha256:d56df84c2c7c508aaf0623b124d9926d366a58f34236505b26c055f848afa202	CPU: AMD EPYC 9745	default_pass	SNP	0	0.998414	0.973074	0.985581	18.410649	4409	4407	122	7
ATCC_25922__202309	Escherichia coli	false	sup	dna_r10.4.1_e8.2_400bps_sup@v4.3.0	5	5.05	chromosome=5.03;plasmid_1=5.94;plasmid_2=5.90;plasmid_3=7.93;plasmid_4=6.23	C	minimap2	2.31	lr:hq	clair3	2.0.3	r1041_e82_400bps_sup_v430	docker://hkubal/clair3@sha256:d56df84c2c7c508aaf0623b124d9926d366a58f34236505b26c055f848afa202	CPU: AMD EPYC 9745	default_pass	INDEL	0	0.997024	0.925208	0.959774	13.954932	334	335	27	1
ATCC_25922__202309	Escherichia coli	false	sup	dna_r10.4.1_e8.2_400bps_sup@v4.3.0	5	5.05	chromosome=5.03;plasmid_1=5.94;plasmid_2=5.90;plasmid_3=7.93;plasmid_4=6.23	C	minimap2	2.31	lr:hq	clair3	2.0.3	r1041_e82_400bps_sup_v430	docker://hkubal/clair3@sha256:d56df84c2c7c508aaf0623b124d9926d366a58f34236505b26c055f848afa202	CPU: AMD EPYC 9745	default_pass	ALL	0	0.998316	0.969542	0.983719	17.883189	4743	4742	149	8
ATCC_25922__202309	Escherichia coli	false	sup	dna_r10.4.1_e8.2_400bps_sup@v4.3.0	5	5.05	chromosome=5.03;plasmid_1=5.94;plasmid_2=5.90;plasmid_3=7.93;plasmid_4=6.23	D	minimap2	2.31	lr:hq	dorado	2.1.2	dna_r10.4.1_e8.2_400bps_polish_bacterial_methylation_v5.0.0		NVIDIA H100 80GB HBM3	sweep_best	SNP	14	0.998007	0.994924	0.996463	24.513649	4508	4506	23	9
ATCC_25922__202309	Escherichia coli	false	sup	dna_r10.4.1_e8.2_400bps_sup@v4.3.0	5	5.05	chromosome=5.03;plasmid_1=5.94;plasmid_2=5.90;plasmid_3=7.93;plasmid_4=6.23	D	minimap2	2.31	lr:hq	dorado	2.1.2	dna_r10.4.1_e8.2_400bps_polish_bacterial_methylation_v5.0.0		NVIDIA H100 80GB HBM3	sweep_best	INDEL	10	0.942466	0.950139	0.946287	12.699206	343	344	18	21
ATCC_25922__202309	Escherichia coli	false	sup	dna_r10.4.1_e8.2_400bps_sup@v4.3.0	5	5.05	chromosome=5.03;plasmid_1=5.94;plasmid_2=5.90;plasmid_3=7.93;plasmid_4=6.23	D	minimap2	2.31	lr:hq	dorado	2.1.2	dna_r10.4.1_e8.2_400bps_polish_bacterial_methylation_v5.0.0		NVIDIA H100 80GB HBM3	sweep_best	ALL	13	0.995680	0.989575	0.992618	21.318260	4841	4840	51	21
ATCC_25922__202309	Escherichia coli	false	sup	dna_r10.4.1_e8.2_400bps_sup@v4.3.0	5	5.05	chromosome=5.03;plasmid_1=5.94;plasmid_2=5.90;plasmid_3=7.93;plasmid_4=6.23	D	minimap2	2.31	lr:hq	dorado	2.1.2	dna_r10.4.1_e8.2_400bps_polish_bacterial_methylation_v5.0.0		NVIDIA H100 80GB HBM3	default_pass	SNP	0	0.975626	0.998676	0.987016	18.865915	4525	4523	6	113
ATCC_25922__202309	Escherichia coli	false	sup	dna_r10.4.1_e8.2_400bps_sup@v4.3.0	5	5.05	chromosome=5.03;plasmid_1=5.94;plasmid_2=5.90;plasmid_3=7.93;plasmid_4=6.23	D	minimap2	2.31	lr:hq	dorado	2.1.2	dna_r10.4.1_e8.2_400bps_polish_bacterial_methylation_v5.0.0		NVIDIA H100 80GB HBM3	default_pass	INDEL	0	0.710843	0.977839	0.823234	7.526013	353	354	8	144
ATCC_25922__202309	Escherichia coli	false	sup	dna_r10.4.1_e8.2_400bps_sup@v4.3.0	5	5.05	chromosome=5.03;plasmid_1=5.94;plasmid_2=5.90;plasmid_3=7.93;plasmid_4=6.23	D	minimap2	2.31	lr:hq	dorado	2.1.2	dna_r10.4.1_e8.2_400bps_polish_bacterial_methylation_v5.0.0		NVIDIA H100 80GB HBM3	default_pass	ALL	0	0.949942	0.997138	0.972968	15.681218	4878	4877	14	257
ATCC_25922__202309	Escherichia coli	false	sup	dna_r10.4.1_e8.2_400bps_sup@v4.3.0	10	10.08	chromosome=10.04;plasmid_1=12.04;plasmid_2=12.73;plasmid_3=13.90;plasmid_4=14.53	A	minimap2	2.26	map-ont	clair3	1.0.5	r1041_e82_400bps_sup_v430	docker://quay.io/mbhall88/clair3@sha256:6a4c352e7d14ebb67bdad4be366dcbf6afa66cc7f0ee0b37a05cebe3f4754735	CPU: AMD EPYC 9745	sweep_best	SNP	0	0.999772	0.966895	0.983058	17.710353	4381	4379	150	1
ATCC_25922__202309	Escherichia coli	false	sup	dna_r10.4.1_e8.2_400bps_sup@v4.3.0	10	10.08	chromosome=10.04;plasmid_1=12.04;plasmid_2=12.73;plasmid_3=13.90;plasmid_4=14.53	A	minimap2	2.26	map-ont	clair3	1.0.5	r1041_e82_400bps_sup_v430	docker://quay.io/mbhall88/clair3@sha256:6a4c352e7d14ebb67bdad4be366dcbf6afa66cc7f0ee0b37a05cebe3f4754735	CPU: AMD EPYC 9745	sweep_best	INDEL	0	1.000000	0.986150	0.993027	21.565803	356	357	5	0
ATCC_25922__202309	Escherichia coli	false	sup	dna_r10.4.1_e8.2_400bps_sup@v4.3.0	10	10.08	chromosome=10.04;plasmid_1=12.04;plasmid_2=12.73;plasmid_3=13.90;plasmid_4=14.53	A	minimap2	2.26	map-ont	clair3	1.0.5	r1041_e82_400bps_sup_v430	docker://quay.io/mbhall88/clair3@sha256:6a4c352e7d14ebb67bdad4be366dcbf6afa66cc7f0ee0b37a05cebe3f4754735	CPU: AMD EPYC 9745	sweep_best	ALL	0	0.999789	0.968316	0.983801	17.905118	4737	4736	155	1
ATCC_25922__202309	Escherichia coli	false	sup	dna_r10.4.1_e8.2_400bps_sup@v4.3.0	10	10.08	chromosome=10.04;plasmid_1=12.04;plasmid_2=12.73;plasmid_3=13.90;plasmid_4=14.53	A	minimap2	2.26	map-ont	clair3	1.0.5	r1041_e82_400bps_sup_v430	docker://quay.io/mbhall88/clair3@sha256:6a4c352e7d14ebb67bdad4be366dcbf6afa66cc7f0ee0b37a05cebe3f4754735	CPU: AMD EPYC 9745	default_pass	SNP	0	0.999772	0.966674	0.982944	17.681228	4380	4378	151	1
ATCC_25922__202309	Escherichia coli	false	sup	dna_r10.4.1_e8.2_400bps_sup@v4.3.0	10	10.08	chromosome=10.04;plasmid_1=12.04;plasmid_2=12.73;plasmid_3=13.90;plasmid_4=14.53	A	minimap2	2.26	map-ont	clair3	1.0.5	r1041_e82_400bps_sup_v430	docker://quay.io/mbhall88/clair3@sha256:6a4c352e7d14ebb67bdad4be366dcbf6afa66cc7f0ee0b37a05cebe3f4754735	CPU: AMD EPYC 9745	default_pass	INDEL	0	1.000000	0.986150	0.993027	21.565803	356	357	5	0
ATCC_25922__202309	Escherichia coli	false	sup	dna_r10.4.1_e8.2_400bps_sup@v4.3.0	10	10.08	chromosome=10.04;plasmid_1=12.04;plasmid_2=12.73;plasmid_3=13.90;plasmid_4=14.53	A	minimap2	2.26	map-ont	clair3	1.0.5	r1041_e82_400bps_sup_v430	docker://quay.io/mbhall88/clair3@sha256:6a4c352e7d14ebb67bdad4be366dcbf6afa66cc7f0ee0b37a05cebe3f4754735	CPU: AMD EPYC 9745	default_pass	ALL	0	0.999789	0.968111	0.983695	17.876792	4736	4735	156	1
ATCC_25922__202309	Escherichia coli	false	sup	dna_r10.4.1_e8.2_400bps_sup@v4.3.0	10	10.08	chromosome=10.04;plasmid_1=12.04;plasmid_2=12.73;plasmid_3=13.90;plasmid_4=14.53	B	minimap2	2.31	lr:hq	clair3	1.0.5	r1041_e82_400bps_sup_v430	docker://quay.io/mbhall88/clair3@sha256:6a4c352e7d14ebb67bdad4be366dcbf6afa66cc7f0ee0b37a05cebe3f4754735	CPU: AMD EPYC 9745	sweep_best	SNP	0	0.999772	0.966233	0.982716	17.623557	4378	4376	153	1
ATCC_25922__202309	Escherichia coli	false	sup	dna_r10.4.1_e8.2_400bps_sup@v4.3.0	10	10.08	chromosome=10.04;plasmid_1=12.04;plasmid_2=12.73;plasmid_3=13.90;plasmid_4=14.53	B	minimap2	2.31	lr:hq	clair3	1.0.5	r1041_e82_400bps_sup_v430	docker://quay.io/mbhall88/clair3@sha256:6a4c352e7d14ebb67bdad4be366dcbf6afa66cc7f0ee0b37a05cebe3f4754735	CPU: AMD EPYC 9745	sweep_best	INDEL	0	1.000000	0.983379	0.991620	20.767560	355	356	6	0
ATCC_25922__202309	Escherichia coli	false	sup	dna_r10.4.1_e8.2_400bps_sup@v4.3.0	10	10.08	chromosome=10.04;plasmid_1=12.04;plasmid_2=12.73;plasmid_3=13.90;plasmid_4=14.53	B	minimap2	2.31	lr:hq	clair3	1.0.5	r1041_e82_400bps_sup_v430	docker://quay.io/mbhall88/clair3@sha256:6a4c352e7d14ebb67bdad4be366dcbf6afa66cc7f0ee0b37a05cebe3f4754735	CPU: AMD EPYC 9745	sweep_best	ALL	0	0.999789	0.967498	0.983378	17.793167	4733	4732	159	1
ATCC_25922__202309	Escherichia coli	false	sup	dna_r10.4.1_e8.2_400bps_sup@v4.3.0	10	10.08	chromosome=10.04;plasmid_1=12.04;plasmid_2=12.73;plasmid_3=13.90;plasmid_4=14.53	B	minimap2	2.31	lr:hq	clair3	1.0.5	r1041_e82_400bps_sup_v430	docker://quay.io/mbhall88/clair3@sha256:6a4c352e7d14ebb67bdad4be366dcbf6afa66cc7f0ee0b37a05cebe3f4754735	CPU: AMD EPYC 9745	default_pass	SNP	0	0.999771	0.966012	0.982602	17.595007	4377	4375	154	1
ATCC_25922__202309	Escherichia coli	false	sup	dna_r10.4.1_e8.2_400bps_sup@v4.3.0	10	10.08	chromosome=10.04;plasmid_1=12.04;plasmid_2=12.73;plasmid_3=13.90;plasmid_4=14.53	B	minimap2	2.31	lr:hq	clair3	1.0.5	r1041_e82_400bps_sup_v430	docker://quay.io/mbhall88/clair3@sha256:6a4c352e7d14ebb67bdad4be366dcbf6afa66cc7f0ee0b37a05cebe3f4754735	CPU: AMD EPYC 9745	default_pass	INDEL	0	1.000000	0.983379	0.991620	20.767560	355	356	6	0
ATCC_25922__202309	Escherichia coli	false	sup	dna_r10.4.1_e8.2_400bps_sup@v4.3.0	10	10.08	chromosome=10.04;plasmid_1=12.04;plasmid_2=12.73;plasmid_3=13.90;plasmid_4=14.53	B	minimap2	2.31	lr:hq	clair3	1.0.5	r1041_e82_400bps_sup_v430	docker://quay.io/mbhall88/clair3@sha256:6a4c352e7d14ebb67bdad4be366dcbf6afa66cc7f0ee0b37a05cebe3f4754735	CPU: AMD EPYC 9745	default_pass	ALL	0	0.999789	0.967294	0.983273	17.765819	4732	4731	160	1
ATCC_25922__202309	Escherichia coli	false	sup	dna_r10.4.1_e8.2_400bps_sup@v4.3.0	10	10.08	chromosome=10.04;plasmid_1=12.04;plasmid_2=12.73;plasmid_3=13.90;plasmid_4=14.53	C	minimap2	2.31	lr:hq	clair3	2.0.3	r1041_e82_400bps_sup_v430	docker://hkubal/clair3@sha256:d56df84c2c7c508aaf0623b124d9926d366a58f34236505b26c055f848afa202	CPU: AMD EPYC 9745	sweep_best	SNP	0	0.999772	0.966233	0.982716	17.623557	4378	4376	153	1
ATCC_25922__202309	Escherichia coli	false	sup	dna_r10.4.1_e8.2_400bps_sup@v4.3.0	10	10.08	chromosome=10.04;plasmid_1=12.04;plasmid_2=12.73;plasmid_3=13.90;plasmid_4=14.53	C	minimap2	2.31	lr:hq	clair3	2.0.3	r1041_e82_400bps_sup_v430	docker://hkubal/clair3@sha256:d56df84c2c7c508aaf0623b124d9926d366a58f34236505b26c055f848afa202	CPU: AMD EPYC 9745	sweep_best	INDEL	0	1.000000	0.983379	0.991620	20.767560	355	356	6	0
ATCC_25922__202309	Escherichia coli	false	sup	dna_r10.4.1_e8.2_400bps_sup@v4.3.0	10	10.08	chromosome=10.04;plasmid_1=12.04;plasmid_2=12.73;plasmid_3=13.90;plasmid_4=14.53	C	minimap2	2.31	lr:hq	clair3	2.0.3	r1041_e82_400bps_sup_v430	docker://hkubal/clair3@sha256:d56df84c2c7c508aaf0623b124d9926d366a58f34236505b26c055f848afa202	CPU: AMD EPYC 9745	sweep_best	ALL	0	0.999789	0.967498	0.983378	17.793167	4733	4732	159	1
ATCC_25922__202309	Escherichia coli	false	sup	dna_r10.4.1_e8.2_400bps_sup@v4.3.0	10	10.08	chromosome=10.04;plasmid_1=12.04;plasmid_2=12.73;plasmid_3=13.90;plasmid_4=14.53	C	minimap2	2.31	lr:hq	clair3	2.0.3	r1041_e82_400bps_sup_v430	docker://hkubal/clair3@sha256:d56df84c2c7c508aaf0623b124d9926d366a58f34236505b26c055f848afa202	CPU: AMD EPYC 9745	default_pass	SNP	0	0.999771	0.966012	0.982602	17.595007	4377	4375	154	1
ATCC_25922__202309	Escherichia coli	false	sup	dna_r10.4.1_e8.2_400bps_sup@v4.3.0	10	10.08	chromosome=10.04;plasmid_1=12.04;plasmid_2=12.73;plasmid_3=13.90;plasmid_4=14.53	C	minimap2	2.31	lr:hq	clair3	2.0.3	r1041_e82_400bps_sup_v430	docker://hkubal/clair3@sha256:d56df84c2c7c508aaf0623b124d9926d366a58f34236505b26c055f848afa202	CPU: AMD EPYC 9745	default_pass	INDEL	0	1.000000	0.983379	0.991620	20.767560	355	356	6	0
ATCC_25922__202309	Escherichia coli	false	sup	dna_r10.4.1_e8.2_400bps_sup@v4.3.0	10	10.08	chromosome=10.04;plasmid_1=12.04;plasmid_2=12.73;plasmid_3=13.90;plasmid_4=14.53	C	minimap2	2.31	lr:hq	clair3	2.0.3	r1041_e82_400bps_sup_v430	docker://hkubal/clair3@sha256:d56df84c2c7c508aaf0623b124d9926d366a58f34236505b26c055f848afa202	CPU: AMD EPYC 9745	default_pass	ALL	0	0.999789	0.967294	0.983273	17.765819	4732	4731	160	1
ATCC_25922__202309	Escherichia coli	false	sup	dna_r10.4.1_e8.2_400bps_sup@v4.3.0	10	10.08	chromosome=10.04;plasmid_1=12.04;plasmid_2=12.73;plasmid_3=13.90;plasmid_4=14.53	D	minimap2	2.31	lr:hq	dorado	2.1.2	dna_r10.4.1_e8.2_400bps_polish_bacterial_methylation_v5.0.0		NVIDIA H100 80GB HBM3	sweep_best	SNP	0	0.998234	0.998455	0.998345	27.812020	4524	4522	7	8
ATCC_25922__202309	Escherichia coli	false	sup	dna_r10.4.1_e8.2_400bps_sup@v4.3.0	10	10.08	chromosome=10.04;plasmid_1=12.04;plasmid_2=12.73;plasmid_3=13.90;plasmid_4=14.53	D	minimap2	2.31	lr:hq	dorado	2.1.2	dna_r10.4.1_e8.2_400bps_polish_bacterial_methylation_v5.0.0		NVIDIA H100 80GB HBM3	sweep_best	INDEL	0	0.986188	0.986150	0.986169	18.591464	356	357	5	5
ATCC_25922__202309	Escherichia coli	false	sup	dna_r10.4.1_e8.2_400bps_sup@v4.3.0	10	10.08	chromosome=10.04;plasmid_1=12.04;plasmid_2=12.73;plasmid_3=13.90;plasmid_4=14.53	D	minimap2	2.31	lr:hq	dorado	2.1.2	dna_r10.4.1_e8.2_400bps_polish_bacterial_methylation_v5.0.0		NVIDIA H100 80GB HBM3	sweep_best	ALL	0	0.997343	0.997547	0.997445	25.926091	4880	4879	12	13
ATCC_25922__202309	Escherichia coli	false	sup	dna_r10.4.1_e8.2_400bps_sup@v4.3.0	10	10.08	chromosome=10.04;plasmid_1=12.04;plasmid_2=12.73;plasmid_3=13.90;plasmid_4=14.53	D	minimap2	2.31	lr:hq	dorado	2.1.2	dna_r10.4.1_e8.2_400bps_polish_bacterial_methylation_v5.0.0		NVIDIA H100 80GB HBM3	default_pass	SNP	0	0.998234	0.998455	0.998345	27.812020	4524	4522	7	8
ATCC_25922__202309	Escherichia coli	false	sup	dna_r10.4.1_e8.2_400bps_sup@v4.3.0	10	10.08	chromosome=10.04;plasmid_1=12.04;plasmid_2=12.73;plasmid_3=13.90;plasmid_4=14.53	D	minimap2	2.31	lr:hq	dorado	2.1.2	dna_r10.4.1_e8.2_400bps_polish_bacterial_methylation_v5.0.0		NVIDIA H100 80GB HBM3	default_pass	INDEL	0	0.986150	0.983379	0.984763	18.171005	355	356	6	5
ATCC_25922__202309	Escherichia coli	false	sup	dna_r10.4.1_e8.2_400bps_sup@v4.3.0	10	10.08	chromosome=10.04;plasmid_1=12.04;plasmid_2=12.73;plasmid_3=13.90;plasmid_4=14.53	D	minimap2	2.31	lr:hq	dorado	2.1.2	dna_r10.4.1_e8.2_400bps_polish_bacterial_methylation_v5.0.0		NVIDIA H100 80GB HBM3	default_pass	ALL	0	0.997342	0.997343	0.997342	25.754450	4879	4878	13	13
ATCC_25922__202309	Escherichia coli	false	sup	dna_r10.4.1_e8.2_400bps_sup@v4.3.0	25	25.22	chromosome=25.13;plasmid_1=30.27;plasmid_2=30.85;plasmid_3=36.28;plasmid_4=34.33	A	minimap2	2.26	map-ont	clair3	1.0.5	r1041_e82_400bps_sup_v430	docker://quay.io/mbhall88/clair3@sha256:6a4c352e7d14ebb67bdad4be366dcbf6afa66cc7f0ee0b37a05cebe3f4754735	CPU: AMD EPYC 9745	sweep_best	SNP	0	1.000000	0.992496	0.996234	24.241197	4497	4495	34	0
ATCC_25922__202309	Escherichia coli	false	sup	dna_r10.4.1_e8.2_400bps_sup@v4.3.0	25	25.22	chromosome=25.13;plasmid_1=30.27;plasmid_2=30.85;plasmid_3=36.28;plasmid_4=34.33	A	minimap2	2.26	map-ont	clair3	1.0.5	r1041_e82_400bps_sup_v430	docker://quay.io/mbhall88/clair3@sha256:6a4c352e7d14ebb67bdad4be366dcbf6afa66cc7f0ee0b37a05cebe3f4754735	CPU: AMD EPYC 9745	sweep_best	INDEL	0	1.000000	0.994460	0.997222	25.562678	359	360	2	0
ATCC_25922__202309	Escherichia coli	false	sup	dna_r10.4.1_e8.2_400bps_sup@v4.3.0	25	25.22	chromosome=25.13;plasmid_1=30.27;plasmid_2=30.85;plasmid_3=36.28;plasmid_4=34.33	A	minimap2	2.26	map-ont	clair3	1.0.5	r1041_e82_400bps_sup_v430	docker://quay.io/mbhall88/clair3@sha256:6a4c352e7d14ebb67bdad4be366dcbf6afa66cc7f0ee0b37a05cebe3f4754735	CPU: AMD EPYC 9745	sweep_best	ALL	0	1.000000	0.992641	0.996307	24.326207	4856	4855	36	0
ATCC_25922__202309	Escherichia coli	false	sup	dna_r10.4.1_e8.2_400bps_sup@v4.3.0	25	25.22	chromosome=25.13;plasmid_1=30.27;plasmid_2=30.85;plasmid_3=36.28;plasmid_4=34.33	A	minimap2	2.26	map-ont	clair3	1.0.5	r1041_e82_400bps_sup_v430	docker://quay.io/mbhall88/clair3@sha256:6a4c352e7d14ebb67bdad4be366dcbf6afa66cc7f0ee0b37a05cebe3f4754735	CPU: AMD EPYC 9745	default_pass	SNP	0	1.000000	0.992496	0.996234	24.241197	4497	4495	34	0
ATCC_25922__202309	Escherichia coli	false	sup	dna_r10.4.1_e8.2_400bps_sup@v4.3.0	25	25.22	chromosome=25.13;plasmid_1=30.27;plasmid_2=30.85;plasmid_3=36.28;plasmid_4=34.33	A	minimap2	2.26	map-ont	clair3	1.0.5	r1041_e82_400bps_sup_v430	docker://quay.io/mbhall88/clair3@sha256:6a4c352e7d14ebb67bdad4be366dcbf6afa66cc7f0ee0b37a05cebe3f4754735	CPU: AMD EPYC 9745	default_pass	INDEL	0	1.000000	0.994460	0.997222	25.562678	359	360	2	0
ATCC_25922__202309	Escherichia coli	false	sup	dna_r10.4.1_e8.2_400bps_sup@v4.3.0	25	25.22	chromosome=25.13;plasmid_1=30.27;plasmid_2=30.85;plasmid_3=36.28;plasmid_4=34.33	A	minimap2	2.26	map-ont	clair3	1.0.5	r1041_e82_400bps_sup_v430	docker://quay.io/mbhall88/clair3@sha256:6a4c352e7d14ebb67bdad4be366dcbf6afa66cc7f0ee0b37a05cebe3f4754735	CPU: AMD EPYC 9745	default_pass	ALL	0	1.000000	0.992641	0.996307	24.326207	4856	4855	36	0
ATCC_25922__202309	Escherichia coli	false	sup	dna_r10.4.1_e8.2_400bps_sup@v4.3.0	25	25.22	chromosome=25.13;plasmid_1=30.27;plasmid_2=30.85;plasmid_3=36.28;plasmid_4=34.33	B	minimap2	2.31	lr:hq	clair3	1.0.5	r1041_e82_400bps_sup_v430	docker://quay.io/mbhall88/clair3@sha256:6a4c352e7d14ebb67bdad4be366dcbf6afa66cc7f0ee0b37a05cebe3f4754735	CPU: AMD EPYC 9745	sweep_best	SNP	0	1.000000	0.992496	0.996234	24.241197	4497	4495	34	0
ATCC_25922__202309	Escherichia coli	false	sup	dna_r10.4.1_e8.2_400bps_sup@v4.3.0	25	25.22	chromosome=25.13;plasmid_1=30.27;plasmid_2=30.85;plasmid_3=36.28;plasmid_4=34.33	B	minimap2	2.31	lr:hq	clair3	1.0.5	r1041_e82_400bps_sup_v430	docker://quay.io/mbhall88/clair3@sha256:6a4c352e7d14ebb67bdad4be366dcbf6afa66cc7f0ee0b37a05cebe3f4754735	CPU: AMD EPYC 9745	sweep_best	INDEL	0	1.000000	0.994460	0.997222	25.562678	359	360	2	0
ATCC_25922__202309	Escherichia coli	false	sup	dna_r10.4.1_e8.2_400bps_sup@v4.3.0	25	25.22	chromosome=25.13;plasmid_1=30.27;plasmid_2=30.85;plasmid_3=36.28;plasmid_4=34.33	B	minimap2	2.31	lr:hq	clair3	1.0.5	r1041_e82_400bps_sup_v430	docker://quay.io/mbhall88/clair3@sha256:6a4c352e7d14ebb67bdad4be366dcbf6afa66cc7f0ee0b37a05cebe3f4754735	CPU: AMD EPYC 9745	sweep_best	ALL	0	1.000000	0.992641	0.996307	24.326207	4856	4855	36	0
ATCC_25922__202309	Escherichia coli	false	sup	dna_r10.4.1_e8.2_400bps_sup@v4.3.0	25	25.22	chromosome=25.13;plasmid_1=30.27;plasmid_2=30.85;plasmid_3=36.28;plasmid_4=34.33	B	minimap2	2.31	lr:hq	clair3	1.0.5	r1041_e82_400bps_sup_v430	docker://quay.io/mbhall88/clair3@sha256:6a4c352e7d14ebb67bdad4be366dcbf6afa66cc7f0ee0b37a05cebe3f4754735	CPU: AMD EPYC 9745	default_pass	SNP	0	1.000000	0.992496	0.996234	24.241197	4497	4495	34	0
ATCC_25922__202309	Escherichia coli	false	sup	dna_r10.4.1_e8.2_400bps_sup@v4.3.0	25	25.22	chromosome=25.13;plasmid_1=30.27;plasmid_2=30.85;plasmid_3=36.28;plasmid_4=34.33	B	minimap2	2.31	lr:hq	clair3	1.0.5	r1041_e82_400bps_sup_v430	docker://quay.io/mbhall88/clair3@sha256:6a4c352e7d14ebb67bdad4be366dcbf6afa66cc7f0ee0b37a05cebe3f4754735	CPU: AMD EPYC 9745	default_pass	INDEL	0	1.000000	0.994460	0.997222	25.562678	359	360	2	0
ATCC_25922__202309	Escherichia coli	false	sup	dna_r10.4.1_e8.2_400bps_sup@v4.3.0	25	25.22	chromosome=25.13;plasmid_1=30.27;plasmid_2=30.85;plasmid_3=36.28;plasmid_4=34.33	B	minimap2	2.31	lr:hq	clair3	1.0.5	r1041_e82_400bps_sup_v430	docker://quay.io/mbhall88/clair3@sha256:6a4c352e7d14ebb67bdad4be366dcbf6afa66cc7f0ee0b37a05cebe3f4754735	CPU: AMD EPYC 9745	default_pass	ALL	0	1.000000	0.992641	0.996307	24.326207	4856	4855	36	0
ATCC_25922__202309	Escherichia coli	false	sup	dna_r10.4.1_e8.2_400bps_sup@v4.3.0	25	25.22	chromosome=25.13;plasmid_1=30.27;plasmid_2=30.85;plasmid_3=36.28;plasmid_4=34.33	C	minimap2	2.31	lr:hq	clair3	2.0.3	r1041_e82_400bps_sup_v430	docker://hkubal/clair3@sha256:d56df84c2c7c508aaf0623b124d9926d366a58f34236505b26c055f848afa202	CPU: AMD EPYC 9745	sweep_best	SNP	0	1.000000	0.992496	0.996234	24.241197	4497	4495	34	0
ATCC_25922__202309	Escherichia coli	false	sup	dna_r10.4.1_e8.2_400bps_sup@v4.3.0	25	25.22	chromosome=25.13;plasmid_1=30.27;plasmid_2=30.85;plasmid_3=36.28;plasmid_4=34.33	C	minimap2	2.31	lr:hq	clair3	2.0.3	r1041_e82_400bps_sup_v430	docker://hkubal/clair3@sha256:d56df84c2c7c508aaf0623b124d9926d366a58f34236505b26c055f848afa202	CPU: AMD EPYC 9745	sweep_best	INDEL	0	1.000000	0.994460	0.997222	25.562678	359	360	2	0
ATCC_25922__202309	Escherichia coli	false	sup	dna_r10.4.1_e8.2_400bps_sup@v4.3.0	25	25.22	chromosome=25.13;plasmid_1=30.27;plasmid_2=30.85;plasmid_3=36.28;plasmid_4=34.33	C	minimap2	2.31	lr:hq	clair3	2.0.3	r1041_e82_400bps_sup_v430	docker://hkubal/clair3@sha256:d56df84c2c7c508aaf0623b124d9926d366a58f34236505b26c055f848afa202	CPU: AMD EPYC 9745	sweep_best	ALL	0	1.000000	0.992641	0.996307	24.326207	4856	4855	36	0
ATCC_25922__202309	Escherichia coli	false	sup	dna_r10.4.1_e8.2_400bps_sup@v4.3.0	25	25.22	chromosome=25.13;plasmid_1=30.27;plasmid_2=30.85;plasmid_3=36.28;plasmid_4=34.33	C	minimap2	2.31	lr:hq	clair3	2.0.3	r1041_e82_400bps_sup_v430	docker://hkubal/clair3@sha256:d56df84c2c7c508aaf0623b124d9926d366a58f34236505b26c055f848afa202	CPU: AMD EPYC 9745	default_pass	SNP	0	1.000000	0.992496	0.996234	24.241197	4497	4495	34	0
ATCC_25922__202309	Escherichia coli	false	sup	dna_r10.4.1_e8.2_400bps_sup@v4.3.0	25	25.22	chromosome=25.13;plasmid_1=30.27;plasmid_2=30.85;plasmid_3=36.28;plasmid_4=34.33	C	minimap2	2.31	lr:hq	clair3	2.0.3	r1041_e82_400bps_sup_v430	docker://hkubal/clair3@sha256:d56df84c2c7c508aaf0623b124d9926d366a58f34236505b26c055f848afa202	CPU: AMD EPYC 9745	default_pass	INDEL	0	1.000000	0.994460	0.997222	25.562678	359	360	2	0
ATCC_25922__202309	Escherichia coli	false	sup	dna_r10.4.1_e8.2_400bps_sup@v4.3.0	25	25.22	chromosome=25.13;plasmid_1=30.27;plasmid_2=30.85;plasmid_3=36.28;plasmid_4=34.33	C	minimap2	2.31	lr:hq	clair3	2.0.3	r1041_e82_400bps_sup_v430	docker://hkubal/clair3@sha256:d56df84c2c7c508aaf0623b124d9926d366a58f34236505b26c055f848afa202	CPU: AMD EPYC 9745	default_pass	ALL	0	1.000000	0.992641	0.996307	24.326207	4856	4855	36	0
ATCC_25922__202309	Escherichia coli	false	sup	dna_r10.4.1_e8.2_400bps_sup@v4.3.0	25	25.22	chromosome=25.13;plasmid_1=30.27;plasmid_2=30.85;plasmid_3=36.28;plasmid_4=34.33	D	minimap2	2.31	lr:hq	dorado	2.1.2	dna_r10.4.1_e8.2_400bps_polish_bacterial_methylation_v5.0.0		NVIDIA H100 80GB HBM3	sweep_best	SNP	4	0.999779	0.998676	0.999227	31.118205	4525	4523	6	1
ATCC_25922__202309	Escherichia coli	false	sup	dna_r10.4.1_e8.2_400bps_sup@v4.3.0	25	25.22	chromosome=25.13;plasmid_1=30.27;plasmid_2=30.85;plasmid_3=36.28;plasmid_4=34.33	D	minimap2	2.31	lr:hq	dorado	2.1.2	dna_r10.4.1_e8.2_400bps_polish_bacterial_methylation_v5.0.0		NVIDIA H100 80GB HBM3	sweep_best	INDEL	4	1.000000	0.986150	0.993027	21.565803	356	357	5	0
ATCC_25922__202309	Escherichia coli	false	sup	dna_r10.4.1_e8.2_400bps_sup@v4.3.0	25	25.22	chromosome=25.13;plasmid_1=30.27;plasmid_2=30.85;plasmid_3=36.28;plasmid_4=34.33	D	minimap2	2.31	lr:hq	dorado	2.1.2	dna_r10.4.1_e8.2_400bps_polish_bacterial_methylation_v5.0.0		NVIDIA H100 80GB HBM3	sweep_best	ALL	4	0.999795	0.997751	0.998772	29.108016	4881	4880	11	1
ATCC_25922__202309	Escherichia coli	false	sup	dna_r10.4.1_e8.2_400bps_sup@v4.3.0	25	25.22	chromosome=25.13;plasmid_1=30.27;plasmid_2=30.85;plasmid_3=36.28;plasmid_4=34.33	D	minimap2	2.31	lr:hq	dorado	2.1.2	dna_r10.4.1_e8.2_400bps_polish_bacterial_methylation_v5.0.0		NVIDIA H100 80GB HBM3	default_pass	SNP	0	0.999337	0.998676	0.999006	30.026136	4525	4523	6	3
ATCC_25922__202309	Escherichia coli	false	sup	dna_r10.4.1_e8.2_400bps_sup@v4.3.0	25	25.22	chromosome=25.13;plasmid_1=30.27;plasmid_2=30.85;plasmid_3=36.28;plasmid_4=34.33	D	minimap2	2.31	lr:hq	dorado	2.1.2	dna_r10.4.1_e8.2_400bps_polish_bacterial_methylation_v5.0.0		NVIDIA H100 80GB HBM3	default_pass	INDEL	0	0.997207	0.986150	0.991647	20.781575	356	357	5	1
ATCC_25922__202309	Escherichia coli	false	sup	dna_r10.4.1_e8.2_400bps_sup@v4.3.0	25	25.22	chromosome=25.13;plasmid_1=30.27;plasmid_2=30.85;plasmid_3=36.28;plasmid_4=34.33	D	minimap2	2.31	lr:hq	dorado	2.1.2	dna_r10.4.1_e8.2_400bps_polish_bacterial_methylation_v5.0.0		NVIDIA H100 80GB HBM3	default_pass	ALL	0	0.999181	0.997751	0.998466	28.141746	4881	4880	11	4
ATCC_25922__202309	Escherichia coli	false	sup	dna_r10.4.1_e8.2_400bps_sup@v4.3.0	50	50.43	chromosome=50.25;plasmid_1=60.91;plasmid_2=63.18;plasmid_3=70.78;plasmid_4=68.11	A	minimap2	2.26	map-ont	clair3	1.0.5	r1041_e82_400bps_sup_v430	docker://quay.io/mbhall88/clair3@sha256:6a4c352e7d14ebb67bdad4be366dcbf6afa66cc7f0ee0b37a05cebe3f4754735	CPU: AMD EPYC 9745	sweep_best	SNP	0	1.000000	0.996469	0.998231	27.522722	4515	4513	16	0
ATCC_25922__202309	Escherichia coli	false	sup	dna_r10.4.1_e8.2_400bps_sup@v4.3.0	50	50.43	chromosome=50.25;plasmid_1=60.91;plasmid_2=63.18;plasmid_3=70.78;plasmid_4=68.11	A	minimap2	2.26	map-ont	clair3	1.0.5	r1041_e82_400bps_sup_v430	docker://quay.io/mbhall88/clair3@sha256:6a4c352e7d14ebb67bdad4be366dcbf6afa66cc7f0ee0b37a05cebe3f4754735	CPU: AMD EPYC 9745	sweep_best	INDEL	0	1.000000	1.000000	1.000000	60.000000	361	362	0	0
ATCC_25922__202309	Escherichia coli	false	sup	dna_r10.4.1_e8.2_400bps_sup@v4.3.0	50	50.43	chromosome=50.25;plasmid_1=60.91;plasmid_2=63.18;plasmid_3=70.78;plasmid_4=68.11	A	minimap2	2.26	map-ont	clair3	1.0.5	r1041_e82_400bps_sup_v430	docker://quay.io/mbhall88/clair3@sha256:6a4c352e7d14ebb67bdad4be366dcbf6afa66cc7f0ee0b37a05cebe3f4754735	CPU: AMD EPYC 9745	sweep_best	ALL	0	1.000000	0.996729	0.998362	27.856861	4876	4875	16	0
ATCC_25922__202309	Escherichia coli	false	sup	dna_r10.4.1_e8.2_400bps_sup@v4.3.0	50	50.43	chromosome=50.25;plasmid_1=60.91;plasmid_2=63.18;plasmid_3=70.78;plasmid_4=68.11	A	minimap2	2.26	map-ont	clair3	1.0.5	r1041_e82_400bps_sup_v430	docker://quay.io/mbhall88/clair3@sha256:6a4c352e7d14ebb67bdad4be366dcbf6afa66cc7f0ee0b37a05cebe3f4754735	CPU: AMD EPYC 9745	default_pass	SNP	0	1.000000	0.996469	0.998231	27.522722	4515	4513	16	0
ATCC_25922__202309	Escherichia coli	false	sup	dna_r10.4.1_e8.2_400bps_sup@v4.3.0	50	50.43	chromosome=50.25;plasmid_1=60.91;plasmid_2=63.18;plasmid_3=70.78;plasmid_4=68.11	A	minimap2	2.26	map-ont	clair3	1.0.5	r1041_e82_400bps_sup_v430	docker://quay.io/mbhall88/clair3@sha256:6a4c352e7d14ebb67bdad4be366dcbf6afa66cc7f0ee0b37a05cebe3f4754735	CPU: AMD EPYC 9745	default_pass	INDEL	0	1.000000	1.000000	1.000000	60.000000	361	362	0	0
ATCC_25922__202309	Escherichia coli	false	sup	dna_r10.4.1_e8.2_400bps_sup@v4.3.0	50	50.43	chromosome=50.25;plasmid_1=60.91;plasmid_2=63.18;plasmid_3=70.78;plasmid_4=68.11	A	minimap2	2.26	map-ont	clair3	1.0.5	r1041_e82_400bps_sup_v430	docker://quay.io/mbhall88/clair3@sha256:6a4c352e7d14ebb67bdad4be366dcbf6afa66cc7f0ee0b37a05cebe3f4754735	CPU: AMD EPYC 9745	default_pass	ALL	0	1.000000	0.996729	0.998362	27.856861	4876	4875	16	0
ATCC_25922__202309	Escherichia coli	false	sup	dna_r10.4.1_e8.2_400bps_sup@v4.3.0	50	50.43	chromosome=50.25;plasmid_1=60.91;plasmid_2=63.18;plasmid_3=70.78;plasmid_4=68.11	B	minimap2	2.31	lr:hq	clair3	1.0.5	r1041_e82_400bps_sup_v430	docker://quay.io/mbhall88/clair3@sha256:6a4c352e7d14ebb67bdad4be366dcbf6afa66cc7f0ee0b37a05cebe3f4754735	CPU: AMD EPYC 9745	sweep_best	SNP	0	1.000000	0.996689	0.998342	27.804155	4516	4514	15	0
ATCC_25922__202309	Escherichia coli	false	sup	dna_r10.4.1_e8.2_400bps_sup@v4.3.0	50	50.43	chromosome=50.25;plasmid_1=60.91;plasmid_2=63.18;plasmid_3=70.78;plasmid_4=68.11	B	minimap2	2.31	lr:hq	clair3	1.0.5	r1041_e82_400bps_sup_v430	docker://quay.io/mbhall88/clair3@sha256:6a4c352e7d14ebb67bdad4be366dcbf6afa66cc7f0ee0b37a05cebe3f4754735	CPU: AMD EPYC 9745	sweep_best	INDEL	0	1.000000	1.000000	1.000000	60.000000	361	362	0	0
ATCC_25922__202309	Escherichia coli	false	sup	dna_r10.4.1_e8.2_400bps_sup@v4.3.0	50	50.43	chromosome=50.25;plasmid_1=60.91;plasmid_2=63.18;plasmid_3=70.78;plasmid_4=68.11	B	minimap2	2.31	lr:hq	clair3	1.0.5	r1041_e82_400bps_sup_v430	docker://quay.io/mbhall88/clair3@sha256:6a4c352e7d14ebb67bdad4be366dcbf6afa66cc7f0ee0b37a05cebe3f4754735	CPU: AMD EPYC 9745	sweep_best	ALL	0	1.000000	0.996934	0.998465	28.138916	4877	4876	15	0
ATCC_25922__202309	Escherichia coli	false	sup	dna_r10.4.1_e8.2_400bps_sup@v4.3.0	50	50.43	chromosome=50.25;plasmid_1=60.91;plasmid_2=63.18;plasmid_3=70.78;plasmid_4=68.11	B	minimap2	2.31	lr:hq	clair3	1.0.5	r1041_e82_400bps_sup_v430	docker://quay.io/mbhall88/clair3@sha256:6a4c352e7d14ebb67bdad4be366dcbf6afa66cc7f0ee0b37a05cebe3f4754735	CPU: AMD EPYC 9745	default_pass	SNP	0	1.000000	0.996689	0.998342	27.804155	4516	4514	15	0
ATCC_25922__202309	Escherichia coli	false	sup	dna_r10.4.1_e8.2_400bps_sup@v4.3.0	50	50.43	chromosome=50.25;plasmid_1=60.91;plasmid_2=63.18;plasmid_3=70.78;plasmid_4=68.11	B	minimap2	2.31	lr:hq	clair3	1.0.5	r1041_e82_400bps_sup_v430	docker://quay.io/mbhall88/clair3@sha256:6a4c352e7d14ebb67bdad4be366dcbf6afa66cc7f0ee0b37a05cebe3f4754735	CPU: AMD EPYC 9745	default_pass	INDEL	0	1.000000	1.000000	1.000000	60.000000	361	362	0	0
ATCC_25922__202309	Escherichia coli	false	sup	dna_r10.4.1_e8.2_400bps_sup@v4.3.0	50	50.43	chromosome=50.25;plasmid_1=60.91;plasmid_2=63.18;plasmid_3=70.78;plasmid_4=68.11	B	minimap2	2.31	lr:hq	clair3	1.0.5	r1041_e82_400bps_sup_v430	docker://quay.io/mbhall88/clair3@sha256:6a4c352e7d14ebb67bdad4be366dcbf6afa66cc7f0ee0b37a05cebe3f4754735	CPU: AMD EPYC 9745	default_pass	ALL	0	1.000000	0.996934	0.998465	28.138916	4877	4876	15	0
ATCC_25922__202309	Escherichia coli	false	sup	dna_r10.4.1_e8.2_400bps_sup@v4.3.0	50	50.43	chromosome=50.25;plasmid_1=60.91;plasmid_2=63.18;plasmid_3=70.78;plasmid_4=68.11	C	minimap2	2.31	lr:hq	clair3	2.0.3	r1041_e82_400bps_sup_v430	docker://hkubal/clair3@sha256:d56df84c2c7c508aaf0623b124d9926d366a58f34236505b26c055f848afa202	CPU: AMD EPYC 9745	sweep_best	SNP	0	1.000000	0.996689	0.998342	27.804155	4516	4514	15	0
ATCC_25922__202309	Escherichia coli	false	sup	dna_r10.4.1_e8.2_400bps_sup@v4.3.0	50	50.43	chromosome=50.25;plasmid_1=60.91;plasmid_2=63.18;plasmid_3=70.78;plasmid_4=68.11	C	minimap2	2.31	lr:hq	clair3	2.0.3	r1041_e82_400bps_sup_v430	docker://hkubal/clair3@sha256:d56df84c2c7c508aaf0623b124d9926d366a58f34236505b26c055f848afa202	CPU: AMD EPYC 9745	sweep_best	INDEL	0	1.000000	1.000000	1.000000	60.000000	361	362	0	0
ATCC_25922__202309	Escherichia coli	false	sup	dna_r10.4.1_e8.2_400bps_sup@v4.3.0	50	50.43	chromosome=50.25;plasmid_1=60.91;plasmid_2=63.18;plasmid_3=70.78;plasmid_4=68.11	C	minimap2	2.31	lr:hq	clair3	2.0.3	r1041_e82_400bps_sup_v430	docker://hkubal/clair3@sha256:d56df84c2c7c508aaf0623b124d9926d366a58f34236505b26c055f848afa202	CPU: AMD EPYC 9745	sweep_best	ALL	0	1.000000	0.996934	0.998465	28.138916	4877	4876	15	0
ATCC_25922__202309	Escherichia coli	false	sup	dna_r10.4.1_e8.2_400bps_sup@v4.3.0	50	50.43	chromosome=50.25;plasmid_1=60.91;plasmid_2=63.18;plasmid_3=70.78;plasmid_4=68.11	C	minimap2	2.31	lr:hq	clair3	2.0.3	r1041_e82_400bps_sup_v430	docker://hkubal/clair3@sha256:d56df84c2c7c508aaf0623b124d9926d366a58f34236505b26c055f848afa202	CPU: AMD EPYC 9745	default_pass	SNP	0	1.000000	0.996689	0.998342	27.804155	4516	4514	15	0
ATCC_25922__202309	Escherichia coli	false	sup	dna_r10.4.1_e8.2_400bps_sup@v4.3.0	50	50.43	chromosome=50.25;plasmid_1=60.91;plasmid_2=63.18;plasmid_3=70.78;plasmid_4=68.11	C	minimap2	2.31	lr:hq	clair3	2.0.3	r1041_e82_400bps_sup_v430	docker://hkubal/clair3@sha256:d56df84c2c7c508aaf0623b124d9926d366a58f34236505b26c055f848afa202	CPU: AMD EPYC 9745	default_pass	INDEL	0	1.000000	1.000000	1.000000	60.000000	361	362	0	0
ATCC_25922__202309	Escherichia coli	false	sup	dna_r10.4.1_e8.2_400bps_sup@v4.3.0	50	50.43	chromosome=50.25;plasmid_1=60.91;plasmid_2=63.18;plasmid_3=70.78;plasmid_4=68.11	C	minimap2	2.31	lr:hq	clair3	2.0.3	r1041_e82_400bps_sup_v430	docker://hkubal/clair3@sha256:d56df84c2c7c508aaf0623b124d9926d366a58f34236505b26c055f848afa202	CPU: AMD EPYC 9745	default_pass	ALL	0	1.000000	0.996934	0.998465	28.138916	4877	4876	15	0
ATCC_25922__202309	Escherichia coli	false	sup	dna_r10.4.1_e8.2_400bps_sup@v4.3.0	50	50.43	chromosome=50.25;plasmid_1=60.91;plasmid_2=63.18;plasmid_3=70.78;plasmid_4=68.11	D	minimap2	2.31	lr:hq	dorado	2.1.2	dna_r10.4.1_e8.2_400bps_polish_bacterial_methylation_v5.0.0		NVIDIA H100 80GB HBM3	sweep_best	SNP	0	0.999558	0.998455	0.999006	30.026136	4524	4522	7	2
ATCC_25922__202309	Escherichia coli	false	sup	dna_r10.4.1_e8.2_400bps_sup@v4.3.0	50	50.43	chromosome=50.25;plasmid_1=60.91;plasmid_2=63.18;plasmid_3=70.78;plasmid_4=68.11	D	minimap2	2.31	lr:hq	dorado	2.1.2	dna_r10.4.1_e8.2_400bps_polish_bacterial_methylation_v5.0.0		NVIDIA H100 80GB HBM3	sweep_best	INDEL	0	1.000000	0.986150	0.993027	21.565803	356	357	5	0
ATCC_25922__202309	Escherichia coli	false	sup	dna_r10.4.1_e8.2_400bps_sup@v4.3.0	50	50.43	chromosome=50.25;plasmid_1=60.91;plasmid_2=63.18;plasmid_3=70.78;plasmid_4=68.11	D	minimap2	2.31	lr:hq	dorado	2.1.2	dna_r10.4.1_e8.2_400bps_polish_bacterial_methylation_v5.0.0		NVIDIA H100 80GB HBM3	sweep_best	ALL	0	0.999590	0.997547	0.998568	28.440570	4880	4879	12	2
ATCC_25922__202309	Escherichia coli	false	sup	dna_r10.4.1_e8.2_400bps_sup@v4.3.0	50	50.43	chromosome=50.25;plasmid_1=60.91;plasmid_2=63.18;plasmid_3=70.78;plasmid_4=68.11	D	minimap2	2.31	lr:hq	dorado	2.1.2	dna_r10.4.1_e8.2_400bps_polish_bacterial_methylation_v5.0.0		NVIDIA H100 80GB HBM3	default_pass	SNP	0	0.999558	0.998455	0.999006	30.026136	4524	4522	7	2
ATCC_25922__202309	Escherichia coli	false	sup	dna_r10.4.1_e8.2_400bps_sup@v4.3.0	50	50.43	chromosome=50.25;plasmid_1=60.91;plasmid_2=63.18;plasmid_3=70.78;plasmid_4=68.11	D	minimap2	2.31	lr:hq	dorado	2.1.2	dna_r10.4.1_e8.2_400bps_polish_bacterial_methylation_v5.0.0		NVIDIA H100 80GB HBM3	default_pass	INDEL	0	1.000000	0.986150	0.993027	21.565803	356	357	5	0
ATCC_25922__202309	Escherichia coli	false	sup	dna_r10.4.1_e8.2_400bps_sup@v4.3.0	50	50.43	chromosome=50.25;plasmid_1=60.91;plasmid_2=63.18;plasmid_3=70.78;plasmid_4=68.11	D	minimap2	2.31	lr:hq	dorado	2.1.2	dna_r10.4.1_e8.2_400bps_polish_bacterial_methylation_v5.0.0		NVIDIA H100 80GB HBM3	default_pass	ALL	0	0.999590	0.997547	0.998568	28.440570	4880	4879	12	2
ATCC_33560__202309	Campylobacter jejuni	false	hac	dna_r10.4.1_e8.2_400bps_hac@v4.3.0	5	4.99	chromosome=4.99	A	minimap2	2.26	map-ont	clair3	1.0.5	r1041_e82_400bps_hac_v430	docker://quay.io/mbhall88/clair3@sha256:6a4c352e7d14ebb67bdad4be366dcbf6afa66cc7f0ee0b37a05cebe3f4754735	CPU: AMD EPYC 9745	sweep_best	SNP	1	0.992708	0.984142	0.988406	19.357667	6268	6262	101	46
ATCC_33560__202309	Campylobacter jejuni	false	hac	dna_r10.4.1_e8.2_400bps_hac@v4.3.0	5	4.99	chromosome=4.99	A	minimap2	2.26	map-ont	clair3	1.0.5	r1041_e82_400bps_hac_v430	docker://quay.io/mbhall88/clair3@sha256:6a4c352e7d14ebb67bdad4be366dcbf6afa66cc7f0ee0b37a05cebe3f4754735	CPU: AMD EPYC 9745	sweep_best	INDEL	1	0.931373	0.838565	0.882536	9.300952	187	190	36	14
ATCC_33560__202309	Campylobacter jejuni	false	hac	dna_r10.4.1_e8.2_400bps_hac@v4.3.0	5	4.99	chromosome=4.99	A	minimap2	2.26	map-ont	clair3	1.0.5	r1041_e82_400bps_hac_v430	docker://quay.io/mbhall88/clair3@sha256:6a4c352e7d14ebb67bdad4be366dcbf6afa66cc7f0ee0b37a05cebe3f4754735	CPU: AMD EPYC 9745	sweep_best	ALL	1	0.990786	0.979217	0.984968	18.229832	6455	6452	137	60
ATCC_33560__202309	Campylobacter jejuni	false	hac	dna_r10.4.1_e8.2_400bps_hac@v4.3.0	5	4.99	chromosome=4.99	A	minimap2	2.26	map-ont	clair3	1.0.5	r1041_e82_400bps_hac_v430	docker://quay.io/mbhall88/clair3@sha256:6a4c352e7d14ebb67bdad4be366dcbf6afa66cc7f0ee0b37a05cebe3f4754735	CPU: AMD EPYC 9745	default_pass	SNP	0	0.992862	0.983043	0.987928	19.182208	6261	6259	108	45
ATCC_33560__202309	Campylobacter jejuni	false	hac	dna_r10.4.1_e8.2_400bps_hac@v4.3.0	5	4.99	chromosome=4.99	A	minimap2	2.26	map-ont	clair3	1.0.5	r1041_e82_400bps_hac_v430	docker://quay.io/mbhall88/clair3@sha256:6a4c352e7d14ebb67bdad4be366dcbf6afa66cc7f0ee0b37a05cebe3f4754735	CPU: AMD EPYC 9745	default_pass	INDEL	0	0.937824	0.807175	0.867608	8.781383	180	181	43	12
ATCC_33560__202309	Campylobacter jejuni	false	hac	dna_r10.4.1_e8.2_400bps_hac@v4.3.0	5	4.99	chromosome=4.99	A	minimap2	2.26	map-ont	clair3	1.0.5	r1041_e82_400bps_hac_v430	docker://quay.io/mbhall88/clair3@sha256:6a4c352e7d14ebb67bdad4be366dcbf6afa66cc7f0ee0b37a05cebe3f4754735	CPU: AMD EPYC 9745	default_pass	ALL	0	0.991227	0.977093	0.984109	17.988488	6441	6440	151	57
ATCC_33560__202309	Campylobacter jejuni	false	hac	dna_r10.4.1_e8.2_400bps_hac@v4.3.0	5	4.99	chromosome=4.99	B	minimap2	2.31	lr:hq	clair3	1.0.5	r1041_e82_400bps_hac_v430	docker://quay.io/mbhall88/clair3@sha256:6a4c352e7d14ebb67bdad4be366dcbf6afa66cc7f0ee0b37a05cebe3f4754735	CPU: AMD EPYC 9745	sweep_best	SNP	1	0.992392	0.983985	0.988171	19.270520	6267	6261	102	48
ATCC_33560__202309	Campylobacter jejuni	false	hac	dna_r10.4.1_e8.2_400bps_hac@v4.3.0	5	4.99	chromosome=4.99	B	minimap2	2.31	lr:hq	clair3	1.0.5	r1041_e82_400bps_hac_v430	docker://quay.io/mbhall88/clair3@sha256:6a4c352e7d14ebb67bdad4be366dcbf6afa66cc7f0ee0b37a05cebe3f4754735	CPU: AMD EPYC 9745	sweep_best	INDEL	1	0.931373	0.838565	0.882536	9.300952	187	190	36	14
ATCC_33560__202309	Campylobacter jejuni	false	hac	dna_r10.4.1_e8.2_400bps_hac@v4.3.0	5	4.99	chromosome=4.99	B	minimap2	2.31	lr:hq	clair3	1.0.5	r1041_e82_400bps_hac_v430	docker://quay.io/mbhall88/clair3@sha256:6a4c352e7d14ebb67bdad4be366dcbf6afa66cc7f0ee0b37a05cebe3f4754735	CPU: AMD EPYC 9745	sweep_best	ALL	1	0.990481	0.979066	0.984740	18.164455	6454	6451	138	62
ATCC_33560__202309	Campylobacter jejuni	false	hac	dna_r10.4.1_e8.2_400bps_hac@v4.3.0	5	4.99	chromosome=4.99	B	minimap2	2.31	lr:hq	clair3	1.0.5	r1041_e82_400bps_hac_v430	docker://quay.io/mbhall88/clair3@sha256:6a4c352e7d14ebb67bdad4be366dcbf6afa66cc7f0ee0b37a05cebe3f4754735	CPU: AMD EPYC 9745	default_pass	SNP	0	0.992546	0.982886	0.987692	19.098125	6260	6258	109	47
ATCC_33560__202309	Campylobacter jejuni	false	hac	dna_r10.4.1_e8.2_400bps_hac@v4.3.0	5	4.99	chromosome=4.99	B	minimap2	2.31	lr:hq	clair3	1.0.5	r1041_e82_400bps_hac_v430	docker://quay.io/mbhall88/clair3@sha256:6a4c352e7d14ebb67bdad4be366dcbf6afa66cc7f0ee0b37a05cebe3f4754735	CPU: AMD EPYC 9745	default_pass	INDEL	0	0.937824	0.807175	0.867608	8.781383	180	181	43	12
ATCC_33560__202309	Campylobacter jejuni	false	hac	dna_r10.4.1_e8.2_400bps_hac@v4.3.0	5	4.99	chromosome=4.99	B	minimap2	2.31	lr:hq	clair3	1.0.5	r1041_e82_400bps_hac_v430	docker://quay.io/mbhall88/clair3@sha256:6a4c352e7d14ebb67bdad4be366dcbf6afa66cc7f0ee0b37a05cebe3f4754735	CPU: AMD EPYC 9745	default_pass	ALL	0	0.990920	0.976942	0.983881	17.926619	6440	6439	152	59
ATCC_33560__202309	Campylobacter jejuni	false	hac	dna_r10.4.1_e8.2_400bps_hac@v4.3.0	5	4.99	chromosome=4.99	C	minimap2	2.31	lr:hq	clair3	2.0.3	r1041_e82_400bps_hac_v430	docker://hkubal/clair3@sha256:d56df84c2c7c508aaf0623b124d9926d366a58f34236505b26c055f848afa202	CPU: AMD EPYC 9745	sweep_best	SNP	1	0.992392	0.983985	0.988171	19.270520	6267	6261	102	48
ATCC_33560__202309	Campylobacter jejuni	false	hac	dna_r10.4.1_e8.2_400bps_hac@v4.3.0	5	4.99	chromosome=4.99	C	minimap2	2.31	lr:hq	clair3	2.0.3	r1041_e82_400bps_hac_v430	docker://hkubal/clair3@sha256:d56df84c2c7c508aaf0623b124d9926d366a58f34236505b26c055f848afa202	CPU: AMD EPYC 9745	sweep_best	INDEL	1	0.931373	0.838565	0.882536	9.300952	187	190	36	14
ATCC_33560__202309	Campylobacter jejuni	false	hac	dna_r10.4.1_e8.2_400bps_hac@v4.3.0	5	4.99	chromosome=4.99	C	minimap2	2.31	lr:hq	clair3	2.0.3	r1041_e82_400bps_hac_v430	docker://hkubal/clair3@sha256:d56df84c2c7c508aaf0623b124d9926d366a58f34236505b26c055f848afa202	CPU: AMD EPYC 9745	sweep_best	ALL	1	0.990481	0.979066	0.984740	18.164455	6454	6451	138	62
ATCC_33560__202309	Campylobacter jejuni	false	hac	dna_r10.4.1_e8.2_400bps_hac@v4.3.0	5	4.99	chromosome=4.99	C	minimap2	2.31	lr:hq	clair3	2.0.3	r1041_e82_400bps_hac_v430	docker://hkubal/clair3@sha256:d56df84c2c7c508aaf0623b124d9926d366a58f34236505b26c055f848afa202	CPU: AMD EPYC 9745	default_pass	SNP	0	0.992546	0.982886	0.987692	19.098125	6260	6258	109	47
ATCC_33560__202309	Campylobacter jejuni	false	hac	dna_r10.4.1_e8.2_400bps_hac@v4.3.0	5	4.99	chromosome=4.99	C	minimap2	2.31	lr:hq	clair3	2.0.3	r1041_e82_400bps_hac_v430	docker://hkubal/clair3@sha256:d56df84c2c7c508aaf0623b124d9926d366a58f34236505b26c055f848afa202	CPU: AMD EPYC 9745	default_pass	INDEL	0	0.937824	0.807175	0.867608	8.781383	180	181	43	12
ATCC_33560__202309	Campylobacter jejuni	false	hac	dna_r10.4.1_e8.2_400bps_hac@v4.3.0	5	4.99	chromosome=4.99	C	minimap2	2.31	lr:hq	clair3	2.0.3	r1041_e82_400bps_hac_v430	docker://hkubal/clair3@sha256:d56df84c2c7c508aaf0623b124d9926d366a58f34236505b26c055f848afa202	CPU: AMD EPYC 9745	default_pass	ALL	0	0.990920	0.976942	0.983881	17.926619	6440	6439	152	59
ATCC_33560__202309	Campylobacter jejuni	false	hac	dna_r10.4.1_e8.2_400bps_hac@v4.3.0	5	4.99	chromosome=4.99	D	minimap2	2.31	lr:hq	dorado	2.1.2	dna_r10.4.1_e8.2_400bps_polish_bacterial_methylation_v5.0.0		NVIDIA H100 80GB HBM3	sweep_best	SNP	11	0.985795	0.980688	0.983235	17.755964	6246	6246	123	90
ATCC_33560__202309	Campylobacter jejuni	false	hac	dna_r10.4.1_e8.2_400bps_hac@v4.3.0	5	4.99	chromosome=4.99	D	minimap2	2.31	lr:hq	dorado	2.1.2	dna_r10.4.1_e8.2_400bps_polish_bacterial_methylation_v5.0.0		NVIDIA H100 80GB HBM3	sweep_best	INDEL	16	0.825137	0.677130	0.743842	5.914921	151	151	72	32
ATCC_33560__202309	Campylobacter jejuni	false	hac	dna_r10.4.1_e8.2_400bps_hac@v4.3.0	5	4.99	chromosome=4.99	D	minimap2	2.31	lr:hq	dorado	2.1.2	dna_r10.4.1_e8.2_400bps_polish_bacterial_methylation_v5.0.0		NVIDIA H100 80GB HBM3	sweep_best	ALL	14	0.981536	0.967688	0.974563	15.945341	6379	6379	213	120
ATCC_33560__202309	Campylobacter jejuni	false	hac	dna_r10.4.1_e8.2_400bps_hac@v4.3.0	5	4.99	chromosome=4.99	D	minimap2	2.31	lr:hq	dorado	2.1.2	dna_r10.4.1_e8.2_400bps_polish_bacterial_methylation_v5.0.0		NVIDIA H100 80GB HBM3	default_pass	SNP	0	0.948103	0.992778	0.969926	15.218088	6323	6321	46	346
ATCC_33560__202309	Campylobacter jejuni	false	hac	dna_r10.4.1_e8.2_400bps_hac@v4.3.0	5	4.99	chromosome=4.99	D	minimap2	2.31	lr:hq	dorado	2.1.2	dna_r10.4.1_e8.2_400bps_polish_bacterial_methylation_v5.0.0		NVIDIA H100 80GB HBM3	default_pass	INDEL	0	0.269126	0.878924	0.412074	2.306773	196	197	27	535
ATCC_33560__202309	Campylobacter jejuni	false	hac	dna_r10.4.1_e8.2_400bps_hac@v4.3.0	5	4.99	chromosome=4.99	D	minimap2	2.31	lr:hq	dorado	2.1.2	dna_r10.4.1_e8.2_400bps_polish_bacterial_methylation_v5.0.0		NVIDIA H100 80GB HBM3	default_pass	ALL	0	0.880930	0.988926	0.931809	11.662729	6519	6518	73	881
ATCC_33560__202309	Campylobacter jejuni	false	hac	dna_r10.4.1_e8.2_400bps_hac@v4.3.0	10	10.03	chromosome=10.03	A	minimap2	2.26	map-ont	clair3	1.0.5	r1041_e82_400bps_hac_v430	docker://quay.io/mbhall88/clair3@sha256:6a4c352e7d14ebb67bdad4be366dcbf6afa66cc7f0ee0b37a05cebe3f4754735	CPU: AMD EPYC 9745	sweep_best	SNP	4	0.999212	0.996232	0.997720	26.420652	6345	6339	24	5
ATCC_33560__202309	Campylobacter jejuni	false	hac	dna_r10.4.1_e8.2_400bps_hac@v4.3.0	10	10.03	chromosome=10.03	A	minimap2	2.26	map-ont	clair3	1.0.5	r1041_e82_400bps_hac_v430	docker://quay.io/mbhall88/clair3@sha256:6a4c352e7d14ebb67bdad4be366dcbf6afa66cc7f0ee0b37a05cebe3f4754735	CPU: AMD EPYC 9745	sweep_best	INDEL	0	0.976526	0.919282	0.947040	12.760520	205	208	18	5
ATCC_33560__202309	Campylobacter jejuni	false	hac	dna_r10.4.1_e8.2_400bps_hac@v4.3.0	10	10.03	chromosome=10.03	A	minimap2	2.26	map-ont	clair3	1.0.5	r1041_e82_400bps_hac_v430	docker://quay.io/mbhall88/clair3@sha256:6a4c352e7d14ebb67bdad4be366dcbf6afa66cc7f0ee0b37a05cebe3f4754735	CPU: AMD EPYC 9745	sweep_best	ALL	0	0.998018	0.993629	0.995819	23.787198	6550	6547	42	13
ATCC_33560__202309	Campylobacter jejuni	false	hac	dna_r10.4.1_e8.2_400bps_hac@v4.3.0	10	10.03	chromosome=10.03	A	minimap2	2.26	map-ont	clair3	1.0.5	r1041_e82_400bps_hac_v430	docker://quay.io/mbhall88/clair3@sha256:6a4c352e7d14ebb67bdad4be366dcbf6afa66cc7f0ee0b37a05cebe3f4754735	CPU: AMD EPYC 9745	default_pass	SNP	0	0.999054	0.996232	0.997641	26.272721	6345	6339	24	6
ATCC_33560__202309	Campylobacter jejuni	false	hac	dna_r10.4.1_e8.2_400bps_hac@v4.3.0	10	10.03	chromosome=10.03	A	minimap2	2.26	map-ont	clair3	1.0.5	r1041_e82_400bps_hac_v430	docker://quay.io/mbhall88/clair3@sha256:6a4c352e7d14ebb67bdad4be366dcbf6afa66cc7f0ee0b37a05cebe3f4754735	CPU: AMD EPYC 9745	default_pass	INDEL	0	0.995122	0.901345	0.945915	12.669232	201	204	22	1
ATCC_33560__202309	Campylobacter jejuni	false	hac	dna_r10.4.1_e8.2_400bps_hac@v4.3.0	10	10.03	chromosome=10.03	A	minimap2	2.26	map-ont	clair3	1.0.5	r1041_e82_400bps_hac_v430	docker://quay.io/mbhall88/clair3@sha256:6a4c352e7d14ebb67bdad4be366dcbf6afa66cc7f0ee0b37a05cebe3f4754735	CPU: AMD EPYC 9745	default_pass	ALL	0	0.998931	0.993022	0.995968	23.944795	6546	6543	46	7
ATCC_33560__202309	Campylobacter jejuni	false	hac	dna_r10.4.1_e8.2_400bps_hac@v4.3.0	10	10.03	chromosome=10.03	B	minimap2	2.31	lr:hq	clair3	1.0.5	r1041_e82_400bps_hac_v430	docker://quay.io/mbhall88/clair3@sha256:6a4c352e7d14ebb67bdad4be366dcbf6afa66cc7f0ee0b37a05cebe3f4754735	CPU: AMD EPYC 9745	sweep_best	SNP	4	0.999212	0.996232	0.997720	26.420652	6345	6339	24	5
ATCC_33560__202309	Campylobacter jejuni	false	hac	dna_r10.4.1_e8.2_400bps_hac@v4.3.0	10	10.03	chromosome=10.03	B	minimap2	2.31	lr:hq	clair3	1.0.5	r1041_e82_400bps_hac_v430	docker://quay.io/mbhall88/clair3@sha256:6a4c352e7d14ebb67bdad4be366dcbf6afa66cc7f0ee0b37a05cebe3f4754735	CPU: AMD EPYC 9745	sweep_best	INDEL	0	0.976526	0.919282	0.947040	12.760520	205	208	18	5
ATCC_33560__202309	Campylobacter jejuni	false	hac	dna_r10.4.1_e8.2_400bps_hac@v4.3.0	10	10.03	chromosome=10.03	B	minimap2	2.31	lr:hq	clair3	1.0.5	r1041_e82_400bps_hac_v430	docker://quay.io/mbhall88/clair3@sha256:6a4c352e7d14ebb67bdad4be366dcbf6afa66cc7f0ee0b37a05cebe3f4754735	CPU: AMD EPYC 9745	sweep_best	ALL	0	0.998018	0.993629	0.995819	23.787198	6550	6547	42	13
ATCC_33560__202309	Campylobacter jejuni	false	hac	dna_r10.4.1_e8.2_400bps_hac@v4.3.0	10	10.03	chromosome=10.03	B	minimap2	2.31	lr:hq	clair3	1.0.5	r1041_e82_400bps_hac_v430	docker://quay.io/mbhall88/clair3@sha256:6a4c352e7d14ebb67bdad4be366dcbf6afa66cc7f0ee0b37a05cebe3f4754735	CPU: AMD EPYC 9745	default_pass	SNP	0	0.998897	0.996232	0.997563	26.131445	6345	6339	24	7
ATCC_33560__202309	Campylobacter jejuni	false	hac	dna_r10.4.1_e8.2_400bps_hac@v4.3.0	10	10.03	chromosome=10.03	B	minimap2	2.31	lr:hq	clair3	1.0.5	r1041_e82_400bps_hac_v430	docker://quay.io/mbhall88/clair3@sha256:6a4c352e7d14ebb67bdad4be366dcbf6afa66cc7f0ee0b37a05cebe3f4754735	CPU: AMD EPYC 9745	default_pass	INDEL	0	0.995122	0.901345	0.945915	12.669232	201	204	22	1
ATCC_33560__202309	Campylobacter jejuni	false	hac	dna_r10.4.1_e8.2_400bps_hac@v4.3.0	10	10.03	chromosome=10.03	B	minimap2	2.31	lr:hq	clair3	1.0.5	r1041_e82_400bps_hac_v430	docker://quay.io/mbhall88/clair3@sha256:6a4c352e7d14ebb67bdad4be366dcbf6afa66cc7f0ee0b37a05cebe3f4754735	CPU: AMD EPYC 9745	default_pass	ALL	0	0.998779	0.993022	0.995892	23.863696	6546	6543	46	8
ATCC_33560__202309	Campylobacter jejuni	false	hac	dna_r10.4.1_e8.2_400bps_hac@v4.3.0	10	10.03	chromosome=10.03	C	minimap2	2.31	lr:hq	clair3	2.0.3	r1041_e82_400bps_hac_v430	docker://hkubal/clair3@sha256:d56df84c2c7c508aaf0623b124d9926d366a58f34236505b26c055f848afa202	CPU: AMD EPYC 9745	sweep_best	SNP	4	0.999212	0.996232	0.997720	26.420652	6345	6339	24	5
ATCC_33560__202309	Campylobacter jejuni	false	hac	dna_r10.4.1_e8.2_400bps_hac@v4.3.0	10	10.03	chromosome=10.03	C	minimap2	2.31	lr:hq	clair3	2.0.3	r1041_e82_400bps_hac_v430	docker://hkubal/clair3@sha256:d56df84c2c7c508aaf0623b124d9926d366a58f34236505b26c055f848afa202	CPU: AMD EPYC 9745	sweep_best	INDEL	0	0.976526	0.919282	0.947040	12.760520	205	208	18	5
ATCC_33560__202309	Campylobacter jejuni	false	hac	dna_r10.4.1_e8.2_400bps_hac@v4.3.0	10	10.03	chromosome=10.03	C	minimap2	2.31	lr:hq	clair3	2.0.3	r1041_e82_400bps_hac_v430	docker://hkubal/clair3@sha256:d56df84c2c7c508aaf0623b124d9926d366a58f34236505b26c055f848afa202	CPU: AMD EPYC 9745	sweep_best	ALL	0	0.998018	0.993629	0.995819	23.787198	6550	6547	42	13
ATCC_33560__202309	Campylobacter jejuni	false	hac	dna_r10.4.1_e8.2_400bps_hac@v4.3.0	10	10.03	chromosome=10.03	C	minimap2	2.31	lr:hq	clair3	2.0.3	r1041_e82_400bps_hac_v430	docker://hkubal/clair3@sha256:d56df84c2c7c508aaf0623b124d9926d366a58f34236505b26c055f848afa202	CPU: AMD EPYC 9745	default_pass	SNP	0	0.998897	0.996232	0.997563	26.131445	6345	6339	24	7
ATCC_33560__202309	Campylobacter jejuni	false	hac	dna_r10.4.1_e8.2_400bps_hac@v4.3.0	10	10.03	chromosome=10.03	C	minimap2	2.31	lr:hq	clair3	2.0.3	r1041_e82_400bps_hac_v430	docker://hkubal/clair3@sha256:d56df84c2c7c508aaf0623b124d9926d366a58f34236505b26c055f848afa202	CPU: AMD EPYC 9745	default_pass	INDEL	0	0.995122	0.901345	0.945915	12.669232	201	204	22	1
ATCC_33560__202309	Campylobacter jejuni	false	hac	dna_r10.4.1_e8.2_400bps_hac@v4.3.0	10	10.03	chromosome=10.03	C	minimap2	2.31	lr:hq	clair3	2.0.3	r1041_e82_400bps_hac_v430	docker://hkubal/clair3@sha256:d56df84c2c7c508aaf0623b124d9926d366a58f34236505b26c055f848afa202	CPU: AMD EPYC 9745	default_pass	ALL	0	0.998779	0.993022	0.995892	23.863696	6546	6543	46	8
ATCC_33560__202309	Campylobacter jejuni	false	hac	dna_r10.4.1_e8.2_400bps_hac@v4.3.0	10	10.03	chromosome=10.03	D	minimap2	2.31	lr:hq	dorado	2.1.2	dna_r10.4.1_e8.2_400bps_polish_bacterial_methylation_v5.0.0		NVIDIA H100 80GB HBM3	sweep_best	SNP	9	0.998267	0.995290	0.996776	24.916050	6339	6337	30	11
ATCC_33560__202309	Campylobacter jejuni	false	hac	dna_r10.4.1_e8.2_400bps_hac@v4.3.0	10	10.03	chromosome=10.03	D	minimap2	2.31	lr:hq	dorado	2.1.2	dna_r10.4.1_e8.2_400bps_polish_bacterial_methylation_v5.0.0		NVIDIA H100 80GB HBM3	sweep_best	INDEL	8	0.885965	0.901345	0.893589	9.730135	201	202	22	26
ATCC_33560__202309	Campylobacter jejuni	false	hac	dna_r10.4.1_e8.2_400bps_hac@v4.3.0	10	10.03	chromosome=10.03	D	minimap2	2.31	lr:hq	dorado	2.1.2	dna_r10.4.1_e8.2_400bps_polish_bacterial_methylation_v5.0.0		NVIDIA H100 80GB HBM3	sweep_best	ALL	9	0.994674	0.991657	0.993163	21.651344	6537	6536	55	35
ATCC_33560__202309	Campylobacter jejuni	false	hac	dna_r10.4.1_e8.2_400bps_hac@v4.3.0	10	10.03	chromosome=10.03	D	minimap2	2.31	lr:hq	dorado	2.1.2	dna_r10.4.1_e8.2_400bps_polish_bacterial_methylation_v5.0.0		NVIDIA H100 80GB HBM3	default_pass	SNP	0	0.993738	0.997017	0.995375	23.348883	6350	6348	19	40
ATCC_33560__202309	Campylobacter jejuni	false	hac	dna_r10.4.1_e8.2_400bps_hac@v4.3.0	10	10.03	chromosome=10.03	D	minimap2	2.31	lr:hq	dorado	2.1.2	dna_r10.4.1_e8.2_400bps_polish_bacterial_methylation_v5.0.0		NVIDIA H100 80GB HBM3	default_pass	INDEL	0	0.713311	0.932735	0.808398	7.176000	208	209	15	84
ATCC_33560__202309	Campylobacter jejuni	false	hac	dna_r10.4.1_e8.2_400bps_hac@v4.3.0	10	10.03	chromosome=10.03	D	minimap2	2.31	lr:hq	dorado	2.1.2	dna_r10.4.1_e8.2_400bps_polish_bacterial_methylation_v5.0.0		NVIDIA H100 80GB HBM3	default_pass	ALL	0	0.981440	0.994842	0.988096	19.243071	6558	6557	34	124
ATCC_33560__202309	Campylobacter jejuni	false	hac	dna_r10.4.1_e8.2_400bps_hac@v4.3.0	25	24.99	chromosome=24.99	A	minimap2	2.26	map-ont	clair3	1.0.5	r1041_e82_400bps_hac_v430	docker://quay.io/mbhall88/clair3@sha256:6a4c352e7d14ebb67bdad4be366dcbf6afa66cc7f0ee0b37a05cebe3f4754735	CPU: AMD EPYC 9745	sweep_best	SNP	0	1.000000	0.999372	0.999686	35.030704	6365	6359	4	0
ATCC_33560__202309	Campylobacter jejuni	false	hac	dna_r10.4.1_e8.2_400bps_hac@v4.3.0	25	24.99	chromosome=24.99	A	minimap2	2.26	map-ont	clair3	1.0.5	r1041_e82_400bps_hac_v430	docker://quay.io/mbhall88/clair3@sha256:6a4c352e7d14ebb67bdad4be366dcbf6afa66cc7f0ee0b37a05cebe3f4754735	CPU: AMD EPYC 9745	sweep_best	INDEL	0	0.986175	0.946188	0.965768	14.655677	211	214	12	3
ATCC_33560__202309	Campylobacter jejuni	false	hac	dna_r10.4.1_e8.2_400bps_hac@v4.3.0	25	24.99	chromosome=24.99	A	minimap2	2.26	map-ont	clair3	1.0.5	r1041_e82_400bps_hac_v430	docker://quay.io/mbhall88/clair3@sha256:6a4c352e7d14ebb67bdad4be366dcbf6afa66cc7f0ee0b37a05cebe3f4754735	CPU: AMD EPYC 9745	sweep_best	ALL	0	0.999544	0.997573	0.998557	28.407337	6576	6573	16	3
ATCC_33560__202309	Campylobacter jejuni	false	hac	dna_r10.4.1_e8.2_400bps_hac@v4.3.0	25	24.99	chromosome=24.99	A	minimap2	2.26	map-ont	clair3	1.0.5	r1041_e82_400bps_hac_v430	docker://quay.io/mbhall88/clair3@sha256:6a4c352e7d14ebb67bdad4be366dcbf6afa66cc7f0ee0b37a05cebe3f4754735	CPU: AMD EPYC 9745	default_pass	SNP	0	1.000000	0.999215	0.999607	34.056074	6364	6358	5	0
ATCC_33560__202309	Campylobacter jejuni	false	hac	dna_r10.4.1_e8.2_400bps_hac@v4.3.0	25	24.99	chromosome=24.99	A	minimap2	2.26	map-ont	clair3	1.0.5	r1041_e82_400bps_hac_v430	docker://quay.io/mbhall88/clair3@sha256:6a4c352e7d14ebb67bdad4be366dcbf6afa66cc7f0ee0b37a05cebe3f4754735	CPU: AMD EPYC 9745	default_pass	INDEL	0	0.990654	0.937220	0.963197	14.341168	209	212	14	2
ATCC_33560__202309	Campylobacter jejuni	false	hac	dna_r10.4.1_e8.2_400bps_hac@v4.3.0	25	24.99	chromosome=24.99	A	minimap2	2.26	map-ont	clair3	1.0.5	r1041_e82_400bps_hac_v430	docker://quay.io/mbhall88/clair3@sha256:6a4c352e7d14ebb67bdad4be366dcbf6afa66cc7f0ee0b37a05cebe3f4754735	CPU: AMD EPYC 9745	default_pass	ALL	0	0.999696	0.997118	0.998405	27.972393	6573	6570	19	2
ATCC_33560__202309	Campylobacter jejuni	false	hac	dna_r10.4.1_e8.2_400bps_hac@v4.3.0	25	24.99	chromosome=24.99	B	minimap2	2.31	lr:hq	clair3	1.0.5	r1041_e82_400bps_hac_v430	docker://quay.io/mbhall88/clair3@sha256:6a4c352e7d14ebb67bdad4be366dcbf6afa66cc7f0ee0b37a05cebe3f4754735	CPU: AMD EPYC 9745	sweep_best	SNP	0	1.000000	0.999372	0.999686	35.030704	6365	6359	4	0
ATCC_33560__202309	Campylobacter jejuni	false	hac	dna_r10.4.1_e8.2_400bps_hac@v4.3.0	25	24.99	chromosome=24.99	B	minimap2	2.31	lr:hq	clair3	1.0.5	r1041_e82_400bps_hac_v430	docker://quay.io/mbhall88/clair3@sha256:6a4c352e7d14ebb67bdad4be366dcbf6afa66cc7f0ee0b37a05cebe3f4754735	CPU: AMD EPYC 9745	sweep_best	INDEL	0	0.981651	0.946188	0.963594	14.388270	211	214	12	4
ATCC_33560__202309	Campylobacter jejuni	false	hac	dna_r10.4.1_e8.2_400bps_hac@v4.3.0	25	24.99	chromosome=24.99	B	minimap2	2.31	lr:hq	clair3	1.0.5	r1041_e82_400bps_hac_v430	docker://quay.io/mbhall88/clair3@sha256:6a4c352e7d14ebb67bdad4be366dcbf6afa66cc7f0ee0b37a05cebe3f4754735	CPU: AMD EPYC 9745	sweep_best	ALL	0	0.999392	0.997573	0.998481	28.184422	6576	6573	16	4
ATCC_33560__202309	Campylobacter jejuni	false	hac	dna_r10.4.1_e8.2_400bps_hac@v4.3.0	25	24.99	chromosome=24.99	B	minimap2	2.31	lr:hq	clair3	1.0.5	r1041_e82_400bps_hac_v430	docker://quay.io/mbhall88/clair3@sha256:6a4c352e7d14ebb67bdad4be366dcbf6afa66cc7f0ee0b37a05cebe3f4754735	CPU: AMD EPYC 9745	default_pass	SNP	0	1.000000	0.999215	0.999607	34.056074	6364	6358	5	0
ATCC_33560__202309	Campylobacter jejuni	false	hac	dna_r10.4.1_e8.2_400bps_hac@v4.3.0	25	24.99	chromosome=24.99	B	minimap2	2.31	lr:hq	clair3	1.0.5	r1041_e82_400bps_hac_v430	docker://quay.io/mbhall88/clair3@sha256:6a4c352e7d14ebb67bdad4be366dcbf6afa66cc7f0ee0b37a05cebe3f4754735	CPU: AMD EPYC 9745	default_pass	INDEL	0	0.986046	0.937220	0.961013	14.090802	209	212	14	3
ATCC_33560__202309	Campylobacter jejuni	false	hac	dna_r10.4.1_e8.2_400bps_hac@v4.3.0	25	24.99	chromosome=24.99	B	minimap2	2.31	lr:hq	clair3	1.0.5	r1041_e82_400bps_hac_v430	docker://quay.io/mbhall88/clair3@sha256:6a4c352e7d14ebb67bdad4be366dcbf6afa66cc7f0ee0b37a05cebe3f4754735	CPU: AMD EPYC 9745	default_pass	ALL	0	0.999544	0.997118	0.998329	27.770236	6573	6570	19	3
ATCC_33560__202309	Campylobacter jejuni	false	hac	dna_r10.4.1_e8.2_400bps_hac@v4.3.0	25	24.99	chromosome=24.99	C	minimap2	2.31	lr:hq	clair3	2.0.3	r1041_e82_400bps_hac_v430	docker://hkubal/clair3@sha256:d56df84c2c7c508aaf0623b124d9926d366a58f34236505b26c055f848afa202	CPU: AMD EPYC 9745	sweep_best	SNP	0	1.000000	0.999372	0.999686	35.030704	6365	6359	4	0
ATCC_33560__202309	Campylobacter jejuni	false	hac	dna_r10.4.1_e8.2_400bps_hac@v4.3.0	25	24.99	chromosome=24.99	C	minimap2	2.31	lr:hq	clair3	2.0.3	r1041_e82_400bps_hac_v430	docker://hkubal/clair3@sha256:d56df84c2c7c508aaf0623b124d9926d366a58f34236505b26c055f848afa202	CPU: AMD EPYC 9745	sweep_best	INDEL	0	0.981651	0.946188	0.963594	14.388270	211	214	12	4
ATCC_33560__202309	Campylobacter jejuni	false	hac	dna_r10.4.1_e8.2_400bps_hac@v4.3.0	25	24.99	chromosome=24.99	C	minimap2	2.31	lr:hq	clair3	2.0.3	r1041_e82_400bps_hac_v430	docker://hkubal/clair3@sha256:d56df84c2c7c508aaf0623b124d9926d366a58f34236505b26c055f848afa202	CPU: AMD EPYC 9745	sweep_best	ALL	0	0.999392	0.997573	0.998481	28.184422	6576	6573	16	4
ATCC_33560__202309	Campylobacter jejuni	false	hac	dna_r10.4.1_e8.2_400bps_hac@v4.3.0	25	24.99	chromosome=24.99	C	minimap2	2.31	lr:hq	clair3	2.0.3	r1041_e82_400bps_hac_v430	docker://hkubal/clair3@sha256:d56df84c2c7c508aaf0623b124d9926d366a58f34236505b26c055f848afa202	CPU: AMD EPYC 9745	default_pass	SNP	0	1.000000	0.999215	0.999607	34.056074	6364	6358	5	0
ATCC_33560__202309	Campylobacter jejuni	false	hac	dna_r10.4.1_e8.2_400bps_hac@v4.3.0	25	24.99	chromosome=24.99	C	minimap2	2.31	lr:hq	clair3	2.0.3	r1041_e82_400bps_hac_v430	docker://hkubal/clair3@sha256:d56df84c2c7c508aaf0623b124d9926d366a58f34236505b26c055f848afa202	CPU: AMD EPYC 9745	default_pass	INDEL	0	0.986046	0.937220	0.961013	14.090802	209	212	14	3
ATCC_33560__202309	Campylobacter jejuni	false	hac	dna_r10.4.1_e8.2_400bps_hac@v4.3.0	25	24.99	chromosome=24.99	C	minimap2	2.31	lr:hq	clair3	2.0.3	r1041_e82_400bps_hac_v430	docker://hkubal/clair3@sha256:d56df84c2c7c508aaf0623b124d9926d366a58f34236505b26c055f848afa202	CPU: AMD EPYC 9745	default_pass	ALL	0	0.999544	0.997118	0.998329	27.770236	6573	6570	19	3
ATCC_33560__202309	Campylobacter jejuni	false	hac	dna_r10.4.1_e8.2_400bps_hac@v4.3.0	25	24.99	chromosome=24.99	D	minimap2	2.31	lr:hq	dorado	2.1.2	dna_r10.4.1_e8.2_400bps_polish_bacterial_methylation_v5.0.0		NVIDIA H100 80GB HBM3	sweep_best	SNP	5	0.999528	0.997645	0.998585	28.492436	6354	6352	15	3
ATCC_33560__202309	Campylobacter jejuni	false	hac	dna_r10.4.1_e8.2_400bps_hac@v4.3.0	25	24.99	chromosome=24.99	D	minimap2	2.31	lr:hq	dorado	2.1.2	dna_r10.4.1_e8.2_400bps_polish_bacterial_methylation_v5.0.0		NVIDIA H100 80GB HBM3	sweep_best	INDEL	12	0.990385	0.919282	0.953510	13.326405	205	206	18	2
ATCC_33560__202309	Campylobacter jejuni	false	hac	dna_r10.4.1_e8.2_400bps_hac@v4.3.0	25	24.99	chromosome=24.99	D	minimap2	2.31	lr:hq	dorado	2.1.2	dna_r10.4.1_e8.2_400bps_polish_bacterial_methylation_v5.0.0		NVIDIA H100 80GB HBM3	sweep_best	ALL	5	0.997569	0.996056	0.996812	24.964817	6566	6565	26	16
ATCC_33560__202309	Campylobacter jejuni	false	hac	dna_r10.4.1_e8.2_400bps_hac@v4.3.0	25	24.99	chromosome=24.99	D	minimap2	2.31	lr:hq	dorado	2.1.2	dna_r10.4.1_e8.2_400bps_polish_bacterial_methylation_v5.0.0		NVIDIA H100 80GB HBM3	default_pass	SNP	0	0.999056	0.997802	0.998429	28.038238	6355	6353	14	6
ATCC_33560__202309	Campylobacter jejuni	false	hac	dna_r10.4.1_e8.2_400bps_hac@v4.3.0	25	24.99	chromosome=24.99	D	minimap2	2.31	lr:hq	dorado	2.1.2	dna_r10.4.1_e8.2_400bps_polish_bacterial_methylation_v5.0.0		NVIDIA H100 80GB HBM3	default_pass	INDEL	0	0.918103	0.950673	0.934104	11.811409	212	213	11	19
ATCC_33560__202309	Campylobacter jejuni	false	hac	dna_r10.4.1_e8.2_400bps_hac@v4.3.0	25	24.99	chromosome=24.99	D	minimap2	2.31	lr:hq	dorado	2.1.2	dna_r10.4.1_e8.2_400bps_polish_bacterial_methylation_v5.0.0		NVIDIA H100 80GB HBM3	default_pass	ALL	0	0.996207	0.996208	0.996207	24.210172	6567	6566	25	25
ATCC_33560__202309	Campylobacter jejuni	false	hac	dna_r10.4.1_e8.2_400bps_hac@v4.3.0	50	49.98	chromosome=49.98	A	minimap2	2.26	map-ont	clair3	1.0.5	r1041_e82_400bps_hac_v430	docker://quay.io/mbhall88/clair3@sha256:6a4c352e7d14ebb67bdad4be366dcbf6afa66cc7f0ee0b37a05cebe3f4754735	CPU: AMD EPYC 9745	sweep_best	SNP	0	1.000000	0.999372	0.999686	35.030704	6365	6359	4	0
ATCC_33560__202309	Campylobacter jejuni	false	hac	dna_r10.4.1_e8.2_400bps_hac@v4.3.0	50	49.98	chromosome=49.98	A	minimap2	2.26	map-ont	clair3	1.0.5	r1041_e82_400bps_hac_v430	docker://quay.io/mbhall88/clair3@sha256:6a4c352e7d14ebb67bdad4be366dcbf6afa66cc7f0ee0b37a05cebe3f4754735	CPU: AMD EPYC 9745	sweep_best	INDEL	0	0.995516	0.982063	0.988743	19.485773	219	222	4	1
ATCC_33560__202309	Campylobacter jejuni	false	hac	dna_r10.4.1_e8.2_400bps_hac@v4.3.0	50	49.98	chromosome=49.98	A	minimap2	2.26	map-ont	clair3	1.0.5	r1041_e82_400bps_hac_v430	docker://quay.io/mbhall88/clair3@sha256:6a4c352e7d14ebb67bdad4be366dcbf6afa66cc7f0ee0b37a05cebe3f4754735	CPU: AMD EPYC 9745	sweep_best	ALL	0	0.999848	0.998786	0.999317	31.655793	6584	6581	8	1
ATCC_33560__202309	Campylobacter jejuni	false	hac	dna_r10.4.1_e8.2_400bps_hac@v4.3.0	50	49.98	chromosome=49.98	A	minimap2	2.26	map-ont	clair3	1.0.5	r1041_e82_400bps_hac_v430	docker://quay.io/mbhall88/clair3@sha256:6a4c352e7d14ebb67bdad4be366dcbf6afa66cc7f0ee0b37a05cebe3f4754735	CPU: AMD EPYC 9745	default_pass	SNP	0	1.000000	0.999372	0.999686	35.030704	6365	6359	4	0
ATCC_33560__202309	Campylobacter jejuni	false	hac	dna_r10.4.1_e8.2_400bps_hac@v4.3.0	50	49.98	chromosome=49.98	A	minimap2	2.26	map-ont	clair3	1.0.5	r1041_e82_400bps_hac_v430	docker://quay.io/mbhall88/clair3@sha256:6a4c352e7d14ebb67bdad4be366dcbf6afa66cc7f0ee0b37a05cebe3f4754735	CPU: AMD EPYC 9745	default_pass	INDEL	0	0.995495	0.977578	0.986456	18.682531	218	221	5	1
ATCC_33560__202309	Campylobacter jejuni	false	hac	dna_r10.4.1_e8.2_400bps_hac@v4.3.0	50	49.98	chromosome=49.98	A	minimap2	2.26	map-ont	clair3	1.0.5	r1041_e82_400bps_hac_v430	docker://quay.io/mbhall88/clair3@sha256:6a4c352e7d14ebb67bdad4be366dcbf6afa66cc7f0ee0b37a05cebe3f4754735	CPU: AMD EPYC 9745	default_pass	ALL	0	0.999848	0.998635	0.999241	31.197582	6583	6580	9	1
ATCC_33560__202309	Campylobacter jejuni	false	hac	dna_r10.4.1_e8.2_400bps_hac@v4.3.0	50	49.98	chromosome=49.98	B	minimap2	2.31	lr:hq	clair3	1.0.5	r1041_e82_400bps_hac_v430	docker://quay.io/mbhall88/clair3@sha256:6a4c352e7d14ebb67bdad4be366dcbf6afa66cc7f0ee0b37a05cebe3f4754735	CPU: AMD EPYC 9745	sweep_best	SNP	0	1.000000	0.999372	0.999686	35.030704	6365	6359	4	0
ATCC_33560__202309	Campylobacter jejuni	false	hac	dna_r10.4.1_e8.2_400bps_hac@v4.3.0	50	49.98	chromosome=49.98	B	minimap2	2.31	lr:hq	clair3	1.0.5	r1041_e82_400bps_hac_v430	docker://quay.io/mbhall88/clair3@sha256:6a4c352e7d14ebb67bdad4be366dcbf6afa66cc7f0ee0b37a05cebe3f4754735	CPU: AMD EPYC 9745	sweep_best	INDEL	0	0.995516	0.982063	0.988743	19.485773	219	222	4	1
ATCC_33560__202309	Campylobacter jejuni	false	hac	dna_r10.4.1_e8.2_400bps_hac@v4.3.0	50	49.98	chromosome=49.98	B	minimap2	2.31	lr:hq	clair3	1.0.5	r1041_e82_400bps_hac_v430	docker://quay.io/mbhall88/clair3@sha256:6a4c352e7d14ebb67bdad4be366dcbf6afa66cc7f0ee0b37a05cebe3f4754735	CPU: AMD EPYC 9745	sweep_best	ALL	0	0.999848	0.998786	0.999317	31.655793	6584	6581	8	1
ATCC_33560__202309	Campylobacter jejuni	false	hac	dna_r10.4.1_e8.2_400bps_hac@v4.3.0	50	49.98	chromosome=49.98	B	minimap2	2.31	lr:hq	clair3	1.0.5	r1041_e82_400bps_hac_v430	docker://quay.io/mbhall88/clair3@sha256:6a4c352e7d14ebb67bdad4be366dcbf6afa66cc7f0ee0b37a05cebe3f4754735	CPU: AMD EPYC 9745	default_pass	SNP	0	1.000000	0.999372	0.999686	35.030704	6365	6359	4	0
ATCC_33560__202309	Campylobacter jejuni	false	hac	dna_r10.4.1_e8.2_400bps_hac@v4.3.0	50	49.98	chromosome=49.98	B	minimap2	2.31	lr:hq	clair3	1.0.5	r1041_e82_400bps_hac_v430	docker://quay.io/mbhall88/clair3@sha256:6a4c352e7d14ebb67bdad4be366dcbf6afa66cc7f0ee0b37a05cebe3f4754735	CPU: AMD EPYC 9745	default_pass	INDEL	0	0.995495	0.977578	0.986456	18.682531	218	221	5	1
ATCC_33560__202309	Campylobacter jejuni	false	hac	dna_r10.4.1_e8.2_400bps_hac@v4.3.0	50	49.98	chromosome=49.98	B	minimap2	2.31	lr:hq	clair3	1.0.5	r1041_e82_400bps_hac_v430	docker://quay.io/mbhall88/clair3@sha256:6a4c352e7d14ebb67bdad4be366dcbf6afa66cc7f0ee0b37a05cebe3f4754735	CPU: AMD EPYC 9745	default_pass	ALL	0	0.999848	0.998635	0.999241	31.197582	6583	6580	9	1
ATCC_33560__202309	Campylobacter jejuni	false	hac	dna_r10.4.1_e8.2_400bps_hac@v4.3.0	50	49.98	chromosome=49.98	C	minimap2	2.31	lr:hq	clair3	2.0.3	r1041_e82_400bps_hac_v430	docker://hkubal/clair3@sha256:d56df84c2c7c508aaf0623b124d9926d366a58f34236505b26c055f848afa202	CPU: AMD EPYC 9745	sweep_best	SNP	0	1.000000	0.999372	0.999686	35.030704	6365	6359	4	0
ATCC_33560__202309	Campylobacter jejuni	false	hac	dna_r10.4.1_e8.2_400bps_hac@v4.3.0	50	49.98	chromosome=49.98	C	minimap2	2.31	lr:hq	clair3	2.0.3	r1041_e82_400bps_hac_v430	docker://hkubal/clair3@sha256:d56df84c2c7c508aaf0623b124d9926d366a58f34236505b26c055f848afa202	CPU: AMD EPYC 9745	sweep_best	INDEL	0	0.995516	0.982063	0.988743	19.485773	219	222	4	1
ATCC_33560__202309	Campylobacter jejuni	false	hac	dna_r10.4.1_e8.2_400bps_hac@v4.3.0	50	49.98	chromosome=49.98	C	minimap2	2.31	lr:hq	clair3	2.0.3	r1041_e82_400bps_hac_v430	docker://hkubal/clair3@sha256:d56df84c2c7c508aaf0623b124d9926d366a58f34236505b26c055f848afa202	CPU: AMD EPYC 9745	sweep_best	ALL	0	0.999848	0.998786	0.999317	31.655793	6584	6581	8	1
ATCC_33560__202309	Campylobacter jejuni	false	hac	dna_r10.4.1_e8.2_400bps_hac@v4.3.0	50	49.98	chromosome=49.98	C	minimap2	2.31	lr:hq	clair3	2.0.3	r1041_e82_400bps_hac_v430	docker://hkubal/clair3@sha256:d56df84c2c7c508aaf0623b124d9926d366a58f34236505b26c055f848afa202	CPU: AMD EPYC 9745	default_pass	SNP	0	1.000000	0.999372	0.999686	35.030704	6365	6359	4	0
ATCC_33560__202309	Campylobacter jejuni	false	hac	dna_r10.4.1_e8.2_400bps_hac@v4.3.0	50	49.98	chromosome=49.98	C	minimap2	2.31	lr:hq	clair3	2.0.3	r1041_e82_400bps_hac_v430	docker://hkubal/clair3@sha256:d56df84c2c7c508aaf0623b124d9926d366a58f34236505b26c055f848afa202	CPU: AMD EPYC 9745	default_pass	INDEL	0	0.995495	0.977578	0.986456	18.682531	218	221	5	1
ATCC_33560__202309	Campylobacter jejuni	false	hac	dna_r10.4.1_e8.2_400bps_hac@v4.3.0	50	49.98	chromosome=49.98	C	minimap2	2.31	lr:hq	clair3	2.0.3	r1041_e82_400bps_hac_v430	docker://hkubal/clair3@sha256:d56df84c2c7c508aaf0623b124d9926d366a58f34236505b26c055f848afa202	CPU: AMD EPYC 9745	default_pass	ALL	0	0.999848	0.998635	0.999241	31.197582	6583	6580	9	1
ATCC_33560__202309	Campylobacter jejuni	false	hac	dna_r10.4.1_e8.2_400bps_hac@v4.3.0	50	49.98	chromosome=49.98	D	minimap2	2.31	lr:hq	dorado	2.1.2	dna_r10.4.1_e8.2_400bps_polish_bacterial_methylation_v5.0.0		NVIDIA H100 80GB HBM3	sweep_best	SNP	0	0.999685	0.998116	0.998900	29.586073	6357	6355	12	2
ATCC_33560__202309	Campylobacter jejuni	false	hac	dna_r10.4.1_e8.2_400bps_hac@v4.3.0	50	49.98	chromosome=49.98	D	minimap2	2.31	lr:hq	dorado	2.1.2	dna_r10.4.1_e8.2_400bps_polish_bacterial_methylation_v5.0.0		NVIDIA H100 80GB HBM3	sweep_best	INDEL	4	0.955556	0.959641	0.957594	13.725727	214	215	9	10
ATCC_33560__202309	Campylobacter jejuni	false	hac	dna_r10.4.1_e8.2_400bps_hac@v4.3.0	50	49.98	chromosome=49.98	D	minimap2	2.31	lr:hq	dorado	2.1.2	dna_r10.4.1_e8.2_400bps_polish_bacterial_methylation_v5.0.0		NVIDIA H100 80GB HBM3	sweep_best	ALL	4	0.998177	0.996814	0.997495	26.011923	6571	6570	21	12
ATCC_33560__202309	Campylobacter jejuni	false	hac	dna_r10.4.1_e8.2_400bps_hac@v4.3.0	50	49.98	chromosome=49.98	D	minimap2	2.31	lr:hq	dorado	2.1.2	dna_r10.4.1_e8.2_400bps_polish_bacterial_methylation_v5.0.0		NVIDIA H100 80GB HBM3	default_pass	SNP	0	0.999685	0.998116	0.998900	29.586073	6357	6355	12	2
ATCC_33560__202309	Campylobacter jejuni	false	hac	dna_r10.4.1_e8.2_400bps_hac@v4.3.0	50	49.98	chromosome=49.98	D	minimap2	2.31	lr:hq	dorado	2.1.2	dna_r10.4.1_e8.2_400bps_polish_bacterial_methylation_v5.0.0		NVIDIA H100 80GB HBM3	default_pass	INDEL	0	0.947137	0.959641	0.953348	13.311297	214	215	9	12
ATCC_33560__202309	Campylobacter jejuni	false	hac	dna_r10.4.1_e8.2_400bps_hac@v4.3.0	50	49.98	chromosome=49.98	D	minimap2	2.31	lr:hq	dorado	2.1.2	dna_r10.4.1_e8.2_400bps_polish_bacterial_methylation_v5.0.0		NVIDIA H100 80GB HBM3	default_pass	ALL	0	0.997874	0.996814	0.997344	25.757719	6571	6570	21	14
ATCC_33560__202309	Campylobacter jejuni	false	sup	dna_r10.4.1_e8.2_400bps_sup@v4.3.0	5	5.00	chromosome=5.00	A	minimap2	2.26	map-ont	clair3	1.0.5	r1041_e82_400bps_sup_v430	docker://quay.io/mbhall88/clair3@sha256:6a4c352e7d14ebb67bdad4be366dcbf6afa66cc7f0ee0b37a05cebe3f4754735	CPU: AMD EPYC 9745	sweep_best	SNP	0	0.998101	0.991050	0.994563	22.646407	6312	6306	57	12
ATCC_33560__202309	Campylobacter jejuni	false	sup	dna_r10.4.1_e8.2_400bps_sup@v4.3.0	5	5.00	chromosome=5.00	A	minimap2	2.26	map-ont	clair3	1.0.5	r1041_e82_400bps_sup_v430	docker://quay.io/mbhall88/clair3@sha256:6a4c352e7d14ebb67bdad4be366dcbf6afa66cc7f0ee0b37a05cebe3f4754735	CPU: AMD EPYC 9745	sweep_best	INDEL	0	0.967593	0.923767	0.945172	12.609976	206	209	17	7
ATCC_33560__202309	Campylobacter jejuni	false	sup	dna_r10.4.1_e8.2_400bps_sup@v4.3.0	5	5.00	chromosome=5.00	A	minimap2	2.26	map-ont	clair3	1.0.5	r1041_e82_400bps_sup_v430	docker://quay.io/mbhall88/clair3@sha256:6a4c352e7d14ebb67bdad4be366dcbf6afa66cc7f0ee0b37a05cebe3f4754735	CPU: AMD EPYC 9745	sweep_best	ALL	0	0.997092	0.988774	0.992916	21.497214	6518	6515	74	19
ATCC_33560__202309	Campylobacter jejuni	false	sup	dna_r10.4.1_e8.2_400bps_sup@v4.3.0	5	5.00	chromosome=5.00	A	minimap2	2.26	map-ont	clair3	1.0.5	r1041_e82_400bps_sup_v430	docker://quay.io/mbhall88/clair3@sha256:6a4c352e7d14ebb67bdad4be366dcbf6afa66cc7f0ee0b37a05cebe3f4754735	CPU: AMD EPYC 9745	default_pass	SNP	0	0.997942	0.989951	0.993930	22.168113	6305	6303	64	13
ATCC_33560__202309	Campylobacter jejuni	false	sup	dna_r10.4.1_e8.2_400bps_sup@v4.3.0	5	5.00	chromosome=5.00	A	minimap2	2.26	map-ont	clair3	1.0.5	r1041_e82_400bps_sup_v430	docker://quay.io/mbhall88/clair3@sha256:6a4c352e7d14ebb67bdad4be366dcbf6afa66cc7f0ee0b37a05cebe3f4754735	CPU: AMD EPYC 9745	default_pass	INDEL	0	0.985000	0.878924	0.928944	11.483992	196	197	27	3
ATCC_33560__202309	Campylobacter jejuni	false	sup	dna_r10.4.1_e8.2_400bps_sup@v4.3.0	5	5.00	chromosome=5.00	A	minimap2	2.26	map-ont	clair3	1.0.5	r1041_e82_400bps_sup_v430	docker://quay.io/mbhall88/clair3@sha256:6a4c352e7d14ebb67bdad4be366dcbf6afa66cc7f0ee0b37a05cebe3f4754735	CPU: AMD EPYC 9745	default_pass	ALL	0	0.997545	0.986195	0.991838	20.882034	6501	6500	91	16
ATCC_33560__202309	Campylobacter jejuni	false	sup	dna_r10.4.1_e8.2_400bps_sup@v4.3.0	5	5.00	chromosome=5.00	B	minimap2	2.31	lr:hq	clair3	1.0.5	r1041_e82_400bps_sup_v430	docker://quay.io/mbhall88/clair3@sha256:6a4c352e7d14ebb67bdad4be366dcbf6afa66cc7f0ee0b37a05cebe3f4754735	CPU: AMD EPYC 9745	sweep_best	SNP	0	0.998101	0.991050	0.994563	22.646407	6312	6306	57	12
ATCC_33560__202309	Campylobacter jejuni	false	sup	dna_r10.4.1_e8.2_400bps_sup@v4.3.0	5	5.00	chromosome=5.00	B	minimap2	2.31	lr:hq	clair3	1.0.5	r1041_e82_400bps_sup_v430	docker://quay.io/mbhall88/clair3@sha256:6a4c352e7d14ebb67bdad4be366dcbf6afa66cc7f0ee0b37a05cebe3f4754735	CPU: AMD EPYC 9745	sweep_best	INDEL	0	0.967593	0.923767	0.945172	12.609976	206	209	17	7
ATCC_33560__202309	Campylobacter jejuni	false	sup	dna_r10.4.1_e8.2_400bps_sup@v4.3.0	5	5.00	chromosome=5.00	B	minimap2	2.31	lr:hq	clair3	1.0.5	r1041_e82_400bps_sup_v430	docker://quay.io/mbhall88/clair3@sha256:6a4c352e7d14ebb67bdad4be366dcbf6afa66cc7f0ee0b37a05cebe3f4754735	CPU: AMD EPYC 9745	sweep_best	ALL	0	0.997092	0.988774	0.992916	21.497214	6518	6515	74	19
ATCC_33560__202309	Campylobacter jejuni	false	sup	dna_r10.4.1_e8.2_400bps_sup@v4.3.0	5	5.00	chromosome=5.00	B	minimap2	2.31	lr:hq	clair3	1.0.5	r1041_e82_400bps_sup_v430	docker://quay.io/mbhall88/clair3@sha256:6a4c352e7d14ebb67bdad4be366dcbf6afa66cc7f0ee0b37a05cebe3f4754735	CPU: AMD EPYC 9745	default_pass	SNP	0	0.997942	0.989951	0.993930	22.168113	6305	6303	64	13
ATCC_33560__202309	Campylobacter jejuni	false	sup	dna_r10.4.1_e8.2_400bps_sup@v4.3.0	5	5.00	chromosome=5.00	B	minimap2	2.31	lr:hq	clair3	1.0.5	r1041_e82_400bps_sup_v430	docker://quay.io/mbhall88/clair3@sha256:6a4c352e7d14ebb67bdad4be366dcbf6afa66cc7f0ee0b37a05cebe3f4754735	CPU: AMD EPYC 9745	default_pass	INDEL	0	0.985000	0.878924	0.928944	11.483992	196	197	27	3
ATCC_33560__202309	Campylobacter jejuni	false	sup	dna_r10.4.1_e8.2_400bps_sup@v4.3.0	5	5.00	chromosome=5.00	B	minimap2	2.31	lr:hq	clair3	1.0.5	r1041_e82_400bps_sup_v430	docker://quay.io/mbhall88/clair3@sha256:6a4c352e7d14ebb67bdad4be366dcbf6afa66cc7f0ee0b37a05cebe3f4754735	CPU: AMD EPYC 9745	default_pass	ALL	0	0.997545	0.986195	0.991838	20.882034	6501	6500	91	16
ATCC_33560__202309	Campylobacter jejuni	false	sup	dna_r10.4.1_e8.2_400bps_sup@v4.3.0	5	5.00	chromosome=5.00	C	minimap2	2.31	lr:hq	clair3	2.0.3	r1041_e82_400bps_sup_v430	docker://hkubal/clair3@sha256:d56df84c2c7c508aaf0623b124d9926d366a58f34236505b26c055f848afa202	CPU: AMD EPYC 9745	sweep_best	SNP	0	0.998101	0.991050	0.994563	22.646407	6312	6306	57	12
ATCC_33560__202309	Campylobacter jejuni	false	sup	dna_r10.4.1_e8.2_400bps_sup@v4.3.0	5	5.00	chromosome=5.00	C	minimap2	2.31	lr:hq	clair3	2.0.3	r1041_e82_400bps_sup_v430	docker://hkubal/clair3@sha256:d56df84c2c7c508aaf0623b124d9926d366a58f34236505b26c055f848afa202	CPU: AMD EPYC 9745	sweep_best	INDEL	0	0.967593	0.923767	0.945172	12.609976	206	209	17	7
ATCC_33560__202309	Campylobacter jejuni	false	sup	dna_r10.4.1_e8.2_400bps_sup@v4.3.0	5	5.00	chromosome=5.00	C	minimap2	2.31	lr:hq	clair3	2.0.3	r1041_e82_400bps_sup_v430	docker://hkubal/clair3@sha256:d56df84c2c7c508aaf0623b124d9926d366a58f34236505b26c055f848afa202	CPU: AMD EPYC 9745	sweep_best	ALL	0	0.997092	0.988774	0.992916	21.497214	6518	6515	74	19
ATCC_33560__202309	Campylobacter jejuni	false	sup	dna_r10.4.1_e8.2_400bps_sup@v4.3.0	5	5.00	chromosome=5.00	C	minimap2	2.31	lr:hq	clair3	2.0.3	r1041_e82_400bps_sup_v430	docker://hkubal/clair3@sha256:d56df84c2c7c508aaf0623b124d9926d366a58f34236505b26c055f848afa202	CPU: AMD EPYC 9745	default_pass	SNP	0	0.997942	0.989951	0.993930	22.168113	6305	6303	64	13
ATCC_33560__202309	Campylobacter jejuni	false	sup	dna_r10.4.1_e8.2_400bps_sup@v4.3.0	5	5.00	chromosome=5.00	C	minimap2	2.31	lr:hq	clair3	2.0.3	r1041_e82_400bps_sup_v430	docker://hkubal/clair3@sha256:d56df84c2c7c508aaf0623b124d9926d366a58f34236505b26c055f848afa202	CPU: AMD EPYC 9745	default_pass	INDEL	0	0.985000	0.878924	0.928944	11.483992	196	197	27	3
ATCC_33560__202309	Campylobacter jejuni	false	sup	dna_r10.4.1_e8.2_400bps_sup@v4.3.0	5	5.00	chromosome=5.00	C	minimap2	2.31	lr:hq	clair3	2.0.3	r1041_e82_400bps_sup_v430	docker://hkubal/clair3@sha256:d56df84c2c7c508aaf0623b124d9926d366a58f34236505b26c055f848afa202	CPU: AMD EPYC 9745	default_pass	ALL	0	0.997545	0.986195	0.991838	20.882034	6501	6500	91	16
ATCC_33560__202309	Campylobacter jejuni	false	sup	dna_r10.4.1_e8.2_400bps_sup@v4.3.0	5	5.00	chromosome=5.00	D	minimap2	2.31	lr:hq	dorado	2.1.2	dna_r10.4.1_e8.2_400bps_polish_bacterial_methylation_v5.0.0		NVIDIA H100 80GB HBM3	sweep_best	SNP	13	0.992770	0.991992	0.992381	21.181020	6318	6316	51	46
ATCC_33560__202309	Campylobacter jejuni	false	sup	dna_r10.4.1_e8.2_400bps_sup@v4.3.0	5	5.00	chromosome=5.00	D	minimap2	2.31	lr:hq	dorado	2.1.2	dna_r10.4.1_e8.2_400bps_polish_bacterial_methylation_v5.0.0		NVIDIA H100 80GB HBM3	sweep_best	INDEL	12	0.917431	0.892377	0.904731	10.210484	199	200	24	18
ATCC_33560__202309	Campylobacter jejuni	false	sup	dna_r10.4.1_e8.2_400bps_sup@v4.3.0	5	5.00	chromosome=5.00	D	minimap2	2.31	lr:hq	dorado	2.1.2	dna_r10.4.1_e8.2_400bps_polish_bacterial_methylation_v5.0.0		NVIDIA H100 80GB HBM3	sweep_best	ALL	12	0.989525	0.988926	0.989225	19.675827	6519	6518	73	69
ATCC_33560__202309	Campylobacter jejuni	false	sup	dna_r10.4.1_e8.2_400bps_sup@v4.3.0	5	5.00	chromosome=5.00	D	minimap2	2.31	lr:hq	dorado	2.1.2	dna_r10.4.1_e8.2_400bps_polish_bacterial_methylation_v5.0.0		NVIDIA H100 80GB HBM3	default_pass	SNP	0	0.977360	0.996703	0.986937	18.839571	6348	6346	21	147
ATCC_33560__202309	Campylobacter jejuni	false	sup	dna_r10.4.1_e8.2_400bps_sup@v4.3.0	5	5.00	chromosome=5.00	D	minimap2	2.31	lr:hq	dorado	2.1.2	dna_r10.4.1_e8.2_400bps_polish_bacterial_methylation_v5.0.0		NVIDIA H100 80GB HBM3	default_pass	INDEL	0	0.674051	0.950673	0.788813	6.753328	212	213	11	103
ATCC_33560__202309	Campylobacter jejuni	false	sup	dna_r10.4.1_e8.2_400bps_sup@v4.3.0	5	5.00	chromosome=5.00	D	minimap2	2.31	lr:hq	dorado	2.1.2	dna_r10.4.1_e8.2_400bps_polish_bacterial_methylation_v5.0.0		NVIDIA H100 80GB HBM3	default_pass	ALL	0	0.963284	0.995146	0.978956	16.768717	6560	6559	32	250
ATCC_33560__202309	Campylobacter jejuni	false	sup	dna_r10.4.1_e8.2_400bps_sup@v4.3.0	10	10.02	chromosome=10.02	A	minimap2	2.26	map-ont	clair3	1.0.5	r1041_e82_400bps_sup_v430	docker://quay.io/mbhall88/clair3@sha256:6a4c352e7d14ebb67bdad4be366dcbf6afa66cc7f0ee0b37a05cebe3f4754735	CPU: AMD EPYC 9745	sweep_best	SNP	0	0.999528	0.997331	0.998428	28.035475	6352	6346	17	3
ATCC_33560__202309	Campylobacter jejuni	false	sup	dna_r10.4.1_e8.2_400bps_sup@v4.3.0	10	10.02	chromosome=10.02	A	minimap2	2.26	map-ont	clair3	1.0.5	r1041_e82_400bps_sup_v430	docker://quay.io/mbhall88/clair3@sha256:6a4c352e7d14ebb67bdad4be366dcbf6afa66cc7f0ee0b37a05cebe3f4754735	CPU: AMD EPYC 9745	sweep_best	INDEL	1	1.000000	0.937220	0.967593	14.893612	209	212	14	0
ATCC_33560__202309	Campylobacter jejuni	false	sup	dna_r10.4.1_e8.2_400bps_sup@v4.3.0	10	10.02	chromosome=10.02	A	minimap2	2.26	map-ont	clair3	1.0.5	r1041_e82_400bps_sup_v430	docker://quay.io/mbhall88/clair3@sha256:6a4c352e7d14ebb67bdad4be366dcbf6afa66cc7f0ee0b37a05cebe3f4754735	CPU: AMD EPYC 9745	sweep_best	ALL	1	0.999543	0.995146	0.997339	25.749551	6560	6557	32	3
ATCC_33560__202309	Campylobacter jejuni	false	sup	dna_r10.4.1_e8.2_400bps_sup@v4.3.0	10	10.02	chromosome=10.02	A	minimap2	2.26	map-ont	clair3	1.0.5	r1041_e82_400bps_sup_v430	docker://quay.io/mbhall88/clair3@sha256:6a4c352e7d14ebb67bdad4be366dcbf6afa66cc7f0ee0b37a05cebe3f4754735	CPU: AMD EPYC 9745	default_pass	SNP	0	0.999527	0.997174	0.998349	27.822529	6351	6345	18	3
ATCC_33560__202309	Campylobacter jejuni	false	sup	dna_r10.4.1_e8.2_400bps_sup@v4.3.0	10	10.02	chromosome=10.02	A	minimap2	2.26	map-ont	clair3	1.0.5	r1041_e82_400bps_sup_v430	docker://quay.io/mbhall88/clair3@sha256:6a4c352e7d14ebb67bdad4be366dcbf6afa66cc7f0ee0b37a05cebe3f4754735	CPU: AMD EPYC 9745	default_pass	INDEL	0	0.995305	0.937220	0.965390	14.607984	209	212	14	1
ATCC_33560__202309	Campylobacter jejuni	false	sup	dna_r10.4.1_e8.2_400bps_sup@v4.3.0	10	10.02	chromosome=10.02	A	minimap2	2.26	map-ont	clair3	1.0.5	r1041_e82_400bps_sup_v430	docker://quay.io/mbhall88/clair3@sha256:6a4c352e7d14ebb67bdad4be366dcbf6afa66cc7f0ee0b37a05cebe3f4754735	CPU: AMD EPYC 9745	default_pass	ALL	0	0.999390	0.995146	0.997264	25.628839	6560	6557	32	4
ATCC_33560__202309	Campylobacter jejuni	false	sup	dna_r10.4.1_e8.2_400bps_sup@v4.3.0	10	10.02	chromosome=10.02	B	minimap2	2.31	lr:hq	clair3	1.0.5	r1041_e82_400bps_sup_v430	docker://quay.io/mbhall88/clair3@sha256:6a4c352e7d14ebb67bdad4be366dcbf6afa66cc7f0ee0b37a05cebe3f4754735	CPU: AMD EPYC 9745	sweep_best	SNP	0	0.999528	0.997488	0.998507	28.259402	6353	6347	16	3
ATCC_33560__202309	Campylobacter jejuni	false	sup	dna_r10.4.1_e8.2_400bps_sup@v4.3.0	10	10.02	chromosome=10.02	B	minimap2	2.31	lr:hq	clair3	1.0.5	r1041_e82_400bps_sup_v430	docker://quay.io/mbhall88/clair3@sha256:6a4c352e7d14ebb67bdad4be366dcbf6afa66cc7f0ee0b37a05cebe3f4754735	CPU: AMD EPYC 9745	sweep_best	INDEL	1	0.990654	0.937220	0.963197	14.341168	209	212	14	2
ATCC_33560__202309	Campylobacter jejuni	false	sup	dna_r10.4.1_e8.2_400bps_sup@v4.3.0	10	10.02	chromosome=10.02	B	minimap2	2.31	lr:hq	clair3	1.0.5	r1041_e82_400bps_sup_v430	docker://quay.io/mbhall88/clair3@sha256:6a4c352e7d14ebb67bdad4be366dcbf6afa66cc7f0ee0b37a05cebe3f4754735	CPU: AMD EPYC 9745	sweep_best	ALL	0	0.998934	0.995601	0.997265	25.630427	6563	6560	29	7
ATCC_33560__202309	Campylobacter jejuni	false	sup	dna_r10.4.1_e8.2_400bps_sup@v4.3.0	10	10.02	chromosome=10.02	B	minimap2	2.31	lr:hq	clair3	1.0.5	r1041_e82_400bps_sup_v430	docker://quay.io/mbhall88/clair3@sha256:6a4c352e7d14ebb67bdad4be366dcbf6afa66cc7f0ee0b37a05cebe3f4754735	CPU: AMD EPYC 9745	default_pass	SNP	0	0.999528	0.997331	0.998428	28.035475	6352	6346	17	3
ATCC_33560__202309	Campylobacter jejuni	false	sup	dna_r10.4.1_e8.2_400bps_sup@v4.3.0	10	10.02	chromosome=10.02	B	minimap2	2.31	lr:hq	clair3	1.0.5	r1041_e82_400bps_sup_v430	docker://quay.io/mbhall88/clair3@sha256:6a4c352e7d14ebb67bdad4be366dcbf6afa66cc7f0ee0b37a05cebe3f4754735	CPU: AMD EPYC 9745	default_pass	INDEL	0	0.990654	0.937220	0.963197	14.341168	209	212	14	2
ATCC_33560__202309	Campylobacter jejuni	false	sup	dna_r10.4.1_e8.2_400bps_sup@v4.3.0	10	10.02	chromosome=10.02	B	minimap2	2.31	lr:hq	clair3	1.0.5	r1041_e82_400bps_sup_v430	docker://quay.io/mbhall88/clair3@sha256:6a4c352e7d14ebb67bdad4be366dcbf6afa66cc7f0ee0b37a05cebe3f4754735	CPU: AMD EPYC 9745	default_pass	ALL	0	0.999238	0.995297	0.997264	25.628839	6561	6558	31	5
ATCC_33560__202309	Campylobacter jejuni	false	sup	dna_r10.4.1_e8.2_400bps_sup@v4.3.0	10	10.02	chromosome=10.02	C	minimap2	2.31	lr:hq	clair3	2.0.3	r1041_e82_400bps_sup_v430	docker://hkubal/clair3@sha256:d56df84c2c7c508aaf0623b124d9926d366a58f34236505b26c055f848afa202	CPU: AMD EPYC 9745	sweep_best	SNP	0	0.999528	0.997488	0.998507	28.259402	6353	6347	16	3
ATCC_33560__202309	Campylobacter jejuni	false	sup	dna_r10.4.1_e8.2_400bps_sup@v4.3.0	10	10.02	chromosome=10.02	C	minimap2	2.31	lr:hq	clair3	2.0.3	r1041_e82_400bps_sup_v430	docker://hkubal/clair3@sha256:d56df84c2c7c508aaf0623b124d9926d366a58f34236505b26c055f848afa202	CPU: AMD EPYC 9745	sweep_best	INDEL	1	0.990654	0.937220	0.963197	14.341168	209	212	14	2
ATCC_33560__202309	Campylobacter jejuni	false	sup	dna_r10.4.1_e8.2_400bps_sup@v4.3.0	10	10.02	chromosome=10.02	C	minimap2	2.31	lr:hq	clair3	2.0.3	r1041_e82_400bps_sup_v430	docker://hkubal/clair3@sha256:d56df84c2c7c508aaf0623b124d9926d366a58f34236505b26c055f848afa202	CPU: AMD EPYC 9745	sweep_best	ALL	0	0.998934	0.995601	0.997265	25.630427	6563	6560	29	7
ATCC_33560__202309	Campylobacter jejuni	false	sup	dna_r10.4.1_e8.2_400bps_sup@v4.3.0	10	10.02	chromosome=10.02	C	minimap2	2.31	lr:hq	clair3	2.0.3	r1041_e82_400bps_sup_v430	docker://hkubal/clair3@sha256:d56df84c2c7c508aaf0623b124d9926d366a58f34236505b26c055f848afa202	CPU: AMD EPYC 9745	default_pass	SNP	0	0.999528	0.997331	0.998428	28.035475	6352	6346	17	3
ATCC_33560__202309	Campylobacter jejuni	false	sup	dna_r10.4.1_e8.2_400bps_sup@v4.3.0	10	10.02	chromosome=10.02	C	minimap2	2.31	lr:hq	clair3	2.0.3	r1041_e82_400bps_sup_v430	docker://hkubal/clair3@sha256:d56df84c2c7c508aaf0623b124d9926d366a58f34236505b26c055f848afa202	CPU: AMD EPYC 9745	default_pass	INDEL	0	0.990654	0.937220	0.963197	14.341168	209	212	14	2
ATCC_33560__202309	Campylobacter jejuni	false	sup	dna_r10.4.1_e8.2_400bps_sup@v4.3.0	10	10.02	chromosome=10.02	C	minimap2	2.31	lr:hq	clair3	2.0.3	r1041_e82_400bps_sup_v430	docker://hkubal/clair3@sha256:d56df84c2c7c508aaf0623b124d9926d366a58f34236505b26c055f848afa202	CPU: AMD EPYC 9745	default_pass	ALL	0	0.999238	0.995297	0.997264	25.628839	6561	6558	31	5
ATCC_33560__202309	Campylobacter jejuni	false	sup	dna_r10.4.1_e8.2_400bps_sup@v4.3.0	10	10.02	chromosome=10.02	D	minimap2	2.31	lr:hq	dorado	2.1.2	dna_r10.4.1_e8.2_400bps_polish_bacterial_methylation_v5.0.0		NVIDIA H100 80GB HBM3	sweep_best	SNP	14	0.999055	0.996546	0.997799	26.573800	6347	6345	22	6
ATCC_33560__202309	Campylobacter jejuni	false	sup	dna_r10.4.1_e8.2_400bps_sup@v4.3.0	10	10.02	chromosome=10.02	D	minimap2	2.31	lr:hq	dorado	2.1.2	dna_r10.4.1_e8.2_400bps_polish_bacterial_methylation_v5.0.0		NVIDIA H100 80GB HBM3	sweep_best	INDEL	7	0.967442	0.928251	0.947441	12.793529	207	208	16	7
ATCC_33560__202309	Campylobacter jejuni	false	sup	dna_r10.4.1_e8.2_400bps_sup@v4.3.0	10	10.02	chromosome=10.02	D	minimap2	2.31	lr:hq	dorado	2.1.2	dna_r10.4.1_e8.2_400bps_polish_bacterial_methylation_v5.0.0		NVIDIA H100 80GB HBM3	sweep_best	ALL	9	0.997716	0.993932	0.995820	23.788237	6552	6551	40	15
ATCC_33560__202309	Campylobacter jejuni	false	sup	dna_r10.4.1_e8.2_400bps_sup@v4.3.0	10	10.02	chromosome=10.02	D	minimap2	2.31	lr:hq	dorado	2.1.2	dna_r10.4.1_e8.2_400bps_polish_bacterial_methylation_v5.0.0		NVIDIA H100 80GB HBM3	default_pass	SNP	0	0.995611	0.997488	0.996548	24.619292	6353	6351	16	28
ATCC_33560__202309	Campylobacter jejuni	false	sup	dna_r10.4.1_e8.2_400bps_sup@v4.3.0	10	10.02	chromosome=10.02	D	minimap2	2.31	lr:hq	dorado	2.1.2	dna_r10.4.1_e8.2_400bps_polish_bacterial_methylation_v5.0.0		NVIDIA H100 80GB HBM3	default_pass	INDEL	0	0.923077	0.964126	0.943155	12.453077	215	216	8	18
ATCC_33560__202309	Campylobacter jejuni	false	sup	dna_r10.4.1_e8.2_400bps_sup@v4.3.0	10	10.02	chromosome=10.02	D	minimap2	2.31	lr:hq	dorado	2.1.2	dna_r10.4.1_e8.2_400bps_polish_bacterial_methylation_v5.0.0		NVIDIA H100 80GB HBM3	default_pass	ALL	0	0.993044	0.996359	0.994699	22.756422	6568	6567	24	46
ATCC_33560__202309	Campylobacter jejuni	false	sup	dna_r10.4.1_e8.2_400bps_sup@v4.3.0	25	25.11	chromosome=25.11	A	minimap2	2.26	map-ont	clair3	1.0.5	r1041_e82_400bps_sup_v430	docker://quay.io/mbhall88/clair3@sha256:6a4c352e7d14ebb67bdad4be366dcbf6afa66cc7f0ee0b37a05cebe3f4754735	CPU: AMD EPYC 9745	sweep_best	SNP	0	1.000000	0.999686	0.999843	38.041003	6367	6361	2	0
ATCC_33560__202309	Campylobacter jejuni	false	sup	dna_r10.4.1_e8.2_400bps_sup@v4.3.0	25	25.11	chromosome=25.11	A	minimap2	2.26	map-ont	clair3	1.0.5	r1041_e82_400bps_sup_v430	docker://quay.io/mbhall88/clair3@sha256:6a4c352e7d14ebb67bdad4be366dcbf6afa66cc7f0ee0b37a05cebe3f4754735	CPU: AMD EPYC 9745	sweep_best	INDEL	0	0.995455	0.968610	0.981849	17.410994	216	219	7	1
ATCC_33560__202309	Campylobacter jejuni	false	sup	dna_r10.4.1_e8.2_400bps_sup@v4.3.0	25	25.11	chromosome=25.11	A	minimap2	2.26	map-ont	clair3	1.0.5	r1041_e82_400bps_sup_v430	docker://quay.io/mbhall88/clair3@sha256:6a4c352e7d14ebb67bdad4be366dcbf6afa66cc7f0ee0b37a05cebe3f4754735	CPU: AMD EPYC 9745	sweep_best	ALL	0	0.999848	0.998635	0.999241	31.197582	6583	6580	9	1
ATCC_33560__202309	Campylobacter jejuni	false	sup	dna_r10.4.1_e8.2_400bps_sup@v4.3.0	25	25.11	chromosome=25.11	A	minimap2	2.26	map-ont	clair3	1.0.5	r1041_e82_400bps_sup_v430	docker://quay.io/mbhall88/clair3@sha256:6a4c352e7d14ebb67bdad4be366dcbf6afa66cc7f0ee0b37a05cebe3f4754735	CPU: AMD EPYC 9745	default_pass	SNP	0	1.000000	0.999529	0.999764	36.270880	6366	6360	3	0
ATCC_33560__202309	Campylobacter jejuni	false	sup	dna_r10.4.1_e8.2_400bps_sup@v4.3.0	25	25.11	chromosome=25.11	A	minimap2	2.26	map-ont	clair3	1.0.5	r1041_e82_400bps_sup_v430	docker://quay.io/mbhall88/clair3@sha256:6a4c352e7d14ebb67bdad4be366dcbf6afa66cc7f0ee0b37a05cebe3f4754735	CPU: AMD EPYC 9745	default_pass	INDEL	0	0.995413	0.959641	0.977200	16.420652	214	217	9	1
ATCC_33560__202309	Campylobacter jejuni	false	sup	dna_r10.4.1_e8.2_400bps_sup@v4.3.0	25	25.11	chromosome=25.11	A	minimap2	2.26	map-ont	clair3	1.0.5	r1041_e82_400bps_sup_v430	docker://quay.io/mbhall88/clair3@sha256:6a4c352e7d14ebb67bdad4be366dcbf6afa66cc7f0ee0b37a05cebe3f4754735	CPU: AMD EPYC 9745	default_pass	ALL	0	0.999848	0.998180	0.999013	30.056828	6580	6577	12	1
ATCC_33560__202309	Campylobacter jejuni	false	sup	dna_r10.4.1_e8.2_400bps_sup@v4.3.0	25	25.11	chromosome=25.11	B	minimap2	2.31	lr:hq	clair3	1.0.5	r1041_e82_400bps_sup_v430	docker://quay.io/mbhall88/clair3@sha256:6a4c352e7d14ebb67bdad4be366dcbf6afa66cc7f0ee0b37a05cebe3f4754735	CPU: AMD EPYC 9745	sweep_best	SNP	0	1.000000	0.999686	0.999843	38.041003	6367	6361	2	0
ATCC_33560__202309	Campylobacter jejuni	false	sup	dna_r10.4.1_e8.2_400bps_sup@v4.3.0	25	25.11	chromosome=25.11	B	minimap2	2.31	lr:hq	clair3	1.0.5	r1041_e82_400bps_sup_v430	docker://quay.io/mbhall88/clair3@sha256:6a4c352e7d14ebb67bdad4be366dcbf6afa66cc7f0ee0b37a05cebe3f4754735	CPU: AMD EPYC 9745	sweep_best	INDEL	0	0.995455	0.968610	0.981849	17.410994	216	219	7	1
ATCC_33560__202309	Campylobacter jejuni	false	sup	dna_r10.4.1_e8.2_400bps_sup@v4.3.0	25	25.11	chromosome=25.11	B	minimap2	2.31	lr:hq	clair3	1.0.5	r1041_e82_400bps_sup_v430	docker://quay.io/mbhall88/clair3@sha256:6a4c352e7d14ebb67bdad4be366dcbf6afa66cc7f0ee0b37a05cebe3f4754735	CPU: AMD EPYC 9745	sweep_best	ALL	0	0.999848	0.998635	0.999241	31.197582	6583	6580	9	1
ATCC_33560__202309	Campylobacter jejuni	false	sup	dna_r10.4.1_e8.2_400bps_sup@v4.3.0	25	25.11	chromosome=25.11	B	minimap2	2.31	lr:hq	clair3	1.0.5	r1041_e82_400bps_sup_v430	docker://quay.io/mbhall88/clair3@sha256:6a4c352e7d14ebb67bdad4be366dcbf6afa66cc7f0ee0b37a05cebe3f4754735	CPU: AMD EPYC 9745	default_pass	SNP	0	1.000000	0.999529	0.999764	36.270880	6366	6360	3	0
ATCC_33560__202309	Campylobacter jejuni	false	sup	dna_r10.4.1_e8.2_400bps_sup@v4.3.0	25	25.11	chromosome=25.11	B	minimap2	2.31	lr:hq	clair3	1.0.5	r1041_e82_400bps_sup_v430	docker://quay.io/mbhall88/clair3@sha256:6a4c352e7d14ebb67bdad4be366dcbf6afa66cc7f0ee0b37a05cebe3f4754735	CPU: AMD EPYC 9745	default_pass	INDEL	0	0.995413	0.959641	0.977200	16.420652	214	217	9	1
ATCC_33560__202309	Campylobacter jejuni	false	sup	dna_r10.4.1_e8.2_400bps_sup@v4.3.0	25	25.11	chromosome=25.11	B	minimap2	2.31	lr:hq	clair3	1.0.5	r1041_e82_400bps_sup_v430	docker://quay.io/mbhall88/clair3@sha256:6a4c352e7d14ebb67bdad4be366dcbf6afa66cc7f0ee0b37a05cebe3f4754735	CPU: AMD EPYC 9745	default_pass	ALL	0	0.999848	0.998180	0.999013	30.056828	6580	6577	12	1
ATCC_33560__202309	Campylobacter jejuni	false	sup	dna_r10.4.1_e8.2_400bps_sup@v4.3.0	25	25.11	chromosome=25.11	C	minimap2	2.31	lr:hq	clair3	2.0.3	r1041_e82_400bps_sup_v430	docker://hkubal/clair3@sha256:d56df84c2c7c508aaf0623b124d9926d366a58f34236505b26c055f848afa202	CPU: AMD EPYC 9745	sweep_best	SNP	0	1.000000	0.999686	0.999843	38.041003	6367	6361	2	0
ATCC_33560__202309	Campylobacter jejuni	false	sup	dna_r10.4.1_e8.2_400bps_sup@v4.3.0	25	25.11	chromosome=25.11	C	minimap2	2.31	lr:hq	clair3	2.0.3	r1041_e82_400bps_sup_v430	docker://hkubal/clair3@sha256:d56df84c2c7c508aaf0623b124d9926d366a58f34236505b26c055f848afa202	CPU: AMD EPYC 9745	sweep_best	INDEL	0	0.995455	0.968610	0.981849	17.410994	216	219	7	1
ATCC_33560__202309	Campylobacter jejuni	false	sup	dna_r10.4.1_e8.2_400bps_sup@v4.3.0	25	25.11	chromosome=25.11	C	minimap2	2.31	lr:hq	clair3	2.0.3	r1041_e82_400bps_sup_v430	docker://hkubal/clair3@sha256:d56df84c2c7c508aaf0623b124d9926d366a58f34236505b26c055f848afa202	CPU: AMD EPYC 9745	sweep_best	ALL	0	0.999848	0.998635	0.999241	31.197582	6583	6580	9	1
ATCC_33560__202309	Campylobacter jejuni	false	sup	dna_r10.4.1_e8.2_400bps_sup@v4.3.0	25	25.11	chromosome=25.11	C	minimap2	2.31	lr:hq	clair3	2.0.3	r1041_e82_400bps_sup_v430	docker://hkubal/clair3@sha256:d56df84c2c7c508aaf0623b124d9926d366a58f34236505b26c055f848afa202	CPU: AMD EPYC 9745	default_pass	SNP	0	1.000000	0.999529	0.999764	36.270880	6366	6360	3	0
ATCC_33560__202309	Campylobacter jejuni	false	sup	dna_r10.4.1_e8.2_400bps_sup@v4.3.0	25	25.11	chromosome=25.11	C	minimap2	2.31	lr:hq	clair3	2.0.3	r1041_e82_400bps_sup_v430	docker://hkubal/clair3@sha256:d56df84c2c7c508aaf0623b124d9926d366a58f34236505b26c055f848afa202	CPU: AMD EPYC 9745	default_pass	INDEL	0	0.995413	0.959641	0.977200	16.420652	214	217	9	1
ATCC_33560__202309	Campylobacter jejuni	false	sup	dna_r10.4.1_e8.2_400bps_sup@v4.3.0	25	25.11	chromosome=25.11	C	minimap2	2.31	lr:hq	clair3	2.0.3	r1041_e82_400bps_sup_v430	docker://hkubal/clair3@sha256:d56df84c2c7c508aaf0623b124d9926d366a58f34236505b26c055f848afa202	CPU: AMD EPYC 9745	default_pass	ALL	0	0.999848	0.998180	0.999013	30.056828	6580	6577	12	1
ATCC_33560__202309	Campylobacter jejuni	false	sup	dna_r10.4.1_e8.2_400bps_sup@v4.3.0	25	25.11	chromosome=25.11	D	minimap2	2.31	lr:hq	dorado	2.1.2	dna_r10.4.1_e8.2_400bps_polish_bacterial_methylation_v5.0.0		NVIDIA H100 80GB HBM3	sweep_best	SNP	0	0.999686	0.998587	0.999136	30.634863	6360	6358	9	2
ATCC_33560__202309	Campylobacter jejuni	false	sup	dna_r10.4.1_e8.2_400bps_sup@v4.3.0	25	25.11	chromosome=25.11	D	minimap2	2.31	lr:hq	dorado	2.1.2	dna_r10.4.1_e8.2_400bps_polish_bacterial_methylation_v5.0.0		NVIDIA H100 80GB HBM3	sweep_best	INDEL	4	0.986425	0.973094	0.979714	16.928036	217	218	6	3
ATCC_33560__202309	Campylobacter jejuni	false	sup	dna_r10.4.1_e8.2_400bps_sup@v4.3.0	25	25.11	chromosome=25.11	D	minimap2	2.31	lr:hq	dorado	2.1.2	dna_r10.4.1_e8.2_400bps_polish_bacterial_methylation_v5.0.0		NVIDIA H100 80GB HBM3	sweep_best	ALL	4	0.999240	0.997725	0.998482	28.187282	6577	6576	15	5
ATCC_33560__202309	Campylobacter jejuni	false	sup	dna_r10.4.1_e8.2_400bps_sup@v4.3.0	25	25.11	chromosome=25.11	D	minimap2	2.31	lr:hq	dorado	2.1.2	dna_r10.4.1_e8.2_400bps_polish_bacterial_methylation_v5.0.0		NVIDIA H100 80GB HBM3	default_pass	SNP	0	0.999686	0.998587	0.999136	30.634863	6360	6358	9	2
ATCC_33560__202309	Campylobacter jejuni	false	sup	dna_r10.4.1_e8.2_400bps_sup@v4.3.0	25	25.11	chromosome=25.11	D	minimap2	2.31	lr:hq	dorado	2.1.2	dna_r10.4.1_e8.2_400bps_polish_bacterial_methylation_v5.0.0		NVIDIA H100 80GB HBM3	default_pass	INDEL	0	0.977679	0.977578	0.977629	16.503146	218	219	5	5
ATCC_33560__202309	Campylobacter jejuni	false	sup	dna_r10.4.1_e8.2_400bps_sup@v4.3.0	25	25.11	chromosome=25.11	D	minimap2	2.31	lr:hq	dorado	2.1.2	dna_r10.4.1_e8.2_400bps_polish_bacterial_methylation_v5.0.0		NVIDIA H100 80GB HBM3	default_pass	ALL	0	0.998937	0.997876	0.998406	27.975117	6578	6577	14	7
ATCC_33560__202309	Campylobacter jejuni	false	sup	dna_r10.4.1_e8.2_400bps_sup@v4.3.0	50	50.13	chromosome=50.13	A	minimap2	2.26	map-ont	clair3	1.0.5	r1041_e82_400bps_sup_v430	docker://quay.io/mbhall88/clair3@sha256:6a4c352e7d14ebb67bdad4be366dcbf6afa66cc7f0ee0b37a05cebe3f4754735	CPU: AMD EPYC 9745	sweep_best	SNP	0	1.000000	0.999843	0.999922	41.079054	6368	6362	1	0
ATCC_33560__202309	Campylobacter jejuni	false	sup	dna_r10.4.1_e8.2_400bps_sup@v4.3.0	50	50.13	chromosome=50.13	A	minimap2	2.26	map-ont	clair3	1.0.5	r1041_e82_400bps_sup_v430	docker://quay.io/mbhall88/clair3@sha256:6a4c352e7d14ebb67bdad4be366dcbf6afa66cc7f0ee0b37a05cebe3f4754735	CPU: AMD EPYC 9745	sweep_best	INDEL	0	0.986425	0.964126	0.975148	16.046387	215	218	8	3
ATCC_33560__202309	Campylobacter jejuni	false	sup	dna_r10.4.1_e8.2_400bps_sup@v4.3.0	50	50.13	chromosome=50.13	A	minimap2	2.26	map-ont	clair3	1.0.5	r1041_e82_400bps_sup_v430	docker://quay.io/mbhall88/clair3@sha256:6a4c352e7d14ebb67bdad4be366dcbf6afa66cc7f0ee0b37a05cebe3f4754735	CPU: AMD EPYC 9745	sweep_best	ALL	0	0.999544	0.998635	0.999089	30.404816	6583	6580	9	3
ATCC_33560__202309	Campylobacter jejuni	false	sup	dna_r10.4.1_e8.2_400bps_sup@v4.3.0	50	50.13	chromosome=50.13	A	minimap2	2.26	map-ont	clair3	1.0.5	r1041_e82_400bps_sup_v430	docker://quay.io/mbhall88/clair3@sha256:6a4c352e7d14ebb67bdad4be366dcbf6afa66cc7f0ee0b37a05cebe3f4754735	CPU: AMD EPYC 9745	default_pass	SNP	0	1.000000	0.999686	0.999843	38.041003	6367	6361	2	0
ATCC_33560__202309	Campylobacter jejuni	false	sup	dna_r10.4.1_e8.2_400bps_sup@v4.3.0	50	50.13	chromosome=50.13	A	minimap2	2.26	map-ont	clair3	1.0.5	r1041_e82_400bps_sup_v430	docker://quay.io/mbhall88/clair3@sha256:6a4c352e7d14ebb67bdad4be366dcbf6afa66cc7f0ee0b37a05cebe3f4754735	CPU: AMD EPYC 9745	default_pass	INDEL	0	0.990868	0.959641	0.975004	16.021295	214	217	9	2
ATCC_33560__202309	Campylobacter jejuni	false	sup	dna_r10.4.1_e8.2_400bps_sup@v4.3.0	50	50.13	chromosome=50.13	A	minimap2	2.26	map-ont	clair3	1.0.5	r1041_e82_400bps_sup_v430	docker://quay.io/mbhall88/clair3@sha256:6a4c352e7d14ebb67bdad4be366dcbf6afa66cc7f0ee0b37a05cebe3f4754735	CPU: AMD EPYC 9745	default_pass	ALL	0	0.999696	0.998331	0.999013	30.056828	6581	6578	11	2
ATCC_33560__202309	Campylobacter jejuni	false	sup	dna_r10.4.1_e8.2_400bps_sup@v4.3.0	50	50.13	chromosome=50.13	B	minimap2	2.31	lr:hq	clair3	1.0.5	r1041_e82_400bps_sup_v430	docker://quay.io/mbhall88/clair3@sha256:6a4c352e7d14ebb67bdad4be366dcbf6afa66cc7f0ee0b37a05cebe3f4754735	CPU: AMD EPYC 9745	sweep_best	SNP	0	1.000000	0.999843	0.999922	41.079054	6368	6362	1	0
ATCC_33560__202309	Campylobacter jejuni	false	sup	dna_r10.4.1_e8.2_400bps_sup@v4.3.0	50	50.13	chromosome=50.13	B	minimap2	2.31	lr:hq	clair3	1.0.5	r1041_e82_400bps_sup_v430	docker://quay.io/mbhall88/clair3@sha256:6a4c352e7d14ebb67bdad4be366dcbf6afa66cc7f0ee0b37a05cebe3f4754735	CPU: AMD EPYC 9745	sweep_best	INDEL	0	0.986425	0.964126	0.975148	16.046387	215	218	8	3
ATCC_33560__202309	Campylobacter jejuni	false	sup	dna_r10.4.1_e8.2_400bps_sup@v4.3.0	50	50.13	chromosome=50.13	B	minimap2	2.31	lr:hq	clair3	1.0.5	r1041_e82_400bps_sup_v430	docker://quay.io/mbhall88/clair3@sha256:6a4c352e7d14ebb67bdad4be366dcbf6afa66cc7f0ee0b37a05cebe3f4754735	CPU: AMD EPYC 9745	sweep_best	ALL	0	0.999544	0.998635	0.999089	30.404816	6583	6580	9	3
ATCC_33560__202309	Campylobacter jejuni	false	sup	dna_r10.4.1_e8.2_400bps_sup@v4.3.0	50	50.13	chromosome=50.13	B	minimap2	2.31	lr:hq	clair3	1.0.5	r1041_e82_400bps_sup_v430	docker://quay.io/mbhall88/clair3@sha256:6a4c352e7d14ebb67bdad4be366dcbf6afa66cc7f0ee0b37a05cebe3f4754735	CPU: AMD EPYC 9745	default_pass	SNP	0	1.000000	0.999686	0.999843	38.041003	6367	6361	2	0
ATCC_33560__202309	Campylobacter jejuni	false	sup	dna_r10.4.1_e8.2_400bps_sup@v4.3.0	50	50.13	chromosome=50.13	B	minimap2	2.31	lr:hq	clair3	1.0.5	r1041_e82_400bps_sup_v430	docker://quay.io/mbhall88/clair3@sha256:6a4c352e7d14ebb67bdad4be366dcbf6afa66cc7f0ee0b37a05cebe3f4754735	CPU: AMD EPYC 9745	default_pass	INDEL	0	0.990868	0.959641	0.975004	16.021295	214	217	9	2
ATCC_33560__202309	Campylobacter jejuni	false	sup	dna_r10.4.1_e8.2_400bps_sup@v4.3.0	50	50.13	chromosome=50.13	B	minimap2	2.31	lr:hq	clair3	1.0.5	r1041_e82_400bps_sup_v430	docker://quay.io/mbhall88/clair3@sha256:6a4c352e7d14ebb67bdad4be366dcbf6afa66cc7f0ee0b37a05cebe3f4754735	CPU: AMD EPYC 9745	default_pass	ALL	0	0.999696	0.998331	0.999013	30.056828	6581	6578	11	2
ATCC_33560__202309	Campylobacter jejuni	false	sup	dna_r10.4.1_e8.2_400bps_sup@v4.3.0	50	50.13	chromosome=50.13	C	minimap2	2.31	lr:hq	clair3	2.0.3	r1041_e82_400bps_sup_v430	docker://hkubal/clair3@sha256:d56df84c2c7c508aaf0623b124d9926d366a58f34236505b26c055f848afa202	CPU: AMD EPYC 9745	sweep_best	SNP	0	1.000000	0.999843	0.999922	41.079054	6368	6362	1	0
ATCC_33560__202309	Campylobacter jejuni	false	sup	dna_r10.4.1_e8.2_400bps_sup@v4.3.0	50	50.13	chromosome=50.13	C	minimap2	2.31	lr:hq	clair3	2.0.3	r1041_e82_400bps_sup_v430	docker://hkubal/clair3@sha256:d56df84c2c7c508aaf0623b124d9926d366a58f34236505b26c055f848afa202	CPU: AMD EPYC 9745	sweep_best	INDEL	0	0.986425	0.964126	0.975148	16.046387	215	218	8	3
ATCC_33560__202309	Campylobacter jejuni	false	sup	dna_r10.4.1_e8.2_400bps_sup@v4.3.0	50	50.13	chromosome=50.13	C	minimap2	2.31	lr:hq	clair3	2.0.3	r1041_e82_400bps_sup_v430	docker://hkubal/clair3@sha256:d56df84c2c7c508aaf0623b124d9926d366a58f34236505b26c055f848afa202	CPU: AMD EPYC 9745	sweep_best	ALL	0	0.999544	0.998635	0.999089	30.404816	6583	6580	9	3
ATCC_33560__202309	Campylobacter jejuni	false	sup	dna_r10.4.1_e8.2_400bps_sup@v4.3.0	50	50.13	chromosome=50.13	C	minimap2	2.31	lr:hq	clair3	2.0.3	r1041_e82_400bps_sup_v430	docker://hkubal/clair3@sha256:d56df84c2c7c508aaf0623b124d9926d366a58f34236505b26c055f848afa202	CPU: AMD EPYC 9745	default_pass	SNP	0	1.000000	0.999686	0.999843	38.041003	6367	6361	2	0
ATCC_33560__202309	Campylobacter jejuni	false	sup	dna_r10.4.1_e8.2_400bps_sup@v4.3.0	50	50.13	chromosome=50.13	C	minimap2	2.31	lr:hq	clair3	2.0.3	r1041_e82_400bps_sup_v430	docker://hkubal/clair3@sha256:d56df84c2c7c508aaf0623b124d9926d366a58f34236505b26c055f848afa202	CPU: AMD EPYC 9745	default_pass	INDEL	0	0.990868	0.959641	0.975004	16.021295	214	217	9	2
ATCC_33560__202309	Campylobacter jejuni	false	sup	dna_r10.4.1_e8.2_400bps_sup@v4.3.0	50	50.13	chromosome=50.13	C	minimap2	2.31	lr:hq	clair3	2.0.3	r1041_e82_400bps_sup_v430	docker://hkubal/clair3@sha256:d56df84c2c7c508aaf0623b124d9926d366a58f34236505b26c055f848afa202	CPU: AMD EPYC 9745	default_pass	ALL	0	0.999696	0.998331	0.999013	30.056828	6581	6578	11	2
ATCC_33560__202309	Campylobacter jejuni	false	sup	dna_r10.4.1_e8.2_400bps_sup@v4.3.0	50	50.13	chromosome=50.13	D	minimap2	2.31	lr:hq	dorado	2.1.2	dna_r10.4.1_e8.2_400bps_polish_bacterial_methylation_v5.0.0		NVIDIA H100 80GB HBM3	sweep_best	SNP	0	0.999685	0.998273	0.998979	29.909743	6358	6356	11	2
ATCC_33560__202309	Campylobacter jejuni	false	sup	dna_r10.4.1_e8.2_400bps_sup@v4.3.0	50	50.13	chromosome=50.13	D	minimap2	2.31	lr:hq	dorado	2.1.2	dna_r10.4.1_e8.2_400bps_polish_bacterial_methylation_v5.0.0		NVIDIA H100 80GB HBM3	sweep_best	INDEL	2	0.986364	0.968610	0.977406	16.460069	216	217	7	3
ATCC_33560__202309	Campylobacter jejuni	false	sup	dna_r10.4.1_e8.2_400bps_sup@v4.3.0	50	50.13	chromosome=50.13	D	minimap2	2.31	lr:hq	dorado	2.1.2	dna_r10.4.1_e8.2_400bps_polish_bacterial_methylation_v5.0.0		NVIDIA H100 80GB HBM3	sweep_best	ALL	2	0.999240	0.997269	0.998254	27.579558	6574	6573	18	5
ATCC_33560__202309	Campylobacter jejuni	false	sup	dna_r10.4.1_e8.2_400bps_sup@v4.3.0	50	50.13	chromosome=50.13	D	minimap2	2.31	lr:hq	dorado	2.1.2	dna_r10.4.1_e8.2_400bps_polish_bacterial_methylation_v5.0.0		NVIDIA H100 80GB HBM3	default_pass	SNP	0	0.999685	0.998273	0.998979	29.909743	6358	6356	11	2
ATCC_33560__202309	Campylobacter jejuni	false	sup	dna_r10.4.1_e8.2_400bps_sup@v4.3.0	50	50.13	chromosome=50.13	D	minimap2	2.31	lr:hq	dorado	2.1.2	dna_r10.4.1_e8.2_400bps_polish_bacterial_methylation_v5.0.0		NVIDIA H100 80GB HBM3	default_pass	INDEL	0	0.986301	0.964126	0.975087	16.035740	215	216	8	3
ATCC_33560__202309	Campylobacter jejuni	false	sup	dna_r10.4.1_e8.2_400bps_sup@v4.3.0	50	50.13	chromosome=50.13	D	minimap2	2.31	lr:hq	dorado	2.1.2	dna_r10.4.1_e8.2_400bps_polish_bacterial_methylation_v5.0.0		NVIDIA H100 80GB HBM3	default_pass	ALL	0	0.999240	0.997118	0.998178	27.394516	6573	6572	19	5
ATCC_35221__202309	Campylobacter lari	false	hac	dna_r10.4.1_e8.2_400bps_hac@v4.3.0	5	5.00	chromosome=5.00	A	minimap2	2.26	map-ont	clair3	1.0.5	r1041_e82_400bps_hac_v430	docker://quay.io/mbhall88/clair3@sha256:6a4c352e7d14ebb67bdad4be366dcbf6afa66cc7f0ee0b37a05cebe3f4754735	CPU: AMD EPYC 9745	sweep_best	SNP	0	0.997855	0.985611	0.991695	20.806604	16303	16281	238	35
ATCC_35221__202309	Campylobacter lari	false	hac	dna_r10.4.1_e8.2_400bps_hac@v4.3.0	5	5.00	chromosome=5.00	A	minimap2	2.26	map-ont	clair3	1.0.5	r1041_e82_400bps_hac_v430	docker://quay.io/mbhall88/clair3@sha256:6a4c352e7d14ebb67bdad4be366dcbf6afa66cc7f0ee0b37a05cebe3f4754735	CPU: AMD EPYC 9745	sweep_best	INDEL	1	0.982456	0.838710	0.904910	10.218652	104	112	20	2
ATCC_35221__202309	Campylobacter lari	false	hac	dna_r10.4.1_e8.2_400bps_hac@v4.3.0	5	5.00	chromosome=5.00	A	minimap2	2.26	map-ont	clair3	1.0.5	r1041_e82_400bps_hac_v430	docker://quay.io/mbhall88/clair3@sha256:6a4c352e7d14ebb67bdad4be366dcbf6afa66cc7f0ee0b37a05cebe3f4754735	CPU: AMD EPYC 9745	sweep_best	ALL	1	0.997990	0.983798	0.990844	20.382942	16395	16389	270	33
ATCC_35221__202309	Campylobacter lari	false	hac	dna_r10.4.1_e8.2_400bps_hac@v4.3.0	5	5.00	chromosome=5.00	A	minimap2	2.26	map-ont	clair3	1.0.5	r1041_e82_400bps_hac_v430	docker://quay.io/mbhall88/clair3@sha256:6a4c352e7d14ebb67bdad4be366dcbf6afa66cc7f0ee0b37a05cebe3f4754735	CPU: AMD EPYC 9745	default_pass	SNP	0	0.998098	0.984463	0.991234	20.571985	16284	16270	257	31
ATCC_35221__202309	Campylobacter lari	false	hac	dna_r10.4.1_e8.2_400bps_hac@v4.3.0	5	5.00	chromosome=5.00	A	minimap2	2.26	map-ont	clair3	1.0.5	r1041_e82_400bps_hac_v430	docker://quay.io/mbhall88/clair3@sha256:6a4c352e7d14ebb67bdad4be366dcbf6afa66cc7f0ee0b37a05cebe3f4754735	CPU: AMD EPYC 9745	default_pass	INDEL	0	0.981818	0.806452	0.885536	9.413311	100	108	24	2
ATCC_35221__202309	Campylobacter lari	false	hac	dna_r10.4.1_e8.2_400bps_hac@v4.3.0	5	5.00	chromosome=5.00	A	minimap2	2.26	map-ont	clair3	1.0.5	r1041_e82_400bps_hac_v430	docker://quay.io/mbhall88/clair3@sha256:6a4c352e7d14ebb67bdad4be366dcbf6afa66cc7f0ee0b37a05cebe3f4754735	CPU: AMD EPYC 9745	default_pass	ALL	0	0.997989	0.983138	0.990508	20.226423	16384	16378	281	33
ATCC_35221__202309	Campylobacter lari	false	hac	dna_r10.4.1_e8.2_400bps_hac@v4.3.0	5	5.00	chromosome=5.00	B	minimap2	2.31	lr:hq	clair3	1.0.5	r1041_e82_400bps_hac_v430	docker://quay.io/mbhall88/clair3@sha256:6a4c352e7d14ebb67bdad4be366dcbf6afa66cc7f0ee0b37a05cebe3f4754735	CPU: AMD EPYC 9745	sweep_best	SNP	0	0.997855	0.985611	0.991695	20.806604	16303	16281	238	35
ATCC_35221__202309	Campylobacter lari	false	hac	dna_r10.4.1_e8.2_400bps_hac@v4.3.0	5	5.00	chromosome=5.00	B	minimap2	2.31	lr:hq	clair3	1.0.5	r1041_e82_400bps_hac_v430	docker://quay.io/mbhall88/clair3@sha256:6a4c352e7d14ebb67bdad4be366dcbf6afa66cc7f0ee0b37a05cebe3f4754735	CPU: AMD EPYC 9745	sweep_best	INDEL	1	0.982456	0.838710	0.904910	10.218652	104	112	20	2
ATCC_35221__202309	Campylobacter lari	false	hac	dna_r10.4.1_e8.2_400bps_hac@v4.3.0	5	5.00	chromosome=5.00	B	minimap2	2.31	lr:hq	clair3	1.0.5	r1041_e82_400bps_hac_v430	docker://quay.io/mbhall88/clair3@sha256:6a4c352e7d14ebb67bdad4be366dcbf6afa66cc7f0ee0b37a05cebe3f4754735	CPU: AMD EPYC 9745	sweep_best	ALL	1	0.997990	0.983798	0.990844	20.382942	16395	16389	270	33
ATCC_35221__202309	Campylobacter lari	false	hac	dna_r10.4.1_e8.2_400bps_hac@v4.3.0	5	5.00	chromosome=5.00	B	minimap2	2.31	lr:hq	clair3	1.0.5	r1041_e82_400bps_hac_v430	docker://quay.io/mbhall88/clair3@sha256:6a4c352e7d14ebb67bdad4be366dcbf6afa66cc7f0ee0b37a05cebe3f4754735	CPU: AMD EPYC 9745	default_pass	SNP	0	0.998098	0.984463	0.991234	20.571985	16284	16270	257	31
ATCC_35221__202309	Campylobacter lari	false	hac	dna_r10.4.1_e8.2_400bps_hac@v4.3.0	5	5.00	chromosome=5.00	B	minimap2	2.31	lr:hq	clair3	1.0.5	r1041_e82_400bps_hac_v430	docker://quay.io/mbhall88/clair3@sha256:6a4c352e7d14ebb67bdad4be366dcbf6afa66cc7f0ee0b37a05cebe3f4754735	CPU: AMD EPYC 9745	default_pass	INDEL	0	0.981818	0.806452	0.885536	9.413311	100	108	24	2
ATCC_35221__202309	Campylobacter lari	false	hac	dna_r10.4.1_e8.2_400bps_hac@v4.3.0	5	5.00	chromosome=5.00	B	minimap2	2.31	lr:hq	clair3	1.0.5	r1041_e82_400bps_hac_v430	docker://quay.io/mbhall88/clair3@sha256:6a4c352e7d14ebb67bdad4be366dcbf6afa66cc7f0ee0b37a05cebe3f4754735	CPU: AMD EPYC 9745	default_pass	ALL	0	0.997989	0.983138	0.990508	20.226423	16384	16378	281	33
ATCC_35221__202309	Campylobacter lari	false	hac	dna_r10.4.1_e8.2_400bps_hac@v4.3.0	5	5.00	chromosome=5.00	C	minimap2	2.31	lr:hq	clair3	2.0.3	r1041_e82_400bps_hac_v430	docker://hkubal/clair3@sha256:d56df84c2c7c508aaf0623b124d9926d366a58f34236505b26c055f848afa202	CPU: AMD EPYC 9745	sweep_best	SNP	0	0.997855	0.985611	0.991695	20.806604	16303	16281	238	35
ATCC_35221__202309	Campylobacter lari	false	hac	dna_r10.4.1_e8.2_400bps_hac@v4.3.0	5	5.00	chromosome=5.00	C	minimap2	2.31	lr:hq	clair3	2.0.3	r1041_e82_400bps_hac_v430	docker://hkubal/clair3@sha256:d56df84c2c7c508aaf0623b124d9926d366a58f34236505b26c055f848afa202	CPU: AMD EPYC 9745	sweep_best	INDEL	1	0.982456	0.838710	0.904910	10.218652	104	112	20	2
ATCC_35221__202309	Campylobacter lari	false	hac	dna_r10.4.1_e8.2_400bps_hac@v4.3.0	5	5.00	chromosome=5.00	C	minimap2	2.31	lr:hq	clair3	2.0.3	r1041_e82_400bps_hac_v430	docker://hkubal/clair3@sha256:d56df84c2c7c508aaf0623b124d9926d366a58f34236505b26c055f848afa202	CPU: AMD EPYC 9745	sweep_best	ALL	1	0.997990	0.983798	0.990844	20.382942	16395	16389	270	33
ATCC_35221__202309	Campylobacter lari	false	hac	dna_r10.4.1_e8.2_400bps_hac@v4.3.0	5	5.00	chromosome=5.00	C	minimap2	2.31	lr:hq	clair3	2.0.3	r1041_e82_400bps_hac_v430	docker://hkubal/clair3@sha256:d56df84c2c7c508aaf0623b124d9926d366a58f34236505b26c055f848afa202	CPU: AMD EPYC 9745	default_pass	SNP	0	0.998098	0.984463	0.991234	20.571985	16284	16270	257	31
ATCC_35221__202309	Campylobacter lari	false	hac	dna_r10.4.1_e8.2_400bps_hac@v4.3.0	5	5.00	chromosome=5.00	C	minimap2	2.31	lr:hq	clair3	2.0.3	r1041_e82_400bps_hac_v430	docker://hkubal/clair3@sha256:d56df84c2c7c508aaf0623b124d9926d366a58f34236505b26c055f848afa202	CPU: AMD EPYC 9745	default_pass	INDEL	0	0.981818	0.806452	0.885536	9.413311	100	108	24	2
ATCC_35221__202309	Campylobacter lari	false	hac	dna_r10.4.1_e8.2_400bps_hac@v4.3.0	5	5.00	chromosome=5.00	C	minimap2	2.31	lr:hq	clair3	2.0.3	r1041_e82_400bps_hac_v430	docker://hkubal/clair3@sha256:d56df84c2c7c508aaf0623b124d9926d366a58f34236505b26c055f848afa202	CPU: AMD EPYC 9745	default_pass	ALL	0	0.997989	0.983138	0.990508	20.226423	16384	16378	281	33
ATCC_35221__202309	Campylobacter lari	false	hac	dna_r10.4.1_e8.2_400bps_hac@v4.3.0	5	5.00	chromosome=5.00	D	minimap2	2.31	lr:hq	dorado	2.1.2	dna_r10.4.1_e8.2_400bps_polish_bacterial_methylation_v5.0.0		NVIDIA H100 80GB HBM3	sweep_best	SNP	5	0.991223	0.991355	0.991289	20.599320	16398	16376	143	145
ATCC_35221__202309	Campylobacter lari	false	hac	dna_r10.4.1_e8.2_400bps_hac@v4.3.0	5	5.00	chromosome=5.00	D	minimap2	2.31	lr:hq	dorado	2.1.2	dna_r10.4.1_e8.2_400bps_polish_bacterial_methylation_v5.0.0		NVIDIA H100 80GB HBM3	sweep_best	INDEL	16	0.897196	0.741935	0.812213	7.263345	92	96	32	11
ATCC_35221__202309	Campylobacter lari	false	hac	dna_r10.4.1_e8.2_400bps_hac@v4.3.0	5	5.00	chromosome=5.00	D	minimap2	2.31	lr:hq	dorado	2.1.2	dna_r10.4.1_e8.2_400bps_polish_bacterial_methylation_v5.0.0		NVIDIA H100 80GB HBM3	sweep_best	ALL	10	0.993452	0.983498	0.988450	19.374180	16390	16386	275	108
ATCC_35221__202309	Campylobacter lari	false	hac	dna_r10.4.1_e8.2_400bps_hac@v4.3.0	5	5.00	chromosome=5.00	D	minimap2	2.31	lr:hq	dorado	2.1.2	dna_r10.4.1_e8.2_400bps_polish_bacterial_methylation_v5.0.0		NVIDIA H100 80GB HBM3	default_pass	SNP	0	0.986307	0.994196	0.990236	20.103722	16445	16423	96	228
ATCC_35221__202309	Campylobacter lari	false	hac	dna_r10.4.1_e8.2_400bps_hac@v4.3.0	5	5.00	chromosome=5.00	D	minimap2	2.31	lr:hq	dorado	2.1.2	dna_r10.4.1_e8.2_400bps_polish_bacterial_methylation_v5.0.0		NVIDIA H100 80GB HBM3	default_pass	INDEL	0	0.266525	0.911290	0.412427	2.309382	113	125	11	344
ATCC_35221__202309	Campylobacter lari	false	hac	dna_r10.4.1_e8.2_400bps_hac@v4.3.0	5	5.00	chromosome=5.00	D	minimap2	2.31	lr:hq	dorado	2.1.2	dna_r10.4.1_e8.2_400bps_polish_bacterial_methylation_v5.0.0		NVIDIA H100 80GB HBM3	default_pass	ALL	0	0.966589	0.993579	0.979898	16.967607	16558	16548	107	572
ATCC_35221__202309	Campylobacter lari	false	hac	dna_r10.4.1_e8.2_400bps_hac@v4.3.0	10	10.05	chromosome=10.05	A	minimap2	2.26	map-ont	clair3	1.0.5	r1041_e82_400bps_hac_v430	docker://quay.io/mbhall88/clair3@sha256:6a4c352e7d14ebb67bdad4be366dcbf6afa66cc7f0ee0b37a05cebe3f4754735	CPU: AMD EPYC 9745	sweep_best	SNP	0	0.999029	0.996977	0.998002	26.994045	16491	16467	50	16
ATCC_35221__202309	Campylobacter lari	false	hac	dna_r10.4.1_e8.2_400bps_hac@v4.3.0	10	10.05	chromosome=10.05	A	minimap2	2.26	map-ont	clair3	1.0.5	r1041_e82_400bps_hac_v430	docker://quay.io/mbhall88/clair3@sha256:6a4c352e7d14ebb67bdad4be366dcbf6afa66cc7f0ee0b37a05cebe3f4754735	CPU: AMD EPYC 9745	sweep_best	INDEL	1	0.968750	0.919355	0.943406	12.472296	114	124	10	4
ATCC_35221__202309	Campylobacter lari	false	hac	dna_r10.4.1_e8.2_400bps_hac@v4.3.0	10	10.05	chromosome=10.05	A	minimap2	2.26	map-ont	clair3	1.0.5	r1041_e82_400bps_hac_v430	docker://quay.io/mbhall88/clair3@sha256:6a4c352e7d14ebb67bdad4be366dcbf6afa66cc7f0ee0b37a05cebe3f4754735	CPU: AMD EPYC 9745	sweep_best	ALL	1	0.998916	0.996160	0.997536	26.083593	16601	16591	64	18
ATCC_35221__202309	Campylobacter lari	false	hac	dna_r10.4.1_e8.2_400bps_hac@v4.3.0	10	10.05	chromosome=10.05	A	minimap2	2.26	map-ont	clair3	1.0.5	r1041_e82_400bps_hac_v430	docker://quay.io/mbhall88/clair3@sha256:6a4c352e7d14ebb67bdad4be366dcbf6afa66cc7f0ee0b37a05cebe3f4754735	CPU: AMD EPYC 9745	default_pass	SNP	0	0.999090	0.996735	0.997911	26.800616	16487	16467	54	15
ATCC_35221__202309	Campylobacter lari	false	hac	dna_r10.4.1_e8.2_400bps_hac@v4.3.0	10	10.05	chromosome=10.05	A	minimap2	2.26	map-ont	clair3	1.0.5	r1041_e82_400bps_hac_v430	docker://quay.io/mbhall88/clair3@sha256:6a4c352e7d14ebb67bdad4be366dcbf6afa66cc7f0ee0b37a05cebe3f4754735	CPU: AMD EPYC 9745	default_pass	INDEL	0	0.938931	0.911290	0.924904	11.243832	113	123	11	8
ATCC_35221__202309	Campylobacter lari	false	hac	dna_r10.4.1_e8.2_400bps_hac@v4.3.0	10	10.05	chromosome=10.05	A	minimap2	2.26	map-ont	clair3	1.0.5	r1041_e82_400bps_hac_v430	docker://quay.io/mbhall88/clair3@sha256:6a4c352e7d14ebb67bdad4be366dcbf6afa66cc7f0ee0b37a05cebe3f4754735	CPU: AMD EPYC 9745	default_pass	ALL	0	0.998616	0.996100	0.997356	25.777385	16600	16590	65	23
ATCC_35221__202309	Campylobacter lari	false	hac	dna_r10.4.1_e8.2_400bps_hac@v4.3.0	10	10.05	chromosome=10.05	B	minimap2	2.31	lr:hq	clair3	1.0.5	r1041_e82_400bps_hac_v430	docker://quay.io/mbhall88/clair3@sha256:6a4c352e7d14ebb67bdad4be366dcbf6afa66cc7f0ee0b37a05cebe3f4754735	CPU: AMD EPYC 9745	sweep_best	SNP	0	0.999090	0.996977	0.998032	27.059749	16491	16467	50	15
ATCC_35221__202309	Campylobacter lari	false	hac	dna_r10.4.1_e8.2_400bps_hac@v4.3.0	10	10.05	chromosome=10.05	B	minimap2	2.31	lr:hq	clair3	1.0.5	r1041_e82_400bps_hac_v430	docker://quay.io/mbhall88/clair3@sha256:6a4c352e7d14ebb67bdad4be366dcbf6afa66cc7f0ee0b37a05cebe3f4754735	CPU: AMD EPYC 9745	sweep_best	INDEL	1	0.968992	0.927419	0.947750	12.819137	115	125	9	4
ATCC_35221__202309	Campylobacter lari	false	hac	dna_r10.4.1_e8.2_400bps_hac@v4.3.0	10	10.05	chromosome=10.05	B	minimap2	2.31	lr:hq	clair3	1.0.5	r1041_e82_400bps_hac_v430	docker://quay.io/mbhall88/clair3@sha256:6a4c352e7d14ebb67bdad4be366dcbf6afa66cc7f0ee0b37a05cebe3f4754735	CPU: AMD EPYC 9745	sweep_best	ALL	1	0.998976	0.996220	0.997596	26.190655	16602	16592	63	17
ATCC_35221__202309	Campylobacter lari	false	hac	dna_r10.4.1_e8.2_400bps_hac@v4.3.0	10	10.05	chromosome=10.05	B	minimap2	2.31	lr:hq	clair3	1.0.5	r1041_e82_400bps_hac_v430	docker://quay.io/mbhall88/clair3@sha256:6a4c352e7d14ebb67bdad4be366dcbf6afa66cc7f0ee0b37a05cebe3f4754735	CPU: AMD EPYC 9745	default_pass	SNP	0	0.999151	0.996735	0.997942	26.865546	16487	16467	54	14
ATCC_35221__202309	Campylobacter lari	false	hac	dna_r10.4.1_e8.2_400bps_hac@v4.3.0	10	10.05	chromosome=10.05	B	minimap2	2.31	lr:hq	clair3	1.0.5	r1041_e82_400bps_hac_v430	docker://quay.io/mbhall88/clair3@sha256:6a4c352e7d14ebb67bdad4be366dcbf6afa66cc7f0ee0b37a05cebe3f4754735	CPU: AMD EPYC 9745	default_pass	INDEL	0	0.939394	0.919355	0.929266	11.503718	114	124	10	8
ATCC_35221__202309	Campylobacter lari	false	hac	dna_r10.4.1_e8.2_400bps_hac@v4.3.0	10	10.05	chromosome=10.05	B	minimap2	2.31	lr:hq	clair3	1.0.5	r1041_e82_400bps_hac_v430	docker://quay.io/mbhall88/clair3@sha256:6a4c352e7d14ebb67bdad4be366dcbf6afa66cc7f0ee0b37a05cebe3f4754735	CPU: AMD EPYC 9745	default_pass	ALL	0	0.998676	0.996160	0.997416	25.877075	16601	16591	64	22
ATCC_35221__202309	Campylobacter lari	false	hac	dna_r10.4.1_e8.2_400bps_hac@v4.3.0	10	10.05	chromosome=10.05	C	minimap2	2.31	lr:hq	clair3	2.0.3	r1041_e82_400bps_hac_v430	docker://hkubal/clair3@sha256:d56df84c2c7c508aaf0623b124d9926d366a58f34236505b26c055f848afa202	CPU: AMD EPYC 9745	sweep_best	SNP	0	0.999090	0.996977	0.998032	27.059749	16491	16467	50	15
ATCC_35221__202309	Campylobacter lari	false	hac	dna_r10.4.1_e8.2_400bps_hac@v4.3.0	10	10.05	chromosome=10.05	C	minimap2	2.31	lr:hq	clair3	2.0.3	r1041_e82_400bps_hac_v430	docker://hkubal/clair3@sha256:d56df84c2c7c508aaf0623b124d9926d366a58f34236505b26c055f848afa202	CPU: AMD EPYC 9745	sweep_best	INDEL	1	0.968992	0.927419	0.947750	12.819137	115	125	9	4
ATCC_35221__202309	Campylobacter lari	false	hac	dna_r10.4.1_e8.2_400bps_hac@v4.3.0	10	10.05	chromosome=10.05	C	minimap2	2.31	lr:hq	clair3	2.0.3	r1041_e82_400bps_hac_v430	docker://hkubal/clair3@sha256:d56df84c2c7c508aaf0623b124d9926d366a58f34236505b26c055f848afa202	CPU: AMD EPYC 9745	sweep_best	ALL	1	0.998976	0.996220	0.997596	26.190655	16602	16592	63	17
ATCC_35221__202309	Campylobacter lari	false	hac	dna_r10.4.1_e8.2_400bps_hac@v4.3.0	10	10.05	chromosome=10.05	C	minimap2	2.31	lr:hq	clair3	2.0.3	r1041_e82_400bps_hac_v430	docker://hkubal/clair3@sha256:d56df84c2c7c508aaf0623b124d9926d366a58f34236505b26c055f848afa202	CPU: AMD EPYC 9745	default_pass	SNP	0	0.999151	0.996735	0.997942	26.865546	16487	16467	54	14
ATCC_35221__202309	Campylobacter lari	false	hac	dna_r10.4.1_e8.2_400bps_hac@v4.3.0	10	10.05	chromosome=10.05	C	minimap2	2.31	lr:hq	clair3	2.0.3	r1041_e82_400bps_hac_v430	docker://hkubal/clair3@sha256:d56df84c2c7c508aaf0623b124d9926d366a58f34236505b26c055f848afa202	CPU: AMD EPYC 9745	default_pass	INDEL	0	0.939394	0.919355	0.929266	11.503718	114	124	10	8
ATCC_35221__202309	Campylobacter lari	false	hac	dna_r10.4.1_e8.2_400bps_hac@v4.3.0	10	10.05	chromosome=10.05	C	minimap2	2.31	lr:hq	clair3	2.0.3	r1041_e82_400bps_hac_v430	docker://hkubal/clair3@sha256:d56df84c2c7c508aaf0623b124d9926d366a58f34236505b26c055f848afa202	CPU: AMD EPYC 9745	default_pass	ALL	0	0.998676	0.996160	0.997416	25.877075	16601	16591	64	22
ATCC_35221__202309	Campylobacter lari	false	hac	dna_r10.4.1_e8.2_400bps_hac@v4.3.0	10	10.05	chromosome=10.05	D	minimap2	2.31	lr:hq	dorado	2.1.2	dna_r10.4.1_e8.2_400bps_polish_bacterial_methylation_v5.0.0		NVIDIA H100 80GB HBM3	sweep_best	SNP	0	0.998849	0.998912	0.998881	29.511699	16523	16493	18	19
ATCC_35221__202309	Campylobacter lari	false	hac	dna_r10.4.1_e8.2_400bps_hac@v4.3.0	10	10.05	chromosome=10.05	D	minimap2	2.31	lr:hq	dorado	2.1.2	dna_r10.4.1_e8.2_400bps_polish_bacterial_methylation_v5.0.0		NVIDIA H100 80GB HBM3	sweep_best	INDEL	13	0.992537	0.943548	0.967423	14.870889	117	133	7	1
ATCC_35221__202309	Campylobacter lari	false	hac	dna_r10.4.1_e8.2_400bps_hac@v4.3.0	10	10.05	chromosome=10.05	D	minimap2	2.31	lr:hq	dorado	2.1.2	dna_r10.4.1_e8.2_400bps_polish_bacterial_methylation_v5.0.0		NVIDIA H100 80GB HBM3	sweep_best	ALL	8	0.999097	0.996820	0.997957	26.897316	16612	16598	53	15
ATCC_35221__202309	Campylobacter lari	false	hac	dna_r10.4.1_e8.2_400bps_hac@v4.3.0	10	10.05	chromosome=10.05	D	minimap2	2.31	lr:hq	dorado	2.1.2	dna_r10.4.1_e8.2_400bps_polish_bacterial_methylation_v5.0.0		NVIDIA H100 80GB HBM3	default_pass	SNP	0	0.998849	0.998912	0.998881	29.511699	16523	16493	18	19
ATCC_35221__202309	Campylobacter lari	false	hac	dna_r10.4.1_e8.2_400bps_hac@v4.3.0	10	10.05	chromosome=10.05	D	minimap2	2.31	lr:hq	dorado	2.1.2	dna_r10.4.1_e8.2_400bps_polish_bacterial_methylation_v5.0.0		NVIDIA H100 80GB HBM3	default_pass	INDEL	0	0.775862	0.959677	0.858036	8.478218	119	135	5	39
ATCC_35221__202309	Campylobacter lari	false	hac	dna_r10.4.1_e8.2_400bps_hac@v4.3.0	10	10.05	chromosome=10.05	D	minimap2	2.31	lr:hq	dorado	2.1.2	dna_r10.4.1_e8.2_400bps_polish_bacterial_methylation_v5.0.0		NVIDIA H100 80GB HBM3	default_pass	ALL	0	0.996524	0.998620	0.997571	26.145725	16642	16628	23	58
ATCC_35221__202309	Campylobacter lari	false	hac	dna_r10.4.1_e8.2_400bps_hac@v4.3.0	25	24.99	chromosome=24.99	A	minimap2	2.26	map-ont	clair3	1.0.5	r1041_e82_400bps_hac_v430	docker://quay.io/mbhall88/clair3@sha256:6a4c352e7d14ebb67bdad4be366dcbf6afa66cc7f0ee0b37a05cebe3f4754735	CPU: AMD EPYC 9745	sweep_best	SNP	0	0.999697	0.999093	0.999395	32.182446	16526	16498	15	5
ATCC_35221__202309	Campylobacter lari	false	hac	dna_r10.4.1_e8.2_400bps_hac@v4.3.0	25	24.99	chromosome=24.99	A	minimap2	2.26	map-ont	clair3	1.0.5	r1041_e82_400bps_hac_v430	docker://quay.io/mbhall88/clair3@sha256:6a4c352e7d14ebb67bdad4be366dcbf6afa66cc7f0ee0b37a05cebe3f4754735	CPU: AMD EPYC 9745	sweep_best	INDEL	2	1.000000	0.967742	0.983607	17.853416	120	132	4	0
ATCC_35221__202309	Campylobacter lari	false	hac	dna_r10.4.1_e8.2_400bps_hac@v4.3.0	25	24.99	chromosome=24.99	A	minimap2	2.26	map-ont	clair3	1.0.5	r1041_e82_400bps_hac_v430	docker://quay.io/mbhall88/clair3@sha256:6a4c352e7d14ebb67bdad4be366dcbf6afa66cc7f0ee0b37a05cebe3f4754735	CPU: AMD EPYC 9745	sweep_best	ALL	2	0.999760	0.998620	0.999189	30.909791	16642	16630	23	4
ATCC_35221__202309	Campylobacter lari	false	hac	dna_r10.4.1_e8.2_400bps_hac@v4.3.0	25	24.99	chromosome=24.99	A	minimap2	2.26	map-ont	clair3	1.0.5	r1041_e82_400bps_hac_v430	docker://quay.io/mbhall88/clair3@sha256:6a4c352e7d14ebb67bdad4be366dcbf6afa66cc7f0ee0b37a05cebe3f4754735	CPU: AMD EPYC 9745	default_pass	SNP	0	0.999758	0.998851	0.999304	31.573908	16522	16498	19	4
ATCC_35221__202309	Campylobacter lari	false	hac	dna_r10.4.1_e8.2_400bps_hac@v4.3.0	25	24.99	chromosome=24.99	A	minimap2	2.26	map-ont	clair3	1.0.5	r1041_e82_400bps_hac_v430	docker://quay.io/mbhall88/clair3@sha256:6a4c352e7d14ebb67bdad4be366dcbf6afa66cc7f0ee0b37a05cebe3f4754735	CPU: AMD EPYC 9745	default_pass	INDEL	0	0.970588	0.967742	0.969163	15.109279	120	132	4	4
ATCC_35221__202309	Campylobacter lari	false	hac	dna_r10.4.1_e8.2_400bps_hac@v4.3.0	25	24.99	chromosome=24.99	A	minimap2	2.26	map-ont	clair3	1.0.5	r1041_e82_400bps_hac_v430	docker://quay.io/mbhall88/clair3@sha256:6a4c352e7d14ebb67bdad4be366dcbf6afa66cc7f0ee0b37a05cebe3f4754735	CPU: AMD EPYC 9745	default_pass	ALL	0	0.999519	0.998620	0.999069	30.310503	16642	16630	23	8
ATCC_35221__202309	Campylobacter lari	false	hac	dna_r10.4.1_e8.2_400bps_hac@v4.3.0	25	24.99	chromosome=24.99	B	minimap2	2.31	lr:hq	clair3	1.0.5	r1041_e82_400bps_hac_v430	docker://quay.io/mbhall88/clair3@sha256:6a4c352e7d14ebb67bdad4be366dcbf6afa66cc7f0ee0b37a05cebe3f4754735	CPU: AMD EPYC 9745	sweep_best	SNP	0	0.999697	0.999093	0.999395	32.182446	16526	16498	15	5
ATCC_35221__202309	Campylobacter lari	false	hac	dna_r10.4.1_e8.2_400bps_hac@v4.3.0	25	24.99	chromosome=24.99	B	minimap2	2.31	lr:hq	clair3	1.0.5	r1041_e82_400bps_hac_v430	docker://quay.io/mbhall88/clair3@sha256:6a4c352e7d14ebb67bdad4be366dcbf6afa66cc7f0ee0b37a05cebe3f4754735	CPU: AMD EPYC 9745	sweep_best	INDEL	2	1.000000	0.967742	0.983607	17.853416	120	132	4	0
ATCC_35221__202309	Campylobacter lari	false	hac	dna_r10.4.1_e8.2_400bps_hac@v4.3.0	25	24.99	chromosome=24.99	B	minimap2	2.31	lr:hq	clair3	1.0.5	r1041_e82_400bps_hac_v430	docker://quay.io/mbhall88/clair3@sha256:6a4c352e7d14ebb67bdad4be366dcbf6afa66cc7f0ee0b37a05cebe3f4754735	CPU: AMD EPYC 9745	sweep_best	ALL	2	0.999760	0.998620	0.999189	30.909791	16642	16630	23	4
ATCC_35221__202309	Campylobacter lari	false	hac	dna_r10.4.1_e8.2_400bps_hac@v4.3.0	25	24.99	chromosome=24.99	B	minimap2	2.31	lr:hq	clair3	1.0.5	r1041_e82_400bps_hac_v430	docker://quay.io/mbhall88/clair3@sha256:6a4c352e7d14ebb67bdad4be366dcbf6afa66cc7f0ee0b37a05cebe3f4754735	CPU: AMD EPYC 9745	default_pass	SNP	0	0.999758	0.998851	0.999304	31.573908	16522	16498	19	4
ATCC_35221__202309	Campylobacter lari	false	hac	dna_r10.4.1_e8.2_400bps_hac@v4.3.0	25	24.99	chromosome=24.99	B	minimap2	2.31	lr:hq	clair3	1.0.5	r1041_e82_400bps_hac_v430	docker://quay.io/mbhall88/clair3@sha256:6a4c352e7d14ebb67bdad4be366dcbf6afa66cc7f0ee0b37a05cebe3f4754735	CPU: AMD EPYC 9745	default_pass	INDEL	0	0.970588	0.967742	0.969163	15.109279	120	132	4	4
ATCC_35221__202309	Campylobacter lari	false	hac	dna_r10.4.1_e8.2_400bps_hac@v4.3.0	25	24.99	chromosome=24.99	B	minimap2	2.31	lr:hq	clair3	1.0.5	r1041_e82_400bps_hac_v430	docker://quay.io/mbhall88/clair3@sha256:6a4c352e7d14ebb67bdad4be366dcbf6afa66cc7f0ee0b37a05cebe3f4754735	CPU: AMD EPYC 9745	default_pass	ALL	0	0.999519	0.998620	0.999069	30.310503	16642	16630	23	8
ATCC_35221__202309	Campylobacter lari	false	hac	dna_r10.4.1_e8.2_400bps_hac@v4.3.0	25	24.99	chromosome=24.99	C	minimap2	2.31	lr:hq	clair3	2.0.3	r1041_e82_400bps_hac_v430	docker://hkubal/clair3@sha256:d56df84c2c7c508aaf0623b124d9926d366a58f34236505b26c055f848afa202	CPU: AMD EPYC 9745	sweep_best	SNP	0	0.999697	0.999093	0.999395	32.182446	16526	16498	15	5
ATCC_35221__202309	Campylobacter lari	false	hac	dna_r10.4.1_e8.2_400bps_hac@v4.3.0	25	24.99	chromosome=24.99	C	minimap2	2.31	lr:hq	clair3	2.0.3	r1041_e82_400bps_hac_v430	docker://hkubal/clair3@sha256:d56df84c2c7c508aaf0623b124d9926d366a58f34236505b26c055f848afa202	CPU: AMD EPYC 9745	sweep_best	INDEL	2	1.000000	0.967742	0.983607	17.853416	120	132	4	0
ATCC_35221__202309	Campylobacter lari	false	hac	dna_r10.4.1_e8.2_400bps_hac@v4.3.0	25	24.99	chromosome=24.99	C	minimap2	2.31	lr:hq	clair3	2.0.3	r1041_e82_400bps_hac_v430	docker://hkubal/clair3@sha256:d56df84c2c7c508aaf0623b124d9926d366a58f34236505b26c055f848afa202	CPU: AMD EPYC 9745	sweep_best	ALL	2	0.999760	0.998620	0.999189	30.909791	16642	16630	23	4
ATCC_35221__202309	Campylobacter lari	false	hac	dna_r10.4.1_e8.2_400bps_hac@v4.3.0	25	24.99	chromosome=24.99	C	minimap2	2.31	lr:hq	clair3	2.0.3	r1041_e82_400bps_hac_v430	docker://hkubal/clair3@sha256:d56df84c2c7c508aaf0623b124d9926d366a58f34236505b26c055f848afa202	CPU: AMD EPYC 9745	default_pass	SNP	0	0.999758	0.998851	0.999304	31.573908	16522	16498	19	4
ATCC_35221__202309	Campylobacter lari	false	hac	dna_r10.4.1_e8.2_400bps_hac@v4.3.0	25	24.99	chromosome=24.99	C	minimap2	2.31	lr:hq	clair3	2.0.3	r1041_e82_400bps_hac_v430	docker://hkubal/clair3@sha256:d56df84c2c7c508aaf0623b124d9926d366a58f34236505b26c055f848afa202	CPU: AMD EPYC 9745	default_pass	INDEL	0	0.970588	0.967742	0.969163	15.109279	120	132	4	4
ATCC_35221__202309	Campylobacter lari	false	hac	dna_r10.4.1_e8.2_400bps_hac@v4.3.0	25	24.99	chromosome=24.99	C	minimap2	2.31	lr:hq	clair3	2.0.3	r1041_e82_400bps_hac_v430	docker://hkubal/clair3@sha256:d56df84c2c7c508aaf0623b124d9926d366a58f34236505b26c055f848afa202	CPU: AMD EPYC 9745	default_pass	ALL	0	0.999519	0.998620	0.999069	30.310503	16642	16630	23	8
ATCC_35221__202309	Campylobacter lari	false	hac	dna_r10.4.1_e8.2_400bps_hac@v4.3.0	25	24.99	chromosome=24.99	D	minimap2	2.31	lr:hq	dorado	2.1.2	dna_r10.4.1_e8.2_400bps_polish_bacterial_methylation_v5.0.0		NVIDIA H100 80GB HBM3	sweep_best	SNP	0	0.999818	0.999395	0.999607	34.056074	16531	16501	10	3
ATCC_35221__202309	Campylobacter lari	false	hac	dna_r10.4.1_e8.2_400bps_hac@v4.3.0	25	24.99	chromosome=24.99	D	minimap2	2.31	lr:hq	dorado	2.1.2	dna_r10.4.1_e8.2_400bps_polish_bacterial_methylation_v5.0.0		NVIDIA H100 80GB HBM3	sweep_best	INDEL	8	0.992593	0.951613	0.971671	15.477688	118	134	6	1
ATCC_35221__202309	Campylobacter lari	false	hac	dna_r10.4.1_e8.2_400bps_hac@v4.3.0	25	24.99	chromosome=24.99	D	minimap2	2.31	lr:hq	dorado	2.1.2	dna_r10.4.1_e8.2_400bps_polish_bacterial_methylation_v5.0.0		NVIDIA H100 80GB HBM3	sweep_best	ALL	1	0.999399	0.999100	0.999250	31.249387	16650	16636	15	10
ATCC_35221__202309	Campylobacter lari	false	hac	dna_r10.4.1_e8.2_400bps_hac@v4.3.0	25	24.99	chromosome=24.99	D	minimap2	2.31	lr:hq	dorado	2.1.2	dna_r10.4.1_e8.2_400bps_polish_bacterial_methylation_v5.0.0		NVIDIA H100 80GB HBM3	default_pass	SNP	0	0.999818	0.999275	0.999546	33.429441	16529	16499	12	3
ATCC_35221__202309	Campylobacter lari	false	hac	dna_r10.4.1_e8.2_400bps_hac@v4.3.0	25	24.99	chromosome=24.99	D	minimap2	2.31	lr:hq	dorado	2.1.2	dna_r10.4.1_e8.2_400bps_polish_bacterial_methylation_v5.0.0		NVIDIA H100 80GB HBM3	default_pass	INDEL	0	0.950704	0.959677	0.955170	13.484313	119	135	5	7
ATCC_35221__202309	Campylobacter lari	false	hac	dna_r10.4.1_e8.2_400bps_hac@v4.3.0	25	24.99	chromosome=24.99	D	minimap2	2.31	lr:hq	dorado	2.1.2	dna_r10.4.1_e8.2_400bps_polish_bacterial_methylation_v5.0.0		NVIDIA H100 80GB HBM3	default_pass	ALL	0	0.999399	0.998980	0.999189	30.909791	16648	16634	17	10
ATCC_35221__202309	Campylobacter lari	false	hac	dna_r10.4.1_e8.2_400bps_hac@v4.3.0	50	50.12	chromosome=50.12	A	minimap2	2.26	map-ont	clair3	1.0.5	r1041_e82_400bps_hac_v430	docker://quay.io/mbhall88/clair3@sha256:6a4c352e7d14ebb67bdad4be366dcbf6afa66cc7f0ee0b37a05cebe3f4754735	CPU: AMD EPYC 9745	sweep_best	SNP	0	1.000000	0.999577	0.999788	36.736641	16534	16500	7	0
ATCC_35221__202309	Campylobacter lari	false	hac	dna_r10.4.1_e8.2_400bps_hac@v4.3.0	50	50.12	chromosome=50.12	A	minimap2	2.26	map-ont	clair3	1.0.5	r1041_e82_400bps_hac_v430	docker://quay.io/mbhall88/clair3@sha256:6a4c352e7d14ebb67bdad4be366dcbf6afa66cc7f0ee0b37a05cebe3f4754735	CPU: AMD EPYC 9745	sweep_best	INDEL	2	1.000000	0.975806	0.987755	19.120412	121	133	3	0
ATCC_35221__202309	Campylobacter lari	false	hac	dna_r10.4.1_e8.2_400bps_hac@v4.3.0	50	50.12	chromosome=50.12	A	minimap2	2.26	map-ont	clair3	1.0.5	r1041_e82_400bps_hac_v430	docker://quay.io/mbhall88/clair3@sha256:6a4c352e7d14ebb67bdad4be366dcbf6afa66cc7f0ee0b37a05cebe3f4754735	CPU: AMD EPYC 9745	sweep_best	ALL	0	0.999820	0.999400	0.999610	34.089354	16655	16639	10	3
ATCC_35221__202309	Campylobacter lari	false	hac	dna_r10.4.1_e8.2_400bps_hac@v4.3.0	50	50.12	chromosome=50.12	A	minimap2	2.26	map-ont	clair3	1.0.5	r1041_e82_400bps_hac_v430	docker://quay.io/mbhall88/clair3@sha256:6a4c352e7d14ebb67bdad4be366dcbf6afa66cc7f0ee0b37a05cebe3f4754735	CPU: AMD EPYC 9745	default_pass	SNP	0	1.000000	0.998972	0.999486	32.890369	16524	16500	17	0
ATCC_35221__202309	Campylobacter lari	false	hac	dna_r10.4.1_e8.2_400bps_hac@v4.3.0	50	50.12	chromosome=50.12	A	minimap2	2.26	map-ont	clair3	1.0.5	r1041_e82_400bps_hac_v430	docker://quay.io/mbhall88/clair3@sha256:6a4c352e7d14ebb67bdad4be366dcbf6afa66cc7f0ee0b37a05cebe3f4754735	CPU: AMD EPYC 9745	default_pass	INDEL	0	0.970803	0.975806	0.973298	15.734562	121	133	3	4
ATCC_35221__202309	Campylobacter lari	false	hac	dna_r10.4.1_e8.2_400bps_hac@v4.3.0	50	50.12	chromosome=50.12	A	minimap2	2.26	map-ont	clair3	1.0.5	r1041_e82_400bps_hac_v430	docker://quay.io/mbhall88/clair3@sha256:6a4c352e7d14ebb67bdad4be366dcbf6afa66cc7f0ee0b37a05cebe3f4754735	CPU: AMD EPYC 9745	default_pass	ALL	0	0.999760	0.998800	0.999279	31.420647	16645	16633	20	4
ATCC_35221__202309	Campylobacter lari	false	hac	dna_r10.4.1_e8.2_400bps_hac@v4.3.0	50	50.12	chromosome=50.12	B	minimap2	2.31	lr:hq	clair3	1.0.5	r1041_e82_400bps_hac_v430	docker://quay.io/mbhall88/clair3@sha256:6a4c352e7d14ebb67bdad4be366dcbf6afa66cc7f0ee0b37a05cebe3f4754735	CPU: AMD EPYC 9745	sweep_best	SNP	0	1.000000	0.999577	0.999788	36.736641	16534	16500	7	0
ATCC_35221__202309	Campylobacter lari	false	hac	dna_r10.4.1_e8.2_400bps_hac@v4.3.0	50	50.12	chromosome=50.12	B	minimap2	2.31	lr:hq	clair3	1.0.5	r1041_e82_400bps_hac_v430	docker://quay.io/mbhall88/clair3@sha256:6a4c352e7d14ebb67bdad4be366dcbf6afa66cc7f0ee0b37a05cebe3f4754735	CPU: AMD EPYC 9745	sweep_best	INDEL	2	1.000000	0.975806	0.987755	19.120412	121	133	3	0
ATCC_35221__202309	Campylobacter lari	false	hac	dna_r10.4.1_e8.2_400bps_hac@v4.3.0	50	50.12	chromosome=50.12	B	minimap2	2.31	lr:hq	clair3	1.0.5	r1041_e82_400bps_hac_v430	docker://quay.io/mbhall88/clair3@sha256:6a4c352e7d14ebb67bdad4be366dcbf6afa66cc7f0ee0b37a05cebe3f4754735	CPU: AMD EPYC 9745	sweep_best	ALL	0	0.999820	0.999400	0.999610	34.089354	16655	16639	10	3
ATCC_35221__202309	Campylobacter lari	false	hac	dna_r10.4.1_e8.2_400bps_hac@v4.3.0	50	50.12	chromosome=50.12	B	minimap2	2.31	lr:hq	clair3	1.0.5	r1041_e82_400bps_hac_v430	docker://quay.io/mbhall88/clair3@sha256:6a4c352e7d14ebb67bdad4be366dcbf6afa66cc7f0ee0b37a05cebe3f4754735	CPU: AMD EPYC 9745	default_pass	SNP	0	1.000000	0.998972	0.999486	32.890369	16524	16500	17	0
ATCC_35221__202309	Campylobacter lari	false	hac	dna_r10.4.1_e8.2_400bps_hac@v4.3.0	50	50.12	chromosome=50.12	B	minimap2	2.31	lr:hq	clair3	1.0.5	r1041_e82_400bps_hac_v430	docker://quay.io/mbhall88/clair3@sha256:6a4c352e7d14ebb67bdad4be366dcbf6afa66cc7f0ee0b37a05cebe3f4754735	CPU: AMD EPYC 9745	default_pass	INDEL	0	0.970803	0.975806	0.973298	15.734562	121	133	3	4
ATCC_35221__202309	Campylobacter lari	false	hac	dna_r10.4.1_e8.2_400bps_hac@v4.3.0	50	50.12	chromosome=50.12	B	minimap2	2.31	lr:hq	clair3	1.0.5	r1041_e82_400bps_hac_v430	docker://quay.io/mbhall88/clair3@sha256:6a4c352e7d14ebb67bdad4be366dcbf6afa66cc7f0ee0b37a05cebe3f4754735	CPU: AMD EPYC 9745	default_pass	ALL	0	0.999760	0.998800	0.999279	31.420647	16645	16633	20	4
ATCC_35221__202309	Campylobacter lari	false	hac	dna_r10.4.1_e8.2_400bps_hac@v4.3.0	50	50.12	chromosome=50.12	C	minimap2	2.31	lr:hq	clair3	2.0.3	r1041_e82_400bps_hac_v430	docker://hkubal/clair3@sha256:d56df84c2c7c508aaf0623b124d9926d366a58f34236505b26c055f848afa202	CPU: AMD EPYC 9745	sweep_best	SNP	0	1.000000	0.999577	0.999788	36.736641	16534	16500	7	0
ATCC_35221__202309	Campylobacter lari	false	hac	dna_r10.4.1_e8.2_400bps_hac@v4.3.0	50	50.12	chromosome=50.12	C	minimap2	2.31	lr:hq	clair3	2.0.3	r1041_e82_400bps_hac_v430	docker://hkubal/clair3@sha256:d56df84c2c7c508aaf0623b124d9926d366a58f34236505b26c055f848afa202	CPU: AMD EPYC 9745	sweep_best	INDEL	2	1.000000	0.975806	0.987755	19.120412	121	133	3	0
ATCC_35221__202309	Campylobacter lari	false	hac	dna_r10.4.1_e8.2_400bps_hac@v4.3.0	50	50.12	chromosome=50.12	C	minimap2	2.31	lr:hq	clair3	2.0.3	r1041_e82_400bps_hac_v430	docker://hkubal/clair3@sha256:d56df84c2c7c508aaf0623b124d9926d366a58f34236505b26c055f848afa202	CPU: AMD EPYC 9745	sweep_best	ALL	0	0.999820	0.999400	0.999610	34.089354	16655	16639	10	3
ATCC_35221__202309	Campylobacter lari	false	hac	dna_r10.4.1_e8.2_400bps_hac@v4.3.0	50	50.12	chromosome=50.12	C	minimap2	2.31	lr:hq	clair3	2.0.3	r1041_e82_400bps_hac_v430	docker://hkubal/clair3@sha256:d56df84c2c7c508aaf0623b124d9926d366a58f34236505b26c055f848afa202	CPU: AMD EPYC 9745	default_pass	SNP	0	1.000000	0.998972	0.999486	32.890369	16524	16500	17	0
ATCC_35221__202309	Campylobacter lari	false	hac	dna_r10.4.1_e8.2_400bps_hac@v4.3.0	50	50.12	chromosome=50.12	C	minimap2	2.31	lr:hq	clair3	2.0.3	r1041_e82_400bps_hac_v430	docker://hkubal/clair3@sha256:d56df84c2c7c508aaf0623b124d9926d366a58f34236505b26c055f848afa202	CPU: AMD EPYC 9745	default_pass	INDEL	0	0.970803	0.975806	0.973298	15.734562	121	133	3	4
ATCC_35221__202309	Campylobacter lari	false	hac	dna_r10.4.1_e8.2_400bps_hac@v4.3.0	50	50.12	chromosome=50.12	C	minimap2	2.31	lr:hq	clair3	2.0.3	r1041_e82_400bps_hac_v430	docker://hkubal/clair3@sha256:d56df84c2c7c508aaf0623b124d9926d366a58f34236505b26c055f848afa202	CPU: AMD EPYC 9745	default_pass	ALL	0	0.999760	0.998800	0.999279	31.420647	16645	16633	20	4
ATCC_35221__202309	Campylobacter lari	false	hac	dna_r10.4.1_e8.2_400bps_hac@v4.3.0	50	50.12	chromosome=50.12	D	minimap2	2.31	lr:hq	dorado	2.1.2	dna_r10.4.1_e8.2_400bps_polish_bacterial_methylation_v5.0.0		NVIDIA H100 80GB HBM3	sweep_best	SNP	3	0.999879	0.999275	0.999577	33.736596	16529	16499	12	2
ATCC_35221__202309	Campylobacter lari	false	hac	dna_r10.4.1_e8.2_400bps_hac@v4.3.0	50	50.12	chromosome=50.12	D	minimap2	2.31	lr:hq	dorado	2.1.2	dna_r10.4.1_e8.2_400bps_polish_bacterial_methylation_v5.0.0		NVIDIA H100 80GB HBM3	sweep_best	INDEL	4	0.978261	0.959677	0.968880	15.069604	119	135	5	3
ATCC_35221__202309	Campylobacter lari	false	hac	dna_r10.4.1_e8.2_400bps_hac@v4.3.0	50	50.12	chromosome=50.12	D	minimap2	2.31	lr:hq	dorado	2.1.2	dna_r10.4.1_e8.2_400bps_polish_bacterial_methylation_v5.0.0		NVIDIA H100 80GB HBM3	sweep_best	ALL	3	0.999399	0.999040	0.999220	31.079054	16649	16635	16	10
ATCC_35221__202309	Campylobacter lari	false	hac	dna_r10.4.1_e8.2_400bps_hac@v4.3.0	50	50.12	chromosome=50.12	D	minimap2	2.31	lr:hq	dorado	2.1.2	dna_r10.4.1_e8.2_400bps_polish_bacterial_methylation_v5.0.0		NVIDIA H100 80GB HBM3	default_pass	SNP	0	0.999879	0.999275	0.999577	33.736596	16529	16499	12	2
ATCC_35221__202309	Campylobacter lari	false	hac	dna_r10.4.1_e8.2_400bps_hac@v4.3.0	50	50.12	chromosome=50.12	D	minimap2	2.31	lr:hq	dorado	2.1.2	dna_r10.4.1_e8.2_400bps_polish_bacterial_methylation_v5.0.0		NVIDIA H100 80GB HBM3	default_pass	INDEL	0	0.944444	0.967742	0.955951	13.560639	120	136	4	8
ATCC_35221__202309	Campylobacter lari	false	hac	dna_r10.4.1_e8.2_400bps_hac@v4.3.0	50	50.12	chromosome=50.12	D	minimap2	2.31	lr:hq	dorado	2.1.2	dna_r10.4.1_e8.2_400bps_polish_bacterial_methylation_v5.0.0		NVIDIA H100 80GB HBM3	default_pass	ALL	0	0.999399	0.999040	0.999220	31.079054	16649	16635	16	10
ATCC_35221__202309	Campylobacter lari	false	sup	dna_r10.4.1_e8.2_400bps_sup@v4.3.0	5	5.00	chromosome=5.00	A	minimap2	2.26	map-ont	clair3	1.0.5	r1041_e82_400bps_sup_v430	docker://quay.io/mbhall88/clair3@sha256:6a4c352e7d14ebb67bdad4be366dcbf6afa66cc7f0ee0b37a05cebe3f4754735	CPU: AMD EPYC 9745	sweep_best	SNP	0	0.997259	0.991415	0.994329	22.463404	16399	16373	142	45
ATCC_35221__202309	Campylobacter lari	false	sup	dna_r10.4.1_e8.2_400bps_sup@v4.3.0	5	5.00	chromosome=5.00	A	minimap2	2.26	map-ont	clair3	1.0.5	r1041_e82_400bps_sup_v430	docker://quay.io/mbhall88/clair3@sha256:6a4c352e7d14ebb67bdad4be366dcbf6afa66cc7f0ee0b37a05cebe3f4754735	CPU: AMD EPYC 9745	sweep_best	INDEL	1	0.983871	0.870968	0.923983	11.190893	108	122	16	2
ATCC_35221__202309	Campylobacter lari	false	sup	dna_r10.4.1_e8.2_400bps_sup@v4.3.0	5	5.00	chromosome=5.00	A	minimap2	2.26	map-ont	clair3	1.0.5	r1041_e82_400bps_sup_v430	docker://quay.io/mbhall88/clair3@sha256:6a4c352e7d14ebb67bdad4be366dcbf6afa66cc7f0ee0b37a05cebe3f4754735	CPU: AMD EPYC 9745	sweep_best	ALL	0	0.996918	0.990699	0.993799	22.075383	16510	16498	155	51
ATCC_35221__202309	Campylobacter lari	false	sup	dna_r10.4.1_e8.2_400bps_sup@v4.3.0	5	5.00	chromosome=5.00	A	minimap2	2.26	map-ont	clair3	1.0.5	r1041_e82_400bps_sup_v430	docker://quay.io/mbhall88/clair3@sha256:6a4c352e7d14ebb67bdad4be366dcbf6afa66cc7f0ee0b37a05cebe3f4754735	CPU: AMD EPYC 9745	default_pass	SNP	0	0.997318	0.990811	0.994054	22.257751	16389	16363	152	44
ATCC_35221__202309	Campylobacter lari	false	sup	dna_r10.4.1_e8.2_400bps_sup@v4.3.0	5	5.00	chromosome=5.00	A	minimap2	2.26	map-ont	clair3	1.0.5	r1041_e82_400bps_sup_v430	docker://quay.io/mbhall88/clair3@sha256:6a4c352e7d14ebb67bdad4be366dcbf6afa66cc7f0ee0b37a05cebe3f4754735	CPU: AMD EPYC 9745	default_pass	INDEL	0	0.983740	0.862903	0.919368	10.934926	107	121	17	2
ATCC_35221__202309	Campylobacter lari	false	sup	dna_r10.4.1_e8.2_400bps_sup@v4.3.0	5	5.00	chromosome=5.00	A	minimap2	2.26	map-ont	clair3	1.0.5	r1041_e82_400bps_sup_v430	docker://quay.io/mbhall88/clair3@sha256:6a4c352e7d14ebb67bdad4be366dcbf6afa66cc7f0ee0b37a05cebe3f4754735	CPU: AMD EPYC 9745	default_pass	ALL	0	0.997217	0.989859	0.993524	21.886932	16496	16484	169	46
ATCC_35221__202309	Campylobacter lari	false	sup	dna_r10.4.1_e8.2_400bps_sup@v4.3.0	5	5.00	chromosome=5.00	B	minimap2	2.31	lr:hq	clair3	1.0.5	r1041_e82_400bps_sup_v430	docker://quay.io/mbhall88/clair3@sha256:6a4c352e7d14ebb67bdad4be366dcbf6afa66cc7f0ee0b37a05cebe3f4754735	CPU: AMD EPYC 9745	sweep_best	SNP	0	0.997198	0.991415	0.994298	22.439728	16399	16373	142	46
ATCC_35221__202309	Campylobacter lari	false	sup	dna_r10.4.1_e8.2_400bps_sup@v4.3.0	5	5.00	chromosome=5.00	B	minimap2	2.31	lr:hq	clair3	1.0.5	r1041_e82_400bps_sup_v430	docker://quay.io/mbhall88/clair3@sha256:6a4c352e7d14ebb67bdad4be366dcbf6afa66cc7f0ee0b37a05cebe3f4754735	CPU: AMD EPYC 9745	sweep_best	INDEL	1	0.983871	0.870968	0.923983	11.190893	108	122	16	2
ATCC_35221__202309	Campylobacter lari	false	sup	dna_r10.4.1_e8.2_400bps_sup@v4.3.0	5	5.00	chromosome=5.00	B	minimap2	2.31	lr:hq	clair3	1.0.5	r1041_e82_400bps_sup_v430	docker://quay.io/mbhall88/clair3@sha256:6a4c352e7d14ebb67bdad4be366dcbf6afa66cc7f0ee0b37a05cebe3f4754735	CPU: AMD EPYC 9745	sweep_best	ALL	0	0.996858	0.990699	0.993769	22.054422	16510	16498	155	52
ATCC_35221__202309	Campylobacter lari	false	sup	dna_r10.4.1_e8.2_400bps_sup@v4.3.0	5	5.00	chromosome=5.00	B	minimap2	2.31	lr:hq	clair3	1.0.5	r1041_e82_400bps_sup_v430	docker://quay.io/mbhall88/clair3@sha256:6a4c352e7d14ebb67bdad4be366dcbf6afa66cc7f0ee0b37a05cebe3f4754735	CPU: AMD EPYC 9745	default_pass	SNP	0	0.997318	0.990750	0.994023	22.235167	16388	16362	153	44
ATCC_35221__202309	Campylobacter lari	false	sup	dna_r10.4.1_e8.2_400bps_sup@v4.3.0	5	5.00	chromosome=5.00	B	minimap2	2.31	lr:hq	clair3	1.0.5	r1041_e82_400bps_sup_v430	docker://quay.io/mbhall88/clair3@sha256:6a4c352e7d14ebb67bdad4be366dcbf6afa66cc7f0ee0b37a05cebe3f4754735	CPU: AMD EPYC 9745	default_pass	INDEL	0	0.983740	0.862903	0.919368	10.934926	107	121	17	2
ATCC_35221__202309	Campylobacter lari	false	sup	dna_r10.4.1_e8.2_400bps_sup@v4.3.0	5	5.00	chromosome=5.00	B	minimap2	2.31	lr:hq	clair3	1.0.5	r1041_e82_400bps_sup_v430	docker://quay.io/mbhall88/clair3@sha256:6a4c352e7d14ebb67bdad4be366dcbf6afa66cc7f0ee0b37a05cebe3f4754735	CPU: AMD EPYC 9745	default_pass	ALL	0	0.997217	0.989799	0.993494	21.866859	16495	16483	170	46
ATCC_35221__202309	Campylobacter lari	false	sup	dna_r10.4.1_e8.2_400bps_sup@v4.3.0	5	5.00	chromosome=5.00	C	minimap2	2.31	lr:hq	clair3	2.0.3	r1041_e82_400bps_sup_v430	docker://hkubal/clair3@sha256:d56df84c2c7c508aaf0623b124d9926d366a58f34236505b26c055f848afa202	CPU: AMD EPYC 9745	sweep_best	SNP	0	0.997198	0.991415	0.994298	22.439728	16399	16373	142	46
ATCC_35221__202309	Campylobacter lari	false	sup	dna_r10.4.1_e8.2_400bps_sup@v4.3.0	5	5.00	chromosome=5.00	C	minimap2	2.31	lr:hq	clair3	2.0.3	r1041_e82_400bps_sup_v430	docker://hkubal/clair3@sha256:d56df84c2c7c508aaf0623b124d9926d366a58f34236505b26c055f848afa202	CPU: AMD EPYC 9745	sweep_best	INDEL	1	0.983871	0.870968	0.923983	11.190893	108	122	16	2
ATCC_35221__202309	Campylobacter lari	false	sup	dna_r10.4.1_e8.2_400bps_sup@v4.3.0	5	5.00	chromosome=5.00	C	minimap2	2.31	lr:hq	clair3	2.0.3	r1041_e82_400bps_sup_v430	docker://hkubal/clair3@sha256:d56df84c2c7c508aaf0623b124d9926d366a58f34236505b26c055f848afa202	CPU: AMD EPYC 9745	sweep_best	ALL	0	0.996858	0.990699	0.993769	22.054422	16510	16498	155	52
ATCC_35221__202309	Campylobacter lari	false	sup	dna_r10.4.1_e8.2_400bps_sup@v4.3.0	5	5.00	chromosome=5.00	C	minimap2	2.31	lr:hq	clair3	2.0.3	r1041_e82_400bps_sup_v430	docker://hkubal/clair3@sha256:d56df84c2c7c508aaf0623b124d9926d366a58f34236505b26c055f848afa202	CPU: AMD EPYC 9745	default_pass	SNP	0	0.997318	0.990750	0.994023	22.235167	16388	16362	153	44
ATCC_35221__202309	Campylobacter lari	false	sup	dna_r10.4.1_e8.2_400bps_sup@v4.3.0	5	5.00	chromosome=5.00	C	minimap2	2.31	lr:hq	clair3	2.0.3	r1041_e82_400bps_sup_v430	docker://hkubal/clair3@sha256:d56df84c2c7c508aaf0623b124d9926d366a58f34236505b26c055f848afa202	CPU: AMD EPYC 9745	default_pass	INDEL	0	0.983740	0.862903	0.919368	10.934926	107	121	17	2
ATCC_35221__202309	Campylobacter lari	false	sup	dna_r10.4.1_e8.2_400bps_sup@v4.3.0	5	5.00	chromosome=5.00	C	minimap2	2.31	lr:hq	clair3	2.0.3	r1041_e82_400bps_sup_v430	docker://hkubal/clair3@sha256:d56df84c2c7c508aaf0623b124d9926d366a58f34236505b26c055f848afa202	CPU: AMD EPYC 9745	default_pass	ALL	0	0.997217	0.989799	0.993494	21.866859	16495	16483	170	46
ATCC_35221__202309	Campylobacter lari	false	sup	dna_r10.4.1_e8.2_400bps_sup@v4.3.0	5	5.00	chromosome=5.00	D	minimap2	2.31	lr:hq	dorado	2.1.2	dna_r10.4.1_e8.2_400bps_polish_bacterial_methylation_v5.0.0		NVIDIA H100 80GB HBM3	sweep_best	SNP	10	0.997028	0.995284	0.996155	24.151037	16463	16437	78	49
ATCC_35221__202309	Campylobacter lari	false	sup	dna_r10.4.1_e8.2_400bps_sup@v4.3.0	5	5.00	chromosome=5.00	D	minimap2	2.31	lr:hq	dorado	2.1.2	dna_r10.4.1_e8.2_400bps_polish_bacterial_methylation_v5.0.0		NVIDIA H100 80GB HBM3	sweep_best	INDEL	10	0.938931	0.879032	0.907995	10.361886	109	123	15	8
ATCC_35221__202309	Campylobacter lari	false	sup	dna_r10.4.1_e8.2_400bps_sup@v4.3.0	5	5.00	chromosome=5.00	D	minimap2	2.31	lr:hq	dorado	2.1.2	dna_r10.4.1_e8.2_400bps_polish_bacterial_methylation_v5.0.0		NVIDIA H100 80GB HBM3	sweep_best	ALL	10	0.996570	0.994419	0.995493	23.461124	16572	16560	93	57
ATCC_35221__202309	Campylobacter lari	false	sup	dna_r10.4.1_e8.2_400bps_sup@v4.3.0	5	5.00	chromosome=5.00	D	minimap2	2.31	lr:hq	dorado	2.1.2	dna_r10.4.1_e8.2_400bps_polish_bacterial_methylation_v5.0.0		NVIDIA H100 80GB HBM3	default_pass	SNP	0	0.991936	0.998368	0.995142	23.135425	16514	16484	27	134
ATCC_35221__202309	Campylobacter lari	false	sup	dna_r10.4.1_e8.2_400bps_sup@v4.3.0	5	5.00	chromosome=5.00	D	minimap2	2.31	lr:hq	dorado	2.1.2	dna_r10.4.1_e8.2_400bps_polish_bacterial_methylation_v5.0.0		NVIDIA H100 80GB HBM3	default_pass	INDEL	0	0.656863	0.951613	0.777232	6.521472	118	134	6	70
ATCC_35221__202309	Campylobacter lari	false	sup	dna_r10.4.1_e8.2_400bps_sup@v4.3.0	5	5.00	chromosome=5.00	D	minimap2	2.31	lr:hq	dorado	2.1.2	dna_r10.4.1_e8.2_400bps_polish_bacterial_methylation_v5.0.0		NVIDIA H100 80GB HBM3	default_pass	ALL	0	0.987873	0.998020	0.992921	21.500281	16632	16618	33	204
ATCC_35221__202309	Campylobacter lari	false	sup	dna_r10.4.1_e8.2_400bps_sup@v4.3.0	10	10.09	chromosome=10.09	A	minimap2	2.26	map-ont	clair3	1.0.5	r1041_e82_400bps_sup_v430	docker://quay.io/mbhall88/clair3@sha256:6a4c352e7d14ebb67bdad4be366dcbf6afa66cc7f0ee0b37a05cebe3f4754735	CPU: AMD EPYC 9745	sweep_best	SNP	0	0.998788	0.998368	0.998578	28.471004	16514	16488	27	20
ATCC_35221__202309	Campylobacter lari	false	sup	dna_r10.4.1_e8.2_400bps_sup@v4.3.0	10	10.09	chromosome=10.09	A	minimap2	2.26	map-ont	clair3	1.0.5	r1041_e82_400bps_sup_v430	docker://quay.io/mbhall88/clair3@sha256:6a4c352e7d14ebb67bdad4be366dcbf6afa66cc7f0ee0b37a05cebe3f4754735	CPU: AMD EPYC 9745	sweep_best	INDEL	4	1.000000	0.927419	0.962343	14.241543	115	123	9	0
ATCC_35221__202309	Campylobacter lari	false	sup	dna_r10.4.1_e8.2_400bps_sup@v4.3.0	10	10.09	chromosome=10.09	A	minimap2	2.26	map-ont	clair3	1.0.5	r1041_e82_400bps_sup_v430	docker://quay.io/mbhall88/clair3@sha256:6a4c352e7d14ebb67bdad4be366dcbf6afa66cc7f0ee0b37a05cebe3f4754735	CPU: AMD EPYC 9745	sweep_best	ALL	0	0.998378	0.998140	0.998259	27.592012	16634	16622	31	27
ATCC_35221__202309	Campylobacter lari	false	sup	dna_r10.4.1_e8.2_400bps_sup@v4.3.0	10	10.09	chromosome=10.09	A	minimap2	2.26	map-ont	clair3	1.0.5	r1041_e82_400bps_sup_v430	docker://quay.io/mbhall88/clair3@sha256:6a4c352e7d14ebb67bdad4be366dcbf6afa66cc7f0ee0b37a05cebe3f4754735	CPU: AMD EPYC 9745	default_pass	SNP	0	0.998970	0.997944	0.998457	28.116341	16507	16487	34	17
ATCC_35221__202309	Campylobacter lari	false	sup	dna_r10.4.1_e8.2_400bps_sup@v4.3.0	10	10.09	chromosome=10.09	A	minimap2	2.26	map-ont	clair3	1.0.5	r1041_e82_400bps_sup_v430	docker://quay.io/mbhall88/clair3@sha256:6a4c352e7d14ebb67bdad4be366dcbf6afa66cc7f0ee0b37a05cebe3f4754735	CPU: AMD EPYC 9745	default_pass	INDEL	0	0.947761	0.943548	0.945650	12.648005	117	127	7	7
ATCC_35221__202309	Campylobacter lari	false	sup	dna_r10.4.1_e8.2_400bps_sup@v4.3.0	10	10.09	chromosome=10.09	A	minimap2	2.26	map-ont	clair3	1.0.5	r1041_e82_400bps_sup_v430	docker://quay.io/mbhall88/clair3@sha256:6a4c352e7d14ebb67bdad4be366dcbf6afa66cc7f0ee0b37a05cebe3f4754735	CPU: AMD EPYC 9745	default_pass	ALL	0	0.998558	0.997540	0.998048	27.095202	16624	16614	41	24
ATCC_35221__202309	Campylobacter lari	false	sup	dna_r10.4.1_e8.2_400bps_sup@v4.3.0	10	10.09	chromosome=10.09	B	minimap2	2.31	lr:hq	clair3	1.0.5	r1041_e82_400bps_sup_v430	docker://quay.io/mbhall88/clair3@sha256:6a4c352e7d14ebb67bdad4be366dcbf6afa66cc7f0ee0b37a05cebe3f4754735	CPU: AMD EPYC 9745	sweep_best	SNP	0	0.998788	0.998368	0.998578	28.471004	16514	16488	27	20
ATCC_35221__202309	Campylobacter lari	false	sup	dna_r10.4.1_e8.2_400bps_sup@v4.3.0	10	10.09	chromosome=10.09	B	minimap2	2.31	lr:hq	clair3	1.0.5	r1041_e82_400bps_sup_v430	docker://quay.io/mbhall88/clair3@sha256:6a4c352e7d14ebb67bdad4be366dcbf6afa66cc7f0ee0b37a05cebe3f4754735	CPU: AMD EPYC 9745	sweep_best	INDEL	4	1.000000	0.927419	0.962343	14.241543	115	123	9	0
ATCC_35221__202309	Campylobacter lari	false	sup	dna_r10.4.1_e8.2_400bps_sup@v4.3.0	10	10.09	chromosome=10.09	B	minimap2	2.31	lr:hq	clair3	1.0.5	r1041_e82_400bps_sup_v430	docker://quay.io/mbhall88/clair3@sha256:6a4c352e7d14ebb67bdad4be366dcbf6afa66cc7f0ee0b37a05cebe3f4754735	CPU: AMD EPYC 9745	sweep_best	ALL	0	0.998378	0.998140	0.998259	27.592012	16634	16622	31	27
ATCC_35221__202309	Campylobacter lari	false	sup	dna_r10.4.1_e8.2_400bps_sup@v4.3.0	10	10.09	chromosome=10.09	B	minimap2	2.31	lr:hq	clair3	1.0.5	r1041_e82_400bps_sup_v430	docker://quay.io/mbhall88/clair3@sha256:6a4c352e7d14ebb67bdad4be366dcbf6afa66cc7f0ee0b37a05cebe3f4754735	CPU: AMD EPYC 9745	default_pass	SNP	0	0.998970	0.997944	0.998457	28.116341	16507	16487	34	17
ATCC_35221__202309	Campylobacter lari	false	sup	dna_r10.4.1_e8.2_400bps_sup@v4.3.0	10	10.09	chromosome=10.09	B	minimap2	2.31	lr:hq	clair3	1.0.5	r1041_e82_400bps_sup_v430	docker://quay.io/mbhall88/clair3@sha256:6a4c352e7d14ebb67bdad4be366dcbf6afa66cc7f0ee0b37a05cebe3f4754735	CPU: AMD EPYC 9745	default_pass	INDEL	0	0.947761	0.943548	0.945650	12.648005	117	127	7	7
ATCC_35221__202309	Campylobacter lari	false	sup	dna_r10.4.1_e8.2_400bps_sup@v4.3.0	10	10.09	chromosome=10.09	B	minimap2	2.31	lr:hq	clair3	1.0.5	r1041_e82_400bps_sup_v430	docker://quay.io/mbhall88/clair3@sha256:6a4c352e7d14ebb67bdad4be366dcbf6afa66cc7f0ee0b37a05cebe3f4754735	CPU: AMD EPYC 9745	default_pass	ALL	0	0.998558	0.997540	0.998048	27.095202	16624	16614	41	24
ATCC_35221__202309	Campylobacter lari	false	sup	dna_r10.4.1_e8.2_400bps_sup@v4.3.0	10	10.09	chromosome=10.09	C	minimap2	2.31	lr:hq	clair3	2.0.3	r1041_e82_400bps_sup_v430	docker://hkubal/clair3@sha256:d56df84c2c7c508aaf0623b124d9926d366a58f34236505b26c055f848afa202	CPU: AMD EPYC 9745	sweep_best	SNP	0	0.998788	0.998368	0.998578	28.471004	16514	16488	27	20
ATCC_35221__202309	Campylobacter lari	false	sup	dna_r10.4.1_e8.2_400bps_sup@v4.3.0	10	10.09	chromosome=10.09	C	minimap2	2.31	lr:hq	clair3	2.0.3	r1041_e82_400bps_sup_v430	docker://hkubal/clair3@sha256:d56df84c2c7c508aaf0623b124d9926d366a58f34236505b26c055f848afa202	CPU: AMD EPYC 9745	sweep_best	INDEL	4	1.000000	0.927419	0.962343	14.241543	115	123	9	0
ATCC_35221__202309	Campylobacter lari	false	sup	dna_r10.4.1_e8.2_400bps_sup@v4.3.0	10	10.09	chromosome=10.09	C	minimap2	2.31	lr:hq	clair3	2.0.3	r1041_e82_400bps_sup_v430	docker://hkubal/clair3@sha256:d56df84c2c7c508aaf0623b124d9926d366a58f34236505b26c055f848afa202	CPU: AMD EPYC 9745	sweep_best	ALL	0	0.998378	0.998140	0.998259	27.592012	16634	16622	31	27
ATCC_35221__202309	Campylobacter lari	false	sup	dna_r10.4.1_e8.2_400bps_sup@v4.3.0	10	10.09	chromosome=10.09	C	minimap2	2.31	lr:hq	clair3	2.0.3	r1041_e82_400bps_sup_v430	docker://hkubal/clair3@sha256:d56df84c2c7c508aaf0623b124d9926d366a58f34236505b26c055f848afa202	CPU: AMD EPYC 9745	default_pass	SNP	0	0.998970	0.997944	0.998457	28.116341	16507	16487	34	17
ATCC_35221__202309	Campylobacter lari	false	sup	dna_r10.4.1_e8.2_400bps_sup@v4.3.0	10	10.09	chromosome=10.09	C	minimap2	2.31	lr:hq	clair3	2.0.3	r1041_e82_400bps_sup_v430	docker://hkubal/clair3@sha256:d56df84c2c7c508aaf0623b124d9926d366a58f34236505b26c055f848afa202	CPU: AMD EPYC 9745	default_pass	INDEL	0	0.947761	0.943548	0.945650	12.648005	117	127	7	7
ATCC_35221__202309	Campylobacter lari	false	sup	dna_r10.4.1_e8.2_400bps_sup@v4.3.0	10	10.09	chromosome=10.09	C	minimap2	2.31	lr:hq	clair3	2.0.3	r1041_e82_400bps_sup_v430	docker://hkubal/clair3@sha256:d56df84c2c7c508aaf0623b124d9926d366a58f34236505b26c055f848afa202	CPU: AMD EPYC 9745	default_pass	ALL	0	0.998558	0.997540	0.998048	27.095202	16624	16614	41	24
ATCC_35221__202309	Campylobacter lari	false	sup	dna_r10.4.1_e8.2_400bps_sup@v4.3.0	10	10.09	chromosome=10.09	D	minimap2	2.31	lr:hq	dorado	2.1.2	dna_r10.4.1_e8.2_400bps_polish_bacterial_methylation_v5.0.0		NVIDIA H100 80GB HBM3	sweep_best	SNP	11	0.999879	0.999275	0.999577	33.736596	16529	16499	12	2
ATCC_35221__202309	Campylobacter lari	false	sup	dna_r10.4.1_e8.2_400bps_sup@v4.3.0	10	10.09	chromosome=10.09	D	minimap2	2.31	lr:hq	dorado	2.1.2	dna_r10.4.1_e8.2_400bps_polish_bacterial_methylation_v5.0.0		NVIDIA H100 80GB HBM3	sweep_best	INDEL	8	0.985401	0.959677	0.972369	15.586034	119	135	5	2
ATCC_35221__202309	Campylobacter lari	false	sup	dna_r10.4.1_e8.2_400bps_sup@v4.3.0	10	10.09	chromosome=10.09	D	minimap2	2.31	lr:hq	dorado	2.1.2	dna_r10.4.1_e8.2_400bps_polish_bacterial_methylation_v5.0.0		NVIDIA H100 80GB HBM3	sweep_best	ALL	10	0.999699	0.998980	0.999340	31.804561	16648	16634	17	5
ATCC_35221__202309	Campylobacter lari	false	sup	dna_r10.4.1_e8.2_400bps_sup@v4.3.0	10	10.09	chromosome=10.09	D	minimap2	2.31	lr:hq	dorado	2.1.2	dna_r10.4.1_e8.2_400bps_polish_bacterial_methylation_v5.0.0		NVIDIA H100 80GB HBM3	default_pass	SNP	0	0.998910	0.999395	0.999153	30.721166	16531	16501	10	18
ATCC_35221__202309	Campylobacter lari	false	sup	dna_r10.4.1_e8.2_400bps_sup@v4.3.0	10	10.09	chromosome=10.09	D	minimap2	2.31	lr:hq	dorado	2.1.2	dna_r10.4.1_e8.2_400bps_polish_bacterial_methylation_v5.0.0		NVIDIA H100 80GB HBM3	default_pass	INDEL	0	0.938356	0.975806	0.956715	13.636626	121	137	3	9
ATCC_35221__202309	Campylobacter lari	false	sup	dna_r10.4.1_e8.2_400bps_sup@v4.3.0	10	10.09	chromosome=10.09	D	minimap2	2.31	lr:hq	dorado	2.1.2	dna_r10.4.1_e8.2_400bps_polish_bacterial_methylation_v5.0.0		NVIDIA H100 80GB HBM3	default_pass	ALL	0	0.998380	0.999220	0.998800	29.208188	16652	16638	13	27
ATCC_35221__202309	Campylobacter lari	false	sup	dna_r10.4.1_e8.2_400bps_sup@v4.3.0	25	25.16	chromosome=25.16	A	minimap2	2.26	map-ont	clair3	1.0.5	r1041_e82_400bps_sup_v430	docker://quay.io/mbhall88/clair3@sha256:6a4c352e7d14ebb67bdad4be366dcbf6afa66cc7f0ee0b37a05cebe3f4754735	CPU: AMD EPYC 9745	sweep_best	SNP	0	0.999697	0.999093	0.999395	32.182446	16526	16500	15	5
ATCC_35221__202309	Campylobacter lari	false	sup	dna_r10.4.1_e8.2_400bps_sup@v4.3.0	25	25.16	chromosome=25.16	A	minimap2	2.26	map-ont	clair3	1.0.5	r1041_e82_400bps_sup_v430	docker://quay.io/mbhall88/clair3@sha256:6a4c352e7d14ebb67bdad4be366dcbf6afa66cc7f0ee0b37a05cebe3f4754735	CPU: AMD EPYC 9745	sweep_best	INDEL	5	1.000000	0.959677	0.979424	16.866390	119	127	5	0
ATCC_35221__202309	Campylobacter lari	false	sup	dna_r10.4.1_e8.2_400bps_sup@v4.3.0	25	25.16	chromosome=25.16	A	minimap2	2.26	map-ont	clair3	1.0.5	r1041_e82_400bps_sup_v430	docker://quay.io/mbhall88/clair3@sha256:6a4c352e7d14ebb67bdad4be366dcbf6afa66cc7f0ee0b37a05cebe3f4754735	CPU: AMD EPYC 9745	sweep_best	ALL	0	0.999399	0.998920	0.999160	30.757207	16647	16635	18	10
ATCC_35221__202309	Campylobacter lari	false	sup	dna_r10.4.1_e8.2_400bps_sup@v4.3.0	25	25.16	chromosome=25.16	A	minimap2	2.26	map-ont	clair3	1.0.5	r1041_e82_400bps_sup_v430	docker://quay.io/mbhall88/clair3@sha256:6a4c352e7d14ebb67bdad4be366dcbf6afa66cc7f0ee0b37a05cebe3f4754735	CPU: AMD EPYC 9745	default_pass	SNP	0	0.999697	0.998489	0.999093	30.423927	16516	16500	25	5
ATCC_35221__202309	Campylobacter lari	false	sup	dna_r10.4.1_e8.2_400bps_sup@v4.3.0	25	25.16	chromosome=25.16	A	minimap2	2.26	map-ont	clair3	1.0.5	r1041_e82_400bps_sup_v430	docker://quay.io/mbhall88/clair3@sha256:6a4c352e7d14ebb67bdad4be366dcbf6afa66cc7f0ee0b37a05cebe3f4754735	CPU: AMD EPYC 9745	default_pass	INDEL	0	0.947761	0.959677	0.953682	13.342502	119	127	5	7
ATCC_35221__202309	Campylobacter lari	false	sup	dna_r10.4.1_e8.2_400bps_sup@v4.3.0	25	25.16	chromosome=25.16	A	minimap2	2.26	map-ont	clair3	1.0.5	r1041_e82_400bps_sup_v430	docker://quay.io/mbhall88/clair3@sha256:6a4c352e7d14ebb67bdad4be366dcbf6afa66cc7f0ee0b37a05cebe3f4754735	CPU: AMD EPYC 9745	default_pass	ALL	0	0.999279	0.998200	0.998739	28.992849	16635	16627	30	12
ATCC_35221__202309	Campylobacter lari	false	sup	dna_r10.4.1_e8.2_400bps_sup@v4.3.0	25	25.16	chromosome=25.16	B	minimap2	2.31	lr:hq	clair3	1.0.5	r1041_e82_400bps_sup_v430	docker://quay.io/mbhall88/clair3@sha256:6a4c352e7d14ebb67bdad4be366dcbf6afa66cc7f0ee0b37a05cebe3f4754735	CPU: AMD EPYC 9745	sweep_best	SNP	0	0.999697	0.999093	0.999395	32.182446	16526	16500	15	5
ATCC_35221__202309	Campylobacter lari	false	sup	dna_r10.4.1_e8.2_400bps_sup@v4.3.0	25	25.16	chromosome=25.16	B	minimap2	2.31	lr:hq	clair3	1.0.5	r1041_e82_400bps_sup_v430	docker://quay.io/mbhall88/clair3@sha256:6a4c352e7d14ebb67bdad4be366dcbf6afa66cc7f0ee0b37a05cebe3f4754735	CPU: AMD EPYC 9745	sweep_best	INDEL	5	1.000000	0.959677	0.979424	16.866390	119	127	5	0
ATCC_35221__202309	Campylobacter lari	false	sup	dna_r10.4.1_e8.2_400bps_sup@v4.3.0	25	25.16	chromosome=25.16	B	minimap2	2.31	lr:hq	clair3	1.0.5	r1041_e82_400bps_sup_v430	docker://quay.io/mbhall88/clair3@sha256:6a4c352e7d14ebb67bdad4be366dcbf6afa66cc7f0ee0b37a05cebe3f4754735	CPU: AMD EPYC 9745	sweep_best	ALL	0	0.999399	0.998920	0.999160	30.757207	16647	16635	18	10
ATCC_35221__202309	Campylobacter lari	false	sup	dna_r10.4.1_e8.2_400bps_sup@v4.3.0	25	25.16	chromosome=25.16	B	minimap2	2.31	lr:hq	clair3	1.0.5	r1041_e82_400bps_sup_v430	docker://quay.io/mbhall88/clair3@sha256:6a4c352e7d14ebb67bdad4be366dcbf6afa66cc7f0ee0b37a05cebe3f4754735	CPU: AMD EPYC 9745	default_pass	SNP	0	0.999697	0.998489	0.999093	30.423927	16516	16500	25	5
ATCC_35221__202309	Campylobacter lari	false	sup	dna_r10.4.1_e8.2_400bps_sup@v4.3.0	25	25.16	chromosome=25.16	B	minimap2	2.31	lr:hq	clair3	1.0.5	r1041_e82_400bps_sup_v430	docker://quay.io/mbhall88/clair3@sha256:6a4c352e7d14ebb67bdad4be366dcbf6afa66cc7f0ee0b37a05cebe3f4754735	CPU: AMD EPYC 9745	default_pass	INDEL	0	0.947761	0.959677	0.953682	13.342502	119	127	5	7
ATCC_35221__202309	Campylobacter lari	false	sup	dna_r10.4.1_e8.2_400bps_sup@v4.3.0	25	25.16	chromosome=25.16	B	minimap2	2.31	lr:hq	clair3	1.0.5	r1041_e82_400bps_sup_v430	docker://quay.io/mbhall88/clair3@sha256:6a4c352e7d14ebb67bdad4be366dcbf6afa66cc7f0ee0b37a05cebe3f4754735	CPU: AMD EPYC 9745	default_pass	ALL	0	0.999279	0.998200	0.998739	28.992849	16635	16627	30	12
ATCC_35221__202309	Campylobacter lari	false	sup	dna_r10.4.1_e8.2_400bps_sup@v4.3.0	25	25.16	chromosome=25.16	C	minimap2	2.31	lr:hq	clair3	2.0.3	r1041_e82_400bps_sup_v430	docker://hkubal/clair3@sha256:d56df84c2c7c508aaf0623b124d9926d366a58f34236505b26c055f848afa202	CPU: AMD EPYC 9745	sweep_best	SNP	0	0.999697	0.999093	0.999395	32.182446	16526	16500	15	5
ATCC_35221__202309	Campylobacter lari	false	sup	dna_r10.4.1_e8.2_400bps_sup@v4.3.0	25	25.16	chromosome=25.16	C	minimap2	2.31	lr:hq	clair3	2.0.3	r1041_e82_400bps_sup_v430	docker://hkubal/clair3@sha256:d56df84c2c7c508aaf0623b124d9926d366a58f34236505b26c055f848afa202	CPU: AMD EPYC 9745	sweep_best	INDEL	5	1.000000	0.959677	0.979424	16.866390	119	127	5	0
ATCC_35221__202309	Campylobacter lari	false	sup	dna_r10.4.1_e8.2_400bps_sup@v4.3.0	25	25.16	chromosome=25.16	C	minimap2	2.31	lr:hq	clair3	2.0.3	r1041_e82_400bps_sup_v430	docker://hkubal/clair3@sha256:d56df84c2c7c508aaf0623b124d9926d366a58f34236505b26c055f848afa202	CPU: AMD EPYC 9745	sweep_best	ALL	0	0.999399	0.998920	0.999160	30.757207	16647	16635	18	10
ATCC_35221__202309	Campylobacter lari	false	sup	dna_r10.4.1_e8.2_400bps_sup@v4.3.0	25	25.16	chromosome=25.16	C	minimap2	2.31	lr:hq	clair3	2.0.3	r1041_e82_400bps_sup_v430	docker://hkubal/clair3@sha256:d56df84c2c7c508aaf0623b124d9926d366a58f34236505b26c055f848afa202	CPU: AMD EPYC 9745	default_pass	SNP	0	0.999697	0.998489	0.999093	30.423927	16516	16500	25	5
ATCC_35221__202309	Campylobacter lari	false	sup	dna_r10.4.1_e8.2_400bps_sup@v4.3.0	25	25.16	chromosome=25.16	C	minimap2	2.31	lr:hq	clair3	2.0.3	r1041_e82_400bps_sup_v430	docker://hkubal/clair3@sha256:d56df84c2c7c508aaf0623b124d9926d366a58f34236505b26c055f848afa202	CPU: AMD EPYC 9745	default_pass	INDEL	0	0.947761	0.959677	0.953682	13.342502	119	127	5	7
ATCC_35221__202309	Campylobacter lari	false	sup	dna_r10.4.1_e8.2_400bps_sup@v4.3.0	25	25.16	chromosome=25.16	C	minimap2	2.31	lr:hq	clair3	2.0.3	r1041_e82_400bps_sup_v430	docker://hkubal/clair3@sha256:d56df84c2c7c508aaf0623b124d9926d366a58f34236505b26c055f848afa202	CPU: AMD EPYC 9745	default_pass	ALL	0	0.999279	0.998200	0.998739	28.992849	16635	16627	30	12
ATCC_35221__202309	Campylobacter lari	false	sup	dna_r10.4.1_e8.2_400bps_sup@v4.3.0	25	25.16	chromosome=25.16	D	minimap2	2.31	lr:hq	dorado	2.1.2	dna_r10.4.1_e8.2_400bps_polish_bacterial_methylation_v5.0.0		NVIDIA H100 80GB HBM3	sweep_best	SNP	0	1.000000	0.999577	0.999788	36.736641	16534	16504	7	0
ATCC_35221__202309	Campylobacter lari	false	sup	dna_r10.4.1_e8.2_400bps_sup@v4.3.0	25	25.16	chromosome=25.16	D	minimap2	2.31	lr:hq	dorado	2.1.2	dna_r10.4.1_e8.2_400bps_polish_bacterial_methylation_v5.0.0		NVIDIA H100 80GB HBM3	sweep_best	INDEL	5	0.985611	0.975806	0.980685	17.141053	121	137	3	2
ATCC_35221__202309	Campylobacter lari	false	sup	dna_r10.4.1_e8.2_400bps_sup@v4.3.0	25	25.16	chromosome=25.16	D	minimap2	2.31	lr:hq	dorado	2.1.2	dna_r10.4.1_e8.2_400bps_polish_bacterial_methylation_v5.0.0		NVIDIA H100 80GB HBM3	sweep_best	ALL	5	0.999880	0.999400	0.999640	34.436975	16655	16641	10	2
ATCC_35221__202309	Campylobacter lari	false	sup	dna_r10.4.1_e8.2_400bps_sup@v4.3.0	25	25.16	chromosome=25.16	D	minimap2	2.31	lr:hq	dorado	2.1.2	dna_r10.4.1_e8.2_400bps_polish_bacterial_methylation_v5.0.0		NVIDIA H100 80GB HBM3	default_pass	SNP	0	1.000000	0.999577	0.999788	36.736641	16534	16504	7	0
ATCC_35221__202309	Campylobacter lari	false	sup	dna_r10.4.1_e8.2_400bps_sup@v4.3.0	25	25.16	chromosome=25.16	D	minimap2	2.31	lr:hq	dorado	2.1.2	dna_r10.4.1_e8.2_400bps_polish_bacterial_methylation_v5.0.0		NVIDIA H100 80GB HBM3	default_pass	INDEL	0	0.965035	0.983871	0.974362	15.911159	122	138	2	5
ATCC_35221__202309	Campylobacter lari	false	sup	dna_r10.4.1_e8.2_400bps_sup@v4.3.0	25	25.16	chromosome=25.16	D	minimap2	2.31	lr:hq	dorado	2.1.2	dna_r10.4.1_e8.2_400bps_polish_bacterial_methylation_v5.0.0		NVIDIA H100 80GB HBM3	default_pass	ALL	0	0.999700	0.999460	0.999580	33.767507	16656	16642	9	5
ATCC_35221__202309	Campylobacter lari	false	sup	dna_r10.4.1_e8.2_400bps_sup@v4.3.0	50	50.31	chromosome=50.31	A	minimap2	2.26	map-ont	clair3	1.0.5	r1041_e82_400bps_sup_v430	docker://quay.io/mbhall88/clair3@sha256:6a4c352e7d14ebb67bdad4be366dcbf6afa66cc7f0ee0b37a05cebe3f4754735	CPU: AMD EPYC 9745	sweep_best	SNP	0	0.999939	0.999456	0.999698	35.199931	16532	16502	9	1
ATCC_35221__202309	Campylobacter lari	false	sup	dna_r10.4.1_e8.2_400bps_sup@v4.3.0	50	50.31	chromosome=50.31	A	minimap2	2.26	map-ont	clair3	1.0.5	r1041_e82_400bps_sup_v430	docker://quay.io/mbhall88/clair3@sha256:6a4c352e7d14ebb67bdad4be366dcbf6afa66cc7f0ee0b37a05cebe3f4754735	CPU: AMD EPYC 9745	sweep_best	INDEL	0	0.985816	0.991935	0.988866	19.533488	123	139	1	2
ATCC_35221__202309	Campylobacter lari	false	sup	dna_r10.4.1_e8.2_400bps_sup@v4.3.0	50	50.31	chromosome=50.31	A	minimap2	2.26	map-ont	clair3	1.0.5	r1041_e82_400bps_sup_v430	docker://quay.io/mbhall88/clair3@sha256:6a4c352e7d14ebb67bdad4be366dcbf6afa66cc7f0ee0b37a05cebe3f4754735	CPU: AMD EPYC 9745	sweep_best	ALL	0	0.999820	0.999400	0.999610	34.089354	16655	16641	10	3
ATCC_35221__202309	Campylobacter lari	false	sup	dna_r10.4.1_e8.2_400bps_sup@v4.3.0	50	50.31	chromosome=50.31	A	minimap2	2.26	map-ont	clair3	1.0.5	r1041_e82_400bps_sup_v430	docker://quay.io/mbhall88/clair3@sha256:6a4c352e7d14ebb67bdad4be366dcbf6afa66cc7f0ee0b37a05cebe3f4754735	CPU: AMD EPYC 9745	default_pass	SNP	0	0.999939	0.999395	0.999667	34.775558	16531	16501	10	1
ATCC_35221__202309	Campylobacter lari	false	sup	dna_r10.4.1_e8.2_400bps_sup@v4.3.0	50	50.31	chromosome=50.31	A	minimap2	2.26	map-ont	clair3	1.0.5	r1041_e82_400bps_sup_v430	docker://quay.io/mbhall88/clair3@sha256:6a4c352e7d14ebb67bdad4be366dcbf6afa66cc7f0ee0b37a05cebe3f4754735	CPU: AMD EPYC 9745	default_pass	INDEL	0	0.985507	0.967742	0.976544	16.297460	120	136	4	2
ATCC_35221__202309	Campylobacter lari	false	sup	dna_r10.4.1_e8.2_400bps_sup@v4.3.0	50	50.31	chromosome=50.31	A	minimap2	2.26	map-ont	clair3	1.0.5	r1041_e82_400bps_sup_v430	docker://quay.io/mbhall88/clair3@sha256:6a4c352e7d14ebb67bdad4be366dcbf6afa66cc7f0ee0b37a05cebe3f4754735	CPU: AMD EPYC 9745	default_pass	ALL	0	0.999820	0.999160	0.999490	32.924298	16651	16637	14	3
ATCC_35221__202309	Campylobacter lari	false	sup	dna_r10.4.1_e8.2_400bps_sup@v4.3.0	50	50.31	chromosome=50.31	B	minimap2	2.31	lr:hq	clair3	1.0.5	r1041_e82_400bps_sup_v430	docker://quay.io/mbhall88/clair3@sha256:6a4c352e7d14ebb67bdad4be366dcbf6afa66cc7f0ee0b37a05cebe3f4754735	CPU: AMD EPYC 9745	sweep_best	SNP	0	0.999939	0.999456	0.999698	35.199931	16532	16502	9	1
ATCC_35221__202309	Campylobacter lari	false	sup	dna_r10.4.1_e8.2_400bps_sup@v4.3.0	50	50.31	chromosome=50.31	B	minimap2	2.31	lr:hq	clair3	1.0.5	r1041_e82_400bps_sup_v430	docker://quay.io/mbhall88/clair3@sha256:6a4c352e7d14ebb67bdad4be366dcbf6afa66cc7f0ee0b37a05cebe3f4754735	CPU: AMD EPYC 9745	sweep_best	INDEL	0	0.985816	0.991935	0.988866	19.533488	123	139	1	2
ATCC_35221__202309	Campylobacter lari	false	sup	dna_r10.4.1_e8.2_400bps_sup@v4.3.0	50	50.31	chromosome=50.31	B	minimap2	2.31	lr:hq	clair3	1.0.5	r1041_e82_400bps_sup_v430	docker://quay.io/mbhall88/clair3@sha256:6a4c352e7d14ebb67bdad4be366dcbf6afa66cc7f0ee0b37a05cebe3f4754735	CPU: AMD EPYC 9745	sweep_best	ALL	0	0.999820	0.999400	0.999610	34.089354	16655	16641	10	3
ATCC_35221__202309	Campylobacter lari	false	sup	dna_r10.4.1_e8.2_400bps_sup@v4.3.0	50	50.31	chromosome=50.31	B	minimap2	2.31	lr:hq	clair3	1.0.5	r1041_e82_400bps_sup_v430	docker://quay.io/mbhall88/clair3@sha256:6a4c352e7d14ebb67bdad4be366dcbf6afa66cc7f0ee0b37a05cebe3f4754735	CPU: AMD EPYC 9745	default_pass	SNP	0	0.999939	0.999395	0.999667	34.775558	16531	16501	10	1
ATCC_35221__202309	Campylobacter lari	false	sup	dna_r10.4.1_e8.2_400bps_sup@v4.3.0	50	50.31	chromosome=50.31	B	minimap2	2.31	lr:hq	clair3	1.0.5	r1041_e82_400bps_sup_v430	docker://quay.io/mbhall88/clair3@sha256:6a4c352e7d14ebb67bdad4be366dcbf6afa66cc7f0ee0b37a05cebe3f4754735	CPU: AMD EPYC 9745	default_pass	INDEL	0	0.985507	0.967742	0.976544	16.297460	120	136	4	2
ATCC_35221__202309	Campylobacter lari	false	sup	dna_r10.4.1_e8.2_400bps_sup@v4.3.0	50	50.31	chromosome=50.31	B	minimap2	2.31	lr:hq	clair3	1.0.5	r1041_e82_400bps_sup_v430	docker://quay.io/mbhall88/clair3@sha256:6a4c352e7d14ebb67bdad4be366dcbf6afa66cc7f0ee0b37a05cebe3f4754735	CPU: AMD EPYC 9745	default_pass	ALL	0	0.999820	0.999160	0.999490	32.924298	16651	16637	14	3
ATCC_35221__202309	Campylobacter lari	false	sup	dna_r10.4.1_e8.2_400bps_sup@v4.3.0	50	50.31	chromosome=50.31	C	minimap2	2.31	lr:hq	clair3	2.0.3	r1041_e82_400bps_sup_v430	docker://hkubal/clair3@sha256:d56df84c2c7c508aaf0623b124d9926d366a58f34236505b26c055f848afa202	CPU: AMD EPYC 9745	sweep_best	SNP	0	0.999939	0.999456	0.999698	35.199931	16532	16502	9	1
ATCC_35221__202309	Campylobacter lari	false	sup	dna_r10.4.1_e8.2_400bps_sup@v4.3.0	50	50.31	chromosome=50.31	C	minimap2	2.31	lr:hq	clair3	2.0.3	r1041_e82_400bps_sup_v430	docker://hkubal/clair3@sha256:d56df84c2c7c508aaf0623b124d9926d366a58f34236505b26c055f848afa202	CPU: AMD EPYC 9745	sweep_best	INDEL	0	0.985816	0.991935	0.988866	19.533488	123	139	1	2
ATCC_35221__202309	Campylobacter lari	false	sup	dna_r10.4.1_e8.2_400bps_sup@v4.3.0	50	50.31	chromosome=50.31	C	minimap2	2.31	lr:hq	clair3	2.0.3	r1041_e82_400bps_sup_v430	docker://hkubal/clair3@sha256:d56df84c2c7c508aaf0623b124d9926d366a58f34236505b26c055f848afa202	CPU: AMD EPYC 9745	sweep_best	ALL	0	0.999820	0.999400	0.999610	34.089354	16655	16641	10	3
ATCC_35221__202309	Campylobacter lari	false	sup	dna_r10.4.1_e8.2_400bps_sup@v4.3.0	50	50.31	chromosome=50.31	C	minimap2	2.31	lr:hq	clair3	2.0.3	r1041_e82_400bps_sup_v430	docker://hkubal/clair3@sha256:d56df84c2c7c508aaf0623b124d9926d366a58f34236505b26c055f848afa202	CPU: AMD EPYC 9745	default_pass	SNP	0	0.999939	0.999395	0.999667	34.775558	16531	16501	10	1
ATCC_35221__202309	Campylobacter lari	false	sup	dna_r10.4.1_e8.2_400bps_sup@v4.3.0	50	50.31	chromosome=50.31	C	minimap2	2.31	lr:hq	clair3	2.0.3	r1041_e82_400bps_sup_v430	docker://hkubal/clair3@sha256:d56df84c2c7c508aaf0623b124d9926d366a58f34236505b26c055f848afa202	CPU: AMD EPYC 9745	default_pass	INDEL	0	0.985507	0.967742	0.976544	16.297460	120	136	4	2
ATCC_35221__202309	Campylobacter lari	false	sup	dna_r10.4.1_e8.2_400bps_sup@v4.3.0	50	50.31	chromosome=50.31	C	minimap2	2.31	lr:hq	clair3	2.0.3	r1041_e82_400bps_sup_v430	docker://hkubal/clair3@sha256:d56df84c2c7c508aaf0623b124d9926d366a58f34236505b26c055f848afa202	CPU: AMD EPYC 9745	default_pass	ALL	0	0.999820	0.999160	0.999490	32.924298	16651	16637	14	3
ATCC_35221__202309	Campylobacter lari	false	sup	dna_r10.4.1_e8.2_400bps_sup@v4.3.0	50	50.31	chromosome=50.31	D	minimap2	2.31	lr:hq	dorado	2.1.2	dna_r10.4.1_e8.2_400bps_polish_bacterial_methylation_v5.0.0		NVIDIA H100 80GB HBM3	sweep_best	SNP	0	1.000000	0.999637	0.999819	37.423214	16535	16505	6	0
ATCC_35221__202309	Campylobacter lari	false	sup	dna_r10.4.1_e8.2_400bps_sup@v4.3.0	50	50.31	chromosome=50.31	D	minimap2	2.31	lr:hq	dorado	2.1.2	dna_r10.4.1_e8.2_400bps_polish_bacterial_methylation_v5.0.0		NVIDIA H100 80GB HBM3	sweep_best	INDEL	5	0.985611	0.975806	0.980685	17.141053	121	137	3	2
ATCC_35221__202309	Campylobacter lari	false	sup	dna_r10.4.1_e8.2_400bps_sup@v4.3.0	50	50.31	chromosome=50.31	D	minimap2	2.31	lr:hq	dorado	2.1.2	dna_r10.4.1_e8.2_400bps_polish_bacterial_methylation_v5.0.0		NVIDIA H100 80GB HBM3	sweep_best	ALL	2	0.999820	0.999460	0.999640	34.436975	16656	16642	9	3
ATCC_35221__202309	Campylobacter lari	false	sup	dna_r10.4.1_e8.2_400bps_sup@v4.3.0	50	50.31	chromosome=50.31	D	minimap2	2.31	lr:hq	dorado	2.1.2	dna_r10.4.1_e8.2_400bps_polish_bacterial_methylation_v5.0.0		NVIDIA H100 80GB HBM3	default_pass	SNP	0	1.000000	0.999516	0.999758	36.161846	16533	16503	8	0
ATCC_35221__202309	Campylobacter lari	false	sup	dna_r10.4.1_e8.2_400bps_sup@v4.3.0	50	50.31	chromosome=50.31	D	minimap2	2.31	lr:hq	dorado	2.1.2	dna_r10.4.1_e8.2_400bps_polish_bacterial_methylation_v5.0.0		NVIDIA H100 80GB HBM3	default_pass	INDEL	0	0.978571	0.975806	0.977187	16.418176	121	137	3	3
ATCC_35221__202309	Campylobacter lari	false	sup	dna_r10.4.1_e8.2_400bps_sup@v4.3.0	50	50.31	chromosome=50.31	D	minimap2	2.31	lr:hq	dorado	2.1.2	dna_r10.4.1_e8.2_400bps_polish_bacterial_methylation_v5.0.0		NVIDIA H100 80GB HBM3	default_pass	ALL	0	0.999820	0.999340	0.999580	33.767507	16654	16640	11	3
ATCC_19119__202309	Listeria ivanovii	false	hac	dna_r10.4.1_e8.2_400bps_hac@v4.3.0	5	5.00	chromosome=5.00	A	minimap2	2.26	map-ont	clair3	1.0.5	r1041_e82_400bps_hac_v430	docker://quay.io/mbhall88/clair3@sha256:6a4c352e7d14ebb67bdad4be366dcbf6afa66cc7f0ee0b37a05cebe3f4754735	CPU: AMD EPYC 9745	sweep_best	SNP	1	0.999517	0.980831	0.990086	20.037511	8289	8285	162	4
ATCC_19119__202309	Listeria ivanovii	false	hac	dna_r10.4.1_e8.2_400bps_hac@v4.3.0	5	5.00	chromosome=5.00	A	minimap2	2.26	map-ont	clair3	1.0.5	r1041_e82_400bps_hac_v430	docker://quay.io/mbhall88/clair3@sha256:6a4c352e7d14ebb67bdad4be366dcbf6afa66cc7f0ee0b37a05cebe3f4754735	CPU: AMD EPYC 9745	sweep_best	INDEL	0	0.968523	0.892377	0.928892	11.480815	398	400	48	13
ATCC_19119__202309	Listeria ivanovii	false	hac	dna_r10.4.1_e8.2_400bps_hac@v4.3.0	5	5.00	chromosome=5.00	A	minimap2	2.26	map-ont	clair3	1.0.5	r1041_e82_400bps_hac_v430	docker://quay.io/mbhall88/clair3@sha256:6a4c352e7d14ebb67bdad4be366dcbf6afa66cc7f0ee0b37a05cebe3f4754735	CPU: AMD EPYC 9745	sweep_best	ALL	0	0.997932	0.976399	0.987048	18.876632	8688	8686	210	18
ATCC_19119__202309	Listeria ivanovii	false	hac	dna_r10.4.1_e8.2_400bps_hac@v4.3.0	5	5.00	chromosome=5.00	A	minimap2	2.26	map-ont	clair3	1.0.5	r1041_e82_400bps_hac_v430	docker://quay.io/mbhall88/clair3@sha256:6a4c352e7d14ebb67bdad4be366dcbf6afa66cc7f0ee0b37a05cebe3f4754735	CPU: AMD EPYC 9745	default_pass	SNP	0	0.999518	0.980949	0.990146	20.063874	8290	8286	161	4
ATCC_19119__202309	Listeria ivanovii	false	hac	dna_r10.4.1_e8.2_400bps_hac@v4.3.0	5	5.00	chromosome=5.00	A	minimap2	2.26	map-ont	clair3	1.0.5	r1041_e82_400bps_hac_v430	docker://quay.io/mbhall88/clair3@sha256:6a4c352e7d14ebb67bdad4be366dcbf6afa66cc7f0ee0b37a05cebe3f4754735	CPU: AMD EPYC 9745	default_pass	INDEL	0	0.979221	0.840807	0.904751	10.211396	375	377	71	8
ATCC_19119__202309	Listeria ivanovii	false	hac	dna_r10.4.1_e8.2_400bps_hac@v4.3.0	5	5.00	chromosome=5.00	A	minimap2	2.26	map-ont	clair3	1.0.5	r1041_e82_400bps_hac_v430	docker://quay.io/mbhall88/clair3@sha256:6a4c352e7d14ebb67bdad4be366dcbf6afa66cc7f0ee0b37a05cebe3f4754735	CPU: AMD EPYC 9745	default_pass	ALL	0	0.998617	0.973927	0.986117	18.575167	8666	8664	232	12
ATCC_19119__202309	Listeria ivanovii	false	hac	dna_r10.4.1_e8.2_400bps_hac@v4.3.0	5	5.00	chromosome=5.00	B	minimap2	2.31	lr:hq	clair3	1.0.5	r1041_e82_400bps_hac_v430	docker://quay.io/mbhall88/clair3@sha256:6a4c352e7d14ebb67bdad4be366dcbf6afa66cc7f0ee0b37a05cebe3f4754735	CPU: AMD EPYC 9745	sweep_best	SNP	1	0.999518	0.981896	0.990628	20.281677	8298	8294	153	4
ATCC_19119__202309	Listeria ivanovii	false	hac	dna_r10.4.1_e8.2_400bps_hac@v4.3.0	5	5.00	chromosome=5.00	B	minimap2	2.31	lr:hq	clair3	1.0.5	r1041_e82_400bps_hac_v430	docker://quay.io/mbhall88/clair3@sha256:6a4c352e7d14ebb67bdad4be366dcbf6afa66cc7f0ee0b37a05cebe3f4754735	CPU: AMD EPYC 9745	sweep_best	INDEL	0	0.968523	0.892377	0.928892	11.480815	398	400	48	13
ATCC_19119__202309	Listeria ivanovii	false	hac	dna_r10.4.1_e8.2_400bps_hac@v4.3.0	5	5.00	chromosome=5.00	B	minimap2	2.31	lr:hq	clair3	1.0.5	r1041_e82_400bps_hac_v430	docker://quay.io/mbhall88/clair3@sha256:6a4c352e7d14ebb67bdad4be366dcbf6afa66cc7f0ee0b37a05cebe3f4754735	CPU: AMD EPYC 9745	sweep_best	ALL	0	0.997934	0.977411	0.987566	19.053891	8697	8695	201	18
ATCC_19119__202309	Listeria ivanovii	false	hac	dna_r10.4.1_e8.2_400bps_hac@v4.3.0	5	5.00	chromosome=5.00	B	minimap2	2.31	lr:hq	clair3	1.0.5	r1041_e82_400bps_hac_v430	docker://quay.io/mbhall88/clair3@sha256:6a4c352e7d14ebb67bdad4be366dcbf6afa66cc7f0ee0b37a05cebe3f4754735	CPU: AMD EPYC 9745	default_pass	SNP	0	0.999518	0.982014	0.990689	20.310037	8299	8295	152	4
ATCC_19119__202309	Listeria ivanovii	false	hac	dna_r10.4.1_e8.2_400bps_hac@v4.3.0	5	5.00	chromosome=5.00	B	minimap2	2.31	lr:hq	clair3	1.0.5	r1041_e82_400bps_hac_v430	docker://quay.io/mbhall88/clair3@sha256:6a4c352e7d14ebb67bdad4be366dcbf6afa66cc7f0ee0b37a05cebe3f4754735	CPU: AMD EPYC 9745	default_pass	INDEL	0	0.979221	0.840807	0.904751	10.211396	375	377	71	8
ATCC_19119__202309	Listeria ivanovii	false	hac	dna_r10.4.1_e8.2_400bps_hac@v4.3.0	5	5.00	chromosome=5.00	B	minimap2	2.31	lr:hq	clair3	1.0.5	r1041_e82_400bps_hac_v430	docker://quay.io/mbhall88/clair3@sha256:6a4c352e7d14ebb67bdad4be366dcbf6afa66cc7f0ee0b37a05cebe3f4754735	CPU: AMD EPYC 9745	default_pass	ALL	0	0.998618	0.974938	0.986636	18.740635	8675	8673	223	12
ATCC_19119__202309	Listeria ivanovii	false	hac	dna_r10.4.1_e8.2_400bps_hac@v4.3.0	5	5.00	chromosome=5.00	C	minimap2	2.31	lr:hq	clair3	2.0.3	r1041_e82_400bps_hac_v430	docker://hkubal/clair3@sha256:d56df84c2c7c508aaf0623b124d9926d366a58f34236505b26c055f848afa202	CPU: AMD EPYC 9745	sweep_best	SNP	1	0.999518	0.981896	0.990628	20.281677	8298	8294	153	4
ATCC_19119__202309	Listeria ivanovii	false	hac	dna_r10.4.1_e8.2_400bps_hac@v4.3.0	5	5.00	chromosome=5.00	C	minimap2	2.31	lr:hq	clair3	2.0.3	r1041_e82_400bps_hac_v430	docker://hkubal/clair3@sha256:d56df84c2c7c508aaf0623b124d9926d366a58f34236505b26c055f848afa202	CPU: AMD EPYC 9745	sweep_best	INDEL	0	0.968523	0.892377	0.928892	11.480815	398	400	48	13
ATCC_19119__202309	Listeria ivanovii	false	hac	dna_r10.4.1_e8.2_400bps_hac@v4.3.0	5	5.00	chromosome=5.00	C	minimap2	2.31	lr:hq	clair3	2.0.3	r1041_e82_400bps_hac_v430	docker://hkubal/clair3@sha256:d56df84c2c7c508aaf0623b124d9926d366a58f34236505b26c055f848afa202	CPU: AMD EPYC 9745	sweep_best	ALL	0	0.997934	0.977411	0.987566	19.053891	8697	8695	201	18
ATCC_19119__202309	Listeria ivanovii	false	hac	dna_r10.4.1_e8.2_400bps_hac@v4.3.0	5	5.00	chromosome=5.00	C	minimap2	2.31	lr:hq	clair3	2.0.3	r1041_e82_400bps_hac_v430	docker://hkubal/clair3@sha256:d56df84c2c7c508aaf0623b124d9926d366a58f34236505b26c055f848afa202	CPU: AMD EPYC 9745	default_pass	SNP	0	0.999518	0.982014	0.990689	20.310037	8299	8295	152	4
ATCC_19119__202309	Listeria ivanovii	false	hac	dna_r10.4.1_e8.2_400bps_hac@v4.3.0	5	5.00	chromosome=5.00	C	minimap2	2.31	lr:hq	clair3	2.0.3	r1041_e82_400bps_hac_v430	docker://hkubal/clair3@sha256:d56df84c2c7c508aaf0623b124d9926d366a58f34236505b26c055f848afa202	CPU: AMD EPYC 9745	default_pass	INDEL	0	0.979221	0.840807	0.904751	10.211396	375	377	71	8
ATCC_19119__202309	Listeria ivanovii	false	hac	dna_r10.4.1_e8.2_400bps_hac@v4.3.0	5	5.00	chromosome=5.00	C	minimap2	2.31	lr:hq	clair3	2.0.3	r1041_e82_400bps_hac_v430	docker://hkubal/clair3@sha256:d56df84c2c7c508aaf0623b124d9926d366a58f34236505b26c055f848afa202	CPU: AMD EPYC 9745	default_pass	ALL	0	0.998618	0.974938	0.986636	18.740635	8675	8673	223	12
ATCC_19119__202309	Listeria ivanovii	false	hac	dna_r10.4.1_e8.2_400bps_hac@v4.3.0	5	5.00	chromosome=5.00	D	minimap2	2.31	lr:hq	dorado	2.1.2	dna_r10.4.1_e8.2_400bps_polish_bacterial_methylation_v5.0.0		NVIDIA H100 80GB HBM3	sweep_best	SNP	7	0.993130	0.992664	0.992897	21.485582	8389	8385	62	58
ATCC_19119__202309	Listeria ivanovii	false	hac	dna_r10.4.1_e8.2_400bps_hac@v4.3.0	5	5.00	chromosome=5.00	D	minimap2	2.31	lr:hq	dorado	2.1.2	dna_r10.4.1_e8.2_400bps_polish_bacterial_methylation_v5.0.0		NVIDIA H100 80GB HBM3	sweep_best	INDEL	10	0.884706	0.838565	0.861018	8.570414	374	376	72	49
ATCC_19119__202309	Listeria ivanovii	false	hac	dna_r10.4.1_e8.2_400bps_hac@v4.3.0	5	5.00	chromosome=5.00	D	minimap2	2.31	lr:hq	dorado	2.1.2	dna_r10.4.1_e8.2_400bps_polish_bacterial_methylation_v5.0.0		NVIDIA H100 80GB HBM3	sweep_best	ALL	10	0.990813	0.982018	0.986396	18.663334	8738	8736	160	81
ATCC_19119__202309	Listeria ivanovii	false	hac	dna_r10.4.1_e8.2_400bps_hac@v4.3.0	5	5.00	chromosome=5.00	D	minimap2	2.31	lr:hq	dorado	2.1.2	dna_r10.4.1_e8.2_400bps_polish_bacterial_methylation_v5.0.0		NVIDIA H100 80GB HBM3	default_pass	SNP	0	0.978486	0.996095	0.987212	18.931974	8418	8414	33	185
ATCC_19119__202309	Listeria ivanovii	false	hac	dna_r10.4.1_e8.2_400bps_hac@v4.3.0	5	5.00	chromosome=5.00	D	minimap2	2.31	lr:hq	dorado	2.1.2	dna_r10.4.1_e8.2_400bps_polish_bacterial_methylation_v5.0.0		NVIDIA H100 80GB HBM3	default_pass	INDEL	0	0.510507	0.921525	0.657031	4.647451	411	413	35	396
ATCC_19119__202309	Listeria ivanovii	false	hac	dna_r10.4.1_e8.2_400bps_hac@v4.3.0	5	5.00	chromosome=5.00	D	minimap2	2.31	lr:hq	dorado	2.1.2	dna_r10.4.1_e8.2_400bps_polish_bacterial_methylation_v5.0.0		NVIDIA H100 80GB HBM3	default_pass	ALL	0	0.938251	0.992358	0.964546	14.503348	8830	8828	68	581
ATCC_19119__202309	Listeria ivanovii	false	hac	dna_r10.4.1_e8.2_400bps_hac@v4.3.0	10	9.98	chromosome=9.98	A	minimap2	2.26	map-ont	clair3	1.0.5	r1041_e82_400bps_hac_v430	docker://quay.io/mbhall88/clair3@sha256:6a4c352e7d14ebb67bdad4be366dcbf6afa66cc7f0ee0b37a05cebe3f4754735	CPU: AMD EPYC 9745	sweep_best	SNP	0	0.999881	0.993137	0.996497	24.555599	8393	8389	58	1
ATCC_19119__202309	Listeria ivanovii	false	hac	dna_r10.4.1_e8.2_400bps_hac@v4.3.0	10	9.98	chromosome=9.98	A	minimap2	2.26	map-ont	clair3	1.0.5	r1041_e82_400bps_hac_v430	docker://quay.io/mbhall88/clair3@sha256:6a4c352e7d14ebb67bdad4be366dcbf6afa66cc7f0ee0b37a05cebe3f4754735	CPU: AMD EPYC 9745	sweep_best	INDEL	0	0.986111	0.950673	0.968068	14.957739	424	426	22	6
ATCC_19119__202309	Listeria ivanovii	false	hac	dna_r10.4.1_e8.2_400bps_hac@v4.3.0	10	9.98	chromosome=9.98	A	minimap2	2.26	map-ont	clair3	1.0.5	r1041_e82_400bps_hac_v430	docker://quay.io/mbhall88/clair3@sha256:6a4c352e7d14ebb67bdad4be366dcbf6afa66cc7f0ee0b37a05cebe3f4754735	CPU: AMD EPYC 9745	sweep_best	ALL	0	0.999207	0.991009	0.995091	23.090070	8818	8816	80	7
ATCC_19119__202309	Listeria ivanovii	false	hac	dna_r10.4.1_e8.2_400bps_hac@v4.3.0	10	9.98	chromosome=9.98	A	minimap2	2.26	map-ont	clair3	1.0.5	r1041_e82_400bps_hac_v430	docker://quay.io/mbhall88/clair3@sha256:6a4c352e7d14ebb67bdad4be366dcbf6afa66cc7f0ee0b37a05cebe3f4754735	CPU: AMD EPYC 9745	default_pass	SNP	0	0.999881	0.993019	0.996438	24.483061	8392	8388	59	1
ATCC_19119__202309	Listeria ivanovii	false	hac	dna_r10.4.1_e8.2_400bps_hac@v4.3.0	10	9.98	chromosome=9.98	A	minimap2	2.26	map-ont	clair3	1.0.5	r1041_e82_400bps_hac_v430	docker://quay.io/mbhall88/clair3@sha256:6a4c352e7d14ebb67bdad4be366dcbf6afa66cc7f0ee0b37a05cebe3f4754735	CPU: AMD EPYC 9745	default_pass	INDEL	0	0.990544	0.934978	0.961959	14.197481	417	419	29	4
ATCC_19119__202309	Listeria ivanovii	false	hac	dna_r10.4.1_e8.2_400bps_hac@v4.3.0	10	9.98	chromosome=9.98	A	minimap2	2.26	map-ont	clair3	1.0.5	r1041_e82_400bps_hac_v430	docker://quay.io/mbhall88/clair3@sha256:6a4c352e7d14ebb67bdad4be366dcbf6afa66cc7f0ee0b37a05cebe3f4754735	CPU: AMD EPYC 9745	default_pass	ALL	0	0.999433	0.990110	0.994750	22.798407	8810	8808	88	5
ATCC_19119__202309	Listeria ivanovii	false	hac	dna_r10.4.1_e8.2_400bps_hac@v4.3.0	10	9.98	chromosome=9.98	B	minimap2	2.31	lr:hq	clair3	1.0.5	r1041_e82_400bps_hac_v430	docker://quay.io/mbhall88/clair3@sha256:6a4c352e7d14ebb67bdad4be366dcbf6afa66cc7f0ee0b37a05cebe3f4754735	CPU: AMD EPYC 9745	sweep_best	SNP	0	0.999881	0.993729	0.996795	24.941720	8398	8394	53	1
ATCC_19119__202309	Listeria ivanovii	false	hac	dna_r10.4.1_e8.2_400bps_hac@v4.3.0	10	9.98	chromosome=9.98	B	minimap2	2.31	lr:hq	clair3	1.0.5	r1041_e82_400bps_hac_v430	docker://quay.io/mbhall88/clair3@sha256:6a4c352e7d14ebb67bdad4be366dcbf6afa66cc7f0ee0b37a05cebe3f4754735	CPU: AMD EPYC 9745	sweep_best	INDEL	0	0.986111	0.950673	0.968068	14.957739	424	426	22	6
ATCC_19119__202309	Listeria ivanovii	false	hac	dna_r10.4.1_e8.2_400bps_hac@v4.3.0	10	9.98	chromosome=9.98	B	minimap2	2.31	lr:hq	clair3	1.0.5	r1041_e82_400bps_hac_v430	docker://quay.io/mbhall88/clair3@sha256:6a4c352e7d14ebb67bdad4be366dcbf6afa66cc7f0ee0b37a05cebe3f4754735	CPU: AMD EPYC 9745	sweep_best	ALL	0	0.999207	0.991571	0.995374	23.347944	8823	8821	75	7
ATCC_19119__202309	Listeria ivanovii	false	hac	dna_r10.4.1_e8.2_400bps_hac@v4.3.0	10	9.98	chromosome=9.98	B	minimap2	2.31	lr:hq	clair3	1.0.5	r1041_e82_400bps_hac_v430	docker://quay.io/mbhall88/clair3@sha256:6a4c352e7d14ebb67bdad4be366dcbf6afa66cc7f0ee0b37a05cebe3f4754735	CPU: AMD EPYC 9745	default_pass	SNP	0	0.999881	0.993610	0.996736	24.862498	8397	8393	54	1
ATCC_19119__202309	Listeria ivanovii	false	hac	dna_r10.4.1_e8.2_400bps_hac@v4.3.0	10	9.98	chromosome=9.98	B	minimap2	2.31	lr:hq	clair3	1.0.5	r1041_e82_400bps_hac_v430	docker://quay.io/mbhall88/clair3@sha256:6a4c352e7d14ebb67bdad4be366dcbf6afa66cc7f0ee0b37a05cebe3f4754735	CPU: AMD EPYC 9745	default_pass	INDEL	0	0.990544	0.934978	0.961959	14.197481	417	419	29	4
ATCC_19119__202309	Listeria ivanovii	false	hac	dna_r10.4.1_e8.2_400bps_hac@v4.3.0	10	9.98	chromosome=9.98	B	minimap2	2.31	lr:hq	clair3	1.0.5	r1041_e82_400bps_hac_v430	docker://quay.io/mbhall88/clair3@sha256:6a4c352e7d14ebb67bdad4be366dcbf6afa66cc7f0ee0b37a05cebe3f4754735	CPU: AMD EPYC 9745	default_pass	ALL	0	0.999433	0.990672	0.995033	23.039058	8815	8813	83	5
ATCC_19119__202309	Listeria ivanovii	false	hac	dna_r10.4.1_e8.2_400bps_hac@v4.3.0	10	9.98	chromosome=9.98	C	minimap2	2.31	lr:hq	clair3	2.0.3	r1041_e82_400bps_hac_v430	docker://hkubal/clair3@sha256:d56df84c2c7c508aaf0623b124d9926d366a58f34236505b26c055f848afa202	CPU: AMD EPYC 9745	sweep_best	SNP	0	0.999881	0.993729	0.996795	24.941720	8398	8394	53	1
ATCC_19119__202309	Listeria ivanovii	false	hac	dna_r10.4.1_e8.2_400bps_hac@v4.3.0	10	9.98	chromosome=9.98	C	minimap2	2.31	lr:hq	clair3	2.0.3	r1041_e82_400bps_hac_v430	docker://hkubal/clair3@sha256:d56df84c2c7c508aaf0623b124d9926d366a58f34236505b26c055f848afa202	CPU: AMD EPYC 9745	sweep_best	INDEL	0	0.986111	0.950673	0.968068	14.957739	424	426	22	6
ATCC_19119__202309	Listeria ivanovii	false	hac	dna_r10.4.1_e8.2_400bps_hac@v4.3.0	10	9.98	chromosome=9.98	C	minimap2	2.31	lr:hq	clair3	2.0.3	r1041_e82_400bps_hac_v430	docker://hkubal/clair3@sha256:d56df84c2c7c508aaf0623b124d9926d366a58f34236505b26c055f848afa202	CPU: AMD EPYC 9745	sweep_best	ALL	0	0.999207	0.991571	0.995374	23.347944	8823	8821	75	7
ATCC_19119__202309	Listeria ivanovii	false	hac	dna_r10.4.1_e8.2_400bps_hac@v4.3.0	10	9.98	chromosome=9.98	C	minimap2	2.31	lr:hq	clair3	2.0.3	r1041_e82_400bps_hac_v430	docker://hkubal/clair3@sha256:d56df84c2c7c508aaf0623b124d9926d366a58f34236505b26c055f848afa202	CPU: AMD EPYC 9745	default_pass	SNP	0	0.999881	0.993610	0.996736	24.862498	8397	8393	54	1
ATCC_19119__202309	Listeria ivanovii	false	hac	dna_r10.4.1_e8.2_400bps_hac@v4.3.0	10	9.98	chromosome=9.98	C	minimap2	2.31	lr:hq	clair3	2.0.3	r1041_e82_400bps_hac_v430	docker://hkubal/clair3@sha256:d56df84c2c7c508aaf0623b124d9926d366a58f34236505b26c055f848afa202	CPU: AMD EPYC 9745	default_pass	INDEL	0	0.990544	0.934978	0.961959	14.197481	417	419	29	4
ATCC_19119__202309	Listeria ivanovii	false	hac	dna_r10.4.1_e8.2_400bps_hac@v4.3.0	10	9.98	chromosome=9.98	C	minimap2	2.31	lr:hq	clair3	2.0.3	r1041_e82_400bps_hac_v430	docker://hkubal/clair3@sha256:d56df84c2c7c508aaf0623b124d9926d366a58f34236505b26c055f848afa202	CPU: AMD EPYC 9745	default_pass	ALL	0	0.999433	0.990672	0.995033	23.039058	8815	8813	83	5
ATCC_19119__202309	Listeria ivanovii	false	hac	dna_r10.4.1_e8.2_400bps_hac@v4.3.0	10	9.98	chromosome=9.98	D	minimap2	2.31	lr:hq	dorado	2.1.2	dna_r10.4.1_e8.2_400bps_polish_bacterial_methylation_v5.0.0		NVIDIA H100 80GB HBM3	sweep_best	SNP	0	0.999408	0.999290	0.999349	31.864190	8445	8441	6	5
ATCC_19119__202309	Listeria ivanovii	false	hac	dna_r10.4.1_e8.2_400bps_hac@v4.3.0	10	9.98	chromosome=9.98	D	minimap2	2.31	lr:hq	dorado	2.1.2	dna_r10.4.1_e8.2_400bps_polish_bacterial_methylation_v5.0.0		NVIDIA H100 80GB HBM3	sweep_best	INDEL	8	0.983529	0.932735	0.957459	13.711923	416	418	30	7
ATCC_19119__202309	Listeria ivanovii	false	hac	dna_r10.4.1_e8.2_400bps_hac@v4.3.0	10	9.98	chromosome=9.98	D	minimap2	2.31	lr:hq	dorado	2.1.2	dna_r10.4.1_e8.2_400bps_polish_bacterial_methylation_v5.0.0		NVIDIA H100 80GB HBM3	sweep_best	ALL	8	0.999097	0.995280	0.997185	25.505216	8856	8854	42	8
ATCC_19119__202309	Listeria ivanovii	false	hac	dna_r10.4.1_e8.2_400bps_hac@v4.3.0	10	9.98	chromosome=9.98	D	minimap2	2.31	lr:hq	dorado	2.1.2	dna_r10.4.1_e8.2_400bps_polish_bacterial_methylation_v5.0.0		NVIDIA H100 80GB HBM3	default_pass	SNP	0	0.999408	0.999053	0.999231	31.140737	8443	8439	8	5
ATCC_19119__202309	Listeria ivanovii	false	hac	dna_r10.4.1_e8.2_400bps_hac@v4.3.0	10	9.98	chromosome=9.98	D	minimap2	2.31	lr:hq	dorado	2.1.2	dna_r10.4.1_e8.2_400bps_polish_bacterial_methylation_v5.0.0		NVIDIA H100 80GB HBM3	default_pass	INDEL	0	0.929032	0.964126	0.946254	12.696539	430	432	16	33
ATCC_19119__202309	Listeria ivanovii	false	hac	dna_r10.4.1_e8.2_400bps_hac@v4.3.0	10	9.98	chromosome=9.98	D	minimap2	2.31	lr:hq	dorado	2.1.2	dna_r10.4.1_e8.2_400bps_polish_bacterial_methylation_v5.0.0		NVIDIA H100 80GB HBM3	default_pass	ALL	0	0.995735	0.997303	0.996518	24.581712	8874	8872	24	38
ATCC_19119__202309	Listeria ivanovii	false	hac	dna_r10.4.1_e8.2_400bps_hac@v4.3.0	25	24.97	chromosome=24.97	A	minimap2	2.26	map-ont	clair3	1.0.5	r1041_e82_400bps_hac_v430	docker://quay.io/mbhall88/clair3@sha256:6a4c352e7d14ebb67bdad4be366dcbf6afa66cc7f0ee0b37a05cebe3f4754735	CPU: AMD EPYC 9745	sweep_best	SNP	1	1.000000	0.999882	0.999941	42.291480	8450	8446	1	0
ATCC_19119__202309	Listeria ivanovii	false	hac	dna_r10.4.1_e8.2_400bps_hac@v4.3.0	25	24.97	chromosome=24.97	A	minimap2	2.26	map-ont	clair3	1.0.5	r1041_e82_400bps_hac_v430	docker://quay.io/mbhall88/clair3@sha256:6a4c352e7d14ebb67bdad4be366dcbf6afa66cc7f0ee0b37a05cebe3f4754735	CPU: AMD EPYC 9745	sweep_best	INDEL	1	0.993243	0.984305	0.988754	19.490019	439	441	7	3
ATCC_19119__202309	Listeria ivanovii	false	hac	dna_r10.4.1_e8.2_400bps_hac@v4.3.0	25	24.97	chromosome=24.97	A	minimap2	2.26	map-ont	clair3	1.0.5	r1041_e82_400bps_hac_v430	docker://quay.io/mbhall88/clair3@sha256:6a4c352e7d14ebb67bdad4be366dcbf6afa66cc7f0ee0b37a05cebe3f4754735	CPU: AMD EPYC 9745	sweep_best	ALL	1	0.999663	0.999101	0.999382	32.090115	8890	8888	8	3
ATCC_19119__202309	Listeria ivanovii	false	hac	dna_r10.4.1_e8.2_400bps_hac@v4.3.0	25	24.97	chromosome=24.97	A	minimap2	2.26	map-ont	clair3	1.0.5	r1041_e82_400bps_hac_v430	docker://quay.io/mbhall88/clair3@sha256:6a4c352e7d14ebb67bdad4be366dcbf6afa66cc7f0ee0b37a05cebe3f4754735	CPU: AMD EPYC 9745	default_pass	SNP	0	0.999882	0.999882	0.999882	39.281180	8450	8446	1	1
ATCC_19119__202309	Listeria ivanovii	false	hac	dna_r10.4.1_e8.2_400bps_hac@v4.3.0	25	24.97	chromosome=24.97	A	minimap2	2.26	map-ont	clair3	1.0.5	r1041_e82_400bps_hac_v430	docker://quay.io/mbhall88/clair3@sha256:6a4c352e7d14ebb67bdad4be366dcbf6afa66cc7f0ee0b37a05cebe3f4754735	CPU: AMD EPYC 9745	default_pass	INDEL	0	0.993213	0.979821	0.986471	18.687343	437	439	9	3
ATCC_19119__202309	Listeria ivanovii	false	hac	dna_r10.4.1_e8.2_400bps_hac@v4.3.0	25	24.97	chromosome=24.97	A	minimap2	2.26	map-ont	clair3	1.0.5	r1041_e82_400bps_hac_v430	docker://quay.io/mbhall88/clair3@sha256:6a4c352e7d14ebb67bdad4be366dcbf6afa66cc7f0ee0b37a05cebe3f4754735	CPU: AMD EPYC 9745	default_pass	ALL	0	0.999550	0.998876	0.999213	31.040253	8888	8886	10	4
ATCC_19119__202309	Listeria ivanovii	false	hac	dna_r10.4.1_e8.2_400bps_hac@v4.3.0	25	24.97	chromosome=24.97	B	minimap2	2.31	lr:hq	clair3	1.0.5	r1041_e82_400bps_hac_v430	docker://quay.io/mbhall88/clair3@sha256:6a4c352e7d14ebb67bdad4be366dcbf6afa66cc7f0ee0b37a05cebe3f4754735	CPU: AMD EPYC 9745	sweep_best	SNP	1	1.000000	0.999882	0.999941	42.291480	8450	8446	1	0
ATCC_19119__202309	Listeria ivanovii	false	hac	dna_r10.4.1_e8.2_400bps_hac@v4.3.0	25	24.97	chromosome=24.97	B	minimap2	2.31	lr:hq	clair3	1.0.5	r1041_e82_400bps_hac_v430	docker://quay.io/mbhall88/clair3@sha256:6a4c352e7d14ebb67bdad4be366dcbf6afa66cc7f0ee0b37a05cebe3f4754735	CPU: AMD EPYC 9745	sweep_best	INDEL	1	0.993243	0.984305	0.988754	19.490019	439	441	7	3
ATCC_19119__202309	Listeria ivanovii	false	hac	dna_r10.4.1_e8.2_400bps_hac@v4.3.0	25	24.97	chromosome=24.97	B	minimap2	2.31	lr:hq	clair3	1.0.5	r1041_e82_400bps_hac_v430	docker://quay.io/mbhall88/clair3@sha256:6a4c352e7d14ebb67bdad4be366dcbf6afa66cc7f0ee0b37a05cebe3f4754735	CPU: AMD EPYC 9745	sweep_best	ALL	1	0.999663	0.999101	0.999382	32.090115	8890	8888	8	3
ATCC_19119__202309	Listeria ivanovii	false	hac	dna_r10.4.1_e8.2_400bps_hac@v4.3.0	25	24.97	chromosome=24.97	B	minimap2	2.31	lr:hq	clair3	1.0.5	r1041_e82_400bps_hac_v430	docker://quay.io/mbhall88/clair3@sha256:6a4c352e7d14ebb67bdad4be366dcbf6afa66cc7f0ee0b37a05cebe3f4754735	CPU: AMD EPYC 9745	default_pass	SNP	0	0.999882	0.999882	0.999882	39.281180	8450	8446	1	1
ATCC_19119__202309	Listeria ivanovii	false	hac	dna_r10.4.1_e8.2_400bps_hac@v4.3.0	25	24.97	chromosome=24.97	B	minimap2	2.31	lr:hq	clair3	1.0.5	r1041_e82_400bps_hac_v430	docker://quay.io/mbhall88/clair3@sha256:6a4c352e7d14ebb67bdad4be366dcbf6afa66cc7f0ee0b37a05cebe3f4754735	CPU: AMD EPYC 9745	default_pass	INDEL	0	0.993213	0.979821	0.986471	18.687343	437	439	9	3
ATCC_19119__202309	Listeria ivanovii	false	hac	dna_r10.4.1_e8.2_400bps_hac@v4.3.0	25	24.97	chromosome=24.97	B	minimap2	2.31	lr:hq	clair3	1.0.5	r1041_e82_400bps_hac_v430	docker://quay.io/mbhall88/clair3@sha256:6a4c352e7d14ebb67bdad4be366dcbf6afa66cc7f0ee0b37a05cebe3f4754735	CPU: AMD EPYC 9745	default_pass	ALL	0	0.999550	0.998876	0.999213	31.040253	8888	8886	10	4
ATCC_19119__202309	Listeria ivanovii	false	hac	dna_r10.4.1_e8.2_400bps_hac@v4.3.0	25	24.97	chromosome=24.97	C	minimap2	2.31	lr:hq	clair3	2.0.3	r1041_e82_400bps_hac_v430	docker://hkubal/clair3@sha256:d56df84c2c7c508aaf0623b124d9926d366a58f34236505b26c055f848afa202	CPU: AMD EPYC 9745	sweep_best	SNP	1	1.000000	0.999882	0.999941	42.291480	8450	8446	1	0
ATCC_19119__202309	Listeria ivanovii	false	hac	dna_r10.4.1_e8.2_400bps_hac@v4.3.0	25	24.97	chromosome=24.97	C	minimap2	2.31	lr:hq	clair3	2.0.3	r1041_e82_400bps_hac_v430	docker://hkubal/clair3@sha256:d56df84c2c7c508aaf0623b124d9926d366a58f34236505b26c055f848afa202	CPU: AMD EPYC 9745	sweep_best	INDEL	1	0.993243	0.984305	0.988754	19.490019	439	441	7	3
ATCC_19119__202309	Listeria ivanovii	false	hac	dna_r10.4.1_e8.2_400bps_hac@v4.3.0	25	24.97	chromosome=24.97	C	minimap2	2.31	lr:hq	clair3	2.0.3	r1041_e82_400bps_hac_v430	docker://hkubal/clair3@sha256:d56df84c2c7c508aaf0623b124d9926d366a58f34236505b26c055f848afa202	CPU: AMD EPYC 9745	sweep_best	ALL	1	0.999663	0.999101	0.999382	32.090115	8890	8888	8	3
ATCC_19119__202309	Listeria ivanovii	false	hac	dna_r10.4.1_e8.2_400bps_hac@v4.3.0	25	24.97	chromosome=24.97	C	minimap2	2.31	lr:hq	clair3	2.0.3	r1041_e82_400bps_hac_v430	docker://hkubal/clair3@sha256:d56df84c2c7c508aaf0623b124d9926d366a58f34236505b26c055f848afa202	CPU: AMD EPYC 9745	default_pass	SNP	0	0.999882	0.999882	0.999882	39.281180	8450	8446	1	1
ATCC_19119__202309	Listeria ivanovii	false	hac	dna_r10.4.1_e8.2_400bps_hac@v4.3.0	25	24.97	chromosome=24.97	C	minimap2	2.31	lr:hq	clair3	2.0.3	r1041_e82_400bps_hac_v430	docker://hkubal/clair3@sha256:d56df84c2c7c508aaf0623b124d9926d366a58f34236505b26c055f848afa202	CPU: AMD EPYC 9745	default_pass	INDEL	0	0.993213	0.979821	0.986471	18.687343	437	439	9	3
ATCC_19119__202309	Listeria ivanovii	false	hac	dna_r10.4.1_e8.2_400bps_hac@v4.3.0	25	24.97	chromosome=24.97	C	minimap2	2.31	lr:hq	clair3	2.0.3	r1041_e82_400bps_hac_v430	docker://hkubal/clair3@sha256:d56df84c2c7c508aaf0623b124d9926d366a58f34236505b26c055f848afa202	CPU: AMD EPYC 9745	default_pass	ALL	0	0.999550	0.998876	0.999213	31.040253	8888	8886	10	4
ATCC_19119__202309	Listeria ivanovii	false	hac	dna_r10.4.1_e8.2_400bps_hac@v4.3.0	25	24.97	chromosome=24.97	D	minimap2	2.31	lr:hq	dorado	2.1.2	dna_r10.4.1_e8.2_400bps_polish_bacterial_methylation_v5.0.0		NVIDIA H100 80GB HBM3	sweep_best	SNP	0	0.999882	0.999408	0.999645	34.497716	8446	8442	5	1
ATCC_19119__202309	Listeria ivanovii	false	hac	dna_r10.4.1_e8.2_400bps_hac@v4.3.0	25	24.97	chromosome=24.97	D	minimap2	2.31	lr:hq	dorado	2.1.2	dna_r10.4.1_e8.2_400bps_polish_bacterial_methylation_v5.0.0		NVIDIA H100 80GB HBM3	sweep_best	INDEL	1	0.986517	0.979821	0.983157	17.735806	437	439	9	6
ATCC_19119__202309	Listeria ivanovii	false	hac	dna_r10.4.1_e8.2_400bps_hac@v4.3.0	25	24.97	chromosome=24.97	D	minimap2	2.31	lr:hq	dorado	2.1.2	dna_r10.4.1_e8.2_400bps_polish_bacterial_methylation_v5.0.0		NVIDIA H100 80GB HBM3	sweep_best	ALL	1	0.999213	0.998427	0.998819	29.277501	8884	8882	14	7
ATCC_19119__202309	Listeria ivanovii	false	hac	dna_r10.4.1_e8.2_400bps_hac@v4.3.0	25	24.97	chromosome=24.97	D	minimap2	2.31	lr:hq	dorado	2.1.2	dna_r10.4.1_e8.2_400bps_polish_bacterial_methylation_v5.0.0		NVIDIA H100 80GB HBM3	default_pass	SNP	0	0.999882	0.999408	0.999645	34.497716	8446	8442	5	1
ATCC_19119__202309	Listeria ivanovii	false	hac	dna_r10.4.1_e8.2_400bps_hac@v4.3.0	25	24.97	chromosome=24.97	D	minimap2	2.31	lr:hq	dorado	2.1.2	dna_r10.4.1_e8.2_400bps_polish_bacterial_methylation_v5.0.0		NVIDIA H100 80GB HBM3	default_pass	INDEL	0	0.986456	0.975336	0.980865	17.181715	435	437	11	6
ATCC_19119__202309	Listeria ivanovii	false	hac	dna_r10.4.1_e8.2_400bps_hac@v4.3.0	25	24.97	chromosome=24.97	D	minimap2	2.31	lr:hq	dorado	2.1.2	dna_r10.4.1_e8.2_400bps_polish_bacterial_methylation_v5.0.0		NVIDIA H100 80GB HBM3	default_pass	ALL	0	0.999212	0.998202	0.998707	28.884015	8882	8880	16	7
ATCC_19119__202309	Listeria ivanovii	false	hac	dna_r10.4.1_e8.2_400bps_hac@v4.3.0	50	50.01	chromosome=50.01	A	minimap2	2.26	map-ont	clair3	1.0.5	r1041_e82_400bps_hac_v430	docker://quay.io/mbhall88/clair3@sha256:6a4c352e7d14ebb67bdad4be366dcbf6afa66cc7f0ee0b37a05cebe3f4754735	CPU: AMD EPYC 9745	sweep_best	SNP	3	1.000000	0.999882	0.999941	42.291480	8450	8446	1	0
ATCC_19119__202309	Listeria ivanovii	false	hac	dna_r10.4.1_e8.2_400bps_hac@v4.3.0	50	50.01	chromosome=50.01	A	minimap2	2.26	map-ont	clair3	1.0.5	r1041_e82_400bps_hac_v430	docker://quay.io/mbhall88/clair3@sha256:6a4c352e7d14ebb67bdad4be366dcbf6afa66cc7f0ee0b37a05cebe3f4754735	CPU: AMD EPYC 9745	sweep_best	INDEL	4	0.995506	0.988789	0.992136	21.043565	441	443	5	2
ATCC_19119__202309	Listeria ivanovii	false	hac	dna_r10.4.1_e8.2_400bps_hac@v4.3.0	50	50.01	chromosome=50.01	A	minimap2	2.26	map-ont	clair3	1.0.5	r1041_e82_400bps_hac_v430	docker://quay.io/mbhall88/clair3@sha256:6a4c352e7d14ebb67bdad4be366dcbf6afa66cc7f0ee0b37a05cebe3f4754735	CPU: AMD EPYC 9745	sweep_best	ALL	4	0.999775	0.999326	0.999550	33.467875	8892	8890	6	2
ATCC_19119__202309	Listeria ivanovii	false	hac	dna_r10.4.1_e8.2_400bps_hac@v4.3.0	50	50.01	chromosome=50.01	A	minimap2	2.26	map-ont	clair3	1.0.5	r1041_e82_400bps_hac_v430	docker://quay.io/mbhall88/clair3@sha256:6a4c352e7d14ebb67bdad4be366dcbf6afa66cc7f0ee0b37a05cebe3f4754735	CPU: AMD EPYC 9745	default_pass	SNP	0	0.999882	0.999882	0.999882	39.281180	8450	8446	1	1
ATCC_19119__202309	Listeria ivanovii	false	hac	dna_r10.4.1_e8.2_400bps_hac@v4.3.0	50	50.01	chromosome=50.01	A	minimap2	2.26	map-ont	clair3	1.0.5	r1041_e82_400bps_hac_v430	docker://quay.io/mbhall88/clair3@sha256:6a4c352e7d14ebb67bdad4be366dcbf6afa66cc7f0ee0b37a05cebe3f4754735	CPU: AMD EPYC 9745	default_pass	INDEL	0	0.991051	0.988789	0.989919	19.964964	441	443	5	4
ATCC_19119__202309	Listeria ivanovii	false	hac	dna_r10.4.1_e8.2_400bps_hac@v4.3.0	50	50.01	chromosome=50.01	A	minimap2	2.26	map-ont	clair3	1.0.5	r1041_e82_400bps_hac_v430	docker://quay.io/mbhall88/clair3@sha256:6a4c352e7d14ebb67bdad4be366dcbf6afa66cc7f0ee0b37a05cebe3f4754735	CPU: AMD EPYC 9745	default_pass	ALL	0	0.999438	0.999326	0.999382	32.090115	8892	8890	6	5
ATCC_19119__202309	Listeria ivanovii	false	hac	dna_r10.4.1_e8.2_400bps_hac@v4.3.0	50	50.01	chromosome=50.01	B	minimap2	2.31	lr:hq	clair3	1.0.5	r1041_e82_400bps_hac_v430	docker://quay.io/mbhall88/clair3@sha256:6a4c352e7d14ebb67bdad4be366dcbf6afa66cc7f0ee0b37a05cebe3f4754735	CPU: AMD EPYC 9745	sweep_best	SNP	3	1.000000	0.999882	0.999941	42.291480	8450	8446	1	0
ATCC_19119__202309	Listeria ivanovii	false	hac	dna_r10.4.1_e8.2_400bps_hac@v4.3.0	50	50.01	chromosome=50.01	B	minimap2	2.31	lr:hq	clair3	1.0.5	r1041_e82_400bps_hac_v430	docker://quay.io/mbhall88/clair3@sha256:6a4c352e7d14ebb67bdad4be366dcbf6afa66cc7f0ee0b37a05cebe3f4754735	CPU: AMD EPYC 9745	sweep_best	INDEL	4	0.995506	0.988789	0.992136	21.043565	441	443	5	2
ATCC_19119__202309	Listeria ivanovii	false	hac	dna_r10.4.1_e8.2_400bps_hac@v4.3.0	50	50.01	chromosome=50.01	B	minimap2	2.31	lr:hq	clair3	1.0.5	r1041_e82_400bps_hac_v430	docker://quay.io/mbhall88/clair3@sha256:6a4c352e7d14ebb67bdad4be366dcbf6afa66cc7f0ee0b37a05cebe3f4754735	CPU: AMD EPYC 9745	sweep_best	ALL	4	0.999775	0.999326	0.999550	33.467875	8892	8890	6	2
ATCC_19119__202309	Listeria ivanovii	false	hac	dna_r10.4.1_e8.2_400bps_hac@v4.3.0	50	50.01	chromosome=50.01	B	minimap2	2.31	lr:hq	clair3	1.0.5	r1041_e82_400bps_hac_v430	docker://quay.io/mbhall88/clair3@sha256:6a4c352e7d14ebb67bdad4be366dcbf6afa66cc7f0ee0b37a05cebe3f4754735	CPU: AMD EPYC 9745	default_pass	SNP	0	0.999882	0.999882	0.999882	39.281180	8450	8446	1	1
ATCC_19119__202309	Listeria ivanovii	false	hac	dna_r10.4.1_e8.2_400bps_hac@v4.3.0	50	50.01	chromosome=50.01	B	minimap2	2.31	lr:hq	clair3	1.0.5	r1041_e82_400bps_hac_v430	docker://quay.io/mbhall88/clair3@sha256:6a4c352e7d14ebb67bdad4be366dcbf6afa66cc7f0ee0b37a05cebe3f4754735	CPU: AMD EPYC 9745	default_pass	INDEL	0	0.991051	0.988789	0.989919	19.964964	441	443	5	4
ATCC_19119__202309	Listeria ivanovii	false	hac	dna_r10.4.1_e8.2_400bps_hac@v4.3.0	50	50.01	chromosome=50.01	B	minimap2	2.31	lr:hq	clair3	1.0.5	r1041_e82_400bps_hac_v430	docker://quay.io/mbhall88/clair3@sha256:6a4c352e7d14ebb67bdad4be366dcbf6afa66cc7f0ee0b37a05cebe3f4754735	CPU: AMD EPYC 9745	default_pass	ALL	0	0.999438	0.999326	0.999382	32.090115	8892	8890	6	5
ATCC_19119__202309	Listeria ivanovii	false	hac	dna_r10.4.1_e8.2_400bps_hac@v4.3.0	50	50.01	chromosome=50.01	C	minimap2	2.31	lr:hq	clair3	2.0.3	r1041_e82_400bps_hac_v430	docker://hkubal/clair3@sha256:d56df84c2c7c508aaf0623b124d9926d366a58f34236505b26c055f848afa202	CPU: AMD EPYC 9745	sweep_best	SNP	3	1.000000	0.999882	0.999941	42.291480	8450	8446	1	0
ATCC_19119__202309	Listeria ivanovii	false	hac	dna_r10.4.1_e8.2_400bps_hac@v4.3.0	50	50.01	chromosome=50.01	C	minimap2	2.31	lr:hq	clair3	2.0.3	r1041_e82_400bps_hac_v430	docker://hkubal/clair3@sha256:d56df84c2c7c508aaf0623b124d9926d366a58f34236505b26c055f848afa202	CPU: AMD EPYC 9745	sweep_best	INDEL	4	0.995506	0.988789	0.992136	21.043565	441	443	5	2
ATCC_19119__202309	Listeria ivanovii	false	hac	dna_r10.4.1_e8.2_400bps_hac@v4.3.0	50	50.01	chromosome=50.01	C	minimap2	2.31	lr:hq	clair3	2.0.3	r1041_e82_400bps_hac_v430	docker://hkubal/clair3@sha256:d56df84c2c7c508aaf0623b124d9926d366a58f34236505b26c055f848afa202	CPU: AMD EPYC 9745	sweep_best	ALL	4	0.999775	0.999326	0.999550	33.467875	8892	8890	6	2
ATCC_19119__202309	Listeria ivanovii	false	hac	dna_r10.4.1_e8.2_400bps_hac@v4.3.0	50	50.01	chromosome=50.01	C	minimap2	2.31	lr:hq	clair3	2.0.3	r1041_e82_400bps_hac_v430	docker://hkubal/clair3@sha256:d56df84c2c7c508aaf0623b124d9926d366a58f34236505b26c055f848afa202	CPU: AMD EPYC 9745	default_pass	SNP	0	0.999882	0.999882	0.999882	39.281180	8450	8446	1	1
ATCC_19119__202309	Listeria ivanovii	false	hac	dna_r10.4.1_e8.2_400bps_hac@v4.3.0	50	50.01	chromosome=50.01	C	minimap2	2.31	lr:hq	clair3	2.0.3	r1041_e82_400bps_hac_v430	docker://hkubal/clair3@sha256:d56df84c2c7c508aaf0623b124d9926d366a58f34236505b26c055f848afa202	CPU: AMD EPYC 9745	default_pass	INDEL	0	0.991051	0.988789	0.989919	19.964964	441	443	5	4
ATCC_19119__202309	Listeria ivanovii	false	hac	dna_r10.4.1_e8.2_400bps_hac@v4.3.0	50	50.01	chromosome=50.01	C	minimap2	2.31	lr:hq	clair3	2.0.3	r1041_e82_400bps_hac_v430	docker://hkubal/clair3@sha256:d56df84c2c7c508aaf0623b124d9926d366a58f34236505b26c055f848afa202	CPU: AMD EPYC 9745	default_pass	ALL	0	0.999438	0.999326	0.999382	32.090115	8892	8890	6	5
ATCC_19119__202309	Listeria ivanovii	false	hac	dna_r10.4.1_e8.2_400bps_hac@v4.3.0	50	50.01	chromosome=50.01	D	minimap2	2.31	lr:hq	dorado	2.1.2	dna_r10.4.1_e8.2_400bps_polish_bacterial_methylation_v5.0.0		NVIDIA H100 80GB HBM3	sweep_best	SNP	0	0.999882	0.999527	0.999704	35.287083	8447	8443	4	1
ATCC_19119__202309	Listeria ivanovii	false	hac	dna_r10.4.1_e8.2_400bps_hac@v4.3.0	50	50.01	chromosome=50.01	D	minimap2	2.31	lr:hq	dorado	2.1.2	dna_r10.4.1_e8.2_400bps_polish_bacterial_methylation_v5.0.0		NVIDIA H100 80GB HBM3	sweep_best	INDEL	1	0.993243	0.984305	0.988754	19.490019	439	441	7	3
ATCC_19119__202309	Listeria ivanovii	false	hac	dna_r10.4.1_e8.2_400bps_hac@v4.3.0	50	50.01	chromosome=50.01	D	minimap2	2.31	lr:hq	dorado	2.1.2	dna_r10.4.1_e8.2_400bps_polish_bacterial_methylation_v5.0.0		NVIDIA H100 80GB HBM3	sweep_best	ALL	1	0.999550	0.998764	0.999157	30.741724	8887	8885	11	4
ATCC_19119__202309	Listeria ivanovii	false	hac	dna_r10.4.1_e8.2_400bps_hac@v4.3.0	50	50.01	chromosome=50.01	D	minimap2	2.31	lr:hq	dorado	2.1.2	dna_r10.4.1_e8.2_400bps_polish_bacterial_methylation_v5.0.0		NVIDIA H100 80GB HBM3	default_pass	SNP	0	0.999882	0.999527	0.999704	35.287083	8447	8443	4	1
ATCC_19119__202309	Listeria ivanovii	false	hac	dna_r10.4.1_e8.2_400bps_hac@v4.3.0	50	50.01	chromosome=50.01	D	minimap2	2.31	lr:hq	dorado	2.1.2	dna_r10.4.1_e8.2_400bps_polish_bacterial_methylation_v5.0.0		NVIDIA H100 80GB HBM3	default_pass	INDEL	0	0.993213	0.979821	0.986471	18.687343	437	439	9	3
ATCC_19119__202309	Listeria ivanovii	false	hac	dna_r10.4.1_e8.2_400bps_hac@v4.3.0	50	50.01	chromosome=50.01	D	minimap2	2.31	lr:hq	dorado	2.1.2	dna_r10.4.1_e8.2_400bps_polish_bacterial_methylation_v5.0.0		NVIDIA H100 80GB HBM3	default_pass	ALL	0	0.999550	0.998539	0.999044	30.195421	8885	8883	13	4
ATCC_19119__202309	Listeria ivanovii	false	sup	dna_r10.4.1_e8.2_400bps_sup@v4.3.0	5	5.02	chromosome=5.02	A	minimap2	2.26	map-ont	clair3	1.0.5	r1041_e82_400bps_sup_v430	docker://quay.io/mbhall88/clair3@sha256:6a4c352e7d14ebb67bdad4be366dcbf6afa66cc7f0ee0b37a05cebe3f4754735	CPU: AMD EPYC 9745	sweep_best	SNP	1	0.999642	0.992664	0.996141	24.135252	8389	8385	62	3
ATCC_19119__202309	Listeria ivanovii	false	sup	dna_r10.4.1_e8.2_400bps_sup@v4.3.0	5	5.02	chromosome=5.02	A	minimap2	2.26	map-ont	clair3	1.0.5	r1041_e82_400bps_sup_v430	docker://quay.io/mbhall88/clair3@sha256:6a4c352e7d14ebb67bdad4be366dcbf6afa66cc7f0ee0b37a05cebe3f4754735	CPU: AMD EPYC 9745	sweep_best	INDEL	1	0.995025	0.892377	0.940909	12.284787	398	400	48	2
ATCC_19119__202309	Listeria ivanovii	false	sup	dna_r10.4.1_e8.2_400bps_sup@v4.3.0	5	5.02	chromosome=5.02	A	minimap2	2.26	map-ont	clair3	1.0.5	r1041_e82_400bps_sup_v430	docker://quay.io/mbhall88/clair3@sha256:6a4c352e7d14ebb67bdad4be366dcbf6afa66cc7f0ee0b37a05cebe3f4754735	CPU: AMD EPYC 9745	sweep_best	ALL	1	0.999431	0.987638	0.993500	21.870866	8788	8786	110	5
ATCC_19119__202309	Listeria ivanovii	false	sup	dna_r10.4.1_e8.2_400bps_sup@v4.3.0	5	5.02	chromosome=5.02	A	minimap2	2.26	map-ont	clair3	1.0.5	r1041_e82_400bps_sup_v430	docker://quay.io/mbhall88/clair3@sha256:6a4c352e7d14ebb67bdad4be366dcbf6afa66cc7f0ee0b37a05cebe3f4754735	CPU: AMD EPYC 9745	default_pass	SNP	0	0.999404	0.992545	0.995963	23.939413	8388	8384	63	5
ATCC_19119__202309	Listeria ivanovii	false	sup	dna_r10.4.1_e8.2_400bps_sup@v4.3.0	5	5.02	chromosome=5.02	A	minimap2	2.26	map-ont	clair3	1.0.5	r1041_e82_400bps_sup_v430	docker://quay.io/mbhall88/clair3@sha256:6a4c352e7d14ebb67bdad4be366dcbf6afa66cc7f0ee0b37a05cebe3f4754735	CPU: AMD EPYC 9745	default_pass	INDEL	0	0.997449	0.872197	0.930628	11.588158	389	391	57	1
ATCC_19119__202309	Listeria ivanovii	false	sup	dna_r10.4.1_e8.2_400bps_sup@v4.3.0	5	5.02	chromosome=5.02	A	minimap2	2.26	map-ont	clair3	1.0.5	r1041_e82_400bps_sup_v430	docker://quay.io/mbhall88/clair3@sha256:6a4c352e7d14ebb67bdad4be366dcbf6afa66cc7f0ee0b37a05cebe3f4754735	CPU: AMD EPYC 9745	default_pass	ALL	0	0.999317	0.986514	0.992874	21.471542	8778	8776	120	6
ATCC_19119__202309	Listeria ivanovii	false	sup	dna_r10.4.1_e8.2_400bps_sup@v4.3.0	5	5.02	chromosome=5.02	B	minimap2	2.31	lr:hq	clair3	1.0.5	r1041_e82_400bps_sup_v430	docker://quay.io/mbhall88/clair3@sha256:6a4c352e7d14ebb67bdad4be366dcbf6afa66cc7f0ee0b37a05cebe3f4754735	CPU: AMD EPYC 9745	sweep_best	SNP	1	0.999642	0.992664	0.996141	24.135252	8389	8385	62	3
ATCC_19119__202309	Listeria ivanovii	false	sup	dna_r10.4.1_e8.2_400bps_sup@v4.3.0	5	5.02	chromosome=5.02	B	minimap2	2.31	lr:hq	clair3	1.0.5	r1041_e82_400bps_sup_v430	docker://quay.io/mbhall88/clair3@sha256:6a4c352e7d14ebb67bdad4be366dcbf6afa66cc7f0ee0b37a05cebe3f4754735	CPU: AMD EPYC 9745	sweep_best	INDEL	1	0.995025	0.892377	0.940909	12.284787	398	400	48	2
ATCC_19119__202309	Listeria ivanovii	false	sup	dna_r10.4.1_e8.2_400bps_sup@v4.3.0	5	5.02	chromosome=5.02	B	minimap2	2.31	lr:hq	clair3	1.0.5	r1041_e82_400bps_sup_v430	docker://quay.io/mbhall88/clair3@sha256:6a4c352e7d14ebb67bdad4be366dcbf6afa66cc7f0ee0b37a05cebe3f4754735	CPU: AMD EPYC 9745	sweep_best	ALL	1	0.999431	0.987638	0.993500	21.870866	8788	8786	110	5
ATCC_19119__202309	Listeria ivanovii	false	sup	dna_r10.4.1_e8.2_400bps_sup@v4.3.0	5	5.02	chromosome=5.02	B	minimap2	2.31	lr:hq	clair3	1.0.5	r1041_e82_400bps_sup_v430	docker://quay.io/mbhall88/clair3@sha256:6a4c352e7d14ebb67bdad4be366dcbf6afa66cc7f0ee0b37a05cebe3f4754735	CPU: AMD EPYC 9745	default_pass	SNP	0	0.999404	0.992545	0.995963	23.939413	8388	8384	63	5
ATCC_19119__202309	Listeria ivanovii	false	sup	dna_r10.4.1_e8.2_400bps_sup@v4.3.0	5	5.02	chromosome=5.02	B	minimap2	2.31	lr:hq	clair3	1.0.5	r1041_e82_400bps_sup_v430	docker://quay.io/mbhall88/clair3@sha256:6a4c352e7d14ebb67bdad4be366dcbf6afa66cc7f0ee0b37a05cebe3f4754735	CPU: AMD EPYC 9745	default_pass	INDEL	0	0.997449	0.872197	0.930628	11.588158	389	391	57	1
ATCC_19119__202309	Listeria ivanovii	false	sup	dna_r10.4.1_e8.2_400bps_sup@v4.3.0	5	5.02	chromosome=5.02	B	minimap2	2.31	lr:hq	clair3	1.0.5	r1041_e82_400bps_sup_v430	docker://quay.io/mbhall88/clair3@sha256:6a4c352e7d14ebb67bdad4be366dcbf6afa66cc7f0ee0b37a05cebe3f4754735	CPU: AMD EPYC 9745	default_pass	ALL	0	0.999317	0.986514	0.992874	21.471542	8778	8776	120	6
ATCC_19119__202309	Listeria ivanovii	false	sup	dna_r10.4.1_e8.2_400bps_sup@v4.3.0	5	5.02	chromosome=5.02	C	minimap2	2.31	lr:hq	clair3	2.0.3	r1041_e82_400bps_sup_v430	docker://hkubal/clair3@sha256:d56df84c2c7c508aaf0623b124d9926d366a58f34236505b26c055f848afa202	CPU: AMD EPYC 9745	sweep_best	SNP	1	0.999642	0.992664	0.996141	24.135252	8389	8385	62	3
ATCC_19119__202309	Listeria ivanovii	false	sup	dna_r10.4.1_e8.2_400bps_sup@v4.3.0	5	5.02	chromosome=5.02	C	minimap2	2.31	lr:hq	clair3	2.0.3	r1041_e82_400bps_sup_v430	docker://hkubal/clair3@sha256:d56df84c2c7c508aaf0623b124d9926d366a58f34236505b26c055f848afa202	CPU: AMD EPYC 9745	sweep_best	INDEL	1	0.995025	0.892377	0.940909	12.284787	398	400	48	2
ATCC_19119__202309	Listeria ivanovii	false	sup	dna_r10.4.1_e8.2_400bps_sup@v4.3.0	5	5.02	chromosome=5.02	C	minimap2	2.31	lr:hq	clair3	2.0.3	r1041_e82_400bps_sup_v430	docker://hkubal/clair3@sha256:d56df84c2c7c508aaf0623b124d9926d366a58f34236505b26c055f848afa202	CPU: AMD EPYC 9745	sweep_best	ALL	1	0.999431	0.987638	0.993500	21.870866	8788	8786	110	5
ATCC_19119__202309	Listeria ivanovii	false	sup	dna_r10.4.1_e8.2_400bps_sup@v4.3.0	5	5.02	chromosome=5.02	C	minimap2	2.31	lr:hq	clair3	2.0.3	r1041_e82_400bps_sup_v430	docker://hkubal/clair3@sha256:d56df84c2c7c508aaf0623b124d9926d366a58f34236505b26c055f848afa202	CPU: AMD EPYC 9745	default_pass	SNP	0	0.999404	0.992545	0.995963	23.939413	8388	8384	63	5
ATCC_19119__202309	Listeria ivanovii	false	sup	dna_r10.4.1_e8.2_400bps_sup@v4.3.0	5	5.02	chromosome=5.02	C	minimap2	2.31	lr:hq	clair3	2.0.3	r1041_e82_400bps_sup_v430	docker://hkubal/clair3@sha256:d56df84c2c7c508aaf0623b124d9926d366a58f34236505b26c055f848afa202	CPU: AMD EPYC 9745	default_pass	INDEL	0	0.997449	0.872197	0.930628	11.588158	389	391	57	1
ATCC_19119__202309	Listeria ivanovii	false	sup	dna_r10.4.1_e8.2_400bps_sup@v4.3.0	5	5.02	chromosome=5.02	C	minimap2	2.31	lr:hq	clair3	2.0.3	r1041_e82_400bps_sup_v430	docker://hkubal/clair3@sha256:d56df84c2c7c508aaf0623b124d9926d366a58f34236505b26c055f848afa202	CPU: AMD EPYC 9745	default_pass	ALL	0	0.999317	0.986514	0.992874	21.471542	8778	8776	120	6
ATCC_19119__202309	Listeria ivanovii	false	sup	dna_r10.4.1_e8.2_400bps_sup@v4.3.0	5	5.02	chromosome=5.02	D	minimap2	2.31	lr:hq	dorado	2.1.2	dna_r10.4.1_e8.2_400bps_polish_bacterial_methylation_v5.0.0		NVIDIA H100 80GB HBM3	sweep_best	SNP	7	0.998340	0.997042	0.997691	26.365761	8426	8422	25	14
ATCC_19119__202309	Listeria ivanovii	false	sup	dna_r10.4.1_e8.2_400bps_sup@v4.3.0	5	5.02	chromosome=5.02	D	minimap2	2.31	lr:hq	dorado	2.1.2	dna_r10.4.1_e8.2_400bps_polish_bacterial_methylation_v5.0.0		NVIDIA H100 80GB HBM3	sweep_best	INDEL	9	0.971963	0.928251	0.949604	12.976039	414	416	32	12
ATCC_19119__202309	Listeria ivanovii	false	sup	dna_r10.4.1_e8.2_400bps_sup@v4.3.0	5	5.02	chromosome=5.02	D	minimap2	2.31	lr:hq	dorado	2.1.2	dna_r10.4.1_e8.2_400bps_polish_bacterial_methylation_v5.0.0		NVIDIA H100 80GB HBM3	sweep_best	ALL	8	0.996842	0.993482	0.995159	23.150649	8840	8838	58	28
ATCC_19119__202309	Listeria ivanovii	false	sup	dna_r10.4.1_e8.2_400bps_sup@v4.3.0	5	5.02	chromosome=5.02	D	minimap2	2.31	lr:hq	dorado	2.1.2	dna_r10.4.1_e8.2_400bps_polish_bacterial_methylation_v5.0.0		NVIDIA H100 80GB HBM3	default_pass	SNP	0	0.994574	0.998225	0.996396	24.432152	8436	8432	15	46
ATCC_19119__202309	Listeria ivanovii	false	sup	dna_r10.4.1_e8.2_400bps_sup@v4.3.0	5	5.02	chromosome=5.02	D	minimap2	2.31	lr:hq	dorado	2.1.2	dna_r10.4.1_e8.2_400bps_polish_bacterial_methylation_v5.0.0		NVIDIA H100 80GB HBM3	default_pass	INDEL	0	0.823755	0.959641	0.886521	9.450845	428	430	18	92
ATCC_19119__202309	Listeria ivanovii	false	sup	dna_r10.4.1_e8.2_400bps_sup@v4.3.0	5	5.02	chromosome=5.02	D	minimap2	2.31	lr:hq	dorado	2.1.2	dna_r10.4.1_e8.2_400bps_polish_bacterial_methylation_v5.0.0		NVIDIA H100 80GB HBM3	default_pass	ALL	0	0.984668	0.996291	0.990446	20.198148	8865	8863	33	138
ATCC_19119__202309	Listeria ivanovii	false	sup	dna_r10.4.1_e8.2_400bps_sup@v4.3.0	10	10.07	chromosome=10.07	A	minimap2	2.26	map-ont	clair3	1.0.5	r1041_e82_400bps_sup_v430	docker://quay.io/mbhall88/clair3@sha256:6a4c352e7d14ebb67bdad4be366dcbf6afa66cc7f0ee0b37a05cebe3f4754735	CPU: AMD EPYC 9745	sweep_best	SNP	0	0.999762	0.995622	0.997688	26.360122	8414	8410	37	2
ATCC_19119__202309	Listeria ivanovii	false	sup	dna_r10.4.1_e8.2_400bps_sup@v4.3.0	10	10.07	chromosome=10.07	A	minimap2	2.26	map-ont	clair3	1.0.5	r1041_e82_400bps_sup_v430	docker://quay.io/mbhall88/clair3@sha256:6a4c352e7d14ebb67bdad4be366dcbf6afa66cc7f0ee0b37a05cebe3f4754735	CPU: AMD EPYC 9745	sweep_best	INDEL	0	0.992974	0.946188	0.969017	15.088765	422	424	24	3
ATCC_19119__202309	Listeria ivanovii	false	sup	dna_r10.4.1_e8.2_400bps_sup@v4.3.0	10	10.07	chromosome=10.07	A	minimap2	2.26	map-ont	clair3	1.0.5	r1041_e82_400bps_sup_v430	docker://quay.io/mbhall88/clair3@sha256:6a4c352e7d14ebb67bdad4be366dcbf6afa66cc7f0ee0b37a05cebe3f4754735	CPU: AMD EPYC 9745	sweep_best	ALL	0	0.999434	0.993145	0.996279	24.293403	8837	8835	61	5
ATCC_19119__202309	Listeria ivanovii	false	sup	dna_r10.4.1_e8.2_400bps_sup@v4.3.0	10	10.07	chromosome=10.07	A	minimap2	2.26	map-ont	clair3	1.0.5	r1041_e82_400bps_sup_v430	docker://quay.io/mbhall88/clair3@sha256:6a4c352e7d14ebb67bdad4be366dcbf6afa66cc7f0ee0b37a05cebe3f4754735	CPU: AMD EPYC 9745	default_pass	SNP	0	0.999643	0.995740	0.997688	26.360122	8415	8411	36	3
ATCC_19119__202309	Listeria ivanovii	false	sup	dna_r10.4.1_e8.2_400bps_sup@v4.3.0	10	10.07	chromosome=10.07	A	minimap2	2.26	map-ont	clair3	1.0.5	r1041_e82_400bps_sup_v430	docker://quay.io/mbhall88/clair3@sha256:6a4c352e7d14ebb67bdad4be366dcbf6afa66cc7f0ee0b37a05cebe3f4754735	CPU: AMD EPYC 9745	default_pass	INDEL	0	0.997625	0.937220	0.966479	14.746830	418	420	28	1
ATCC_19119__202309	Listeria ivanovii	false	sup	dna_r10.4.1_e8.2_400bps_sup@v4.3.0	10	10.07	chromosome=10.07	A	minimap2	2.26	map-ont	clair3	1.0.5	r1041_e82_400bps_sup_v430	docker://quay.io/mbhall88/clair3@sha256:6a4c352e7d14ebb67bdad4be366dcbf6afa66cc7f0ee0b37a05cebe3f4754735	CPU: AMD EPYC 9745	default_pass	ALL	0	0.999547	0.992807	0.996166	24.163479	8834	8832	64	4
ATCC_19119__202309	Listeria ivanovii	false	sup	dna_r10.4.1_e8.2_400bps_sup@v4.3.0	10	10.07	chromosome=10.07	B	minimap2	2.31	lr:hq	clair3	1.0.5	r1041_e82_400bps_sup_v430	docker://quay.io/mbhall88/clair3@sha256:6a4c352e7d14ebb67bdad4be366dcbf6afa66cc7f0ee0b37a05cebe3f4754735	CPU: AMD EPYC 9745	sweep_best	SNP	0	0.999762	0.995622	0.997688	26.360122	8414	8410	37	2
ATCC_19119__202309	Listeria ivanovii	false	sup	dna_r10.4.1_e8.2_400bps_sup@v4.3.0	10	10.07	chromosome=10.07	B	minimap2	2.31	lr:hq	clair3	1.0.5	r1041_e82_400bps_sup_v430	docker://quay.io/mbhall88/clair3@sha256:6a4c352e7d14ebb67bdad4be366dcbf6afa66cc7f0ee0b37a05cebe3f4754735	CPU: AMD EPYC 9745	sweep_best	INDEL	0	0.992974	0.946188	0.969017	15.088765	422	424	24	3
ATCC_19119__202309	Listeria ivanovii	false	sup	dna_r10.4.1_e8.2_400bps_sup@v4.3.0	10	10.07	chromosome=10.07	B	minimap2	2.31	lr:hq	clair3	1.0.5	r1041_e82_400bps_sup_v430	docker://quay.io/mbhall88/clair3@sha256:6a4c352e7d14ebb67bdad4be366dcbf6afa66cc7f0ee0b37a05cebe3f4754735	CPU: AMD EPYC 9745	sweep_best	ALL	0	0.999434	0.993145	0.996279	24.293403	8837	8835	61	5
ATCC_19119__202309	Listeria ivanovii	false	sup	dna_r10.4.1_e8.2_400bps_sup@v4.3.0	10	10.07	chromosome=10.07	B	minimap2	2.31	lr:hq	clair3	1.0.5	r1041_e82_400bps_sup_v430	docker://quay.io/mbhall88/clair3@sha256:6a4c352e7d14ebb67bdad4be366dcbf6afa66cc7f0ee0b37a05cebe3f4754735	CPU: AMD EPYC 9745	default_pass	SNP	0	0.999643	0.995740	0.997688	26.360122	8415	8411	36	3
ATCC_19119__202309	Listeria ivanovii	false	sup	dna_r10.4.1_e8.2_400bps_sup@v4.3.0	10	10.07	chromosome=10.07	B	minimap2	2.31	lr:hq	clair3	1.0.5	r1041_e82_400bps_sup_v430	docker://quay.io/mbhall88/clair3@sha256:6a4c352e7d14ebb67bdad4be366dcbf6afa66cc7f0ee0b37a05cebe3f4754735	CPU: AMD EPYC 9745	default_pass	INDEL	0	0.997625	0.937220	0.966479	14.746830	418	420	28	1
ATCC_19119__202309	Listeria ivanovii	false	sup	dna_r10.4.1_e8.2_400bps_sup@v4.3.0	10	10.07	chromosome=10.07	B	minimap2	2.31	lr:hq	clair3	1.0.5	r1041_e82_400bps_sup_v430	docker://quay.io/mbhall88/clair3@sha256:6a4c352e7d14ebb67bdad4be366dcbf6afa66cc7f0ee0b37a05cebe3f4754735	CPU: AMD EPYC 9745	default_pass	ALL	0	0.999547	0.992807	0.996166	24.163479	8834	8832	64	4
ATCC_19119__202309	Listeria ivanovii	false	sup	dna_r10.4.1_e8.2_400bps_sup@v4.3.0	10	10.07	chromosome=10.07	C	minimap2	2.31	lr:hq	clair3	2.0.3	r1041_e82_400bps_sup_v430	docker://hkubal/clair3@sha256:d56df84c2c7c508aaf0623b124d9926d366a58f34236505b26c055f848afa202	CPU: AMD EPYC 9745	sweep_best	SNP	0	0.999762	0.995622	0.997688	26.360122	8414	8410	37	2
ATCC_19119__202309	Listeria ivanovii	false	sup	dna_r10.4.1_e8.2_400bps_sup@v4.3.0	10	10.07	chromosome=10.07	C	minimap2	2.31	lr:hq	clair3	2.0.3	r1041_e82_400bps_sup_v430	docker://hkubal/clair3@sha256:d56df84c2c7c508aaf0623b124d9926d366a58f34236505b26c055f848afa202	CPU: AMD EPYC 9745	sweep_best	INDEL	0	0.992974	0.946188	0.969017	15.088765	422	424	24	3
ATCC_19119__202309	Listeria ivanovii	false	sup	dna_r10.4.1_e8.2_400bps_sup@v4.3.0	10	10.07	chromosome=10.07	C	minimap2	2.31	lr:hq	clair3	2.0.3	r1041_e82_400bps_sup_v430	docker://hkubal/clair3@sha256:d56df84c2c7c508aaf0623b124d9926d366a58f34236505b26c055f848afa202	CPU: AMD EPYC 9745	sweep_best	ALL	0	0.999434	0.993145	0.996279	24.293403	8837	8835	61	5
ATCC_19119__202309	Listeria ivanovii	false	sup	dna_r10.4.1_e8.2_400bps_sup@v4.3.0	10	10.07	chromosome=10.07	C	minimap2	2.31	lr:hq	clair3	2.0.3	r1041_e82_400bps_sup_v430	docker://hkubal/clair3@sha256:d56df84c2c7c508aaf0623b124d9926d366a58f34236505b26c055f848afa202	CPU: AMD EPYC 9745	default_pass	SNP	0	0.999643	0.995740	0.997688	26.360122	8415	8411	36	3
ATCC_19119__202309	Listeria ivanovii	false	sup	dna_r10.4.1_e8.2_400bps_sup@v4.3.0	10	10.07	chromosome=10.07	C	minimap2	2.31	lr:hq	clair3	2.0.3	r1041_e82_400bps_sup_v430	docker://hkubal/clair3@sha256:d56df84c2c7c508aaf0623b124d9926d366a58f34236505b26c055f848afa202	CPU: AMD EPYC 9745	default_pass	INDEL	0	0.997625	0.937220	0.966479	14.746830	418	420	28	1
ATCC_19119__202309	Listeria ivanovii	false	sup	dna_r10.4.1_e8.2_400bps_sup@v4.3.0	10	10.07	chromosome=10.07	C	minimap2	2.31	lr:hq	clair3	2.0.3	r1041_e82_400bps_sup_v430	docker://hkubal/clair3@sha256:d56df84c2c7c508aaf0623b124d9926d366a58f34236505b26c055f848afa202	CPU: AMD EPYC 9745	default_pass	ALL	0	0.999547	0.992807	0.996166	24.163479	8834	8832	64	4
ATCC_19119__202309	Listeria ivanovii	false	sup	dna_r10.4.1_e8.2_400bps_sup@v4.3.0	10	10.07	chromosome=10.07	D	minimap2	2.31	lr:hq	dorado	2.1.2	dna_r10.4.1_e8.2_400bps_polish_bacterial_methylation_v5.0.0		NVIDIA H100 80GB HBM3	sweep_best	SNP	2	1.000000	0.999408	0.999704	35.287083	8446	8442	5	0
ATCC_19119__202309	Listeria ivanovii	false	sup	dna_r10.4.1_e8.2_400bps_sup@v4.3.0	10	10.07	chromosome=10.07	D	minimap2	2.31	lr:hq	dorado	2.1.2	dna_r10.4.1_e8.2_400bps_polish_bacterial_methylation_v5.0.0		NVIDIA H100 80GB HBM3	sweep_best	INDEL	4	0.993119	0.966368	0.979561	16.895404	431	433	15	3
ATCC_19119__202309	Listeria ivanovii	false	sup	dna_r10.4.1_e8.2_400bps_sup@v4.3.0	10	10.07	chromosome=10.07	D	minimap2	2.31	lr:hq	dorado	2.1.2	dna_r10.4.1_e8.2_400bps_polish_bacterial_methylation_v5.0.0		NVIDIA H100 80GB HBM3	sweep_best	ALL	2	0.999212	0.998089	0.998650	28.696662	8881	8879	17	7
ATCC_19119__202309	Listeria ivanovii	false	sup	dna_r10.4.1_e8.2_400bps_sup@v4.3.0	10	10.07	chromosome=10.07	D	minimap2	2.31	lr:hq	dorado	2.1.2	dna_r10.4.1_e8.2_400bps_polish_bacterial_methylation_v5.0.0		NVIDIA H100 80GB HBM3	default_pass	SNP	0	0.999882	0.999408	0.999645	34.497716	8446	8442	5	1
ATCC_19119__202309	Listeria ivanovii	false	sup	dna_r10.4.1_e8.2_400bps_sup@v4.3.0	10	10.07	chromosome=10.07	D	minimap2	2.31	lr:hq	dorado	2.1.2	dna_r10.4.1_e8.2_400bps_polish_bacterial_methylation_v5.0.0		NVIDIA H100 80GB HBM3	default_pass	INDEL	0	0.984127	0.968610	0.976307	16.253799	432	434	14	7
ATCC_19119__202309	Listeria ivanovii	false	sup	dna_r10.4.1_e8.2_400bps_sup@v4.3.0	10	10.07	chromosome=10.07	D	minimap2	2.31	lr:hq	dorado	2.1.2	dna_r10.4.1_e8.2_400bps_polish_bacterial_methylation_v5.0.0		NVIDIA H100 80GB HBM3	default_pass	ALL	0	0.999100	0.997865	0.998482	28.187282	8879	8877	19	8
ATCC_19119__202309	Listeria ivanovii	false	sup	dna_r10.4.1_e8.2_400bps_sup@v4.3.0	25	25.13	chromosome=25.13	A	minimap2	2.26	map-ont	clair3	1.0.5	r1041_e82_400bps_sup_v430	docker://quay.io/mbhall88/clair3@sha256:6a4c352e7d14ebb67bdad4be366dcbf6afa66cc7f0ee0b37a05cebe3f4754735	CPU: AMD EPYC 9745	sweep_best	SNP	1	1.000000	0.999882	0.999941	42.291480	8450	8446	1	0
ATCC_19119__202309	Listeria ivanovii	false	sup	dna_r10.4.1_e8.2_400bps_sup@v4.3.0	25	25.13	chromosome=25.13	A	minimap2	2.26	map-ont	clair3	1.0.5	r1041_e82_400bps_sup_v430	docker://quay.io/mbhall88/clair3@sha256:6a4c352e7d14ebb67bdad4be366dcbf6afa66cc7f0ee0b37a05cebe3f4754735	CPU: AMD EPYC 9745	sweep_best	INDEL	1	0.997753	0.991031	0.994381	22.503410	442	444	4	1
ATCC_19119__202309	Listeria ivanovii	false	sup	dna_r10.4.1_e8.2_400bps_sup@v4.3.0	25	25.13	chromosome=25.13	A	minimap2	2.26	map-ont	clair3	1.0.5	r1041_e82_400bps_sup_v430	docker://quay.io/mbhall88/clair3@sha256:6a4c352e7d14ebb67bdad4be366dcbf6afa66cc7f0ee0b37a05cebe3f4754735	CPU: AMD EPYC 9745	sweep_best	ALL	1	0.999888	0.999438	0.999663	34.723701	8893	8891	5	1
ATCC_19119__202309	Listeria ivanovii	false	sup	dna_r10.4.1_e8.2_400bps_sup@v4.3.0	25	25.13	chromosome=25.13	A	minimap2	2.26	map-ont	clair3	1.0.5	r1041_e82_400bps_sup_v430	docker://quay.io/mbhall88/clair3@sha256:6a4c352e7d14ebb67bdad4be366dcbf6afa66cc7f0ee0b37a05cebe3f4754735	CPU: AMD EPYC 9745	default_pass	SNP	0	0.999882	0.999882	0.999882	39.281180	8450	8446	1	1
ATCC_19119__202309	Listeria ivanovii	false	sup	dna_r10.4.1_e8.2_400bps_sup@v4.3.0	25	25.13	chromosome=25.13	A	minimap2	2.26	map-ont	clair3	1.0.5	r1041_e82_400bps_sup_v430	docker://quay.io/mbhall88/clair3@sha256:6a4c352e7d14ebb67bdad4be366dcbf6afa66cc7f0ee0b37a05cebe3f4754735	CPU: AMD EPYC 9745	default_pass	INDEL	0	0.997753	0.991031	0.994381	22.503410	442	444	4	1
ATCC_19119__202309	Listeria ivanovii	false	sup	dna_r10.4.1_e8.2_400bps_sup@v4.3.0	25	25.13	chromosome=25.13	A	minimap2	2.26	map-ont	clair3	1.0.5	r1041_e82_400bps_sup_v430	docker://quay.io/mbhall88/clair3@sha256:6a4c352e7d14ebb67bdad4be366dcbf6afa66cc7f0ee0b37a05cebe3f4754735	CPU: AMD EPYC 9745	default_pass	ALL	0	0.999775	0.999438	0.999606	34.045038	8893	8891	5	2
ATCC_19119__202309	Listeria ivanovii	false	sup	dna_r10.4.1_e8.2_400bps_sup@v4.3.0	25	25.13	chromosome=25.13	B	minimap2	2.31	lr:hq	clair3	1.0.5	r1041_e82_400bps_sup_v430	docker://quay.io/mbhall88/clair3@sha256:6a4c352e7d14ebb67bdad4be366dcbf6afa66cc7f0ee0b37a05cebe3f4754735	CPU: AMD EPYC 9745	sweep_best	SNP	1	1.000000	0.999882	0.999941	42.291480	8450	8446	1	0
ATCC_19119__202309	Listeria ivanovii	false	sup	dna_r10.4.1_e8.2_400bps_sup@v4.3.0	25	25.13	chromosome=25.13	B	minimap2	2.31	lr:hq	clair3	1.0.5	r1041_e82_400bps_sup_v430	docker://quay.io/mbhall88/clair3@sha256:6a4c352e7d14ebb67bdad4be366dcbf6afa66cc7f0ee0b37a05cebe3f4754735	CPU: AMD EPYC 9745	sweep_best	INDEL	1	0.997753	0.991031	0.994381	22.503410	442	444	4	1
ATCC_19119__202309	Listeria ivanovii	false	sup	dna_r10.4.1_e8.2_400bps_sup@v4.3.0	25	25.13	chromosome=25.13	B	minimap2	2.31	lr:hq	clair3	1.0.5	r1041_e82_400bps_sup_v430	docker://quay.io/mbhall88/clair3@sha256:6a4c352e7d14ebb67bdad4be366dcbf6afa66cc7f0ee0b37a05cebe3f4754735	CPU: AMD EPYC 9745	sweep_best	ALL	1	0.999888	0.999438	0.999663	34.723701	8893	8891	5	1
ATCC_19119__202309	Listeria ivanovii	false	sup	dna_r10.4.1_e8.2_400bps_sup@v4.3.0	25	25.13	chromosome=25.13	B	minimap2	2.31	lr:hq	clair3	1.0.5	r1041_e82_400bps_sup_v430	docker://quay.io/mbhall88/clair3@sha256:6a4c352e7d14ebb67bdad4be366dcbf6afa66cc7f0ee0b37a05cebe3f4754735	CPU: AMD EPYC 9745	default_pass	SNP	0	0.999882	0.999882	0.999882	39.281180	8450	8446	1	1
ATCC_19119__202309	Listeria ivanovii	false	sup	dna_r10.4.1_e8.2_400bps_sup@v4.3.0	25	25.13	chromosome=25.13	B	minimap2	2.31	lr:hq	clair3	1.0.5	r1041_e82_400bps_sup_v430	docker://quay.io/mbhall88/clair3@sha256:6a4c352e7d14ebb67bdad4be366dcbf6afa66cc7f0ee0b37a05cebe3f4754735	CPU: AMD EPYC 9745	default_pass	INDEL	0	0.997753	0.991031	0.994381	22.503410	442	444	4	1
ATCC_19119__202309	Listeria ivanovii	false	sup	dna_r10.4.1_e8.2_400bps_sup@v4.3.0	25	25.13	chromosome=25.13	B	minimap2	2.31	lr:hq	clair3	1.0.5	r1041_e82_400bps_sup_v430	docker://quay.io/mbhall88/clair3@sha256:6a4c352e7d14ebb67bdad4be366dcbf6afa66cc7f0ee0b37a05cebe3f4754735	CPU: AMD EPYC 9745	default_pass	ALL	0	0.999775	0.999438	0.999606	34.045038	8893	8891	5	2
ATCC_19119__202309	Listeria ivanovii	false	sup	dna_r10.4.1_e8.2_400bps_sup@v4.3.0	25	25.13	chromosome=25.13	C	minimap2	2.31	lr:hq	clair3	2.0.3	r1041_e82_400bps_sup_v430	docker://hkubal/clair3@sha256:d56df84c2c7c508aaf0623b124d9926d366a58f34236505b26c055f848afa202	CPU: AMD EPYC 9745	sweep_best	SNP	1	1.000000	0.999882	0.999941	42.291480	8450	8446	1	0
ATCC_19119__202309	Listeria ivanovii	false	sup	dna_r10.4.1_e8.2_400bps_sup@v4.3.0	25	25.13	chromosome=25.13	C	minimap2	2.31	lr:hq	clair3	2.0.3	r1041_e82_400bps_sup_v430	docker://hkubal/clair3@sha256:d56df84c2c7c508aaf0623b124d9926d366a58f34236505b26c055f848afa202	CPU: AMD EPYC 9745	sweep_best	INDEL	1	0.997753	0.991031	0.994381	22.503410	442	444	4	1
ATCC_19119__202309	Listeria ivanovii	false	sup	dna_r10.4.1_e8.2_400bps_sup@v4.3.0	25	25.13	chromosome=25.13	C	minimap2	2.31	lr:hq	clair3	2.0.3	r1041_e82_400bps_sup_v430	docker://hkubal/clair3@sha256:d56df84c2c7c508aaf0623b124d9926d366a58f34236505b26c055f848afa202	CPU: AMD EPYC 9745	sweep_best	ALL	1	0.999888	0.999438	0.999663	34.723701	8893	8891	5	1
ATCC_19119__202309	Listeria ivanovii	false	sup	dna_r10.4.1_e8.2_400bps_sup@v4.3.0	25	25.13	chromosome=25.13	C	minimap2	2.31	lr:hq	clair3	2.0.3	r1041_e82_400bps_sup_v430	docker://hkubal/clair3@sha256:d56df84c2c7c508aaf0623b124d9926d366a58f34236505b26c055f848afa202	CPU: AMD EPYC 9745	default_pass	SNP	0	0.999882	0.999882	0.999882	39.281180	8450	8446	1	1
ATCC_19119__202309	Listeria ivanovii	false	sup	dna_r10.4.1_e8.2_400bps_sup@v4.3.0	25	25.13	chromosome=25.13	C	minimap2	2.31	lr:hq	clair3	2.0.3	r1041_e82_400bps_sup_v430	docker://hkubal/clair3@sha256:d56df84c2c7c508aaf0623b124d9926d366a58f34236505b26c055f848afa202	CPU: AMD EPYC 9745	default_pass	INDEL	0	0.997753	0.991031	0.994381	22.503410	442	444	4	1
ATCC_19119__202309	Listeria ivanovii	false	sup	dna_r10.4.1_e8.2_400bps_sup@v4.3.0	25	25.13	chromosome=25.13	C	minimap2	2.31	lr:hq	clair3	2.0.3	r1041_e82_400bps_sup_v430	docker://hkubal/clair3@sha256:d56df84c2c7c508aaf0623b124d9926d366a58f34236505b26c055f848afa202	CPU: AMD EPYC 9745	default_pass	ALL	0	0.999775	0.999438	0.999606	34.045038	8893	8891	5	2
ATCC_19119__202309	Listeria ivanovii	false	sup	dna_r10.4.1_e8.2_400bps_sup@v4.3.0	25	25.13	chromosome=25.13	D	minimap2	2.31	lr:hq	dorado	2.1.2	dna_r10.4.1_e8.2_400bps_polish_bacterial_methylation_v5.0.0		NVIDIA H100 80GB HBM3	sweep_best	SNP	6	1.000000	0.999645	0.999822	37.495800	8448	8444	3	0
ATCC_19119__202309	Listeria ivanovii	false	sup	dna_r10.4.1_e8.2_400bps_sup@v4.3.0	25	25.13	chromosome=25.13	D	minimap2	2.31	lr:hq	dorado	2.1.2	dna_r10.4.1_e8.2_400bps_polish_bacterial_methylation_v5.0.0		NVIDIA H100 80GB HBM3	sweep_best	INDEL	6	0.997738	0.984305	0.990976	20.446009	439	441	7	1
ATCC_19119__202309	Listeria ivanovii	false	sup	dna_r10.4.1_e8.2_400bps_sup@v4.3.0	25	25.13	chromosome=25.13	D	minimap2	2.31	lr:hq	dorado	2.1.2	dna_r10.4.1_e8.2_400bps_polish_bacterial_methylation_v5.0.0		NVIDIA H100 80GB HBM3	sweep_best	ALL	6	0.999887	0.998876	0.999382	32.090115	8888	8886	10	1
ATCC_19119__202309	Listeria ivanovii	false	sup	dna_r10.4.1_e8.2_400bps_sup@v4.3.0	25	25.13	chromosome=25.13	D	minimap2	2.31	lr:hq	dorado	2.1.2	dna_r10.4.1_e8.2_400bps_polish_bacterial_methylation_v5.0.0		NVIDIA H100 80GB HBM3	default_pass	SNP	0	0.999882	0.999645	0.999763	36.252517	8448	8444	3	1
ATCC_19119__202309	Listeria ivanovii	false	sup	dna_r10.4.1_e8.2_400bps_sup@v4.3.0	25	25.13	chromosome=25.13	D	minimap2	2.31	lr:hq	dorado	2.1.2	dna_r10.4.1_e8.2_400bps_polish_bacterial_methylation_v5.0.0		NVIDIA H100 80GB HBM3	default_pass	INDEL	0	0.991031	0.986547	0.988784	19.501620	440	442	6	4
ATCC_19119__202309	Listeria ivanovii	false	sup	dna_r10.4.1_e8.2_400bps_sup@v4.3.0	25	25.13	chromosome=25.13	D	minimap2	2.31	lr:hq	dorado	2.1.2	dna_r10.4.1_e8.2_400bps_polish_bacterial_methylation_v5.0.0		NVIDIA H100 80GB HBM3	default_pass	ALL	0	0.999438	0.998989	0.999213	31.040253	8889	8887	9	5
ATCC_19119__202309	Listeria ivanovii	false	sup	dna_r10.4.1_e8.2_400bps_sup@v4.3.0	50	50.19	chromosome=50.19	A	minimap2	2.26	map-ont	clair3	1.0.5	r1041_e82_400bps_sup_v430	docker://quay.io/mbhall88/clair3@sha256:6a4c352e7d14ebb67bdad4be366dcbf6afa66cc7f0ee0b37a05cebe3f4754735	CPU: AMD EPYC 9745	sweep_best	SNP	0	0.999882	0.999763	0.999822	37.495800	8449	8445	2	1
ATCC_19119__202309	Listeria ivanovii	false	sup	dna_r10.4.1_e8.2_400bps_sup@v4.3.0	50	50.19	chromosome=50.19	A	minimap2	2.26	map-ont	clair3	1.0.5	r1041_e82_400bps_sup_v430	docker://quay.io/mbhall88/clair3@sha256:6a4c352e7d14ebb67bdad4be366dcbf6afa66cc7f0ee0b37a05cebe3f4754735	CPU: AMD EPYC 9745	sweep_best	INDEL	6	0.997753	0.991031	0.994381	22.503410	442	444	4	1
ATCC_19119__202309	Listeria ivanovii	false	sup	dna_r10.4.1_e8.2_400bps_sup@v4.3.0	50	50.19	chromosome=50.19	A	minimap2	2.26	map-ont	clair3	1.0.5	r1041_e82_400bps_sup_v430	docker://quay.io/mbhall88/clair3@sha256:6a4c352e7d14ebb67bdad4be366dcbf6afa66cc7f0ee0b37a05cebe3f4754735	CPU: AMD EPYC 9745	sweep_best	ALL	6	0.999775	0.999326	0.999550	33.467875	8892	8890	6	2
ATCC_19119__202309	Listeria ivanovii	false	sup	dna_r10.4.1_e8.2_400bps_sup@v4.3.0	50	50.19	chromosome=50.19	A	minimap2	2.26	map-ont	clair3	1.0.5	r1041_e82_400bps_sup_v430	docker://quay.io/mbhall88/clair3@sha256:6a4c352e7d14ebb67bdad4be366dcbf6afa66cc7f0ee0b37a05cebe3f4754735	CPU: AMD EPYC 9745	default_pass	SNP	0	0.999882	0.999763	0.999822	37.495800	8449	8445	2	1
ATCC_19119__202309	Listeria ivanovii	false	sup	dna_r10.4.1_e8.2_400bps_sup@v4.3.0	50	50.19	chromosome=50.19	A	minimap2	2.26	map-ont	clair3	1.0.5	r1041_e82_400bps_sup_v430	docker://quay.io/mbhall88/clair3@sha256:6a4c352e7d14ebb67bdad4be366dcbf6afa66cc7f0ee0b37a05cebe3f4754735	CPU: AMD EPYC 9745	default_pass	INDEL	0	0.995516	0.991031	0.993268	21.718559	442	444	4	2
ATCC_19119__202309	Listeria ivanovii	false	sup	dna_r10.4.1_e8.2_400bps_sup@v4.3.0	50	50.19	chromosome=50.19	A	minimap2	2.26	map-ont	clair3	1.0.5	r1041_e82_400bps_sup_v430	docker://quay.io/mbhall88/clair3@sha256:6a4c352e7d14ebb67bdad4be366dcbf6afa66cc7f0ee0b37a05cebe3f4754735	CPU: AMD EPYC 9745	default_pass	ALL	0	0.999663	0.999326	0.999494	32.958495	8892	8890	6	3
ATCC_19119__202309	Listeria ivanovii	false	sup	dna_r10.4.1_e8.2_400bps_sup@v4.3.0	50	50.19	chromosome=50.19	B	minimap2	2.31	lr:hq	clair3	1.0.5	r1041_e82_400bps_sup_v430	docker://quay.io/mbhall88/clair3@sha256:6a4c352e7d14ebb67bdad4be366dcbf6afa66cc7f0ee0b37a05cebe3f4754735	CPU: AMD EPYC 9745	sweep_best	SNP	0	0.999882	0.999763	0.999822	37.495800	8449	8445	2	1
ATCC_19119__202309	Listeria ivanovii	false	sup	dna_r10.4.1_e8.2_400bps_sup@v4.3.0	50	50.19	chromosome=50.19	B	minimap2	2.31	lr:hq	clair3	1.0.5	r1041_e82_400bps_sup_v430	docker://quay.io/mbhall88/clair3@sha256:6a4c352e7d14ebb67bdad4be366dcbf6afa66cc7f0ee0b37a05cebe3f4754735	CPU: AMD EPYC 9745	sweep_best	INDEL	6	0.997753	0.991031	0.994381	22.503410	442	444	4	1
ATCC_19119__202309	Listeria ivanovii	false	sup	dna_r10.4.1_e8.2_400bps_sup@v4.3.0	50	50.19	chromosome=50.19	B	minimap2	2.31	lr:hq	clair3	1.0.5	r1041_e82_400bps_sup_v430	docker://quay.io/mbhall88/clair3@sha256:6a4c352e7d14ebb67bdad4be366dcbf6afa66cc7f0ee0b37a05cebe3f4754735	CPU: AMD EPYC 9745	sweep_best	ALL	6	0.999775	0.999326	0.999550	33.467875	8892	8890	6	2
ATCC_19119__202309	Listeria ivanovii	false	sup	dna_r10.4.1_e8.2_400bps_sup@v4.3.0	50	50.19	chromosome=50.19	B	minimap2	2.31	lr:hq	clair3	1.0.5	r1041_e82_400bps_sup_v430	docker://quay.io/mbhall88/clair3@sha256:6a4c352e7d14ebb67bdad4be366dcbf6afa66cc7f0ee0b37a05cebe3f4754735	CPU: AMD EPYC 9745	default_pass	SNP	0	0.999882	0.999763	0.999822	37.495800	8449	8445	2	1
ATCC_19119__202309	Listeria ivanovii	false	sup	dna_r10.4.1_e8.2_400bps_sup@v4.3.0	50	50.19	chromosome=50.19	B	minimap2	2.31	lr:hq	clair3	1.0.5	r1041_e82_400bps_sup_v430	docker://quay.io/mbhall88/clair3@sha256:6a4c352e7d14ebb67bdad4be366dcbf6afa66cc7f0ee0b37a05cebe3f4754735	CPU: AMD EPYC 9745	default_pass	INDEL	0	0.995516	0.991031	0.993268	21.718559	442	444	4	2
ATCC_19119__202309	Listeria ivanovii	false	sup	dna_r10.4.1_e8.2_400bps_sup@v4.3.0	50	50.19	chromosome=50.19	B	minimap2	2.31	lr:hq	clair3	1.0.5	r1041_e82_400bps_sup_v430	docker://quay.io/mbhall88/clair3@sha256:6a4c352e7d14ebb67bdad4be366dcbf6afa66cc7f0ee0b37a05cebe3f4754735	CPU: AMD EPYC 9745	default_pass	ALL	0	0.999663	0.999326	0.999494	32.958495	8892	8890	6	3
ATCC_19119__202309	Listeria ivanovii	false	sup	dna_r10.4.1_e8.2_400bps_sup@v4.3.0	50	50.19	chromosome=50.19	C	minimap2	2.31	lr:hq	clair3	2.0.3	r1041_e82_400bps_sup_v430	docker://hkubal/clair3@sha256:d56df84c2c7c508aaf0623b124d9926d366a58f34236505b26c055f848afa202	CPU: AMD EPYC 9745	sweep_best	SNP	0	0.999882	0.999763	0.999822	37.495800	8449	8445	2	1
ATCC_19119__202309	Listeria ivanovii	false	sup	dna_r10.4.1_e8.2_400bps_sup@v4.3.0	50	50.19	chromosome=50.19	C	minimap2	2.31	lr:hq	clair3	2.0.3	r1041_e82_400bps_sup_v430	docker://hkubal/clair3@sha256:d56df84c2c7c508aaf0623b124d9926d366a58f34236505b26c055f848afa202	CPU: AMD EPYC 9745	sweep_best	INDEL	6	0.997753	0.991031	0.994381	22.503410	442	444	4	1
ATCC_19119__202309	Listeria ivanovii	false	sup	dna_r10.4.1_e8.2_400bps_sup@v4.3.0	50	50.19	chromosome=50.19	C	minimap2	2.31	lr:hq	clair3	2.0.3	r1041_e82_400bps_sup_v430	docker://hkubal/clair3@sha256:d56df84c2c7c508aaf0623b124d9926d366a58f34236505b26c055f848afa202	CPU: AMD EPYC 9745	sweep_best	ALL	6	0.999775	0.999326	0.999550	33.467875	8892	8890	6	2
ATCC_19119__202309	Listeria ivanovii	false	sup	dna_r10.4.1_e8.2_400bps_sup@v4.3.0	50	50.19	chromosome=50.19	C	minimap2	2.31	lr:hq	clair3	2.0.3	r1041_e82_400bps_sup_v430	docker://hkubal/clair3@sha256:d56df84c2c7c508aaf0623b124d9926d366a58f34236505b26c055f848afa202	CPU: AMD EPYC 9745	default_pass	SNP	0	0.999882	0.999763	0.999822	37.495800	8449	8445	2	1
ATCC_19119__202309	Listeria ivanovii	false	sup	dna_r10.4.1_e8.2_400bps_sup@v4.3.0	50	50.19	chromosome=50.19	C	minimap2	2.31	lr:hq	clair3	2.0.3	r1041_e82_400bps_sup_v430	docker://hkubal/clair3@sha256:d56df84c2c7c508aaf0623b124d9926d366a58f34236505b26c055f848afa202	CPU: AMD EPYC 9745	default_pass	INDEL	0	0.995516	0.991031	0.993268	21.718559	442	444	4	2
ATCC_19119__202309	Listeria ivanovii	false	sup	dna_r10.4.1_e8.2_400bps_sup@v4.3.0	50	50.19	chromosome=50.19	C	minimap2	2.31	lr:hq	clair3	2.0.3	r1041_e82_400bps_sup_v430	docker://hkubal/clair3@sha256:d56df84c2c7c508aaf0623b124d9926d366a58f34236505b26c055f848afa202	CPU: AMD EPYC 9745	default_pass	ALL	0	0.999663	0.999326	0.999494	32.958495	8892	8890	6	3
ATCC_19119__202309	Listeria ivanovii	false	sup	dna_r10.4.1_e8.2_400bps_sup@v4.3.0	50	50.19	chromosome=50.19	D	minimap2	2.31	lr:hq	dorado	2.1.2	dna_r10.4.1_e8.2_400bps_polish_bacterial_methylation_v5.0.0		NVIDIA H100 80GB HBM3	sweep_best	SNP	3	1.000000	0.999645	0.999822	37.495800	8448	8444	3	0
ATCC_19119__202309	Listeria ivanovii	false	sup	dna_r10.4.1_e8.2_400bps_sup@v4.3.0	50	50.19	chromosome=50.19	D	minimap2	2.31	lr:hq	dorado	2.1.2	dna_r10.4.1_e8.2_400bps_polish_bacterial_methylation_v5.0.0		NVIDIA H100 80GB HBM3	sweep_best	INDEL	3	0.995516	0.991031	0.993268	21.718559	442	444	4	2
ATCC_19119__202309	Listeria ivanovii	false	sup	dna_r10.4.1_e8.2_400bps_sup@v4.3.0	50	50.19	chromosome=50.19	D	minimap2	2.31	lr:hq	dorado	2.1.2	dna_r10.4.1_e8.2_400bps_polish_bacterial_methylation_v5.0.0		NVIDIA H100 80GB HBM3	sweep_best	ALL	3	0.999775	0.999213	0.999494	32.958495	8891	8889	7	2
ATCC_19119__202309	Listeria ivanovii	false	sup	dna_r10.4.1_e8.2_400bps_sup@v4.3.0	50	50.19	chromosome=50.19	D	minimap2	2.31	lr:hq	dorado	2.1.2	dna_r10.4.1_e8.2_400bps_polish_bacterial_methylation_v5.0.0		NVIDIA H100 80GB HBM3	default_pass	SNP	0	0.999882	0.999645	0.999763	36.252517	8448	8444	3	1
ATCC_19119__202309	Listeria ivanovii	false	sup	dna_r10.4.1_e8.2_400bps_sup@v4.3.0	50	50.19	chromosome=50.19	D	minimap2	2.31	lr:hq	dorado	2.1.2	dna_r10.4.1_e8.2_400bps_polish_bacterial_methylation_v5.0.0		NVIDIA H100 80GB HBM3	default_pass	INDEL	0	0.995516	0.991031	0.993268	21.718559	442	444	4	2
ATCC_19119__202309	Listeria ivanovii	false	sup	dna_r10.4.1_e8.2_400bps_sup@v4.3.0	50	50.19	chromosome=50.19	D	minimap2	2.31	lr:hq	dorado	2.1.2	dna_r10.4.1_e8.2_400bps_polish_bacterial_methylation_v5.0.0		NVIDIA H100 80GB HBM3	default_pass	ALL	0	0.999663	0.999213	0.999438	32.502637	8891	8889	7	3
ATCC_35897__202309	Listeria welshimeri	false	hac	dna_r10.4.1_e8.2_400bps_hac@v4.3.0	5	5.00	chromosome=5.00	A	minimap2	2.26	map-ont	clair3	1.0.5	r1041_e82_400bps_hac_v430	docker://quay.io/mbhall88/clair3@sha256:6a4c352e7d14ebb67bdad4be366dcbf6afa66cc7f0ee0b37a05cebe3f4754735	CPU: AMD EPYC 9745	sweep_best	SNP	0	0.999046	0.988380	0.993684	21.995579	16756	16750	197	16
ATCC_35897__202309	Listeria welshimeri	false	hac	dna_r10.4.1_e8.2_400bps_hac@v4.3.0	5	5.00	chromosome=5.00	A	minimap2	2.26	map-ont	clair3	1.0.5	r1041_e82_400bps_hac_v430	docker://quay.io/mbhall88/clair3@sha256:6a4c352e7d14ebb67bdad4be366dcbf6afa66cc7f0ee0b37a05cebe3f4754735	CPU: AMD EPYC 9745	sweep_best	INDEL	0	0.932271	0.878327	0.904495	10.199739	231	234	32	17
ATCC_35897__202309	Listeria welshimeri	false	hac	dna_r10.4.1_e8.2_400bps_hac@v4.3.0	5	5.00	chromosome=5.00	A	minimap2	2.26	map-ont	clair3	1.0.5	r1041_e82_400bps_hac_v430	docker://quay.io/mbhall88/clair3@sha256:6a4c352e7d14ebb67bdad4be366dcbf6afa66cc7f0ee0b37a05cebe3f4754735	CPU: AMD EPYC 9745	sweep_best	ALL	1	0.998823	0.986001	0.992371	21.175324	16975	16972	241	20
ATCC_35897__202309	Listeria welshimeri	false	hac	dna_r10.4.1_e8.2_400bps_hac@v4.3.0	5	5.00	chromosome=5.00	A	minimap2	2.26	map-ont	clair3	1.0.5	r1041_e82_400bps_hac_v430	docker://quay.io/mbhall88/clair3@sha256:6a4c352e7d14ebb67bdad4be366dcbf6afa66cc7f0ee0b37a05cebe3f4754735	CPU: AMD EPYC 9745	default_pass	SNP	0	0.998986	0.988203	0.993565	21.914514	16753	16747	200	17
ATCC_35897__202309	Listeria welshimeri	false	hac	dna_r10.4.1_e8.2_400bps_hac@v4.3.0	5	5.00	chromosome=5.00	A	minimap2	2.26	map-ont	clair3	1.0.5	r1041_e82_400bps_hac_v430	docker://quay.io/mbhall88/clair3@sha256:6a4c352e7d14ebb67bdad4be366dcbf6afa66cc7f0ee0b37a05cebe3f4754735	CPU: AMD EPYC 9745	default_pass	INDEL	0	0.990826	0.809886	0.891265	9.636306	213	216	50	2
ATCC_35897__202309	Listeria welshimeri	false	hac	dna_r10.4.1_e8.2_400bps_hac@v4.3.0	5	5.00	chromosome=5.00	A	minimap2	2.26	map-ont	clair3	1.0.5	r1041_e82_400bps_hac_v430	docker://quay.io/mbhall88/clair3@sha256:6a4c352e7d14ebb67bdad4be366dcbf6afa66cc7f0ee0b37a05cebe3f4754735	CPU: AMD EPYC 9745	default_pass	ALL	0	0.998881	0.985479	0.992135	21.043013	16966	16963	250	19
ATCC_35897__202309	Listeria welshimeri	false	hac	dna_r10.4.1_e8.2_400bps_hac@v4.3.0	5	5.00	chromosome=5.00	B	minimap2	2.31	lr:hq	clair3	1.0.5	r1041_e82_400bps_hac_v430	docker://quay.io/mbhall88/clair3@sha256:6a4c352e7d14ebb67bdad4be366dcbf6afa66cc7f0ee0b37a05cebe3f4754735	CPU: AMD EPYC 9745	sweep_best	SNP	0	0.999046	0.988439	0.993714	22.016256	16757	16751	196	16
ATCC_35897__202309	Listeria welshimeri	false	hac	dna_r10.4.1_e8.2_400bps_hac@v4.3.0	5	5.00	chromosome=5.00	B	minimap2	2.31	lr:hq	clair3	1.0.5	r1041_e82_400bps_hac_v430	docker://quay.io/mbhall88/clair3@sha256:6a4c352e7d14ebb67bdad4be366dcbf6afa66cc7f0ee0b37a05cebe3f4754735	CPU: AMD EPYC 9745	sweep_best	INDEL	0	0.932271	0.878327	0.904495	10.199739	231	234	32	17
ATCC_35897__202309	Listeria welshimeri	false	hac	dna_r10.4.1_e8.2_400bps_hac@v4.3.0	5	5.00	chromosome=5.00	B	minimap2	2.31	lr:hq	clair3	1.0.5	r1041_e82_400bps_hac_v430	docker://quay.io/mbhall88/clair3@sha256:6a4c352e7d14ebb67bdad4be366dcbf6afa66cc7f0ee0b37a05cebe3f4754735	CPU: AMD EPYC 9745	sweep_best	ALL	1	0.998823	0.986059	0.992400	21.191864	16976	16973	240	20
ATCC_35897__202309	Listeria welshimeri	false	hac	dna_r10.4.1_e8.2_400bps_hac@v4.3.0	5	5.00	chromosome=5.00	B	minimap2	2.31	lr:hq	clair3	1.0.5	r1041_e82_400bps_hac_v430	docker://quay.io/mbhall88/clair3@sha256:6a4c352e7d14ebb67bdad4be366dcbf6afa66cc7f0ee0b37a05cebe3f4754735	CPU: AMD EPYC 9745	default_pass	SNP	0	0.998986	0.988262	0.993595	21.934809	16754	16748	199	17
ATCC_35897__202309	Listeria welshimeri	false	hac	dna_r10.4.1_e8.2_400bps_hac@v4.3.0	5	5.00	chromosome=5.00	B	minimap2	2.31	lr:hq	clair3	1.0.5	r1041_e82_400bps_hac_v430	docker://quay.io/mbhall88/clair3@sha256:6a4c352e7d14ebb67bdad4be366dcbf6afa66cc7f0ee0b37a05cebe3f4754735	CPU: AMD EPYC 9745	default_pass	INDEL	0	0.990826	0.809886	0.891265	9.636306	213	216	50	2
ATCC_35897__202309	Listeria welshimeri	false	hac	dna_r10.4.1_e8.2_400bps_hac@v4.3.0	5	5.00	chromosome=5.00	B	minimap2	2.31	lr:hq	clair3	1.0.5	r1041_e82_400bps_hac_v430	docker://quay.io/mbhall88/clair3@sha256:6a4c352e7d14ebb67bdad4be366dcbf6afa66cc7f0ee0b37a05cebe3f4754735	CPU: AMD EPYC 9745	default_pass	ALL	0	0.998881	0.985537	0.992164	21.059056	16967	16964	249	19
ATCC_35897__202309	Listeria welshimeri	false	hac	dna_r10.4.1_e8.2_400bps_hac@v4.3.0	5	5.00	chromosome=5.00	C	minimap2	2.31	lr:hq	clair3	2.0.3	r1041_e82_400bps_hac_v430	docker://hkubal/clair3@sha256:d56df84c2c7c508aaf0623b124d9926d366a58f34236505b26c055f848afa202	CPU: AMD EPYC 9745	sweep_best	SNP	0	0.999046	0.988439	0.993714	22.016256	16757	16751	196	16
ATCC_35897__202309	Listeria welshimeri	false	hac	dna_r10.4.1_e8.2_400bps_hac@v4.3.0	5	5.00	chromosome=5.00	C	minimap2	2.31	lr:hq	clair3	2.0.3	r1041_e82_400bps_hac_v430	docker://hkubal/clair3@sha256:d56df84c2c7c508aaf0623b124d9926d366a58f34236505b26c055f848afa202	CPU: AMD EPYC 9745	sweep_best	INDEL	0	0.932271	0.878327	0.904495	10.199739	231	234	32	17
ATCC_35897__202309	Listeria welshimeri	false	hac	dna_r10.4.1_e8.2_400bps_hac@v4.3.0	5	5.00	chromosome=5.00	C	minimap2	2.31	lr:hq	clair3	2.0.3	r1041_e82_400bps_hac_v430	docker://hkubal/clair3@sha256:d56df84c2c7c508aaf0623b124d9926d366a58f34236505b26c055f848afa202	CPU: AMD EPYC 9745	sweep_best	ALL	1	0.998823	0.986059	0.992400	21.191864	16976	16973	240	20
ATCC_35897__202309	Listeria welshimeri	false	hac	dna_r10.4.1_e8.2_400bps_hac@v4.3.0	5	5.00	chromosome=5.00	C	minimap2	2.31	lr:hq	clair3	2.0.3	r1041_e82_400bps_hac_v430	docker://hkubal/clair3@sha256:d56df84c2c7c508aaf0623b124d9926d366a58f34236505b26c055f848afa202	CPU: AMD EPYC 9745	default_pass	SNP	0	0.998986	0.988262	0.993595	21.934809	16754	16748	199	17
ATCC_35897__202309	Listeria welshimeri	false	hac	dna_r10.4.1_e8.2_400bps_hac@v4.3.0	5	5.00	chromosome=5.00	C	minimap2	2.31	lr:hq	clair3	2.0.3	r1041_e82_400bps_hac_v430	docker://hkubal/clair3@sha256:d56df84c2c7c508aaf0623b124d9926d366a58f34236505b26c055f848afa202	CPU: AMD EPYC 9745	default_pass	INDEL	0	0.990826	0.809886	0.891265	9.636306	213	216	50	2
ATCC_35897__202309	Listeria welshimeri	false	hac	dna_r10.4.1_e8.2_400bps_hac@v4.3.0	5	5.00	chromosome=5.00	C	minimap2	2.31	lr:hq	clair3	2.0.3	r1041_e82_400bps_hac_v430	docker://hkubal/clair3@sha256:d56df84c2c7c508aaf0623b124d9926d366a58f34236505b26c055f848afa202	CPU: AMD EPYC 9745	default_pass	ALL	0	0.998881	0.985537	0.992164	21.059056	16967	16964	249	19
ATCC_35897__202309	Listeria welshimeri	false	hac	dna_r10.4.1_e8.2_400bps_hac@v4.3.0	5	5.00	chromosome=5.00	D	minimap2	2.31	lr:hq	dorado	2.1.2	dna_r10.4.1_e8.2_400bps_polish_bacterial_methylation_v5.0.0		NVIDIA H100 80GB HBM3	sweep_best	SNP	8	0.996450	0.993747	0.995097	23.095381	16847	16843	106	60
ATCC_35897__202309	Listeria welshimeri	false	hac	dna_r10.4.1_e8.2_400bps_hac@v4.3.0	5	5.00	chromosome=5.00	D	minimap2	2.31	lr:hq	dorado	2.1.2	dna_r10.4.1_e8.2_400bps_polish_bacterial_methylation_v5.0.0		NVIDIA H100 80GB HBM3	sweep_best	INDEL	11	0.854902	0.821293	0.837760	7.898421	216	218	47	37
ATCC_35897__202309	Listeria welshimeri	false	hac	dna_r10.4.1_e8.2_400bps_hac@v4.3.0	5	5.00	chromosome=5.00	D	minimap2	2.31	lr:hq	dorado	2.1.2	dna_r10.4.1_e8.2_400bps_polish_bacterial_methylation_v5.0.0		NVIDIA H100 80GB HBM3	sweep_best	ALL	11	0.995903	0.988441	0.992158	21.055732	17017	17015	199	70
ATCC_35897__202309	Listeria welshimeri	false	hac	dna_r10.4.1_e8.2_400bps_hac@v4.3.0	5	5.00	chromosome=5.00	D	minimap2	2.31	lr:hq	dorado	2.1.2	dna_r10.4.1_e8.2_400bps_polish_bacterial_methylation_v5.0.0		NVIDIA H100 80GB HBM3	default_pass	SNP	0	0.989807	0.996874	0.993328	21.757440	16900	16896	53	174
ATCC_35897__202309	Listeria welshimeri	false	hac	dna_r10.4.1_e8.2_400bps_hac@v4.3.0	5	5.00	chromosome=5.00	D	minimap2	2.31	lr:hq	dorado	2.1.2	dna_r10.4.1_e8.2_400bps_polish_bacterial_methylation_v5.0.0		NVIDIA H100 80GB HBM3	default_pass	INDEL	0	0.384013	0.923954	0.542537	3.396440	243	245	20	393
ATCC_35897__202309	Listeria welshimeri	false	hac	dna_r10.4.1_e8.2_400bps_hac@v4.3.0	5	5.00	chromosome=5.00	D	minimap2	2.31	lr:hq	dorado	2.1.2	dna_r10.4.1_e8.2_400bps_polish_bacterial_methylation_v5.0.0		NVIDIA H100 80GB HBM3	default_pass	ALL	0	0.967981	0.995760	0.981674	17.369323	17143	17141	73	567
ATCC_35897__202309	Listeria welshimeri	false	hac	dna_r10.4.1_e8.2_400bps_hac@v4.3.0	10	9.97	chromosome=9.97	A	minimap2	2.26	map-ont	clair3	1.0.5	r1041_e82_400bps_hac_v430	docker://quay.io/mbhall88/clair3@sha256:6a4c352e7d14ebb67bdad4be366dcbf6afa66cc7f0ee0b37a05cebe3f4754735	CPU: AMD EPYC 9745	sweep_best	SNP	0	0.999941	0.995812	0.997872	26.720284	16882	16876	71	1
ATCC_35897__202309	Listeria welshimeri	false	hac	dna_r10.4.1_e8.2_400bps_hac@v4.3.0	10	9.97	chromosome=9.97	A	minimap2	2.26	map-ont	clair3	1.0.5	r1041_e82_400bps_hac_v430	docker://quay.io/mbhall88/clair3@sha256:6a4c352e7d14ebb67bdad4be366dcbf6afa66cc7f0ee0b37a05cebe3f4754735	CPU: AMD EPYC 9745	sweep_best	INDEL	0	0.976654	0.942966	0.959514	13.926951	248	251	15	6
ATCC_35897__202309	Listeria welshimeri	false	hac	dna_r10.4.1_e8.2_400bps_hac@v4.3.0	10	9.97	chromosome=9.97	A	minimap2	2.26	map-ont	clair3	1.0.5	r1041_e82_400bps_hac_v430	docker://quay.io/mbhall88/clair3@sha256:6a4c352e7d14ebb67bdad4be366dcbf6afa66cc7f0ee0b37a05cebe3f4754735	CPU: AMD EPYC 9745	sweep_best	ALL	0	0.999591	0.995005	0.997293	25.675117	17130	17127	86	7
ATCC_35897__202309	Listeria welshimeri	false	hac	dna_r10.4.1_e8.2_400bps_hac@v4.3.0	10	9.97	chromosome=9.97	A	minimap2	2.26	map-ont	clair3	1.0.5	r1041_e82_400bps_hac_v430	docker://quay.io/mbhall88/clair3@sha256:6a4c352e7d14ebb67bdad4be366dcbf6afa66cc7f0ee0b37a05cebe3f4754735	CPU: AMD EPYC 9745	default_pass	SNP	0	0.999941	0.995812	0.997872	26.720284	16882	16876	71	1
ATCC_35897__202309	Listeria welshimeri	false	hac	dna_r10.4.1_e8.2_400bps_hac@v4.3.0	10	9.97	chromosome=9.97	A	minimap2	2.26	map-ont	clair3	1.0.5	r1041_e82_400bps_hac_v430	docker://quay.io/mbhall88/clair3@sha256:6a4c352e7d14ebb67bdad4be366dcbf6afa66cc7f0ee0b37a05cebe3f4754735	CPU: AMD EPYC 9745	default_pass	INDEL	0	0.987952	0.923954	0.954882	13.456502	243	246	20	3
ATCC_35897__202309	Listeria welshimeri	false	hac	dna_r10.4.1_e8.2_400bps_hac@v4.3.0	10	9.97	chromosome=9.97	A	minimap2	2.26	map-ont	clair3	1.0.5	r1041_e82_400bps_hac_v430	docker://quay.io/mbhall88/clair3@sha256:6a4c352e7d14ebb67bdad4be366dcbf6afa66cc7f0ee0b37a05cebe3f4754735	CPU: AMD EPYC 9745	default_pass	ALL	0	0.999766	0.994714	0.997234	25.581478	17125	17122	91	4
ATCC_35897__202309	Listeria welshimeri	false	hac	dna_r10.4.1_e8.2_400bps_hac@v4.3.0	10	9.97	chromosome=9.97	B	minimap2	2.31	lr:hq	clair3	1.0.5	r1041_e82_400bps_hac_v430	docker://quay.io/mbhall88/clair3@sha256:6a4c352e7d14ebb67bdad4be366dcbf6afa66cc7f0ee0b37a05cebe3f4754735	CPU: AMD EPYC 9745	sweep_best	SNP	0	0.999941	0.995930	0.997931	26.842395	16884	16878	69	1
ATCC_35897__202309	Listeria welshimeri	false	hac	dna_r10.4.1_e8.2_400bps_hac@v4.3.0	10	9.97	chromosome=9.97	B	minimap2	2.31	lr:hq	clair3	1.0.5	r1041_e82_400bps_hac_v430	docker://quay.io/mbhall88/clair3@sha256:6a4c352e7d14ebb67bdad4be366dcbf6afa66cc7f0ee0b37a05cebe3f4754735	CPU: AMD EPYC 9745	sweep_best	INDEL	0	0.976744	0.946768	0.961523	14.147988	249	252	14	6
ATCC_35897__202309	Listeria welshimeri	false	hac	dna_r10.4.1_e8.2_400bps_hac@v4.3.0	10	9.97	chromosome=9.97	B	minimap2	2.31	lr:hq	clair3	1.0.5	r1041_e82_400bps_hac_v430	docker://quay.io/mbhall88/clair3@sha256:6a4c352e7d14ebb67bdad4be366dcbf6afa66cc7f0ee0b37a05cebe3f4754735	CPU: AMD EPYC 9745	sweep_best	ALL	0	0.999592	0.995179	0.997380	25.816987	17133	17130	83	7
ATCC_35897__202309	Listeria welshimeri	false	hac	dna_r10.4.1_e8.2_400bps_hac@v4.3.0	10	9.97	chromosome=9.97	B	minimap2	2.31	lr:hq	clair3	1.0.5	r1041_e82_400bps_hac_v430	docker://quay.io/mbhall88/clair3@sha256:6a4c352e7d14ebb67bdad4be366dcbf6afa66cc7f0ee0b37a05cebe3f4754735	CPU: AMD EPYC 9745	default_pass	SNP	0	0.999941	0.995930	0.997931	26.842395	16884	16878	69	1
ATCC_35897__202309	Listeria welshimeri	false	hac	dna_r10.4.1_e8.2_400bps_hac@v4.3.0	10	9.97	chromosome=9.97	B	minimap2	2.31	lr:hq	clair3	1.0.5	r1041_e82_400bps_hac_v430	docker://quay.io/mbhall88/clair3@sha256:6a4c352e7d14ebb67bdad4be366dcbf6afa66cc7f0ee0b37a05cebe3f4754735	CPU: AMD EPYC 9745	default_pass	INDEL	0	0.987952	0.923954	0.954882	13.456502	243	246	20	3
ATCC_35897__202309	Listeria welshimeri	false	hac	dna_r10.4.1_e8.2_400bps_hac@v4.3.0	10	9.97	chromosome=9.97	B	minimap2	2.31	lr:hq	clair3	1.0.5	r1041_e82_400bps_hac_v430	docker://quay.io/mbhall88/clair3@sha256:6a4c352e7d14ebb67bdad4be366dcbf6afa66cc7f0ee0b37a05cebe3f4754735	CPU: AMD EPYC 9745	default_pass	ALL	0	0.999766	0.994830	0.997292	25.673513	17127	17124	89	4
ATCC_35897__202309	Listeria welshimeri	false	hac	dna_r10.4.1_e8.2_400bps_hac@v4.3.0	10	9.97	chromosome=9.97	C	minimap2	2.31	lr:hq	clair3	2.0.3	r1041_e82_400bps_hac_v430	docker://hkubal/clair3@sha256:d56df84c2c7c508aaf0623b124d9926d366a58f34236505b26c055f848afa202	CPU: AMD EPYC 9745	sweep_best	SNP	0	0.999941	0.995930	0.997931	26.842395	16884	16878	69	1
ATCC_35897__202309	Listeria welshimeri	false	hac	dna_r10.4.1_e8.2_400bps_hac@v4.3.0	10	9.97	chromosome=9.97	C	minimap2	2.31	lr:hq	clair3	2.0.3	r1041_e82_400bps_hac_v430	docker://hkubal/clair3@sha256:d56df84c2c7c508aaf0623b124d9926d366a58f34236505b26c055f848afa202	CPU: AMD EPYC 9745	sweep_best	INDEL	0	0.976744	0.946768	0.961523	14.147988	249	252	14	6
ATCC_35897__202309	Listeria welshimeri	false	hac	dna_r10.4.1_e8.2_400bps_hac@v4.3.0	10	9.97	chromosome=9.97	C	minimap2	2.31	lr:hq	clair3	2.0.3	r1041_e82_400bps_hac_v430	docker://hkubal/clair3@sha256:d56df84c2c7c508aaf0623b124d9926d366a58f34236505b26c055f848afa202	CPU: AMD EPYC 9745	sweep_best	ALL	0	0.999592	0.995179	0.997380	25.816987	17133	17130	83	7
ATCC_35897__202309	Listeria welshimeri	false	hac	dna_r10.4.1_e8.2_400bps_hac@v4.3.0	10	9.97	chromosome=9.97	C	minimap2	2.31	lr:hq	clair3	2.0.3	r1041_e82_400bps_hac_v430	docker://hkubal/clair3@sha256:d56df84c2c7c508aaf0623b124d9926d366a58f34236505b26c055f848afa202	CPU: AMD EPYC 9745	default_pass	SNP	0	0.999941	0.995930	0.997931	26.842395	16884	16878	69	1
ATCC_35897__202309	Listeria welshimeri	false	hac	dna_r10.4.1_e8.2_400bps_hac@v4.3.0	10	9.97	chromosome=9.97	C	minimap2	2.31	lr:hq	clair3	2.0.3	r1041_e82_400bps_hac_v430	docker://hkubal/clair3@sha256:d56df84c2c7c508aaf0623b124d9926d366a58f34236505b26c055f848afa202	CPU: AMD EPYC 9745	default_pass	INDEL	0	0.987952	0.923954	0.954882	13.456502	243	246	20	3
ATCC_35897__202309	Listeria welshimeri	false	hac	dna_r10.4.1_e8.2_400bps_hac@v4.3.0	10	9.97	chromosome=9.97	C	minimap2	2.31	lr:hq	clair3	2.0.3	r1041_e82_400bps_hac_v430	docker://hkubal/clair3@sha256:d56df84c2c7c508aaf0623b124d9926d366a58f34236505b26c055f848afa202	CPU: AMD EPYC 9745	default_pass	ALL	0	0.999766	0.994830	0.997292	25.673513	17127	17124	89	4
ATCC_35897__202309	Listeria welshimeri	false	hac	dna_r10.4.1_e8.2_400bps_hac@v4.3.0	10	9.97	chromosome=9.97	D	minimap2	2.31	lr:hq	dorado	2.1.2	dna_r10.4.1_e8.2_400bps_polish_bacterial_methylation_v5.0.0		NVIDIA H100 80GB HBM3	sweep_best	SNP	0	0.999941	0.999174	0.999557	33.535963	16939	16935	14	1
ATCC_35897__202309	Listeria welshimeri	false	hac	dna_r10.4.1_e8.2_400bps_hac@v4.3.0	10	9.97	chromosome=9.97	D	minimap2	2.31	lr:hq	dorado	2.1.2	dna_r10.4.1_e8.2_400bps_polish_bacterial_methylation_v5.0.0		NVIDIA H100 80GB HBM3	sweep_best	INDEL	6	0.980545	0.950570	0.965325	14.599835	250	252	13	5
ATCC_35897__202309	Listeria welshimeri	false	hac	dna_r10.4.1_e8.2_400bps_hac@v4.3.0	10	9.97	chromosome=9.97	D	minimap2	2.31	lr:hq	dorado	2.1.2	dna_r10.4.1_e8.2_400bps_polish_bacterial_methylation_v5.0.0		NVIDIA H100 80GB HBM3	sweep_best	ALL	6	0.999651	0.998025	0.998837	29.344203	17182	17180	34	6
ATCC_35897__202309	Listeria welshimeri	false	hac	dna_r10.4.1_e8.2_400bps_hac@v4.3.0	10	9.97	chromosome=9.97	D	minimap2	2.31	lr:hq	dorado	2.1.2	dna_r10.4.1_e8.2_400bps_polish_bacterial_methylation_v5.0.0		NVIDIA H100 80GB HBM3	default_pass	SNP	0	0.999882	0.999115	0.999498	32.992963	16938	16934	15	2
ATCC_35897__202309	Listeria welshimeri	false	hac	dna_r10.4.1_e8.2_400bps_hac@v4.3.0	10	9.97	chromosome=9.97	D	minimap2	2.31	lr:hq	dorado	2.1.2	dna_r10.4.1_e8.2_400bps_polish_bacterial_methylation_v5.0.0		NVIDIA H100 80GB HBM3	default_pass	INDEL	0	0.885417	0.961977	0.922111	11.085239	253	255	10	33
ATCC_35897__202309	Listeria welshimeri	false	hac	dna_r10.4.1_e8.2_400bps_hac@v4.3.0	10	9.97	chromosome=9.97	D	minimap2	2.31	lr:hq	dorado	2.1.2	dna_r10.4.1_e8.2_400bps_polish_bacterial_methylation_v5.0.0		NVIDIA H100 80GB HBM3	default_pass	ALL	0	0.997968	0.998548	0.998258	27.589518	17191	17189	25	35
ATCC_35897__202309	Listeria welshimeri	false	hac	dna_r10.4.1_e8.2_400bps_hac@v4.3.0	25	24.93	chromosome=24.93	A	minimap2	2.26	map-ont	clair3	1.0.5	r1041_e82_400bps_hac_v430	docker://quay.io/mbhall88/clair3@sha256:6a4c352e7d14ebb67bdad4be366dcbf6afa66cc7f0ee0b37a05cebe3f4754735	CPU: AMD EPYC 9745	sweep_best	SNP	3	1.000000	0.999528	0.999764	36.270880	16945	16941	8	0
ATCC_35897__202309	Listeria welshimeri	false	hac	dna_r10.4.1_e8.2_400bps_hac@v4.3.0	25	24.93	chromosome=24.93	A	minimap2	2.26	map-ont	clair3	1.0.5	r1041_e82_400bps_hac_v430	docker://quay.io/mbhall88/clair3@sha256:6a4c352e7d14ebb67bdad4be366dcbf6afa66cc7f0ee0b37a05cebe3f4754735	CPU: AMD EPYC 9745	sweep_best	INDEL	0	0.988372	0.961977	0.974996	16.019905	253	255	10	3
ATCC_35897__202309	Listeria welshimeri	false	hac	dna_r10.4.1_e8.2_400bps_hac@v4.3.0	25	24.93	chromosome=24.93	A	minimap2	2.26	map-ont	clair3	1.0.5	r1041_e82_400bps_hac_v430	docker://quay.io/mbhall88/clair3@sha256:6a4c352e7d14ebb67bdad4be366dcbf6afa66cc7f0ee0b37a05cebe3f4754735	CPU: AMD EPYC 9745	sweep_best	ALL	0	0.999767	0.998954	0.999361	31.944991	17198	17196	18	4
ATCC_35897__202309	Listeria welshimeri	false	hac	dna_r10.4.1_e8.2_400bps_hac@v4.3.0	25	24.93	chromosome=24.93	A	minimap2	2.26	map-ont	clair3	1.0.5	r1041_e82_400bps_hac_v430	docker://quay.io/mbhall88/clair3@sha256:6a4c352e7d14ebb67bdad4be366dcbf6afa66cc7f0ee0b37a05cebe3f4754735	CPU: AMD EPYC 9745	default_pass	SNP	0	0.999941	0.999528	0.999735	35.767541	16945	16941	8	1
ATCC_35897__202309	Listeria welshimeri	false	hac	dna_r10.4.1_e8.2_400bps_hac@v4.3.0	25	24.93	chromosome=24.93	A	minimap2	2.26	map-ont	clair3	1.0.5	r1041_e82_400bps_hac_v430	docker://quay.io/mbhall88/clair3@sha256:6a4c352e7d14ebb67bdad4be366dcbf6afa66cc7f0ee0b37a05cebe3f4754735	CPU: AMD EPYC 9745	default_pass	INDEL	0	0.988235	0.950570	0.969037	15.091570	250	252	13	3
ATCC_35897__202309	Listeria welshimeri	false	hac	dna_r10.4.1_e8.2_400bps_hac@v4.3.0	25	24.93	chromosome=24.93	A	minimap2	2.26	map-ont	clair3	1.0.5	r1041_e82_400bps_hac_v430	docker://quay.io/mbhall88/clair3@sha256:6a4c352e7d14ebb67bdad4be366dcbf6afa66cc7f0ee0b37a05cebe3f4754735	CPU: AMD EPYC 9745	default_pass	ALL	0	0.999767	0.998780	0.999274	31.390634	17195	17193	21	4
ATCC_35897__202309	Listeria welshimeri	false	hac	dna_r10.4.1_e8.2_400bps_hac@v4.3.0	25	24.93	chromosome=24.93	B	minimap2	2.31	lr:hq	clair3	1.0.5	r1041_e82_400bps_hac_v430	docker://quay.io/mbhall88/clair3@sha256:6a4c352e7d14ebb67bdad4be366dcbf6afa66cc7f0ee0b37a05cebe3f4754735	CPU: AMD EPYC 9745	sweep_best	SNP	3	1.000000	0.999528	0.999764	36.270880	16945	16941	8	0
ATCC_35897__202309	Listeria welshimeri	false	hac	dna_r10.4.1_e8.2_400bps_hac@v4.3.0	25	24.93	chromosome=24.93	B	minimap2	2.31	lr:hq	clair3	1.0.5	r1041_e82_400bps_hac_v430	docker://quay.io/mbhall88/clair3@sha256:6a4c352e7d14ebb67bdad4be366dcbf6afa66cc7f0ee0b37a05cebe3f4754735	CPU: AMD EPYC 9745	sweep_best	INDEL	0	0.988372	0.961977	0.974996	16.019905	253	255	10	3
ATCC_35897__202309	Listeria welshimeri	false	hac	dna_r10.4.1_e8.2_400bps_hac@v4.3.0	25	24.93	chromosome=24.93	B	minimap2	2.31	lr:hq	clair3	1.0.5	r1041_e82_400bps_hac_v430	docker://quay.io/mbhall88/clair3@sha256:6a4c352e7d14ebb67bdad4be366dcbf6afa66cc7f0ee0b37a05cebe3f4754735	CPU: AMD EPYC 9745	sweep_best	ALL	0	0.999767	0.998954	0.999361	31.944991	17198	17196	18	4
ATCC_35897__202309	Listeria welshimeri	false	hac	dna_r10.4.1_e8.2_400bps_hac@v4.3.0	25	24.93	chromosome=24.93	B	minimap2	2.31	lr:hq	clair3	1.0.5	r1041_e82_400bps_hac_v430	docker://quay.io/mbhall88/clair3@sha256:6a4c352e7d14ebb67bdad4be366dcbf6afa66cc7f0ee0b37a05cebe3f4754735	CPU: AMD EPYC 9745	default_pass	SNP	0	0.999941	0.999528	0.999735	35.767541	16945	16941	8	1
ATCC_35897__202309	Listeria welshimeri	false	hac	dna_r10.4.1_e8.2_400bps_hac@v4.3.0	25	24.93	chromosome=24.93	B	minimap2	2.31	lr:hq	clair3	1.0.5	r1041_e82_400bps_hac_v430	docker://quay.io/mbhall88/clair3@sha256:6a4c352e7d14ebb67bdad4be366dcbf6afa66cc7f0ee0b37a05cebe3f4754735	CPU: AMD EPYC 9745	default_pass	INDEL	0	0.988235	0.950570	0.969037	15.091570	250	252	13	3
ATCC_35897__202309	Listeria welshimeri	false	hac	dna_r10.4.1_e8.2_400bps_hac@v4.3.0	25	24.93	chromosome=24.93	B	minimap2	2.31	lr:hq	clair3	1.0.5	r1041_e82_400bps_hac_v430	docker://quay.io/mbhall88/clair3@sha256:6a4c352e7d14ebb67bdad4be366dcbf6afa66cc7f0ee0b37a05cebe3f4754735	CPU: AMD EPYC 9745	default_pass	ALL	0	0.999767	0.998780	0.999274	31.390634	17195	17193	21	4
ATCC_35897__202309	Listeria welshimeri	false	hac	dna_r10.4.1_e8.2_400bps_hac@v4.3.0	25	24.93	chromosome=24.93	C	minimap2	2.31	lr:hq	clair3	2.0.3	r1041_e82_400bps_hac_v430	docker://hkubal/clair3@sha256:d56df84c2c7c508aaf0623b124d9926d366a58f34236505b26c055f848afa202	CPU: AMD EPYC 9745	sweep_best	SNP	3	1.000000	0.999528	0.999764	36.270880	16945	16941	8	0
ATCC_35897__202309	Listeria welshimeri	false	hac	dna_r10.4.1_e8.2_400bps_hac@v4.3.0	25	24.93	chromosome=24.93	C	minimap2	2.31	lr:hq	clair3	2.0.3	r1041_e82_400bps_hac_v430	docker://hkubal/clair3@sha256:d56df84c2c7c508aaf0623b124d9926d366a58f34236505b26c055f848afa202	CPU: AMD EPYC 9745	sweep_best	INDEL	0	0.988372	0.961977	0.974996	16.019905	253	255	10	3
ATCC_35897__202309	Listeria welshimeri	false	hac	dna_r10.4.1_e8.2_400bps_hac@v4.3.0	25	24.93	chromosome=24.93	C	minimap2	2.31	lr:hq	clair3	2.0.3	r1041_e82_400bps_hac_v430	docker://hkubal/clair3@sha256:d56df84c2c7c508aaf0623b124d9926d366a58f34236505b26c055f848afa202	CPU: AMD EPYC 9745	sweep_best	ALL	0	0.999767	0.998954	0.999361	31.944991	17198	17196	18	4
ATCC_35897__202309	Listeria welshimeri	false	hac	dna_r10.4.1_e8.2_400bps_hac@v4.3.0	25	24.93	chromosome=24.93	C	minimap2	2.31	lr:hq	clair3	2.0.3	r1041_e82_400bps_hac_v430	docker://hkubal/clair3@sha256:d56df84c2c7c508aaf0623b124d9926d366a58f34236505b26c055f848afa202	CPU: AMD EPYC 9745	default_pass	SNP	0	0.999941	0.999528	0.999735	35.767541	16945	16941	8	1
ATCC_35897__202309	Listeria welshimeri	false	hac	dna_r10.4.1_e8.2_400bps_hac@v4.3.0	25	24.93	chromosome=24.93	C	minimap2	2.31	lr:hq	clair3	2.0.3	r1041_e82_400bps_hac_v430	docker://hkubal/clair3@sha256:d56df84c2c7c508aaf0623b124d9926d366a58f34236505b26c055f848afa202	CPU: AMD EPYC 9745	default_pass	INDEL	0	0.988235	0.950570	0.969037	15.091570	250	252	13	3
ATCC_35897__202309	Listeria welshimeri	false	hac	dna_r10.4.1_e8.2_400bps_hac@v4.3.0	25	24.93	chromosome=24.93	C	minimap2	2.31	lr:hq	clair3	2.0.3	r1041_e82_400bps_hac_v430	docker://hkubal/clair3@sha256:d56df84c2c7c508aaf0623b124d9926d366a58f34236505b26c055f848afa202	CPU: AMD EPYC 9745	default_pass	ALL	0	0.999767	0.998780	0.999274	31.390634	17195	17193	21	4
ATCC_35897__202309	Listeria welshimeri	false	hac	dna_r10.4.1_e8.2_400bps_hac@v4.3.0	25	24.93	chromosome=24.93	D	minimap2	2.31	lr:hq	dorado	2.1.2	dna_r10.4.1_e8.2_400bps_polish_bacterial_methylation_v5.0.0		NVIDIA H100 80GB HBM3	sweep_best	SNP	0	0.999941	0.999469	0.999705	35.301780	16944	16940	9	1
ATCC_35897__202309	Listeria welshimeri	false	hac	dna_r10.4.1_e8.2_400bps_hac@v4.3.0	25	24.93	chromosome=24.93	D	minimap2	2.31	lr:hq	dorado	2.1.2	dna_r10.4.1_e8.2_400bps_polish_bacterial_methylation_v5.0.0		NVIDIA H100 80GB HBM3	sweep_best	INDEL	0	0.981132	0.980989	0.981060	17.226200	258	260	5	5
ATCC_35897__202309	Listeria welshimeri	false	hac	dna_r10.4.1_e8.2_400bps_hac@v4.3.0	25	24.93	chromosome=24.93	D	minimap2	2.31	lr:hq	dorado	2.1.2	dna_r10.4.1_e8.2_400bps_polish_bacterial_methylation_v5.0.0		NVIDIA H100 80GB HBM3	sweep_best	ALL	0	0.999651	0.999187	0.999419	32.358239	17202	17200	14	6
ATCC_35897__202309	Listeria welshimeri	false	hac	dna_r10.4.1_e8.2_400bps_hac@v4.3.0	25	24.93	chromosome=24.93	D	minimap2	2.31	lr:hq	dorado	2.1.2	dna_r10.4.1_e8.2_400bps_polish_bacterial_methylation_v5.0.0		NVIDIA H100 80GB HBM3	default_pass	SNP	0	0.999941	0.999469	0.999705	35.301780	16944	16940	9	1
ATCC_35897__202309	Listeria welshimeri	false	hac	dna_r10.4.1_e8.2_400bps_hac@v4.3.0	25	24.93	chromosome=24.93	D	minimap2	2.31	lr:hq	dorado	2.1.2	dna_r10.4.1_e8.2_400bps_polish_bacterial_methylation_v5.0.0		NVIDIA H100 80GB HBM3	default_pass	INDEL	0	0.981132	0.980989	0.981060	17.226200	258	260	5	5
ATCC_35897__202309	Listeria welshimeri	false	hac	dna_r10.4.1_e8.2_400bps_hac@v4.3.0	25	24.93	chromosome=24.93	D	minimap2	2.31	lr:hq	dorado	2.1.2	dna_r10.4.1_e8.2_400bps_polish_bacterial_methylation_v5.0.0		NVIDIA H100 80GB HBM3	default_pass	ALL	0	0.999651	0.999187	0.999419	32.358239	17202	17200	14	6
ATCC_35897__202309	Listeria welshimeri	false	hac	dna_r10.4.1_e8.2_400bps_hac@v4.3.0	50	49.93	chromosome=49.93	A	minimap2	2.26	map-ont	clair3	1.0.5	r1041_e82_400bps_hac_v430	docker://quay.io/mbhall88/clair3@sha256:6a4c352e7d14ebb67bdad4be366dcbf6afa66cc7f0ee0b37a05cebe3f4754735	CPU: AMD EPYC 9745	sweep_best	SNP	5	1.000000	0.999705	0.999853	38.326827	16948	16944	5	0
ATCC_35897__202309	Listeria welshimeri	false	hac	dna_r10.4.1_e8.2_400bps_hac@v4.3.0	50	49.93	chromosome=49.93	A	minimap2	2.26	map-ont	clair3	1.0.5	r1041_e82_400bps_hac_v430	docker://quay.io/mbhall88/clair3@sha256:6a4c352e7d14ebb67bdad4be366dcbf6afa66cc7f0ee0b37a05cebe3f4754735	CPU: AMD EPYC 9745	sweep_best	INDEL	0	0.988593	0.980989	0.984776	18.174712	258	260	5	3
ATCC_35897__202309	Listeria welshimeri	false	hac	dna_r10.4.1_e8.2_400bps_hac@v4.3.0	50	49.93	chromosome=49.93	A	minimap2	2.26	map-ont	clair3	1.0.5	r1041_e82_400bps_hac_v430	docker://quay.io/mbhall88/clair3@sha256:6a4c352e7d14ebb67bdad4be366dcbf6afa66cc7f0ee0b37a05cebe3f4754735	CPU: AMD EPYC 9745	sweep_best	ALL	0	0.999768	0.999419	0.999593	33.904056	17206	17204	10	4
ATCC_35897__202309	Listeria welshimeri	false	hac	dna_r10.4.1_e8.2_400bps_hac@v4.3.0	50	49.93	chromosome=49.93	A	minimap2	2.26	map-ont	clair3	1.0.5	r1041_e82_400bps_hac_v430	docker://quay.io/mbhall88/clair3@sha256:6a4c352e7d14ebb67bdad4be366dcbf6afa66cc7f0ee0b37a05cebe3f4754735	CPU: AMD EPYC 9745	default_pass	SNP	0	0.999941	0.999705	0.999823	37.520267	16948	16944	5	1
ATCC_35897__202309	Listeria welshimeri	false	hac	dna_r10.4.1_e8.2_400bps_hac@v4.3.0	50	49.93	chromosome=49.93	A	minimap2	2.26	map-ont	clair3	1.0.5	r1041_e82_400bps_hac_v430	docker://quay.io/mbhall88/clair3@sha256:6a4c352e7d14ebb67bdad4be366dcbf6afa66cc7f0ee0b37a05cebe3f4754735	CPU: AMD EPYC 9745	default_pass	INDEL	0	0.988593	0.980989	0.984776	18.174712	258	260	5	3
ATCC_35897__202309	Listeria welshimeri	false	hac	dna_r10.4.1_e8.2_400bps_hac@v4.3.0	50	49.93	chromosome=49.93	A	minimap2	2.26	map-ont	clair3	1.0.5	r1041_e82_400bps_hac_v430	docker://quay.io/mbhall88/clair3@sha256:6a4c352e7d14ebb67bdad4be366dcbf6afa66cc7f0ee0b37a05cebe3f4754735	CPU: AMD EPYC 9745	default_pass	ALL	0	0.999768	0.999419	0.999593	33.904056	17206	17204	10	4
ATCC_35897__202309	Listeria welshimeri	false	hac	dna_r10.4.1_e8.2_400bps_hac@v4.3.0	50	49.93	chromosome=49.93	B	minimap2	2.31	lr:hq	clair3	1.0.5	r1041_e82_400bps_hac_v430	docker://quay.io/mbhall88/clair3@sha256:6a4c352e7d14ebb67bdad4be366dcbf6afa66cc7f0ee0b37a05cebe3f4754735	CPU: AMD EPYC 9745	sweep_best	SNP	5	1.000000	0.999705	0.999853	38.326827	16948	16944	5	0
ATCC_35897__202309	Listeria welshimeri	false	hac	dna_r10.4.1_e8.2_400bps_hac@v4.3.0	50	49.93	chromosome=49.93	B	minimap2	2.31	lr:hq	clair3	1.0.5	r1041_e82_400bps_hac_v430	docker://quay.io/mbhall88/clair3@sha256:6a4c352e7d14ebb67bdad4be366dcbf6afa66cc7f0ee0b37a05cebe3f4754735	CPU: AMD EPYC 9745	sweep_best	INDEL	0	0.988593	0.980989	0.984776	18.174712	258	260	5	3
ATCC_35897__202309	Listeria welshimeri	false	hac	dna_r10.4.1_e8.2_400bps_hac@v4.3.0	50	49.93	chromosome=49.93	B	minimap2	2.31	lr:hq	clair3	1.0.5	r1041_e82_400bps_hac_v430	docker://quay.io/mbhall88/clair3@sha256:6a4c352e7d14ebb67bdad4be366dcbf6afa66cc7f0ee0b37a05cebe3f4754735	CPU: AMD EPYC 9745	sweep_best	ALL	0	0.999768	0.999419	0.999593	33.904056	17206	17204	10	4
ATCC_35897__202309	Listeria welshimeri	false	hac	dna_r10.4.1_e8.2_400bps_hac@v4.3.0	50	49.93	chromosome=49.93	B	minimap2	2.31	lr:hq	clair3	1.0.5	r1041_e82_400bps_hac_v430	docker://quay.io/mbhall88/clair3@sha256:6a4c352e7d14ebb67bdad4be366dcbf6afa66cc7f0ee0b37a05cebe3f4754735	CPU: AMD EPYC 9745	default_pass	SNP	0	0.999941	0.999705	0.999823	37.520267	16948	16944	5	1
ATCC_35897__202309	Listeria welshimeri	false	hac	dna_r10.4.1_e8.2_400bps_hac@v4.3.0	50	49.93	chromosome=49.93	B	minimap2	2.31	lr:hq	clair3	1.0.5	r1041_e82_400bps_hac_v430	docker://quay.io/mbhall88/clair3@sha256:6a4c352e7d14ebb67bdad4be366dcbf6afa66cc7f0ee0b37a05cebe3f4754735	CPU: AMD EPYC 9745	default_pass	INDEL	0	0.988593	0.980989	0.984776	18.174712	258	260	5	3
ATCC_35897__202309	Listeria welshimeri	false	hac	dna_r10.4.1_e8.2_400bps_hac@v4.3.0	50	49.93	chromosome=49.93	B	minimap2	2.31	lr:hq	clair3	1.0.5	r1041_e82_400bps_hac_v430	docker://quay.io/mbhall88/clair3@sha256:6a4c352e7d14ebb67bdad4be366dcbf6afa66cc7f0ee0b37a05cebe3f4754735	CPU: AMD EPYC 9745	default_pass	ALL	0	0.999768	0.999419	0.999593	33.904056	17206	17204	10	4
ATCC_35897__202309	Listeria welshimeri	false	hac	dna_r10.4.1_e8.2_400bps_hac@v4.3.0	50	49.93	chromosome=49.93	C	minimap2	2.31	lr:hq	clair3	2.0.3	r1041_e82_400bps_hac_v430	docker://hkubal/clair3@sha256:d56df84c2c7c508aaf0623b124d9926d366a58f34236505b26c055f848afa202	CPU: AMD EPYC 9745	sweep_best	SNP	5	1.000000	0.999705	0.999853	38.326827	16948	16944	5	0
ATCC_35897__202309	Listeria welshimeri	false	hac	dna_r10.4.1_e8.2_400bps_hac@v4.3.0	50	49.93	chromosome=49.93	C	minimap2	2.31	lr:hq	clair3	2.0.3	r1041_e82_400bps_hac_v430	docker://hkubal/clair3@sha256:d56df84c2c7c508aaf0623b124d9926d366a58f34236505b26c055f848afa202	CPU: AMD EPYC 9745	sweep_best	INDEL	0	0.988593	0.980989	0.984776	18.174712	258	260	5	3
ATCC_35897__202309	Listeria welshimeri	false	hac	dna_r10.4.1_e8.2_400bps_hac@v4.3.0	50	49.93	chromosome=49.93	C	minimap2	2.31	lr:hq	clair3	2.0.3	r1041_e82_400bps_hac_v430	docker://hkubal/clair3@sha256:d56df84c2c7c508aaf0623b124d9926d366a58f34236505b26c055f848afa202	CPU: AMD EPYC 9745	sweep_best	ALL	0	0.999768	0.999419	0.999593	33.904056	17206	17204	10	4
ATCC_35897__202309	Listeria welshimeri	false	hac	dna_r10.4.1_e8.2_400bps_hac@v4.3.0	50	49.93	chromosome=49.93	C	minimap2	2.31	lr:hq	clair3	2.0.3	r1041_e82_400bps_hac_v430	docker://hkubal/clair3@sha256:d56df84c2c7c508aaf0623b124d9926d366a58f34236505b26c055f848afa202	CPU: AMD EPYC 9745	default_pass	SNP	0	0.999941	0.999705	0.999823	37.520267	16948	16944	5	1
ATCC_35897__202309	Listeria welshimeri	false	hac	dna_r10.4.1_e8.2_400bps_hac@v4.3.0	50	49.93	chromosome=49.93	C	minimap2	2.31	lr:hq	clair3	2.0.3	r1041_e82_400bps_hac_v430	docker://hkubal/clair3@sha256:d56df84c2c7c508aaf0623b124d9926d366a58f34236505b26c055f848afa202	CPU: AMD EPYC 9745	default_pass	INDEL	0	0.988593	0.980989	0.984776	18.174712	258	260	5	3
ATCC_35897__202309	Listeria welshimeri	false	hac	dna_r10.4.1_e8.2_400bps_hac@v4.3.0	50	49.93	chromosome=49.93	C	minimap2	2.31	lr:hq	clair3	2.0.3	r1041_e82_400bps_hac_v430	docker://hkubal/clair3@sha256:d56df84c2c7c508aaf0623b124d9926d366a58f34236505b26c055f848afa202	CPU: AMD EPYC 9745	default_pass	ALL	0	0.999768	0.999419	0.999593	33.904056	17206	17204	10	4
ATCC_35897__202309	Listeria welshimeri	false	hac	dna_r10.4.1_e8.2_400bps_hac@v4.3.0	50	49.93	chromosome=49.93	D	minimap2	2.31	lr:hq	dorado	2.1.2	dna_r10.4.1_e8.2_400bps_polish_bacterial_methylation_v5.0.0		NVIDIA H100 80GB HBM3	sweep_best	SNP	0	0.999941	0.999587	0.999764	36.270880	16946	16942	7	1
ATCC_35897__202309	Listeria welshimeri	false	hac	dna_r10.4.1_e8.2_400bps_hac@v4.3.0	50	49.93	chromosome=49.93	D	minimap2	2.31	lr:hq	dorado	2.1.2	dna_r10.4.1_e8.2_400bps_polish_bacterial_methylation_v5.0.0		NVIDIA H100 80GB HBM3	sweep_best	INDEL	6	1.000000	0.980989	0.990403	20.178645	258	260	5	0
ATCC_35897__202309	Listeria welshimeri	false	hac	dna_r10.4.1_e8.2_400bps_hac@v4.3.0	50	49.93	chromosome=49.93	D	minimap2	2.31	lr:hq	dorado	2.1.2	dna_r10.4.1_e8.2_400bps_polish_bacterial_methylation_v5.0.0		NVIDIA H100 80GB HBM3	sweep_best	ALL	6	0.999942	0.999245	0.999593	33.904056	17203	17201	13	1
ATCC_35897__202309	Listeria welshimeri	false	hac	dna_r10.4.1_e8.2_400bps_hac@v4.3.0	50	49.93	chromosome=49.93	D	minimap2	2.31	lr:hq	dorado	2.1.2	dna_r10.4.1_e8.2_400bps_polish_bacterial_methylation_v5.0.0		NVIDIA H100 80GB HBM3	default_pass	SNP	0	0.999941	0.999528	0.999735	35.767541	16945	16941	8	1
ATCC_35897__202309	Listeria welshimeri	false	hac	dna_r10.4.1_e8.2_400bps_hac@v4.3.0	50	49.93	chromosome=49.93	D	minimap2	2.31	lr:hq	dorado	2.1.2	dna_r10.4.1_e8.2_400bps_polish_bacterial_methylation_v5.0.0		NVIDIA H100 80GB HBM3	default_pass	INDEL	0	0.988636	0.984791	0.986710	18.764750	259	261	4	3
ATCC_35897__202309	Listeria welshimeri	false	hac	dna_r10.4.1_e8.2_400bps_hac@v4.3.0	50	49.93	chromosome=49.93	D	minimap2	2.31	lr:hq	dorado	2.1.2	dna_r10.4.1_e8.2_400bps_polish_bacterial_methylation_v5.0.0		NVIDIA H100 80GB HBM3	default_pass	ALL	0	0.999768	0.999303	0.999535	33.325470	17204	17202	12	4
ATCC_35897__202309	Listeria welshimeri	false	sup	dna_r10.4.1_e8.2_400bps_sup@v4.3.0	5	5.00	chromosome=5.00	A	minimap2	2.26	map-ont	clair3	1.0.5	r1041_e82_400bps_sup_v430	docker://quay.io/mbhall88/clair3@sha256:6a4c352e7d14ebb67bdad4be366dcbf6afa66cc7f0ee0b37a05cebe3f4754735	CPU: AMD EPYC 9745	sweep_best	SNP	0	0.999762	0.990857	0.995290	23.269791	16798	16794	155	4
ATCC_35897__202309	Listeria welshimeri	false	sup	dna_r10.4.1_e8.2_400bps_sup@v4.3.0	5	5.00	chromosome=5.00	A	minimap2	2.26	map-ont	clair3	1.0.5	r1041_e82_400bps_sup_v430	docker://quay.io/mbhall88/clair3@sha256:6a4c352e7d14ebb67bdad4be366dcbf6afa66cc7f0ee0b37a05cebe3f4754735	CPU: AMD EPYC 9745	sweep_best	INDEL	0	0.968872	0.939164	0.953786	13.352264	247	249	16	8
ATCC_35897__202309	Listeria welshimeri	false	sup	dna_r10.4.1_e8.2_400bps_sup@v4.3.0	5	5.00	chromosome=5.00	A	minimap2	2.26	map-ont	clair3	1.0.5	r1041_e82_400bps_sup_v430	docker://quay.io/mbhall88/clair3@sha256:6a4c352e7d14ebb67bdad4be366dcbf6afa66cc7f0ee0b37a05cebe3f4754735	CPU: AMD EPYC 9745	sweep_best	ALL	0	0.999296	0.990067	0.994660	22.724587	17045	17043	171	12
ATCC_35897__202309	Listeria welshimeri	false	sup	dna_r10.4.1_e8.2_400bps_sup@v4.3.0	5	5.00	chromosome=5.00	A	minimap2	2.26	map-ont	clair3	1.0.5	r1041_e82_400bps_sup_v430	docker://quay.io/mbhall88/clair3@sha256:6a4c352e7d14ebb67bdad4be366dcbf6afa66cc7f0ee0b37a05cebe3f4754735	CPU: AMD EPYC 9745	default_pass	SNP	0	0.999762	0.990562	0.995141	23.134531	16793	16793	160	4
ATCC_35897__202309	Listeria welshimeri	false	sup	dna_r10.4.1_e8.2_400bps_sup@v4.3.0	5	5.00	chromosome=5.00	A	minimap2	2.26	map-ont	clair3	1.0.5	r1041_e82_400bps_sup_v430	docker://quay.io/mbhall88/clair3@sha256:6a4c352e7d14ebb67bdad4be366dcbf6afa66cc7f0ee0b37a05cebe3f4754735	CPU: AMD EPYC 9745	default_pass	INDEL	0	0.974026	0.855513	0.910931	10.502734	225	225	38	6
ATCC_35897__202309	Listeria welshimeri	false	sup	dna_r10.4.1_e8.2_400bps_sup@v4.3.0	5	5.00	chromosome=5.00	A	minimap2	2.26	map-ont	clair3	1.0.5	r1041_e82_400bps_sup_v430	docker://quay.io/mbhall88/clair3@sha256:6a4c352e7d14ebb67bdad4be366dcbf6afa66cc7f0ee0b37a05cebe3f4754735	CPU: AMD EPYC 9745	default_pass	ALL	0	0.999413	0.988499	0.993926	22.165252	17018	17018	198	10
ATCC_35897__202309	Listeria welshimeri	false	sup	dna_r10.4.1_e8.2_400bps_sup@v4.3.0	5	5.00	chromosome=5.00	B	minimap2	2.31	lr:hq	clair3	1.0.5	r1041_e82_400bps_sup_v430	docker://quay.io/mbhall88/clair3@sha256:6a4c352e7d14ebb67bdad4be366dcbf6afa66cc7f0ee0b37a05cebe3f4754735	CPU: AMD EPYC 9745	sweep_best	SNP	0	0.999762	0.991270	0.995498	23.465945	16805	16801	148	4
ATCC_35897__202309	Listeria welshimeri	false	sup	dna_r10.4.1_e8.2_400bps_sup@v4.3.0	5	5.00	chromosome=5.00	B	minimap2	2.31	lr:hq	clair3	1.0.5	r1041_e82_400bps_sup_v430	docker://quay.io/mbhall88/clair3@sha256:6a4c352e7d14ebb67bdad4be366dcbf6afa66cc7f0ee0b37a05cebe3f4754735	CPU: AMD EPYC 9745	sweep_best	INDEL	0	0.968872	0.939164	0.953786	13.352264	247	249	16	8
ATCC_35897__202309	Listeria welshimeri	false	sup	dna_r10.4.1_e8.2_400bps_sup@v4.3.0	5	5.00	chromosome=5.00	B	minimap2	2.31	lr:hq	clair3	1.0.5	r1041_e82_400bps_sup_v430	docker://quay.io/mbhall88/clair3@sha256:6a4c352e7d14ebb67bdad4be366dcbf6afa66cc7f0ee0b37a05cebe3f4754735	CPU: AMD EPYC 9745	sweep_best	ALL	0	0.999297	0.990474	0.994866	22.895441	17052	17050	164	12
ATCC_35897__202309	Listeria welshimeri	false	sup	dna_r10.4.1_e8.2_400bps_sup@v4.3.0	5	5.00	chromosome=5.00	B	minimap2	2.31	lr:hq	clair3	1.0.5	r1041_e82_400bps_sup_v430	docker://quay.io/mbhall88/clair3@sha256:6a4c352e7d14ebb67bdad4be366dcbf6afa66cc7f0ee0b37a05cebe3f4754735	CPU: AMD EPYC 9745	default_pass	SNP	0	0.999762	0.990975	0.995349	23.324537	16800	16800	153	4
ATCC_35897__202309	Listeria welshimeri	false	sup	dna_r10.4.1_e8.2_400bps_sup@v4.3.0	5	5.00	chromosome=5.00	B	minimap2	2.31	lr:hq	clair3	1.0.5	r1041_e82_400bps_sup_v430	docker://quay.io/mbhall88/clair3@sha256:6a4c352e7d14ebb67bdad4be366dcbf6afa66cc7f0ee0b37a05cebe3f4754735	CPU: AMD EPYC 9745	default_pass	INDEL	0	0.974026	0.855513	0.910931	10.502734	225	225	38	6
ATCC_35897__202309	Listeria welshimeri	false	sup	dna_r10.4.1_e8.2_400bps_sup@v4.3.0	5	5.00	chromosome=5.00	B	minimap2	2.31	lr:hq	clair3	1.0.5	r1041_e82_400bps_sup_v430	docker://quay.io/mbhall88/clair3@sha256:6a4c352e7d14ebb67bdad4be366dcbf6afa66cc7f0ee0b37a05cebe3f4754735	CPU: AMD EPYC 9745	default_pass	ALL	0	0.999413	0.988906	0.994132	22.315099	17025	17025	191	10
ATCC_35897__202309	Listeria welshimeri	false	sup	dna_r10.4.1_e8.2_400bps_sup@v4.3.0	5	5.00	chromosome=5.00	C	minimap2	2.31	lr:hq	clair3	2.0.3	r1041_e82_400bps_sup_v430	docker://hkubal/clair3@sha256:d56df84c2c7c508aaf0623b124d9926d366a58f34236505b26c055f848afa202	CPU: AMD EPYC 9745	sweep_best	SNP	0	0.999762	0.991270	0.995498	23.465945	16805	16801	148	4
ATCC_35897__202309	Listeria welshimeri	false	sup	dna_r10.4.1_e8.2_400bps_sup@v4.3.0	5	5.00	chromosome=5.00	C	minimap2	2.31	lr:hq	clair3	2.0.3	r1041_e82_400bps_sup_v430	docker://hkubal/clair3@sha256:d56df84c2c7c508aaf0623b124d9926d366a58f34236505b26c055f848afa202	CPU: AMD EPYC 9745	sweep_best	INDEL	0	0.968872	0.939164	0.953786	13.352264	247	249	16	8
ATCC_35897__202309	Listeria welshimeri	false	sup	dna_r10.4.1_e8.2_400bps_sup@v4.3.0	5	5.00	chromosome=5.00	C	minimap2	2.31	lr:hq	clair3	2.0.3	r1041_e82_400bps_sup_v430	docker://hkubal/clair3@sha256:d56df84c2c7c508aaf0623b124d9926d366a58f34236505b26c055f848afa202	CPU: AMD EPYC 9745	sweep_best	ALL	0	0.999297	0.990474	0.994866	22.895441	17052	17050	164	12
ATCC_35897__202309	Listeria welshimeri	false	sup	dna_r10.4.1_e8.2_400bps_sup@v4.3.0	5	5.00	chromosome=5.00	C	minimap2	2.31	lr:hq	clair3	2.0.3	r1041_e82_400bps_sup_v430	docker://hkubal/clair3@sha256:d56df84c2c7c508aaf0623b124d9926d366a58f34236505b26c055f848afa202	CPU: AMD EPYC 9745	default_pass	SNP	0	0.999762	0.990975	0.995349	23.324537	16800	16800	153	4
ATCC_35897__202309	Listeria welshimeri	false	sup	dna_r10.4.1_e8.2_400bps_sup@v4.3.0	5	5.00	chromosome=5.00	C	minimap2	2.31	lr:hq	clair3	2.0.3	r1041_e82_400bps_sup_v430	docker://hkubal/clair3@sha256:d56df84c2c7c508aaf0623b124d9926d366a58f34236505b26c055f848afa202	CPU: AMD EPYC 9745	default_pass	INDEL	0	0.974026	0.855513	0.910931	10.502734	225	225	38	6
ATCC_35897__202309	Listeria welshimeri	false	sup	dna_r10.4.1_e8.2_400bps_sup@v4.3.0	5	5.00	chromosome=5.00	C	minimap2	2.31	lr:hq	clair3	2.0.3	r1041_e82_400bps_sup_v430	docker://hkubal/clair3@sha256:d56df84c2c7c508aaf0623b124d9926d366a58f34236505b26c055f848afa202	CPU: AMD EPYC 9745	default_pass	ALL	0	0.999413	0.988906	0.994132	22.315099	17025	17025	191	10
ATCC_35897__202309	Listeria welshimeri	false	sup	dna_r10.4.1_e8.2_400bps_sup@v4.3.0	5	5.00	chromosome=5.00	D	minimap2	2.31	lr:hq	dorado	2.1.2	dna_r10.4.1_e8.2_400bps_polish_bacterial_methylation_v5.0.0		NVIDIA H100 80GB HBM3	sweep_best	SNP	8	0.998877	0.997228	0.998052	27.104110	16906	16906	47	19
ATCC_35897__202309	Listeria welshimeri	false	sup	dna_r10.4.1_e8.2_400bps_sup@v4.3.0	5	5.00	chromosome=5.00	D	minimap2	2.31	lr:hq	dorado	2.1.2	dna_r10.4.1_e8.2_400bps_polish_bacterial_methylation_v5.0.0		NVIDIA H100 80GB HBM3	sweep_best	INDEL	11	0.968504	0.935361	0.951644	13.155496	246	246	17	8
ATCC_35897__202309	Listeria welshimeri	false	sup	dna_r10.4.1_e8.2_400bps_sup@v4.3.0	5	5.00	chromosome=5.00	D	minimap2	2.31	lr:hq	dorado	2.1.2	dna_r10.4.1_e8.2_400bps_polish_bacterial_methylation_v5.0.0		NVIDIA H100 80GB HBM3	sweep_best	ALL	9	0.997963	0.996224	0.997093	25.365550	17151	17151	65	35
ATCC_35897__202309	Listeria welshimeri	false	sup	dna_r10.4.1_e8.2_400bps_sup@v4.3.0	5	5.00	chromosome=5.00	D	minimap2	2.31	lr:hq	dorado	2.1.2	dna_r10.4.1_e8.2_400bps_polish_bacterial_methylation_v5.0.0		NVIDIA H100 80GB HBM3	default_pass	SNP	0	0.996468	0.998820	0.997643	26.276404	16933	16929	20	60
ATCC_35897__202309	Listeria welshimeri	false	sup	dna_r10.4.1_e8.2_400bps_sup@v4.3.0	5	5.00	chromosome=5.00	D	minimap2	2.31	lr:hq	dorado	2.1.2	dna_r10.4.1_e8.2_400bps_polish_bacterial_methylation_v5.0.0		NVIDIA H100 80GB HBM3	default_pass	INDEL	0	0.754386	0.973384	0.850006	8.239261	256	258	7	84
ATCC_35897__202309	Listeria welshimeri	false	sup	dna_r10.4.1_e8.2_400bps_sup@v4.3.0	5	5.00	chromosome=5.00	D	minimap2	2.31	lr:hq	dorado	2.1.2	dna_r10.4.1_e8.2_400bps_polish_bacterial_methylation_v5.0.0		NVIDIA H100 80GB HBM3	default_pass	ALL	0	0.991691	0.998432	0.995050	23.053948	17189	17187	27	144
ATCC_35897__202309	Listeria welshimeri	false	sup	dna_r10.4.1_e8.2_400bps_sup@v4.3.0	10	10.02	chromosome=10.02	A	minimap2	2.26	map-ont	clair3	1.0.5	r1041_e82_400bps_sup_v430	docker://quay.io/mbhall88/clair3@sha256:6a4c352e7d14ebb67bdad4be366dcbf6afa66cc7f0ee0b37a05cebe3f4754735	CPU: AMD EPYC 9745	sweep_best	SNP	1	0.999941	0.996933	0.998434	28.052082	16901	16895	52	1
ATCC_35897__202309	Listeria welshimeri	false	sup	dna_r10.4.1_e8.2_400bps_sup@v4.3.0	10	10.02	chromosome=10.02	A	minimap2	2.26	map-ont	clair3	1.0.5	r1041_e82_400bps_sup_v430	docker://quay.io/mbhall88/clair3@sha256:6a4c352e7d14ebb67bdad4be366dcbf6afa66cc7f0ee0b37a05cebe3f4754735	CPU: AMD EPYC 9745	sweep_best	INDEL	1	0.992218	0.961977	0.976864	16.357117	253	255	10	2
ATCC_35897__202309	Listeria welshimeri	false	sup	dna_r10.4.1_e8.2_400bps_sup@v4.3.0	10	10.02	chromosome=10.02	A	minimap2	2.26	map-ont	clair3	1.0.5	r1041_e82_400bps_sup_v430	docker://quay.io/mbhall88/clair3@sha256:6a4c352e7d14ebb67bdad4be366dcbf6afa66cc7f0ee0b37a05cebe3f4754735	CPU: AMD EPYC 9745	sweep_best	ALL	1	0.999825	0.996399	0.998109	27.233085	17154	17150	62	3
ATCC_35897__202309	Listeria welshimeri	false	sup	dna_r10.4.1_e8.2_400bps_sup@v4.3.0	10	10.02	chromosome=10.02	A	minimap2	2.26	map-ont	clair3	1.0.5	r1041_e82_400bps_sup_v430	docker://quay.io/mbhall88/clair3@sha256:6a4c352e7d14ebb67bdad4be366dcbf6afa66cc7f0ee0b37a05cebe3f4754735	CPU: AMD EPYC 9745	default_pass	SNP	0	0.999941	0.996933	0.998434	28.052082	16901	16895	52	1
ATCC_35897__202309	Listeria welshimeri	false	sup	dna_r10.4.1_e8.2_400bps_sup@v4.3.0	10	10.02	chromosome=10.02	A	minimap2	2.26	map-ont	clair3	1.0.5	r1041_e82_400bps_sup_v430	docker://quay.io/mbhall88/clair3@sha256:6a4c352e7d14ebb67bdad4be366dcbf6afa66cc7f0ee0b37a05cebe3f4754735	CPU: AMD EPYC 9745	default_pass	INDEL	0	0.992157	0.954373	0.972898	15.669987	251	253	12	2
ATCC_35897__202309	Listeria welshimeri	false	sup	dna_r10.4.1_e8.2_400bps_sup@v4.3.0	10	10.02	chromosome=10.02	A	minimap2	2.26	map-ont	clair3	1.0.5	r1041_e82_400bps_sup_v430	docker://quay.io/mbhall88/clair3@sha256:6a4c352e7d14ebb67bdad4be366dcbf6afa66cc7f0ee0b37a05cebe3f4754735	CPU: AMD EPYC 9745	default_pass	ALL	0	0.999825	0.996283	0.998051	27.101882	17152	17148	64	3
ATCC_35897__202309	Listeria welshimeri	false	sup	dna_r10.4.1_e8.2_400bps_sup@v4.3.0	10	10.02	chromosome=10.02	B	minimap2	2.31	lr:hq	clair3	1.0.5	r1041_e82_400bps_sup_v430	docker://quay.io/mbhall88/clair3@sha256:6a4c352e7d14ebb67bdad4be366dcbf6afa66cc7f0ee0b37a05cebe3f4754735	CPU: AMD EPYC 9745	sweep_best	SNP	1	0.999941	0.997228	0.998582	28.483238	16906	16900	47	1
ATCC_35897__202309	Listeria welshimeri	false	sup	dna_r10.4.1_e8.2_400bps_sup@v4.3.0	10	10.02	chromosome=10.02	B	minimap2	2.31	lr:hq	clair3	1.0.5	r1041_e82_400bps_sup_v430	docker://quay.io/mbhall88/clair3@sha256:6a4c352e7d14ebb67bdad4be366dcbf6afa66cc7f0ee0b37a05cebe3f4754735	CPU: AMD EPYC 9745	sweep_best	INDEL	1	0.992218	0.961977	0.976864	16.357117	253	255	10	2
ATCC_35897__202309	Listeria welshimeri	false	sup	dna_r10.4.1_e8.2_400bps_sup@v4.3.0	10	10.02	chromosome=10.02	B	minimap2	2.31	lr:hq	clair3	1.0.5	r1041_e82_400bps_sup_v430	docker://quay.io/mbhall88/clair3@sha256:6a4c352e7d14ebb67bdad4be366dcbf6afa66cc7f0ee0b37a05cebe3f4754735	CPU: AMD EPYC 9745	sweep_best	ALL	1	0.999825	0.996689	0.998255	27.582046	17159	17155	57	3
ATCC_35897__202309	Listeria welshimeri	false	sup	dna_r10.4.1_e8.2_400bps_sup@v4.3.0	10	10.02	chromosome=10.02	B	minimap2	2.31	lr:hq	clair3	1.0.5	r1041_e82_400bps_sup_v430	docker://quay.io/mbhall88/clair3@sha256:6a4c352e7d14ebb67bdad4be366dcbf6afa66cc7f0ee0b37a05cebe3f4754735	CPU: AMD EPYC 9745	default_pass	SNP	0	0.999941	0.997228	0.998582	28.483238	16906	16900	47	1
ATCC_35897__202309	Listeria welshimeri	false	sup	dna_r10.4.1_e8.2_400bps_sup@v4.3.0	10	10.02	chromosome=10.02	B	minimap2	2.31	lr:hq	clair3	1.0.5	r1041_e82_400bps_sup_v430	docker://quay.io/mbhall88/clair3@sha256:6a4c352e7d14ebb67bdad4be366dcbf6afa66cc7f0ee0b37a05cebe3f4754735	CPU: AMD EPYC 9745	default_pass	INDEL	0	0.992157	0.954373	0.972898	15.669987	251	253	12	2
ATCC_35897__202309	Listeria welshimeri	false	sup	dna_r10.4.1_e8.2_400bps_sup@v4.3.0	10	10.02	chromosome=10.02	B	minimap2	2.31	lr:hq	clair3	1.0.5	r1041_e82_400bps_sup_v430	docker://quay.io/mbhall88/clair3@sha256:6a4c352e7d14ebb67bdad4be366dcbf6afa66cc7f0ee0b37a05cebe3f4754735	CPU: AMD EPYC 9745	default_pass	ALL	0	0.999825	0.996573	0.998196	27.437635	17157	17153	59	3
ATCC_35897__202309	Listeria welshimeri	false	sup	dna_r10.4.1_e8.2_400bps_sup@v4.3.0	10	10.02	chromosome=10.02	C	minimap2	2.31	lr:hq	clair3	2.0.3	r1041_e82_400bps_sup_v430	docker://hkubal/clair3@sha256:d56df84c2c7c508aaf0623b124d9926d366a58f34236505b26c055f848afa202	CPU: AMD EPYC 9745	sweep_best	SNP	1	0.999941	0.997228	0.998582	28.483238	16906	16900	47	1
ATCC_35897__202309	Listeria welshimeri	false	sup	dna_r10.4.1_e8.2_400bps_sup@v4.3.0	10	10.02	chromosome=10.02	C	minimap2	2.31	lr:hq	clair3	2.0.3	r1041_e82_400bps_sup_v430	docker://hkubal/clair3@sha256:d56df84c2c7c508aaf0623b124d9926d366a58f34236505b26c055f848afa202	CPU: AMD EPYC 9745	sweep_best	INDEL	1	0.992218	0.961977	0.976864	16.357117	253	255	10	2
ATCC_35897__202309	Listeria welshimeri	false	sup	dna_r10.4.1_e8.2_400bps_sup@v4.3.0	10	10.02	chromosome=10.02	C	minimap2	2.31	lr:hq	clair3	2.0.3	r1041_e82_400bps_sup_v430	docker://hkubal/clair3@sha256:d56df84c2c7c508aaf0623b124d9926d366a58f34236505b26c055f848afa202	CPU: AMD EPYC 9745	sweep_best	ALL	1	0.999825	0.996689	0.998255	27.582046	17159	17155	57	3
ATCC_35897__202309	Listeria welshimeri	false	sup	dna_r10.4.1_e8.2_400bps_sup@v4.3.0	10	10.02	chromosome=10.02	C	minimap2	2.31	lr:hq	clair3	2.0.3	r1041_e82_400bps_sup_v430	docker://hkubal/clair3@sha256:d56df84c2c7c508aaf0623b124d9926d366a58f34236505b26c055f848afa202	CPU: AMD EPYC 9745	default_pass	SNP	0	0.999941	0.997228	0.998582	28.483238	16906	16900	47	1
ATCC_35897__202309	Listeria welshimeri	false	sup	dna_r10.4.1_e8.2_400bps_sup@v4.3.0	10	10.02	chromosome=10.02	C	minimap2	2.31	lr:hq	clair3	2.0.3	r1041_e82_400bps_sup_v430	docker://hkubal/clair3@sha256:d56df84c2c7c508aaf0623b124d9926d366a58f34236505b26c055f848afa202	CPU: AMD EPYC 9745	default_pass	INDEL	0	0.992157	0.954373	0.972898	15.669987	251	253	12	2
ATCC_35897__202309	Listeria welshimeri	false	sup	dna_r10.4.1_e8.2_400bps_sup@v4.3.0	10	10.02	chromosome=10.02	C	minimap2	2.31	lr:hq	clair3	2.0.3	r1041_e82_400bps_sup_v430	docker://hkubal/clair3@sha256:d56df84c2c7c508aaf0623b124d9926d366a58f34236505b26c055f848afa202	CPU: AMD EPYC 9745	default_pass	ALL	0	0.999825	0.996573	0.998196	27.437635	17157	17153	59	3
ATCC_35897__202309	Listeria welshimeri	false	sup	dna_r10.4.1_e8.2_400bps_sup@v4.3.0	10	10.02	chromosome=10.02	D	minimap2	2.31	lr:hq	dorado	2.1.2	dna_r10.4.1_e8.2_400bps_polish_bacterial_methylation_v5.0.0		NVIDIA H100 80GB HBM3	sweep_best	SNP	4	0.999823	0.999646	0.999735	35.767541	16947	16943	6	3
ATCC_35897__202309	Listeria welshimeri	false	sup	dna_r10.4.1_e8.2_400bps_sup@v4.3.0	10	10.02	chromosome=10.02	D	minimap2	2.31	lr:hq	dorado	2.1.2	dna_r10.4.1_e8.2_400bps_polish_bacterial_methylation_v5.0.0		NVIDIA H100 80GB HBM3	sweep_best	INDEL	7	1.000000	0.977186	0.988462	19.378695	257	259	6	0
ATCC_35897__202309	Listeria welshimeri	false	sup	dna_r10.4.1_e8.2_400bps_sup@v4.3.0	10	10.02	chromosome=10.02	D	minimap2	2.31	lr:hq	dorado	2.1.2	dna_r10.4.1_e8.2_400bps_polish_bacterial_methylation_v5.0.0		NVIDIA H100 80GB HBM3	sweep_best	ALL	7	0.999826	0.999245	0.999535	33.325470	17203	17201	13	3
ATCC_35897__202309	Listeria welshimeri	false	sup	dna_r10.4.1_e8.2_400bps_sup@v4.3.0	10	10.02	chromosome=10.02	D	minimap2	2.31	lr:hq	dorado	2.1.2	dna_r10.4.1_e8.2_400bps_polish_bacterial_methylation_v5.0.0		NVIDIA H100 80GB HBM3	default_pass	SNP	0	0.999764	0.999646	0.999705	35.301780	16947	16943	6	4
ATCC_35897__202309	Listeria welshimeri	false	sup	dna_r10.4.1_e8.2_400bps_sup@v4.3.0	10	10.02	chromosome=10.02	D	minimap2	2.31	lr:hq	dorado	2.1.2	dna_r10.4.1_e8.2_400bps_polish_bacterial_methylation_v5.0.0		NVIDIA H100 80GB HBM3	default_pass	INDEL	0	0.977444	0.980989	0.979213	16.822082	258	260	5	6
ATCC_35897__202309	Listeria welshimeri	false	sup	dna_r10.4.1_e8.2_400bps_sup@v4.3.0	10	10.02	chromosome=10.02	D	minimap2	2.31	lr:hq	dorado	2.1.2	dna_r10.4.1_e8.2_400bps_polish_bacterial_methylation_v5.0.0		NVIDIA H100 80GB HBM3	default_pass	ALL	0	0.999419	0.999361	0.999390	32.146702	17205	17203	11	10
ATCC_35897__202309	Listeria welshimeri	false	sup	dna_r10.4.1_e8.2_400bps_sup@v4.3.0	25	25.02	chromosome=25.02	A	minimap2	2.26	map-ont	clair3	1.0.5	r1041_e82_400bps_sup_v430	docker://quay.io/mbhall88/clair3@sha256:6a4c352e7d14ebb67bdad4be366dcbf6afa66cc7f0ee0b37a05cebe3f4754735	CPU: AMD EPYC 9745	sweep_best	SNP	0	0.999941	0.999882	0.999911	40.506100	16951	16945	2	1
ATCC_35897__202309	Listeria welshimeri	false	sup	dna_r10.4.1_e8.2_400bps_sup@v4.3.0	25	25.02	chromosome=25.02	A	minimap2	2.26	map-ont	clair3	1.0.5	r1041_e82_400bps_sup_v430	docker://quay.io/mbhall88/clair3@sha256:6a4c352e7d14ebb67bdad4be366dcbf6afa66cc7f0ee0b37a05cebe3f4754735	CPU: AMD EPYC 9745	sweep_best	INDEL	0	0.996198	0.984791	0.990461	20.204972	259	262	4	1
ATCC_35897__202309	Listeria welshimeri	false	sup	dna_r10.4.1_e8.2_400bps_sup@v4.3.0	25	25.02	chromosome=25.02	A	minimap2	2.26	map-ont	clair3	1.0.5	r1041_e82_400bps_sup_v430	docker://quay.io/mbhall88/clair3@sha256:6a4c352e7d14ebb67bdad4be366dcbf6afa66cc7f0ee0b37a05cebe3f4754735	CPU: AMD EPYC 9745	sweep_best	ALL	0	0.999884	0.999651	0.999768	36.345120	17210	17207	6	2
ATCC_35897__202309	Listeria welshimeri	false	sup	dna_r10.4.1_e8.2_400bps_sup@v4.3.0	25	25.02	chromosome=25.02	A	minimap2	2.26	map-ont	clair3	1.0.5	r1041_e82_400bps_sup_v430	docker://quay.io/mbhall88/clair3@sha256:6a4c352e7d14ebb67bdad4be366dcbf6afa66cc7f0ee0b37a05cebe3f4754735	CPU: AMD EPYC 9745	default_pass	SNP	0	0.999941	0.999882	0.999911	40.506100	16951	16945	2	1
ATCC_35897__202309	Listeria welshimeri	false	sup	dna_r10.4.1_e8.2_400bps_sup@v4.3.0	25	25.02	chromosome=25.02	A	minimap2	2.26	map-ont	clair3	1.0.5	r1041_e82_400bps_sup_v430	docker://quay.io/mbhall88/clair3@sha256:6a4c352e7d14ebb67bdad4be366dcbf6afa66cc7f0ee0b37a05cebe3f4754735	CPU: AMD EPYC 9745	default_pass	INDEL	0	0.992366	0.977186	0.984718	18.158198	257	260	6	2
ATCC_35897__202309	Listeria welshimeri	false	sup	dna_r10.4.1_e8.2_400bps_sup@v4.3.0	25	25.02	chromosome=25.02	A	minimap2	2.26	map-ont	clair3	1.0.5	r1041_e82_400bps_sup_v430	docker://quay.io/mbhall88/clair3@sha256:6a4c352e7d14ebb67bdad4be366dcbf6afa66cc7f0ee0b37a05cebe3f4754735	CPU: AMD EPYC 9745	default_pass	ALL	0	0.999826	0.999535	0.999680	34.948500	17208	17205	8	3
ATCC_35897__202309	Listeria welshimeri	false	sup	dna_r10.4.1_e8.2_400bps_sup@v4.3.0	25	25.02	chromosome=25.02	B	minimap2	2.31	lr:hq	clair3	1.0.5	r1041_e82_400bps_sup_v430	docker://quay.io/mbhall88/clair3@sha256:6a4c352e7d14ebb67bdad4be366dcbf6afa66cc7f0ee0b37a05cebe3f4754735	CPU: AMD EPYC 9745	sweep_best	SNP	0	0.999941	0.999882	0.999911	40.506100	16951	16945	2	1
ATCC_35897__202309	Listeria welshimeri	false	sup	dna_r10.4.1_e8.2_400bps_sup@v4.3.0	25	25.02	chromosome=25.02	B	minimap2	2.31	lr:hq	clair3	1.0.5	r1041_e82_400bps_sup_v430	docker://quay.io/mbhall88/clair3@sha256:6a4c352e7d14ebb67bdad4be366dcbf6afa66cc7f0ee0b37a05cebe3f4754735	CPU: AMD EPYC 9745	sweep_best	INDEL	0	0.996198	0.984791	0.990461	20.204972	259	262	4	1
ATCC_35897__202309	Listeria welshimeri	false	sup	dna_r10.4.1_e8.2_400bps_sup@v4.3.0	25	25.02	chromosome=25.02	B	minimap2	2.31	lr:hq	clair3	1.0.5	r1041_e82_400bps_sup_v430	docker://quay.io/mbhall88/clair3@sha256:6a4c352e7d14ebb67bdad4be366dcbf6afa66cc7f0ee0b37a05cebe3f4754735	CPU: AMD EPYC 9745	sweep_best	ALL	0	0.999884	0.999651	0.999768	36.345120	17210	17207	6	2
ATCC_35897__202309	Listeria welshimeri	false	sup	dna_r10.4.1_e8.2_400bps_sup@v4.3.0	25	25.02	chromosome=25.02	B	minimap2	2.31	lr:hq	clair3	1.0.5	r1041_e82_400bps_sup_v430	docker://quay.io/mbhall88/clair3@sha256:6a4c352e7d14ebb67bdad4be366dcbf6afa66cc7f0ee0b37a05cebe3f4754735	CPU: AMD EPYC 9745	default_pass	SNP	0	0.999941	0.999882	0.999911	40.506100	16951	16945	2	1
ATCC_35897__202309	Listeria welshimeri	false	sup	dna_r10.4.1_e8.2_400bps_sup@v4.3.0	25	25.02	chromosome=25.02	B	minimap2	2.31	lr:hq	clair3	1.0.5	r1041_e82_400bps_sup_v430	docker://quay.io/mbhall88/clair3@sha256:6a4c352e7d14ebb67bdad4be366dcbf6afa66cc7f0ee0b37a05cebe3f4754735	CPU: AMD EPYC 9745	default_pass	INDEL	0	0.992366	0.977186	0.984718	18.158198	257	260	6	2
ATCC_35897__202309	Listeria welshimeri	false	sup	dna_r10.4.1_e8.2_400bps_sup@v4.3.0	25	25.02	chromosome=25.02	B	minimap2	2.31	lr:hq	clair3	1.0.5	r1041_e82_400bps_sup_v430	docker://quay.io/mbhall88/clair3@sha256:6a4c352e7d14ebb67bdad4be366dcbf6afa66cc7f0ee0b37a05cebe3f4754735	CPU: AMD EPYC 9745	default_pass	ALL	0	0.999826	0.999535	0.999680	34.948500	17208	17205	8	3
ATCC_35897__202309	Listeria welshimeri	false	sup	dna_r10.4.1_e8.2_400bps_sup@v4.3.0	25	25.02	chromosome=25.02	C	minimap2	2.31	lr:hq	clair3	2.0.3	r1041_e82_400bps_sup_v430	docker://hkubal/clair3@sha256:d56df84c2c7c508aaf0623b124d9926d366a58f34236505b26c055f848afa202	CPU: AMD EPYC 9745	sweep_best	SNP	0	0.999941	0.999882	0.999911	40.506100	16951	16945	2	1
ATCC_35897__202309	Listeria welshimeri	false	sup	dna_r10.4.1_e8.2_400bps_sup@v4.3.0	25	25.02	chromosome=25.02	C	minimap2	2.31	lr:hq	clair3	2.0.3	r1041_e82_400bps_sup_v430	docker://hkubal/clair3@sha256:d56df84c2c7c508aaf0623b124d9926d366a58f34236505b26c055f848afa202	CPU: AMD EPYC 9745	sweep_best	INDEL	0	0.996198	0.984791	0.990461	20.204972	259	262	4	1
ATCC_35897__202309	Listeria welshimeri	false	sup	dna_r10.4.1_e8.2_400bps_sup@v4.3.0	25	25.02	chromosome=25.02	C	minimap2	2.31	lr:hq	clair3	2.0.3	r1041_e82_400bps_sup_v430	docker://hkubal/clair3@sha256:d56df84c2c7c508aaf0623b124d9926d366a58f34236505b26c055f848afa202	CPU: AMD EPYC 9745	sweep_best	ALL	0	0.999884	0.999651	0.999768	36.345120	17210	17207	6	2
ATCC_35897__202309	Listeria welshimeri	false	sup	dna_r10.4.1_e8.2_400bps_sup@v4.3.0	25	25.02	chromosome=25.02	C	minimap2	2.31	lr:hq	clair3	2.0.3	r1041_e82_400bps_sup_v430	docker://hkubal/clair3@sha256:d56df84c2c7c508aaf0623b124d9926d366a58f34236505b26c055f848afa202	CPU: AMD EPYC 9745	default_pass	SNP	0	0.999941	0.999882	0.999911	40.506100	16951	16945	2	1
ATCC_35897__202309	Listeria welshimeri	false	sup	dna_r10.4.1_e8.2_400bps_sup@v4.3.0	25	25.02	chromosome=25.02	C	minimap2	2.31	lr:hq	clair3	2.0.3	r1041_e82_400bps_sup_v430	docker://hkubal/clair3@sha256:d56df84c2c7c508aaf0623b124d9926d366a58f34236505b26c055f848afa202	CPU: AMD EPYC 9745	default_pass	INDEL	0	0.992366	0.977186	0.984718	18.158198	257	260	6	2
ATCC_35897__202309	Listeria welshimeri	false	sup	dna_r10.4.1_e8.2_400bps_sup@v4.3.0	25	25.02	chromosome=25.02	C	minimap2	2.31	lr:hq	clair3	2.0.3	r1041_e82_400bps_sup_v430	docker://hkubal/clair3@sha256:d56df84c2c7c508aaf0623b124d9926d366a58f34236505b26c055f848afa202	CPU: AMD EPYC 9745	default_pass	ALL	0	0.999826	0.999535	0.999680	34.948500	17208	17205	8	3
ATCC_35897__202309	Listeria welshimeri	false	sup	dna_r10.4.1_e8.2_400bps_sup@v4.3.0	25	25.02	chromosome=25.02	D	minimap2	2.31	lr:hq	dorado	2.1.2	dna_r10.4.1_e8.2_400bps_polish_bacterial_methylation_v5.0.0		NVIDIA H100 80GB HBM3	sweep_best	SNP	8	0.999941	0.999646	0.999793	36.840297	16947	16943	6	1
ATCC_35897__202309	Listeria welshimeri	false	sup	dna_r10.4.1_e8.2_400bps_sup@v4.3.0	25	25.02	chromosome=25.02	D	minimap2	2.31	lr:hq	dorado	2.1.2	dna_r10.4.1_e8.2_400bps_polish_bacterial_methylation_v5.0.0		NVIDIA H100 80GB HBM3	sweep_best	INDEL	0	1.000000	0.984791	0.992337	21.156012	259	261	4	0
ATCC_35897__202309	Listeria welshimeri	false	sup	dna_r10.4.1_e8.2_400bps_sup@v4.3.0	25	25.02	chromosome=25.02	D	minimap2	2.31	lr:hq	dorado	2.1.2	dna_r10.4.1_e8.2_400bps_polish_bacterial_methylation_v5.0.0		NVIDIA H100 80GB HBM3	sweep_best	ALL	0	0.999884	0.999419	0.999651	34.571746	17206	17204	10	2
ATCC_35897__202309	Listeria welshimeri	false	sup	dna_r10.4.1_e8.2_400bps_sup@v4.3.0	25	25.02	chromosome=25.02	D	minimap2	2.31	lr:hq	dorado	2.1.2	dna_r10.4.1_e8.2_400bps_polish_bacterial_methylation_v5.0.0		NVIDIA H100 80GB HBM3	default_pass	SNP	0	0.999882	0.999646	0.999764	36.270880	16947	16943	6	2
ATCC_35897__202309	Listeria welshimeri	false	sup	dna_r10.4.1_e8.2_400bps_sup@v4.3.0	25	25.02	chromosome=25.02	D	minimap2	2.31	lr:hq	dorado	2.1.2	dna_r10.4.1_e8.2_400bps_polish_bacterial_methylation_v5.0.0		NVIDIA H100 80GB HBM3	default_pass	INDEL	0	1.000000	0.984791	0.992337	21.156012	259	261	4	0
ATCC_35897__202309	Listeria welshimeri	false	sup	dna_r10.4.1_e8.2_400bps_sup@v4.3.0	25	25.02	chromosome=25.02	D	minimap2	2.31	lr:hq	dorado	2.1.2	dna_r10.4.1_e8.2_400bps_polish_bacterial_methylation_v5.0.0		NVIDIA H100 80GB HBM3	default_pass	ALL	0	0.999884	0.999419	0.999651	34.571746	17206	17204	10	2
ATCC_35897__202309	Listeria welshimeri	false	sup	dna_r10.4.1_e8.2_400bps_sup@v4.3.0	50	50.12	chromosome=50.12	A	minimap2	2.26	map-ont	clair3	1.0.5	r1041_e82_400bps_sup_v430	docker://quay.io/mbhall88/clair3@sha256:6a4c352e7d14ebb67bdad4be366dcbf6afa66cc7f0ee0b37a05cebe3f4754735	CPU: AMD EPYC 9745	sweep_best	SNP	0	0.999941	0.999882	0.999911	40.506100	16951	16945	2	1
ATCC_35897__202309	Listeria welshimeri	false	sup	dna_r10.4.1_e8.2_400bps_sup@v4.3.0	50	50.12	chromosome=50.12	A	minimap2	2.26	map-ont	clair3	1.0.5	r1041_e82_400bps_sup_v430	docker://quay.io/mbhall88/clair3@sha256:6a4c352e7d14ebb67bdad4be366dcbf6afa66cc7f0ee0b37a05cebe3f4754735	CPU: AMD EPYC 9745	sweep_best	INDEL	5	1.000000	0.996198	0.998095	27.201050	262	265	1	0
ATCC_35897__202309	Listeria welshimeri	false	sup	dna_r10.4.1_e8.2_400bps_sup@v4.3.0	50	50.12	chromosome=50.12	A	minimap2	2.26	map-ont	clair3	1.0.5	r1041_e82_400bps_sup_v430	docker://quay.io/mbhall88/clair3@sha256:6a4c352e7d14ebb67bdad4be366dcbf6afa66cc7f0ee0b37a05cebe3f4754735	CPU: AMD EPYC 9745	sweep_best	ALL	0	0.999884	0.999826	0.999855	38.386320	17213	17210	3	2
ATCC_35897__202309	Listeria welshimeri	false	sup	dna_r10.4.1_e8.2_400bps_sup@v4.3.0	50	50.12	chromosome=50.12	A	minimap2	2.26	map-ont	clair3	1.0.5	r1041_e82_400bps_sup_v430	docker://quay.io/mbhall88/clair3@sha256:6a4c352e7d14ebb67bdad4be366dcbf6afa66cc7f0ee0b37a05cebe3f4754735	CPU: AMD EPYC 9745	default_pass	SNP	0	0.999941	0.999882	0.999911	40.506100	16951	16945	2	1
ATCC_35897__202309	Listeria welshimeri	false	sup	dna_r10.4.1_e8.2_400bps_sup@v4.3.0	50	50.12	chromosome=50.12	A	minimap2	2.26	map-ont	clair3	1.0.5	r1041_e82_400bps_sup_v430	docker://quay.io/mbhall88/clair3@sha256:6a4c352e7d14ebb67bdad4be366dcbf6afa66cc7f0ee0b37a05cebe3f4754735	CPU: AMD EPYC 9745	default_pass	INDEL	0	0.996241	0.996198	0.996219	24.223933	262	265	1	1
ATCC_35897__202309	Listeria welshimeri	false	sup	dna_r10.4.1_e8.2_400bps_sup@v4.3.0	50	50.12	chromosome=50.12	A	minimap2	2.26	map-ont	clair3	1.0.5	r1041_e82_400bps_sup_v430	docker://quay.io/mbhall88/clair3@sha256:6a4c352e7d14ebb67bdad4be366dcbf6afa66cc7f0ee0b37a05cebe3f4754735	CPU: AMD EPYC 9745	default_pass	ALL	0	0.999884	0.999826	0.999855	38.386320	17213	17210	3	2
ATCC_35897__202309	Listeria welshimeri	false	sup	dna_r10.4.1_e8.2_400bps_sup@v4.3.0	50	50.12	chromosome=50.12	B	minimap2	2.31	lr:hq	clair3	1.0.5	r1041_e82_400bps_sup_v430	docker://quay.io/mbhall88/clair3@sha256:6a4c352e7d14ebb67bdad4be366dcbf6afa66cc7f0ee0b37a05cebe3f4754735	CPU: AMD EPYC 9745	sweep_best	SNP	0	0.999941	0.999882	0.999911	40.506100	16951	16945	2	1
ATCC_35897__202309	Listeria welshimeri	false	sup	dna_r10.4.1_e8.2_400bps_sup@v4.3.0	50	50.12	chromosome=50.12	B	minimap2	2.31	lr:hq	clair3	1.0.5	r1041_e82_400bps_sup_v430	docker://quay.io/mbhall88/clair3@sha256:6a4c352e7d14ebb67bdad4be366dcbf6afa66cc7f0ee0b37a05cebe3f4754735	CPU: AMD EPYC 9745	sweep_best	INDEL	5	1.000000	0.996198	0.998095	27.201050	262	265	1	0
ATCC_35897__202309	Listeria welshimeri	false	sup	dna_r10.4.1_e8.2_400bps_sup@v4.3.0	50	50.12	chromosome=50.12	B	minimap2	2.31	lr:hq	clair3	1.0.5	r1041_e82_400bps_sup_v430	docker://quay.io/mbhall88/clair3@sha256:6a4c352e7d14ebb67bdad4be366dcbf6afa66cc7f0ee0b37a05cebe3f4754735	CPU: AMD EPYC 9745	sweep_best	ALL	0	0.999884	0.999826	0.999855	38.386320	17213	17210	3	2
ATCC_35897__202309	Listeria welshimeri	false	sup	dna_r10.4.1_e8.2_400bps_sup@v4.3.0	50	50.12	chromosome=50.12	B	minimap2	2.31	lr:hq	clair3	1.0.5	r1041_e82_400bps_sup_v430	docker://quay.io/mbhall88/clair3@sha256:6a4c352e7d14ebb67bdad4be366dcbf6afa66cc7f0ee0b37a05cebe3f4754735	CPU: AMD EPYC 9745	default_pass	SNP	0	0.999941	0.999882	0.999911	40.506100	16951	16945	2	1
ATCC_35897__202309	Listeria welshimeri	false	sup	dna_r10.4.1_e8.2_400bps_sup@v4.3.0	50	50.12	chromosome=50.12	B	minimap2	2.31	lr:hq	clair3	1.0.5	r1041_e82_400bps_sup_v430	docker://quay.io/mbhall88/clair3@sha256:6a4c352e7d14ebb67bdad4be366dcbf6afa66cc7f0ee0b37a05cebe3f4754735	CPU: AMD EPYC 9745	default_pass	INDEL	0	0.996241	0.996198	0.996219	24.223933	262	265	1	1
ATCC_35897__202309	Listeria welshimeri	false	sup	dna_r10.4.1_e8.2_400bps_sup@v4.3.0	50	50.12	chromosome=50.12	B	minimap2	2.31	lr:hq	clair3	1.0.5	r1041_e82_400bps_sup_v430	docker://quay.io/mbhall88/clair3@sha256:6a4c352e7d14ebb67bdad4be366dcbf6afa66cc7f0ee0b37a05cebe3f4754735	CPU: AMD EPYC 9745	default_pass	ALL	0	0.999884	0.999826	0.999855	38.386320	17213	17210	3	2
ATCC_35897__202309	Listeria welshimeri	false	sup	dna_r10.4.1_e8.2_400bps_sup@v4.3.0	50	50.12	chromosome=50.12	C	minimap2	2.31	lr:hq	clair3	2.0.3	r1041_e82_400bps_sup_v430	docker://hkubal/clair3@sha256:d56df84c2c7c508aaf0623b124d9926d366a58f34236505b26c055f848afa202	CPU: AMD EPYC 9745	sweep_best	SNP	0	0.999941	0.999882	0.999911	40.506100	16951	16945	2	1
ATCC_35897__202309	Listeria welshimeri	false	sup	dna_r10.4.1_e8.2_400bps_sup@v4.3.0	50	50.12	chromosome=50.12	C	minimap2	2.31	lr:hq	clair3	2.0.3	r1041_e82_400bps_sup_v430	docker://hkubal/clair3@sha256:d56df84c2c7c508aaf0623b124d9926d366a58f34236505b26c055f848afa202	CPU: AMD EPYC 9745	sweep_best	INDEL	5	1.000000	0.996198	0.998095	27.201050	262	265	1	0
ATCC_35897__202309	Listeria welshimeri	false	sup	dna_r10.4.1_e8.2_400bps_sup@v4.3.0	50	50.12	chromosome=50.12	C	minimap2	2.31	lr:hq	clair3	2.0.3	r1041_e82_400bps_sup_v430	docker://hkubal/clair3@sha256:d56df84c2c7c508aaf0623b124d9926d366a58f34236505b26c055f848afa202	CPU: AMD EPYC 9745	sweep_best	ALL	0	0.999884	0.999826	0.999855	38.386320	17213	17210	3	2
ATCC_35897__202309	Listeria welshimeri	false	sup	dna_r10.4.1_e8.2_400bps_sup@v4.3.0	50	50.12	chromosome=50.12	C	minimap2	2.31	lr:hq	clair3	2.0.3	r1041_e82_400bps_sup_v430	docker://hkubal/clair3@sha256:d56df84c2c7c508aaf0623b124d9926d366a58f34236505b26c055f848afa202	CPU: AMD EPYC 9745	default_pass	SNP	0	0.999941	0.999882	0.999911	40.506100	16951	16945	2	1
ATCC_35897__202309	Listeria welshimeri	false	sup	dna_r10.4.1_e8.2_400bps_sup@v4.3.0	50	50.12	chromosome=50.12	C	minimap2	2.31	lr:hq	clair3	2.0.3	r1041_e82_400bps_sup_v430	docker://hkubal/clair3@sha256:d56df84c2c7c508aaf0623b124d9926d366a58f34236505b26c055f848afa202	CPU: AMD EPYC 9745	default_pass	INDEL	0	0.996241	0.996198	0.996219	24.223933	262	265	1	1
ATCC_35897__202309	Listeria welshimeri	false	sup	dna_r10.4.1_e8.2_400bps_sup@v4.3.0	50	50.12	chromosome=50.12	C	minimap2	2.31	lr:hq	clair3	2.0.3	r1041_e82_400bps_sup_v430	docker://hkubal/clair3@sha256:d56df84c2c7c508aaf0623b124d9926d366a58f34236505b26c055f848afa202	CPU: AMD EPYC 9745	default_pass	ALL	0	0.999884	0.999826	0.999855	38.386320	17213	17210	3	2
ATCC_35897__202309	Listeria welshimeri	false	sup	dna_r10.4.1_e8.2_400bps_sup@v4.3.0	50	50.12	chromosome=50.12	D	minimap2	2.31	lr:hq	dorado	2.1.2	dna_r10.4.1_e8.2_400bps_polish_bacterial_methylation_v5.0.0		NVIDIA H100 80GB HBM3	sweep_best	SNP	0	0.999941	0.999764	0.999852	38.297383	16949	16945	4	1
ATCC_35897__202309	Listeria welshimeri	false	sup	dna_r10.4.1_e8.2_400bps_sup@v4.3.0	50	50.12	chromosome=50.12	D	minimap2	2.31	lr:hq	dorado	2.1.2	dna_r10.4.1_e8.2_400bps_polish_bacterial_methylation_v5.0.0		NVIDIA H100 80GB HBM3	sweep_best	INDEL	4	1.000000	0.984791	0.992337	21.156012	259	261	4	0
ATCC_35897__202309	Listeria welshimeri	false	sup	dna_r10.4.1_e8.2_400bps_sup@v4.3.0	50	50.12	chromosome=50.12	D	minimap2	2.31	lr:hq	dorado	2.1.2	dna_r10.4.1_e8.2_400bps_polish_bacterial_methylation_v5.0.0		NVIDIA H100 80GB HBM3	sweep_best	ALL	4	0.999942	0.999535	0.999739	35.833595	17208	17206	8	1
ATCC_35897__202309	Listeria welshimeri	false	sup	dna_r10.4.1_e8.2_400bps_sup@v4.3.0	50	50.12	chromosome=50.12	D	minimap2	2.31	lr:hq	dorado	2.1.2	dna_r10.4.1_e8.2_400bps_polish_bacterial_methylation_v5.0.0		NVIDIA H100 80GB HBM3	default_pass	SNP	0	0.999941	0.999764	0.999852	38.297383	16949	16945	4	1
ATCC_35897__202309	Listeria welshimeri	false	sup	dna_r10.4.1_e8.2_400bps_sup@v4.3.0	50	50.12	chromosome=50.12	D	minimap2	2.31	lr:hq	dorado	2.1.2	dna_r10.4.1_e8.2_400bps_polish_bacterial_methylation_v5.0.0		NVIDIA H100 80GB HBM3	default_pass	INDEL	0	0.996183	0.984791	0.990454	20.201786	259	261	4	1
ATCC_35897__202309	Listeria welshimeri	false	sup	dna_r10.4.1_e8.2_400bps_sup@v4.3.0	50	50.12	chromosome=50.12	D	minimap2	2.31	lr:hq	dorado	2.1.2	dna_r10.4.1_e8.2_400bps_polish_bacterial_methylation_v5.0.0		NVIDIA H100 80GB HBM3	default_pass	ALL	0	0.999884	0.999535	0.999710	35.376020	17208	17206	8	2
ATCC_BAA-679__202309	Listeria monocytogenes	false	hac	dna_r10.4.1_e8.2_400bps_hac@v4.3.0	5	4.99	chromosome=4.99	A	minimap2	2.26	map-ont	clair3	1.0.5	r1041_e82_400bps_hac_v430	docker://quay.io/mbhall88/clair3@sha256:6a4c352e7d14ebb67bdad4be366dcbf6afa66cc7f0ee0b37a05cebe3f4754735	CPU: AMD EPYC 9745	sweep_best	SNP	0	0.999217	0.983168	0.991128	20.519785	8937	8929	153	7
ATCC_BAA-679__202309	Listeria monocytogenes	false	hac	dna_r10.4.1_e8.2_400bps_hac@v4.3.0	5	4.99	chromosome=4.99	A	minimap2	2.26	map-ont	clair3	1.0.5	r1041_e82_400bps_hac_v430	docker://quay.io/mbhall88/clair3@sha256:6a4c352e7d14ebb67bdad4be366dcbf6afa66cc7f0ee0b37a05cebe3f4754735	CPU: AMD EPYC 9745	sweep_best	INDEL	0	0.914894	0.868056	0.890859	9.620121	125	129	19	12
ATCC_BAA-679__202309	Listeria monocytogenes	false	hac	dna_r10.4.1_e8.2_400bps_hac@v4.3.0	5	4.99	chromosome=4.99	A	minimap2	2.26	map-ont	clair3	1.0.5	r1041_e82_400bps_hac_v430	docker://quay.io/mbhall88/clair3@sha256:6a4c352e7d14ebb67bdad4be366dcbf6afa66cc7f0ee0b37a05cebe3f4754735	CPU: AMD EPYC 9745	sweep_best	ALL	0	0.997907	0.981373	0.989571	19.817573	9062	9058	172	19
ATCC_BAA-679__202309	Listeria monocytogenes	false	hac	dna_r10.4.1_e8.2_400bps_hac@v4.3.0	5	4.99	chromosome=4.99	A	minimap2	2.26	map-ont	clair3	1.0.5	r1041_e82_400bps_hac_v430	docker://quay.io/mbhall88/clair3@sha256:6a4c352e7d14ebb67bdad4be366dcbf6afa66cc7f0ee0b37a05cebe3f4754735	CPU: AMD EPYC 9745	default_pass	SNP	0	0.999105	0.982838	0.990905	20.411973	8934	8928	156	8
ATCC_BAA-679__202309	Listeria monocytogenes	false	hac	dna_r10.4.1_e8.2_400bps_hac@v4.3.0	5	4.99	chromosome=4.99	A	minimap2	2.26	map-ont	clair3	1.0.5	r1041_e82_400bps_hac_v430	docker://quay.io/mbhall88/clair3@sha256:6a4c352e7d14ebb67bdad4be366dcbf6afa66cc7f0ee0b37a05cebe3f4754735	CPU: AMD EPYC 9745	default_pass	INDEL	0	0.975410	0.805556	0.882383	9.295299	116	119	28	3
ATCC_BAA-679__202309	Listeria monocytogenes	false	hac	dna_r10.4.1_e8.2_400bps_hac@v4.3.0	5	4.99	chromosome=4.99	A	minimap2	2.26	map-ont	clair3	1.0.5	r1041_e82_400bps_hac_v430	docker://quay.io/mbhall88/clair3@sha256:6a4c352e7d14ebb67bdad4be366dcbf6afa66cc7f0ee0b37a05cebe3f4754735	CPU: AMD EPYC 9745	default_pass	ALL	0	0.998786	0.980074	0.989341	19.722835	9050	9047	184	11
ATCC_BAA-679__202309	Listeria monocytogenes	false	hac	dna_r10.4.1_e8.2_400bps_hac@v4.3.0	5	4.99	chromosome=4.99	B	minimap2	2.31	lr:hq	clair3	1.0.5	r1041_e82_400bps_hac_v430	docker://quay.io/mbhall88/clair3@sha256:6a4c352e7d14ebb67bdad4be366dcbf6afa66cc7f0ee0b37a05cebe3f4754735	CPU: AMD EPYC 9745	sweep_best	SNP	0	0.999217	0.983388	0.991239	20.574463	8939	8931	151	7
ATCC_BAA-679__202309	Listeria monocytogenes	false	hac	dna_r10.4.1_e8.2_400bps_hac@v4.3.0	5	4.99	chromosome=4.99	B	minimap2	2.31	lr:hq	clair3	1.0.5	r1041_e82_400bps_hac_v430	docker://quay.io/mbhall88/clair3@sha256:6a4c352e7d14ebb67bdad4be366dcbf6afa66cc7f0ee0b37a05cebe3f4754735	CPU: AMD EPYC 9745	sweep_best	INDEL	0	0.914894	0.868056	0.890859	9.620121	125	129	19	12
ATCC_BAA-679__202309	Listeria monocytogenes	false	hac	dna_r10.4.1_e8.2_400bps_hac@v4.3.0	5	4.99	chromosome=4.99	B	minimap2	2.31	lr:hq	clair3	1.0.5	r1041_e82_400bps_hac_v430	docker://quay.io/mbhall88/clair3@sha256:6a4c352e7d14ebb67bdad4be366dcbf6afa66cc7f0ee0b37a05cebe3f4754735	CPU: AMD EPYC 9745	sweep_best	ALL	0	0.997907	0.981590	0.989681	19.863624	9064	9060	170	19
ATCC_BAA-679__202309	Listeria monocytogenes	false	hac	dna_r10.4.1_e8.2_400bps_hac@v4.3.0	5	4.99	chromosome=4.99	B	minimap2	2.31	lr:hq	clair3	1.0.5	r1041_e82_400bps_hac_v430	docker://quay.io/mbhall88/clair3@sha256:6a4c352e7d14ebb67bdad4be366dcbf6afa66cc7f0ee0b37a05cebe3f4754735	CPU: AMD EPYC 9745	default_pass	SNP	0	0.999105	0.983058	0.991017	20.465786	8936	8930	154	8
ATCC_BAA-679__202309	Listeria monocytogenes	false	hac	dna_r10.4.1_e8.2_400bps_hac@v4.3.0	5	4.99	chromosome=4.99	B	minimap2	2.31	lr:hq	clair3	1.0.5	r1041_e82_400bps_hac_v430	docker://quay.io/mbhall88/clair3@sha256:6a4c352e7d14ebb67bdad4be366dcbf6afa66cc7f0ee0b37a05cebe3f4754735	CPU: AMD EPYC 9745	default_pass	INDEL	0	0.975410	0.805556	0.882383	9.295299	116	119	28	3
ATCC_BAA-679__202309	Listeria monocytogenes	false	hac	dna_r10.4.1_e8.2_400bps_hac@v4.3.0	5	4.99	chromosome=4.99	B	minimap2	2.31	lr:hq	clair3	1.0.5	r1041_e82_400bps_hac_v430	docker://quay.io/mbhall88/clair3@sha256:6a4c352e7d14ebb67bdad4be366dcbf6afa66cc7f0ee0b37a05cebe3f4754735	CPU: AMD EPYC 9745	default_pass	ALL	0	0.998786	0.980290	0.989452	19.768299	9052	9049	182	11
ATCC_BAA-679__202309	Listeria monocytogenes	false	hac	dna_r10.4.1_e8.2_400bps_hac@v4.3.0	5	4.99	chromosome=4.99	C	minimap2	2.31	lr:hq	clair3	2.0.3	r1041_e82_400bps_hac_v430	docker://hkubal/clair3@sha256:d56df84c2c7c508aaf0623b124d9926d366a58f34236505b26c055f848afa202	CPU: AMD EPYC 9745	sweep_best	SNP	0	0.999217	0.983388	0.991239	20.574463	8939	8931	151	7
ATCC_BAA-679__202309	Listeria monocytogenes	false	hac	dna_r10.4.1_e8.2_400bps_hac@v4.3.0	5	4.99	chromosome=4.99	C	minimap2	2.31	lr:hq	clair3	2.0.3	r1041_e82_400bps_hac_v430	docker://hkubal/clair3@sha256:d56df84c2c7c508aaf0623b124d9926d366a58f34236505b26c055f848afa202	CPU: AMD EPYC 9745	sweep_best	INDEL	0	0.914894	0.868056	0.890859	9.620121	125	129	19	12
ATCC_BAA-679__202309	Listeria monocytogenes	false	hac	dna_r10.4.1_e8.2_400bps_hac@v4.3.0	5	4.99	chromosome=4.99	C	minimap2	2.31	lr:hq	clair3	2.0.3	r1041_e82_400bps_hac_v430	docker://hkubal/clair3@sha256:d56df84c2c7c508aaf0623b124d9926d366a58f34236505b26c055f848afa202	CPU: AMD EPYC 9745	sweep_best	ALL	0	0.997907	0.981590	0.989681	19.863624	9064	9060	170	19
ATCC_BAA-679__202309	Listeria monocytogenes	false	hac	dna_r10.4.1_e8.2_400bps_hac@v4.3.0	5	4.99	chromosome=4.99	C	minimap2	2.31	lr:hq	clair3	2.0.3	r1041_e82_400bps_hac_v430	docker://hkubal/clair3@sha256:d56df84c2c7c508aaf0623b124d9926d366a58f34236505b26c055f848afa202	CPU: AMD EPYC 9745	default_pass	SNP	0	0.999105	0.983058	0.991017	20.465786	8936	8930	154	8
ATCC_BAA-679__202309	Listeria monocytogenes	false	hac	dna_r10.4.1_e8.2_400bps_hac@v4.3.0	5	4.99	chromosome=4.99	C	minimap2	2.31	lr:hq	clair3	2.0.3	r1041_e82_400bps_hac_v430	docker://hkubal/clair3@sha256:d56df84c2c7c508aaf0623b124d9926d366a58f34236505b26c055f848afa202	CPU: AMD EPYC 9745	default_pass	INDEL	0	0.975410	0.805556	0.882383	9.295299	116	119	28	3
ATCC_BAA-679__202309	Listeria monocytogenes	false	hac	dna_r10.4.1_e8.2_400bps_hac@v4.3.0	5	4.99	chromosome=4.99	C	minimap2	2.31	lr:hq	clair3	2.0.3	r1041_e82_400bps_hac_v430	docker://hkubal/clair3@sha256:d56df84c2c7c508aaf0623b124d9926d366a58f34236505b26c055f848afa202	CPU: AMD EPYC 9745	default_pass	ALL	0	0.998786	0.980290	0.989452	19.768299	9052	9049	182	11
ATCC_BAA-679__202309	Listeria monocytogenes	false	hac	dna_r10.4.1_e8.2_400bps_hac@v4.3.0	5	4.99	chromosome=4.99	D	minimap2	2.31	lr:hq	dorado	2.1.2	dna_r10.4.1_e8.2_400bps_polish_bacterial_methylation_v5.0.0		NVIDIA H100 80GB HBM3	sweep_best	SNP	7	0.993180	0.994169	0.993675	21.989395	9037	9029	53	62
ATCC_BAA-679__202309	Listeria monocytogenes	false	hac	dna_r10.4.1_e8.2_400bps_hac@v4.3.0	5	4.99	chromosome=4.99	D	minimap2	2.31	lr:hq	dorado	2.1.2	dna_r10.4.1_e8.2_400bps_polish_bacterial_methylation_v5.0.0		NVIDIA H100 80GB HBM3	sweep_best	INDEL	15	0.875000	0.770833	0.819620	7.438116	111	112	33	16
ATCC_BAA-679__202309	Listeria monocytogenes	false	hac	dna_r10.4.1_e8.2_400bps_hac@v4.3.0	5	4.99	chromosome=4.99	D	minimap2	2.31	lr:hq	dorado	2.1.2	dna_r10.4.1_e8.2_400bps_polish_bacterial_methylation_v5.0.0		NVIDIA H100 80GB HBM3	sweep_best	ALL	11	0.991624	0.987438	0.989526	19.798874	9118	9116	116	77
ATCC_BAA-679__202309	Listeria monocytogenes	false	hac	dna_r10.4.1_e8.2_400bps_hac@v4.3.0	5	4.99	chromosome=4.99	D	minimap2	2.31	lr:hq	dorado	2.1.2	dna_r10.4.1_e8.2_400bps_polish_bacterial_methylation_v5.0.0		NVIDIA H100 80GB HBM3	default_pass	SNP	0	0.981576	0.997250	0.989351	19.726912	9065	9057	25	170
ATCC_BAA-679__202309	Listeria monocytogenes	false	hac	dna_r10.4.1_e8.2_400bps_hac@v4.3.0	5	4.99	chromosome=4.99	D	minimap2	2.31	lr:hq	dorado	2.1.2	dna_r10.4.1_e8.2_400bps_polish_bacterial_methylation_v5.0.0		NVIDIA H100 80GB HBM3	default_pass	INDEL	0	0.259813	0.937500	0.406869	2.268494	135	139	9	396
ATCC_BAA-679__202309	Listeria monocytogenes	false	hac	dna_r10.4.1_e8.2_400bps_hac@v4.3.0	5	4.99	chromosome=4.99	D	minimap2	2.31	lr:hq	dorado	2.1.2	dna_r10.4.1_e8.2_400bps_polish_bacterial_methylation_v5.0.0		NVIDIA H100 80GB HBM3	default_pass	ALL	0	0.942020	0.996318	0.968409	15.004366	9200	9196	34	566
ATCC_BAA-679__202309	Listeria monocytogenes	false	hac	dna_r10.4.1_e8.2_400bps_hac@v4.3.0	10	9.97	chromosome=9.97	A	minimap2	2.26	map-ont	clair3	1.0.5	r1041_e82_400bps_hac_v430	docker://quay.io/mbhall88/clair3@sha256:6a4c352e7d14ebb67bdad4be366dcbf6afa66cc7f0ee0b37a05cebe3f4754735	CPU: AMD EPYC 9745	sweep_best	SNP	1	0.999665	0.987019	0.993302	21.740549	8972	8964	118	3
ATCC_BAA-679__202309	Listeria monocytogenes	false	hac	dna_r10.4.1_e8.2_400bps_hac@v4.3.0	10	9.97	chromosome=9.97	A	minimap2	2.26	map-ont	clair3	1.0.5	r1041_e82_400bps_hac_v430	docker://quay.io/mbhall88/clair3@sha256:6a4c352e7d14ebb67bdad4be366dcbf6afa66cc7f0ee0b37a05cebe3f4754735	CPU: AMD EPYC 9745	sweep_best	INDEL	1	0.978873	0.944444	0.961351	14.128617	136	139	8	3
ATCC_BAA-679__202309	Listeria monocytogenes	false	hac	dna_r10.4.1_e8.2_400bps_hac@v4.3.0	10	9.97	chromosome=9.97	A	minimap2	2.26	map-ont	clair3	1.0.5	r1041_e82_400bps_hac_v430	docker://quay.io/mbhall88/clair3@sha256:6a4c352e7d14ebb67bdad4be366dcbf6afa66cc7f0ee0b37a05cebe3f4754735	CPU: AMD EPYC 9745	sweep_best	ALL	1	0.999341	0.986355	0.992806	21.430296	9108	9103	126	6
ATCC_BAA-679__202309	Listeria monocytogenes	false	hac	dna_r10.4.1_e8.2_400bps_hac@v4.3.0	10	9.97	chromosome=9.97	A	minimap2	2.26	map-ont	clair3	1.0.5	r1041_e82_400bps_hac_v430	docker://quay.io/mbhall88/clair3@sha256:6a4c352e7d14ebb67bdad4be366dcbf6afa66cc7f0ee0b37a05cebe3f4754735	CPU: AMD EPYC 9745	default_pass	SNP	0	0.999665	0.987019	0.993302	21.740549	8972	8964	118	3
ATCC_BAA-679__202309	Listeria monocytogenes	false	hac	dna_r10.4.1_e8.2_400bps_hac@v4.3.0	10	9.97	chromosome=9.97	A	minimap2	2.26	map-ont	clair3	1.0.5	r1041_e82_400bps_hac_v430	docker://quay.io/mbhall88/clair3@sha256:6a4c352e7d14ebb67bdad4be366dcbf6afa66cc7f0ee0b37a05cebe3f4754735	CPU: AMD EPYC 9745	default_pass	INDEL	0	0.985611	0.930556	0.957293	13.695009	134	137	10	2
ATCC_BAA-679__202309	Listeria monocytogenes	false	hac	dna_r10.4.1_e8.2_400bps_hac@v4.3.0	10	9.97	chromosome=9.97	A	minimap2	2.26	map-ont	clair3	1.0.5	r1041_e82_400bps_hac_v430	docker://quay.io/mbhall88/clair3@sha256:6a4c352e7d14ebb67bdad4be366dcbf6afa66cc7f0ee0b37a05cebe3f4754735	CPU: AMD EPYC 9745	default_pass	ALL	0	0.999451	0.986138	0.992750	21.396620	9106	9101	128	5
ATCC_BAA-679__202309	Listeria monocytogenes	false	hac	dna_r10.4.1_e8.2_400bps_hac@v4.3.0	10	9.97	chromosome=9.97	B	minimap2	2.31	lr:hq	clair3	1.0.5	r1041_e82_400bps_hac_v430	docker://quay.io/mbhall88/clair3@sha256:6a4c352e7d14ebb67bdad4be366dcbf6afa66cc7f0ee0b37a05cebe3f4754735	CPU: AMD EPYC 9745	sweep_best	SNP	1	0.999665	0.987019	0.993302	21.740549	8972	8964	118	3
ATCC_BAA-679__202309	Listeria monocytogenes	false	hac	dna_r10.4.1_e8.2_400bps_hac@v4.3.0	10	9.97	chromosome=9.97	B	minimap2	2.31	lr:hq	clair3	1.0.5	r1041_e82_400bps_hac_v430	docker://quay.io/mbhall88/clair3@sha256:6a4c352e7d14ebb67bdad4be366dcbf6afa66cc7f0ee0b37a05cebe3f4754735	CPU: AMD EPYC 9745	sweep_best	INDEL	1	0.978723	0.937500	0.957668	13.733312	135	138	9	3
ATCC_BAA-679__202309	Listeria monocytogenes	false	hac	dna_r10.4.1_e8.2_400bps_hac@v4.3.0	10	9.97	chromosome=9.97	B	minimap2	2.31	lr:hq	clair3	1.0.5	r1041_e82_400bps_hac_v430	docker://quay.io/mbhall88/clair3@sha256:6a4c352e7d14ebb67bdad4be366dcbf6afa66cc7f0ee0b37a05cebe3f4754735	CPU: AMD EPYC 9745	sweep_best	ALL	1	0.999341	0.986246	0.992751	21.397219	9107	9102	127	6
ATCC_BAA-679__202309	Listeria monocytogenes	false	hac	dna_r10.4.1_e8.2_400bps_hac@v4.3.0	10	9.97	chromosome=9.97	B	minimap2	2.31	lr:hq	clair3	1.0.5	r1041_e82_400bps_hac_v430	docker://quay.io/mbhall88/clair3@sha256:6a4c352e7d14ebb67bdad4be366dcbf6afa66cc7f0ee0b37a05cebe3f4754735	CPU: AMD EPYC 9745	default_pass	SNP	0	0.999665	0.987019	0.993302	21.740549	8972	8964	118	3
ATCC_BAA-679__202309	Listeria monocytogenes	false	hac	dna_r10.4.1_e8.2_400bps_hac@v4.3.0	10	9.97	chromosome=9.97	B	minimap2	2.31	lr:hq	clair3	1.0.5	r1041_e82_400bps_hac_v430	docker://quay.io/mbhall88/clair3@sha256:6a4c352e7d14ebb67bdad4be366dcbf6afa66cc7f0ee0b37a05cebe3f4754735	CPU: AMD EPYC 9745	default_pass	INDEL	0	0.985507	0.923611	0.953556	13.330704	133	136	11	2
ATCC_BAA-679__202309	Listeria monocytogenes	false	hac	dna_r10.4.1_e8.2_400bps_hac@v4.3.0	10	9.97	chromosome=9.97	B	minimap2	2.31	lr:hq	clair3	1.0.5	r1041_e82_400bps_hac_v430	docker://quay.io/mbhall88/clair3@sha256:6a4c352e7d14ebb67bdad4be366dcbf6afa66cc7f0ee0b37a05cebe3f4754735	CPU: AMD EPYC 9745	default_pass	ALL	0	0.999451	0.986030	0.992695	21.363798	9105	9100	129	5
ATCC_BAA-679__202309	Listeria monocytogenes	false	hac	dna_r10.4.1_e8.2_400bps_hac@v4.3.0	10	9.97	chromosome=9.97	C	minimap2	2.31	lr:hq	clair3	2.0.3	r1041_e82_400bps_hac_v430	docker://hkubal/clair3@sha256:d56df84c2c7c508aaf0623b124d9926d366a58f34236505b26c055f848afa202	CPU: AMD EPYC 9745	sweep_best	SNP	1	0.999665	0.987019	0.993302	21.740549	8972	8964	118	3
ATCC_BAA-679__202309	Listeria monocytogenes	false	hac	dna_r10.4.1_e8.2_400bps_hac@v4.3.0	10	9.97	chromosome=9.97	C	minimap2	2.31	lr:hq	clair3	2.0.3	r1041_e82_400bps_hac_v430	docker://hkubal/clair3@sha256:d56df84c2c7c508aaf0623b124d9926d366a58f34236505b26c055f848afa202	CPU: AMD EPYC 9745	sweep_best	INDEL	1	0.978723	0.937500	0.957668	13.733312	135	138	9	3
ATCC_BAA-679__202309	Listeria monocytogenes	false	hac	dna_r10.4.1_e8.2_400bps_hac@v4.3.0	10	9.97	chromosome=9.97	C	minimap2	2.31	lr:hq	clair3	2.0.3	r1041_e82_400bps_hac_v430	docker://hkubal/clair3@sha256:d56df84c2c7c508aaf0623b124d9926d366a58f34236505b26c055f848afa202	CPU: AMD EPYC 9745	sweep_best	ALL	1	0.999341	0.986246	0.992751	21.397219	9107	9102	127	6
ATCC_BAA-679__202309	Listeria monocytogenes	false	hac	dna_r10.4.1_e8.2_400bps_hac@v4.3.0	10	9.97	chromosome=9.97	C	minimap2	2.31	lr:hq	clair3	2.0.3	r1041_e82_400bps_hac_v430	docker://hkubal/clair3@sha256:d56df84c2c7c508aaf0623b124d9926d366a58f34236505b26c055f848afa202	CPU: AMD EPYC 9745	default_pass	SNP	0	0.999665	0.987019	0.993302	21.740549	8972	8964	118	3
ATCC_BAA-679__202309	Listeria monocytogenes	false	hac	dna_r10.4.1_e8.2_400bps_hac@v4.3.0	10	9.97	chromosome=9.97	C	minimap2	2.31	lr:hq	clair3	2.0.3	r1041_e82_400bps_hac_v430	docker://hkubal/clair3@sha256:d56df84c2c7c508aaf0623b124d9926d366a58f34236505b26c055f848afa202	CPU: AMD EPYC 9745	default_pass	INDEL	0	0.985507	0.923611	0.953556	13.330704	133	136	11	2
ATCC_BAA-679__202309	Listeria monocytogenes	false	hac	dna_r10.4.1_e8.2_400bps_hac@v4.3.0	10	9.97	chromosome=9.97	C	minimap2	2.31	lr:hq	clair3	2.0.3	r1041_e82_400bps_hac_v430	docker://hkubal/clair3@sha256:d56df84c2c7c508aaf0623b124d9926d366a58f34236505b26c055f848afa202	CPU: AMD EPYC 9745	default_pass	ALL	0	0.999451	0.986030	0.992695	21.363798	9105	9100	129	5
ATCC_BAA-679__202309	Listeria monocytogenes	false	hac	dna_r10.4.1_e8.2_400bps_hac@v4.3.0	10	9.97	chromosome=9.97	D	minimap2	2.31	lr:hq	dorado	2.1.2	dna_r10.4.1_e8.2_400bps_polish_bacterial_methylation_v5.0.0		NVIDIA H100 80GB HBM3	sweep_best	SNP	0	0.999009	0.999120	0.999065	30.291884	9082	9074	8	9
ATCC_BAA-679__202309	Listeria monocytogenes	false	hac	dna_r10.4.1_e8.2_400bps_hac@v4.3.0	10	9.97	chromosome=9.97	D	minimap2	2.31	lr:hq	dorado	2.1.2	dna_r10.4.1_e8.2_400bps_polish_bacterial_methylation_v5.0.0		NVIDIA H100 80GB HBM3	sweep_best	INDEL	9	0.963768	0.895833	0.928560	11.460586	129	133	15	5
ATCC_BAA-679__202309	Listeria monocytogenes	false	hac	dna_r10.4.1_e8.2_400bps_hac@v4.3.0	10	9.97	chromosome=9.97	D	minimap2	2.31	lr:hq	dorado	2.1.2	dna_r10.4.1_e8.2_400bps_polish_bacterial_methylation_v5.0.0		NVIDIA H100 80GB HBM3	sweep_best	ALL	6	0.998481	0.996968	0.997724	26.428277	9206	9202	28	14
ATCC_BAA-679__202309	Listeria monocytogenes	false	hac	dna_r10.4.1_e8.2_400bps_hac@v4.3.0	10	9.97	chromosome=9.97	D	minimap2	2.31	lr:hq	dorado	2.1.2	dna_r10.4.1_e8.2_400bps_polish_bacterial_methylation_v5.0.0		NVIDIA H100 80GB HBM3	default_pass	SNP	0	0.999119	0.999010	0.999065	30.291884	9081	9073	9	8
ATCC_BAA-679__202309	Listeria monocytogenes	false	hac	dna_r10.4.1_e8.2_400bps_hac@v4.3.0	10	9.97	chromosome=9.97	D	minimap2	2.31	lr:hq	dorado	2.1.2	dna_r10.4.1_e8.2_400bps_polish_bacterial_methylation_v5.0.0		NVIDIA H100 80GB HBM3	default_pass	INDEL	0	0.793296	0.958333	0.868040	8.795577	138	142	6	37
ATCC_BAA-679__202309	Listeria monocytogenes	false	hac	dna_r10.4.1_e8.2_400bps_hac@v4.3.0	10	9.97	chromosome=9.97	D	minimap2	2.31	lr:hq	dorado	2.1.2	dna_r10.4.1_e8.2_400bps_polish_bacterial_methylation_v5.0.0		NVIDIA H100 80GB HBM3	default_pass	ALL	0	0.995140	0.998376	0.996755	24.887853	9219	9215	15	45
ATCC_BAA-679__202309	Listeria monocytogenes	false	hac	dna_r10.4.1_e8.2_400bps_hac@v4.3.0	25	24.90	chromosome=24.90	A	minimap2	2.26	map-ont	clair3	1.0.5	r1041_e82_400bps_hac_v430	docker://quay.io/mbhall88/clair3@sha256:6a4c352e7d14ebb67bdad4be366dcbf6afa66cc7f0ee0b37a05cebe3f4754735	CPU: AMD EPYC 9745	sweep_best	SNP	0	1.000000	0.999890	0.999945	42.596373	9089	9081	1	0
ATCC_BAA-679__202309	Listeria monocytogenes	false	hac	dna_r10.4.1_e8.2_400bps_hac@v4.3.0	25	24.90	chromosome=24.90	A	minimap2	2.26	map-ont	clair3	1.0.5	r1041_e82_400bps_hac_v430	docker://quay.io/mbhall88/clair3@sha256:6a4c352e7d14ebb67bdad4be366dcbf6afa66cc7f0ee0b37a05cebe3f4754735	CPU: AMD EPYC 9745	sweep_best	INDEL	0	0.993056	0.965278	0.978970	16.771607	139	143	5	1
ATCC_BAA-679__202309	Listeria monocytogenes	false	hac	dna_r10.4.1_e8.2_400bps_hac@v4.3.0	25	24.90	chromosome=24.90	A	minimap2	2.26	map-ont	clair3	1.0.5	r1041_e82_400bps_hac_v430	docker://quay.io/mbhall88/clair3@sha256:6a4c352e7d14ebb67bdad4be366dcbf6afa66cc7f0ee0b37a05cebe3f4754735	CPU: AMD EPYC 9745	sweep_best	ALL	0	0.999892	0.999350	0.999621	34.213608	9228	9224	6	1
ATCC_BAA-679__202309	Listeria monocytogenes	false	hac	dna_r10.4.1_e8.2_400bps_hac@v4.3.0	25	24.90	chromosome=24.90	A	minimap2	2.26	map-ont	clair3	1.0.5	r1041_e82_400bps_hac_v430	docker://quay.io/mbhall88/clair3@sha256:6a4c352e7d14ebb67bdad4be366dcbf6afa66cc7f0ee0b37a05cebe3f4754735	CPU: AMD EPYC 9745	default_pass	SNP	0	1.000000	0.999670	0.999835	37.825161	9087	9079	3	0
ATCC_BAA-679__202309	Listeria monocytogenes	false	hac	dna_r10.4.1_e8.2_400bps_hac@v4.3.0	25	24.90	chromosome=24.90	A	minimap2	2.26	map-ont	clair3	1.0.5	r1041_e82_400bps_hac_v430	docker://quay.io/mbhall88/clair3@sha256:6a4c352e7d14ebb67bdad4be366dcbf6afa66cc7f0ee0b37a05cebe3f4754735	CPU: AMD EPYC 9745	default_pass	INDEL	0	0.993007	0.958333	0.975362	16.083945	138	142	6	1
ATCC_BAA-679__202309	Listeria monocytogenes	false	hac	dna_r10.4.1_e8.2_400bps_hac@v4.3.0	25	24.90	chromosome=24.90	A	minimap2	2.26	map-ont	clair3	1.0.5	r1041_e82_400bps_hac_v430	docker://quay.io/mbhall88/clair3@sha256:6a4c352e7d14ebb67bdad4be366dcbf6afa66cc7f0ee0b37a05cebe3f4754735	CPU: AMD EPYC 9745	default_pass	ALL	0	0.999892	0.999025	0.999458	32.660007	9225	9221	9	1
ATCC_BAA-679__202309	Listeria monocytogenes	false	hac	dna_r10.4.1_e8.2_400bps_hac@v4.3.0	25	24.90	chromosome=24.90	B	minimap2	2.31	lr:hq	clair3	1.0.5	r1041_e82_400bps_hac_v430	docker://quay.io/mbhall88/clair3@sha256:6a4c352e7d14ebb67bdad4be366dcbf6afa66cc7f0ee0b37a05cebe3f4754735	CPU: AMD EPYC 9745	sweep_best	SNP	0	1.000000	0.999890	0.999945	42.596373	9089	9081	1	0
ATCC_BAA-679__202309	Listeria monocytogenes	false	hac	dna_r10.4.1_e8.2_400bps_hac@v4.3.0	25	24.90	chromosome=24.90	B	minimap2	2.31	lr:hq	clair3	1.0.5	r1041_e82_400bps_hac_v430	docker://quay.io/mbhall88/clair3@sha256:6a4c352e7d14ebb67bdad4be366dcbf6afa66cc7f0ee0b37a05cebe3f4754735	CPU: AMD EPYC 9745	sweep_best	INDEL	0	0.993056	0.965278	0.978970	16.771607	139	143	5	1
ATCC_BAA-679__202309	Listeria monocytogenes	false	hac	dna_r10.4.1_e8.2_400bps_hac@v4.3.0	25	24.90	chromosome=24.90	B	minimap2	2.31	lr:hq	clair3	1.0.5	r1041_e82_400bps_hac_v430	docker://quay.io/mbhall88/clair3@sha256:6a4c352e7d14ebb67bdad4be366dcbf6afa66cc7f0ee0b37a05cebe3f4754735	CPU: AMD EPYC 9745	sweep_best	ALL	0	0.999892	0.999350	0.999621	34.213608	9228	9224	6	1
ATCC_BAA-679__202309	Listeria monocytogenes	false	hac	dna_r10.4.1_e8.2_400bps_hac@v4.3.0	25	24.90	chromosome=24.90	B	minimap2	2.31	lr:hq	clair3	1.0.5	r1041_e82_400bps_hac_v430	docker://quay.io/mbhall88/clair3@sha256:6a4c352e7d14ebb67bdad4be366dcbf6afa66cc7f0ee0b37a05cebe3f4754735	CPU: AMD EPYC 9745	default_pass	SNP	0	1.000000	0.999670	0.999835	37.825161	9087	9079	3	0
ATCC_BAA-679__202309	Listeria monocytogenes	false	hac	dna_r10.4.1_e8.2_400bps_hac@v4.3.0	25	24.90	chromosome=24.90	B	minimap2	2.31	lr:hq	clair3	1.0.5	r1041_e82_400bps_hac_v430	docker://quay.io/mbhall88/clair3@sha256:6a4c352e7d14ebb67bdad4be366dcbf6afa66cc7f0ee0b37a05cebe3f4754735	CPU: AMD EPYC 9745	default_pass	INDEL	0	0.993007	0.958333	0.975362	16.083945	138	142	6	1
ATCC_BAA-679__202309	Listeria monocytogenes	false	hac	dna_r10.4.1_e8.2_400bps_hac@v4.3.0	25	24.90	chromosome=24.90	B	minimap2	2.31	lr:hq	clair3	1.0.5	r1041_e82_400bps_hac_v430	docker://quay.io/mbhall88/clair3@sha256:6a4c352e7d14ebb67bdad4be366dcbf6afa66cc7f0ee0b37a05cebe3f4754735	CPU: AMD EPYC 9745	default_pass	ALL	0	0.999892	0.999025	0.999458	32.660007	9225	9221	9	1
ATCC_BAA-679__202309	Listeria monocytogenes	false	hac	dna_r10.4.1_e8.2_400bps_hac@v4.3.0	25	24.90	chromosome=24.90	C	minimap2	2.31	lr:hq	clair3	2.0.3	r1041_e82_400bps_hac_v430	docker://hkubal/clair3@sha256:d56df84c2c7c508aaf0623b124d9926d366a58f34236505b26c055f848afa202	CPU: AMD EPYC 9745	sweep_best	SNP	0	1.000000	0.999890	0.999945	42.596373	9089	9081	1	0
ATCC_BAA-679__202309	Listeria monocytogenes	false	hac	dna_r10.4.1_e8.2_400bps_hac@v4.3.0	25	24.90	chromosome=24.90	C	minimap2	2.31	lr:hq	clair3	2.0.3	r1041_e82_400bps_hac_v430	docker://hkubal/clair3@sha256:d56df84c2c7c508aaf0623b124d9926d366a58f34236505b26c055f848afa202	CPU: AMD EPYC 9745	sweep_best	INDEL	0	0.993056	0.965278	0.978970	16.771607	139	143	5	1
ATCC_BAA-679__202309	Listeria monocytogenes	false	hac	dna_r10.4.1_e8.2_400bps_hac@v4.3.0	25	24.90	chromosome=24.90	C	minimap2	2.31	lr:hq	clair3	2.0.3	r1041_e82_400bps_hac_v430	docker://hkubal/clair3@sha256:d56df84c2c7c508aaf0623b124d9926d366a58f34236505b26c055f848afa202	CPU: AMD EPYC 9745	sweep_best	ALL	0	0.999892	0.999350	0.999621	34.213608	9228	9224	6	1
ATCC_BAA-679__202309	Listeria monocytogenes	false	hac	dna_r10.4.1_e8.2_400bps_hac@v4.3.0	25	24.90	chromosome=24.90	C	minimap2	2.31	lr:hq	clair3	2.0.3	r1041_e82_400bps_hac_v430	docker://hkubal/clair3@sha256:d56df84c2c7c508aaf0623b124d9926d366a58f34236505b26c055f848afa202	CPU: AMD EPYC 9745	default_pass	SNP	0	1.000000	0.999670	0.999835	37.825161	9087	9079	3	0
ATCC_BAA-679__202309	Listeria monocytogenes	false	hac	dna_r10.4.1_e8.2_400bps_hac@v4.3.0	25	24.90	chromosome=24.90	C	minimap2	2.31	lr:hq	clair3	2.0.3	r1041_e82_400bps_hac_v430	docker://hkubal/clair3@sha256:d56df84c2c7c508aaf0623b124d9926d366a58f34236505b26c055f848afa202	CPU: AMD EPYC 9745	default_pass	INDEL	0	0.993007	0.958333	0.975362	16.083945	138	142	6	1
ATCC_BAA-679__202309	Listeria monocytogenes	false	hac	dna_r10.4.1_e8.2_400bps_hac@v4.3.0	25	24.90	chromosome=24.90	C	minimap2	2.31	lr:hq	clair3	2.0.3	r1041_e82_400bps_hac_v430	docker://hkubal/clair3@sha256:d56df84c2c7c508aaf0623b124d9926d366a58f34236505b26c055f848afa202	CPU: AMD EPYC 9745	default_pass	ALL	0	0.999892	0.999025	0.999458	32.660007	9225	9221	9	1
ATCC_BAA-679__202309	Listeria monocytogenes	false	hac	dna_r10.4.1_e8.2_400bps_hac@v4.3.0	25	24.90	chromosome=24.90	D	minimap2	2.31	lr:hq	dorado	2.1.2	dna_r10.4.1_e8.2_400bps_polish_bacterial_methylation_v5.0.0		NVIDIA H100 80GB HBM3	sweep_best	SNP	5	0.999890	0.999340	0.999615	34.145393	9084	9076	6	1
ATCC_BAA-679__202309	Listeria monocytogenes	false	hac	dna_r10.4.1_e8.2_400bps_hac@v4.3.0	25	24.90	chromosome=24.90	D	minimap2	2.31	lr:hq	dorado	2.1.2	dna_r10.4.1_e8.2_400bps_polish_bacterial_methylation_v5.0.0		NVIDIA H100 80GB HBM3	sweep_best	INDEL	8	0.993056	0.965278	0.978970	16.771607	139	143	5	1
ATCC_BAA-679__202309	Listeria monocytogenes	false	hac	dna_r10.4.1_e8.2_400bps_hac@v4.3.0	25	24.90	chromosome=24.90	D	minimap2	2.31	lr:hq	dorado	2.1.2	dna_r10.4.1_e8.2_400bps_polish_bacterial_methylation_v5.0.0		NVIDIA H100 80GB HBM3	sweep_best	ALL	8	0.999783	0.998809	0.999296	31.524273	9223	9219	11	2
ATCC_BAA-679__202309	Listeria monocytogenes	false	hac	dna_r10.4.1_e8.2_400bps_hac@v4.3.0	25	24.90	chromosome=24.90	D	minimap2	2.31	lr:hq	dorado	2.1.2	dna_r10.4.1_e8.2_400bps_polish_bacterial_methylation_v5.0.0		NVIDIA H100 80GB HBM3	default_pass	SNP	0	0.999670	0.999340	0.999505	33.053948	9084	9076	6	3
ATCC_BAA-679__202309	Listeria monocytogenes	false	hac	dna_r10.4.1_e8.2_400bps_hac@v4.3.0	25	24.90	chromosome=24.90	D	minimap2	2.31	lr:hq	dorado	2.1.2	dna_r10.4.1_e8.2_400bps_polish_bacterial_methylation_v5.0.0		NVIDIA H100 80GB HBM3	default_pass	INDEL	0	0.966667	0.979167	0.972877	15.666623	141	145	3	5
ATCC_BAA-679__202309	Listeria monocytogenes	false	hac	dna_r10.4.1_e8.2_400bps_hac@v4.3.0	25	24.90	chromosome=24.90	D	minimap2	2.31	lr:hq	dorado	2.1.2	dna_r10.4.1_e8.2_400bps_polish_bacterial_methylation_v5.0.0		NVIDIA H100 80GB HBM3	default_pass	ALL	0	0.999133	0.999025	0.999079	30.357404	9225	9221	9	8
ATCC_BAA-679__202309	Listeria monocytogenes	false	hac	dna_r10.4.1_e8.2_400bps_hac@v4.3.0	50	49.86	chromosome=49.86	A	minimap2	2.26	map-ont	clair3	1.0.5	r1041_e82_400bps_hac_v430	docker://quay.io/mbhall88/clair3@sha256:6a4c352e7d14ebb67bdad4be366dcbf6afa66cc7f0ee0b37a05cebe3f4754735	CPU: AMD EPYC 9745	sweep_best	SNP	5	1.000000	0.999780	0.999890	39.586073	9088	9080	2	0
ATCC_BAA-679__202309	Listeria monocytogenes	false	hac	dna_r10.4.1_e8.2_400bps_hac@v4.3.0	50	49.86	chromosome=49.86	A	minimap2	2.26	map-ont	clair3	1.0.5	r1041_e82_400bps_hac_v430	docker://quay.io/mbhall88/clair3@sha256:6a4c352e7d14ebb67bdad4be366dcbf6afa66cc7f0ee0b37a05cebe3f4754735	CPU: AMD EPYC 9745	sweep_best	INDEL	0	0.986395	0.986111	0.986253	18.617921	142	145	2	2
ATCC_BAA-679__202309	Listeria monocytogenes	false	hac	dna_r10.4.1_e8.2_400bps_hac@v4.3.0	50	49.86	chromosome=49.86	A	minimap2	2.26	map-ont	clair3	1.0.5	r1041_e82_400bps_hac_v430	docker://quay.io/mbhall88/clair3@sha256:6a4c352e7d14ebb67bdad4be366dcbf6afa66cc7f0ee0b37a05cebe3f4754735	CPU: AMD EPYC 9745	sweep_best	ALL	0	0.999675	0.999675	0.999675	34.881166	9231	9226	3	3
ATCC_BAA-679__202309	Listeria monocytogenes	false	hac	dna_r10.4.1_e8.2_400bps_hac@v4.3.0	50	49.86	chromosome=49.86	A	minimap2	2.26	map-ont	clair3	1.0.5	r1041_e82_400bps_hac_v430	docker://quay.io/mbhall88/clair3@sha256:6a4c352e7d14ebb67bdad4be366dcbf6afa66cc7f0ee0b37a05cebe3f4754735	CPU: AMD EPYC 9745	default_pass	SNP	0	0.999890	0.999890	0.999890	39.586073	9089	9081	1	1
ATCC_BAA-679__202309	Listeria monocytogenes	false	hac	dna_r10.4.1_e8.2_400bps_hac@v4.3.0	50	49.86	chromosome=49.86	A	minimap2	2.26	map-ont	clair3	1.0.5	r1041_e82_400bps_hac_v430	docker://quay.io/mbhall88/clair3@sha256:6a4c352e7d14ebb67bdad4be366dcbf6afa66cc7f0ee0b37a05cebe3f4754735	CPU: AMD EPYC 9745	default_pass	INDEL	0	0.986301	0.979167	0.982721	17.624814	141	144	3	2
ATCC_BAA-679__202309	Listeria monocytogenes	false	hac	dna_r10.4.1_e8.2_400bps_hac@v4.3.0	50	49.86	chromosome=49.86	A	minimap2	2.26	map-ont	clair3	1.0.5	r1041_e82_400bps_hac_v430	docker://quay.io/mbhall88/clair3@sha256:6a4c352e7d14ebb67bdad4be366dcbf6afa66cc7f0ee0b37a05cebe3f4754735	CPU: AMD EPYC 9745	default_pass	ALL	0	0.999675	0.999567	0.999621	34.213608	9230	9225	4	3
ATCC_BAA-679__202309	Listeria monocytogenes	false	hac	dna_r10.4.1_e8.2_400bps_hac@v4.3.0	50	49.86	chromosome=49.86	B	minimap2	2.31	lr:hq	clair3	1.0.5	r1041_e82_400bps_hac_v430	docker://quay.io/mbhall88/clair3@sha256:6a4c352e7d14ebb67bdad4be366dcbf6afa66cc7f0ee0b37a05cebe3f4754735	CPU: AMD EPYC 9745	sweep_best	SNP	5	1.000000	0.999780	0.999890	39.586073	9088	9080	2	0
ATCC_BAA-679__202309	Listeria monocytogenes	false	hac	dna_r10.4.1_e8.2_400bps_hac@v4.3.0	50	49.86	chromosome=49.86	B	minimap2	2.31	lr:hq	clair3	1.0.5	r1041_e82_400bps_hac_v430	docker://quay.io/mbhall88/clair3@sha256:6a4c352e7d14ebb67bdad4be366dcbf6afa66cc7f0ee0b37a05cebe3f4754735	CPU: AMD EPYC 9745	sweep_best	INDEL	0	0.986395	0.986111	0.986253	18.617921	142	145	2	2
ATCC_BAA-679__202309	Listeria monocytogenes	false	hac	dna_r10.4.1_e8.2_400bps_hac@v4.3.0	50	49.86	chromosome=49.86	B	minimap2	2.31	lr:hq	clair3	1.0.5	r1041_e82_400bps_hac_v430	docker://quay.io/mbhall88/clair3@sha256:6a4c352e7d14ebb67bdad4be366dcbf6afa66cc7f0ee0b37a05cebe3f4754735	CPU: AMD EPYC 9745	sweep_best	ALL	0	0.999675	0.999675	0.999675	34.881166	9231	9226	3	3
ATCC_BAA-679__202309	Listeria monocytogenes	false	hac	dna_r10.4.1_e8.2_400bps_hac@v4.3.0	50	49.86	chromosome=49.86	B	minimap2	2.31	lr:hq	clair3	1.0.5	r1041_e82_400bps_hac_v430	docker://quay.io/mbhall88/clair3@sha256:6a4c352e7d14ebb67bdad4be366dcbf6afa66cc7f0ee0b37a05cebe3f4754735	CPU: AMD EPYC 9745	default_pass	SNP	0	0.999890	0.999890	0.999890	39.586073	9089	9081	1	1
ATCC_BAA-679__202309	Listeria monocytogenes	false	hac	dna_r10.4.1_e8.2_400bps_hac@v4.3.0	50	49.86	chromosome=49.86	B	minimap2	2.31	lr:hq	clair3	1.0.5	r1041_e82_400bps_hac_v430	docker://quay.io/mbhall88/clair3@sha256:6a4c352e7d14ebb67bdad4be366dcbf6afa66cc7f0ee0b37a05cebe3f4754735	CPU: AMD EPYC 9745	default_pass	INDEL	0	0.986301	0.979167	0.982721	17.624814	141	144	3	2
ATCC_BAA-679__202309	Listeria monocytogenes	false	hac	dna_r10.4.1_e8.2_400bps_hac@v4.3.0	50	49.86	chromosome=49.86	B	minimap2	2.31	lr:hq	clair3	1.0.5	r1041_e82_400bps_hac_v430	docker://quay.io/mbhall88/clair3@sha256:6a4c352e7d14ebb67bdad4be366dcbf6afa66cc7f0ee0b37a05cebe3f4754735	CPU: AMD EPYC 9745	default_pass	ALL	0	0.999675	0.999567	0.999621	34.213608	9230	9225	4	3
ATCC_BAA-679__202309	Listeria monocytogenes	false	hac	dna_r10.4.1_e8.2_400bps_hac@v4.3.0	50	49.86	chromosome=49.86	C	minimap2	2.31	lr:hq	clair3	2.0.3	r1041_e82_400bps_hac_v430	docker://hkubal/clair3@sha256:d56df84c2c7c508aaf0623b124d9926d366a58f34236505b26c055f848afa202	CPU: AMD EPYC 9745	sweep_best	SNP	5	1.000000	0.999780	0.999890	39.586073	9088	9080	2	0
ATCC_BAA-679__202309	Listeria monocytogenes	false	hac	dna_r10.4.1_e8.2_400bps_hac@v4.3.0	50	49.86	chromosome=49.86	C	minimap2	2.31	lr:hq	clair3	2.0.3	r1041_e82_400bps_hac_v430	docker://hkubal/clair3@sha256:d56df84c2c7c508aaf0623b124d9926d366a58f34236505b26c055f848afa202	CPU: AMD EPYC 9745	sweep_best	INDEL	0	0.986395	0.986111	0.986253	18.617921	142	145	2	2
ATCC_BAA-679__202309	Listeria monocytogenes	false	hac	dna_r10.4.1_e8.2_400bps_hac@v4.3.0	50	49.86	chromosome=49.86	C	minimap2	2.31	lr:hq	clair3	2.0.3	r1041_e82_400bps_hac_v430	docker://hkubal/clair3@sha256:d56df84c2c7c508aaf0623b124d9926d366a58f34236505b26c055f848afa202	CPU: AMD EPYC 9745	sweep_best	ALL	0	0.999675	0.999675	0.999675	34.881166	9231	9226	3	3
ATCC_BAA-679__202309	Listeria monocytogenes	false	hac	dna_r10.4.1_e8.2_400bps_hac@v4.3.0	50	49.86	chromosome=49.86	C	minimap2	2.31	lr:hq	clair3	2.0.3	r1041_e82_400bps_hac_v430	docker://hkubal/clair3@sha256:d56df84c2c7c508aaf0623b124d9926d366a58f34236505b26c055f848afa202	CPU: AMD EPYC 9745	default_pass	SNP	0	0.999890	0.999890	0.999890	39.586073	9089	9081	1	1
ATCC_BAA-679__202309	Listeria monocytogenes	false	hac	dna_r10.4.1_e8.2_400bps_hac@v4.3.0	50	49.86	chromosome=49.86	C	minimap2	2.31	lr:hq	clair3	2.0.3	r1041_e82_400bps_hac_v430	docker://hkubal/clair3@sha256:d56df84c2c7c508aaf0623b124d9926d366a58f34236505b26c055f848afa202	CPU: AMD EPYC 9745	default_pass	INDEL	0	0.986301	0.979167	0.982721	17.624814	141	144	3	2
ATCC_BAA-679__202309	Listeria monocytogenes	false	hac	dna_r10.4.1_e8.2_400bps_hac@v4.3.0	50	49.86	chromosome=49.86	C	minimap2	2.31	lr:hq	clair3	2.0.3	r1041_e82_400bps_hac_v430	docker://hkubal/clair3@sha256:d56df84c2c7c508aaf0623b124d9926d366a58f34236505b26c055f848afa202	CPU: AMD EPYC 9745	default_pass	ALL	0	0.999675	0.999567	0.999621	34.213608	9230	9225	4	3
ATCC_BAA-679__202309	Listeria monocytogenes	false	hac	dna_r10.4.1_e8.2_400bps_hac@v4.3.0	50	49.86	chromosome=49.86	D	minimap2	2.31	lr:hq	dorado	2.1.2	dna_r10.4.1_e8.2_400bps_polish_bacterial_methylation_v5.0.0		NVIDIA H100 80GB HBM3	sweep_best	SNP	3	0.999890	0.999450	0.999670	34.814861	9085	9077	5	1
ATCC_BAA-679__202309	Listeria monocytogenes	false	hac	dna_r10.4.1_e8.2_400bps_hac@v4.3.0	50	49.86	chromosome=49.86	D	minimap2	2.31	lr:hq	dorado	2.1.2	dna_r10.4.1_e8.2_400bps_polish_bacterial_methylation_v5.0.0		NVIDIA H100 80GB HBM3	sweep_best	INDEL	5	0.993197	0.986111	0.989641	19.846822	142	146	2	1
ATCC_BAA-679__202309	Listeria monocytogenes	false	hac	dna_r10.4.1_e8.2_400bps_hac@v4.3.0	50	49.86	chromosome=49.86	D	minimap2	2.31	lr:hq	dorado	2.1.2	dna_r10.4.1_e8.2_400bps_polish_bacterial_methylation_v5.0.0		NVIDIA H100 80GB HBM3	sweep_best	ALL	4	0.999675	0.999134	0.999404	32.247537	9226	9222	8	3
ATCC_BAA-679__202309	Listeria monocytogenes	false	hac	dna_r10.4.1_e8.2_400bps_hac@v4.3.0	50	49.86	chromosome=49.86	D	minimap2	2.31	lr:hq	dorado	2.1.2	dna_r10.4.1_e8.2_400bps_polish_bacterial_methylation_v5.0.0		NVIDIA H100 80GB HBM3	default_pass	SNP	0	0.999890	0.999450	0.999670	34.814861	9085	9077	5	1
ATCC_BAA-679__202309	Listeria monocytogenes	false	hac	dna_r10.4.1_e8.2_400bps_hac@v4.3.0	50	49.86	chromosome=49.86	D	minimap2	2.31	lr:hq	dorado	2.1.2	dna_r10.4.1_e8.2_400bps_polish_bacterial_methylation_v5.0.0		NVIDIA H100 80GB HBM3	default_pass	INDEL	0	0.973333	0.986111	0.979681	16.920977	142	146	2	4
ATCC_BAA-679__202309	Listeria monocytogenes	false	hac	dna_r10.4.1_e8.2_400bps_hac@v4.3.0	50	49.86	chromosome=49.86	D	minimap2	2.31	lr:hq	dorado	2.1.2	dna_r10.4.1_e8.2_400bps_polish_bacterial_methylation_v5.0.0		NVIDIA H100 80GB HBM3	default_pass	ALL	0	0.999458	0.999242	0.999350	31.870866	9227	9223	7	5
ATCC_BAA-679__202309	Listeria monocytogenes	false	sup	dna_r10.4.1_e8.2_400bps_sup@v4.3.0	5	5.00	chromosome=5.00	A	minimap2	2.26	map-ont	clair3	1.0.5	r1041_e82_400bps_sup_v430	docker://quay.io/mbhall88/clair3@sha256:6a4c352e7d14ebb67bdad4be366dcbf6afa66cc7f0ee0b37a05cebe3f4754735	CPU: AMD EPYC 9745	sweep_best	SNP	0	0.999446	0.992959	0.996192	24.193031	9026	9018	64	5
ATCC_BAA-679__202309	Listeria monocytogenes	false	sup	dna_r10.4.1_e8.2_400bps_sup@v4.3.0	5	5.00	chromosome=5.00	A	minimap2	2.26	map-ont	clair3	1.0.5	r1041_e82_400bps_sup_v430	docker://quay.io/mbhall88/clair3@sha256:6a4c352e7d14ebb67bdad4be366dcbf6afa66cc7f0ee0b37a05cebe3f4754735	CPU: AMD EPYC 9745	sweep_best	INDEL	0	0.956204	0.881944	0.917574	10.839358	127	131	17	6
ATCC_BAA-679__202309	Listeria monocytogenes	false	sup	dna_r10.4.1_e8.2_400bps_sup@v4.3.0	5	5.00	chromosome=5.00	A	minimap2	2.26	map-ont	clair3	1.0.5	r1041_e82_400bps_sup_v430	docker://quay.io/mbhall88/clair3@sha256:6a4c352e7d14ebb67bdad4be366dcbf6afa66cc7f0ee0b37a05cebe3f4754735	CPU: AMD EPYC 9745	sweep_best	ALL	0	0.998799	0.991228	0.994999	23.009431	9153	9149	81	11
ATCC_BAA-679__202309	Listeria monocytogenes	false	sup	dna_r10.4.1_e8.2_400bps_sup@v4.3.0	5	5.00	chromosome=5.00	A	minimap2	2.26	map-ont	clair3	1.0.5	r1041_e82_400bps_sup_v430	docker://quay.io/mbhall88/clair3@sha256:6a4c352e7d14ebb67bdad4be366dcbf6afa66cc7f0ee0b37a05cebe3f4754735	CPU: AMD EPYC 9745	default_pass	SNP	0	0.999335	0.992849	0.996082	24.069356	9025	9017	65	6
ATCC_BAA-679__202309	Listeria monocytogenes	false	sup	dna_r10.4.1_e8.2_400bps_sup@v4.3.0	5	5.00	chromosome=5.00	A	minimap2	2.26	map-ont	clair3	1.0.5	r1041_e82_400bps_sup_v430	docker://quay.io/mbhall88/clair3@sha256:6a4c352e7d14ebb67bdad4be366dcbf6afa66cc7f0ee0b37a05cebe3f4754735	CPU: AMD EPYC 9745	default_pass	INDEL	0	0.983740	0.812500	0.889958	9.584415	117	121	27	2
ATCC_BAA-679__202309	Listeria monocytogenes	false	sup	dna_r10.4.1_e8.2_400bps_sup@v4.3.0	5	5.00	chromosome=5.00	A	minimap2	2.26	map-ont	clair3	1.0.5	r1041_e82_400bps_sup_v430	docker://quay.io/mbhall88/clair3@sha256:6a4c352e7d14ebb67bdad4be366dcbf6afa66cc7f0ee0b37a05cebe3f4754735	CPU: AMD EPYC 9745	default_pass	ALL	0	0.999125	0.990037	0.994560	22.644011	9142	9138	92	8
ATCC_BAA-679__202309	Listeria monocytogenes	false	sup	dna_r10.4.1_e8.2_400bps_sup@v4.3.0	5	5.00	chromosome=5.00	B	minimap2	2.31	lr:hq	clair3	1.0.5	r1041_e82_400bps_sup_v430	docker://quay.io/mbhall88/clair3@sha256:6a4c352e7d14ebb67bdad4be366dcbf6afa66cc7f0ee0b37a05cebe3f4754735	CPU: AMD EPYC 9745	sweep_best	SNP	0	0.999446	0.992959	0.996192	24.193031	9026	9018	64	5
ATCC_BAA-679__202309	Listeria monocytogenes	false	sup	dna_r10.4.1_e8.2_400bps_sup@v4.3.0	5	5.00	chromosome=5.00	B	minimap2	2.31	lr:hq	clair3	1.0.5	r1041_e82_400bps_sup_v430	docker://quay.io/mbhall88/clair3@sha256:6a4c352e7d14ebb67bdad4be366dcbf6afa66cc7f0ee0b37a05cebe3f4754735	CPU: AMD EPYC 9745	sweep_best	INDEL	0	0.956204	0.881944	0.917574	10.839358	127	131	17	6
ATCC_BAA-679__202309	Listeria monocytogenes	false	sup	dna_r10.4.1_e8.2_400bps_sup@v4.3.0	5	5.00	chromosome=5.00	B	minimap2	2.31	lr:hq	clair3	1.0.5	r1041_e82_400bps_sup_v430	docker://quay.io/mbhall88/clair3@sha256:6a4c352e7d14ebb67bdad4be366dcbf6afa66cc7f0ee0b37a05cebe3f4754735	CPU: AMD EPYC 9745	sweep_best	ALL	0	0.998799	0.991228	0.994999	23.009431	9153	9149	81	11
ATCC_BAA-679__202309	Listeria monocytogenes	false	sup	dna_r10.4.1_e8.2_400bps_sup@v4.3.0	5	5.00	chromosome=5.00	B	minimap2	2.31	lr:hq	clair3	1.0.5	r1041_e82_400bps_sup_v430	docker://quay.io/mbhall88/clair3@sha256:6a4c352e7d14ebb67bdad4be366dcbf6afa66cc7f0ee0b37a05cebe3f4754735	CPU: AMD EPYC 9745	default_pass	SNP	0	0.999335	0.992849	0.996082	24.069356	9025	9017	65	6
ATCC_BAA-679__202309	Listeria monocytogenes	false	sup	dna_r10.4.1_e8.2_400bps_sup@v4.3.0	5	5.00	chromosome=5.00	B	minimap2	2.31	lr:hq	clair3	1.0.5	r1041_e82_400bps_sup_v430	docker://quay.io/mbhall88/clair3@sha256:6a4c352e7d14ebb67bdad4be366dcbf6afa66cc7f0ee0b37a05cebe3f4754735	CPU: AMD EPYC 9745	default_pass	INDEL	0	0.983740	0.812500	0.889958	9.584415	117	121	27	2
ATCC_BAA-679__202309	Listeria monocytogenes	false	sup	dna_r10.4.1_e8.2_400bps_sup@v4.3.0	5	5.00	chromosome=5.00	B	minimap2	2.31	lr:hq	clair3	1.0.5	r1041_e82_400bps_sup_v430	docker://quay.io/mbhall88/clair3@sha256:6a4c352e7d14ebb67bdad4be366dcbf6afa66cc7f0ee0b37a05cebe3f4754735	CPU: AMD EPYC 9745	default_pass	ALL	0	0.999125	0.990037	0.994560	22.644011	9142	9138	92	8
ATCC_BAA-679__202309	Listeria monocytogenes	false	sup	dna_r10.4.1_e8.2_400bps_sup@v4.3.0	5	5.00	chromosome=5.00	C	minimap2	2.31	lr:hq	clair3	2.0.3	r1041_e82_400bps_sup_v430	docker://hkubal/clair3@sha256:d56df84c2c7c508aaf0623b124d9926d366a58f34236505b26c055f848afa202	CPU: AMD EPYC 9745	sweep_best	SNP	0	0.999446	0.992959	0.996192	24.193031	9026	9018	64	5
ATCC_BAA-679__202309	Listeria monocytogenes	false	sup	dna_r10.4.1_e8.2_400bps_sup@v4.3.0	5	5.00	chromosome=5.00	C	minimap2	2.31	lr:hq	clair3	2.0.3	r1041_e82_400bps_sup_v430	docker://hkubal/clair3@sha256:d56df84c2c7c508aaf0623b124d9926d366a58f34236505b26c055f848afa202	CPU: AMD EPYC 9745	sweep_best	INDEL	0	0.956204	0.881944	0.917574	10.839358	127	131	17	6
ATCC_BAA-679__202309	Listeria monocytogenes	false	sup	dna_r10.4.1_e8.2_400bps_sup@v4.3.0	5	5.00	chromosome=5.00	C	minimap2	2.31	lr:hq	clair3	2.0.3	r1041_e82_400bps_sup_v430	docker://hkubal/clair3@sha256:d56df84c2c7c508aaf0623b124d9926d366a58f34236505b26c055f848afa202	CPU: AMD EPYC 9745	sweep_best	ALL	0	0.998799	0.991228	0.994999	23.009431	9153	9149	81	11
ATCC_BAA-679__202309	Listeria monocytogenes	false	sup	dna_r10.4.1_e8.2_400bps_sup@v4.3.0	5	5.00	chromosome=5.00	C	minimap2	2.31	lr:hq	clair3	2.0.3	r1041_e82_400bps_sup_v430	docker://hkubal/clair3@sha256:d56df84c2c7c508aaf0623b124d9926d366a58f34236505b26c055f848afa202	CPU: AMD EPYC 9745	default_pass	SNP	0	0.999335	0.992849	0.996082	24.069356	9025	9017	65	6
ATCC_BAA-679__202309	Listeria monocytogenes	false	sup	dna_r10.4.1_e8.2_400bps_sup@v4.3.0	5	5.00	chromosome=5.00	C	minimap2	2.31	lr:hq	clair3	2.0.3	r1041_e82_400bps_sup_v430	docker://hkubal/clair3@sha256:d56df84c2c7c508aaf0623b124d9926d366a58f34236505b26c055f848afa202	CPU: AMD EPYC 9745	default_pass	INDEL	0	0.983740	0.812500	0.889958	9.584415	117	121	27	2
ATCC_BAA-679__202309	Listeria monocytogenes	false	sup	dna_r10.4.1_e8.2_400bps_sup@v4.3.0	5	5.00	chromosome=5.00	C	minimap2	2.31	lr:hq	clair3	2.0.3	r1041_e82_400bps_sup_v430	docker://hkubal/clair3@sha256:d56df84c2c7c508aaf0623b124d9926d366a58f34236505b26c055f848afa202	CPU: AMD EPYC 9745	default_pass	ALL	0	0.999125	0.990037	0.994560	22.644011	9142	9138	92	8
ATCC_BAA-679__202309	Listeria monocytogenes	false	sup	dna_r10.4.1_e8.2_400bps_sup@v4.3.0	5	5.00	chromosome=5.00	D	minimap2	2.31	lr:hq	dorado	2.1.2	dna_r10.4.1_e8.2_400bps_polish_bacterial_methylation_v5.0.0		NVIDIA H100 80GB HBM3	sweep_best	SNP	8	0.998456	0.996590	0.997522	26.058987	9059	9051	31	14
ATCC_BAA-679__202309	Listeria monocytogenes	false	sup	dna_r10.4.1_e8.2_400bps_sup@v4.3.0	5	5.00	chromosome=5.00	D	minimap2	2.31	lr:hq	dorado	2.1.2	dna_r10.4.1_e8.2_400bps_polish_bacterial_methylation_v5.0.0		NVIDIA H100 80GB HBM3	sweep_best	INDEL	13	0.969697	0.861111	0.912184	10.564263	124	128	20	4
ATCC_BAA-679__202309	Listeria monocytogenes	false	sup	dna_r10.4.1_e8.2_400bps_sup@v4.3.0	5	5.00	chromosome=5.00	D	minimap2	2.31	lr:hq	dorado	2.1.2	dna_r10.4.1_e8.2_400bps_polish_bacterial_methylation_v5.0.0		NVIDIA H100 80GB HBM3	sweep_best	ALL	11	0.998259	0.994044	0.996147	24.142010	9179	9175	55	16
ATCC_BAA-679__202309	Listeria monocytogenes	false	sup	dna_r10.4.1_e8.2_400bps_sup@v4.3.0	5	5.00	chromosome=5.00	D	minimap2	2.31	lr:hq	dorado	2.1.2	dna_r10.4.1_e8.2_400bps_polish_bacterial_methylation_v5.0.0		NVIDIA H100 80GB HBM3	default_pass	SNP	0	0.993971	0.998350	0.996155	24.151037	9075	9067	15	55
ATCC_BAA-679__202309	Listeria monocytogenes	false	sup	dna_r10.4.1_e8.2_400bps_sup@v4.3.0	5	5.00	chromosome=5.00	D	minimap2	2.31	lr:hq	dorado	2.1.2	dna_r10.4.1_e8.2_400bps_polish_bacterial_methylation_v5.0.0		NVIDIA H100 80GB HBM3	default_pass	INDEL	0	0.577869	0.951389	0.719013	5.513138	137	141	7	103
ATCC_BAA-679__202309	Listeria monocytogenes	false	sup	dna_r10.4.1_e8.2_400bps_sup@v4.3.0	5	5.00	chromosome=5.00	D	minimap2	2.31	lr:hq	dorado	2.1.2	dna_r10.4.1_e8.2_400bps_polish_bacterial_methylation_v5.0.0		NVIDIA H100 80GB HBM3	default_pass	ALL	0	0.983130	0.997617	0.990321	20.141695	9212	9208	22	158
ATCC_BAA-679__202309	Listeria monocytogenes	false	sup	dna_r10.4.1_e8.2_400bps_sup@v4.3.0	10	10.00	chromosome=10.00	A	minimap2	2.26	map-ont	clair3	1.0.5	r1041_e82_400bps_sup_v430	docker://quay.io/mbhall88/clair3@sha256:6a4c352e7d14ebb67bdad4be366dcbf6afa66cc7f0ee0b37a05cebe3f4754735	CPU: AMD EPYC 9745	sweep_best	SNP	0	1.000000	0.994499	0.997242	25.594057	9040	9032	50	0
ATCC_BAA-679__202309	Listeria monocytogenes	false	sup	dna_r10.4.1_e8.2_400bps_sup@v4.3.0	10	10.00	chromosome=10.00	A	minimap2	2.26	map-ont	clair3	1.0.5	r1041_e82_400bps_sup_v430	docker://quay.io/mbhall88/clair3@sha256:6a4c352e7d14ebb67bdad4be366dcbf6afa66cc7f0ee0b37a05cebe3f4754735	CPU: AMD EPYC 9745	sweep_best	INDEL	1	1.000000	0.979167	0.989474	19.777366	141	145	3	0
ATCC_BAA-679__202309	Listeria monocytogenes	false	sup	dna_r10.4.1_e8.2_400bps_sup@v4.3.0	10	10.00	chromosome=10.00	A	minimap2	2.26	map-ont	clair3	1.0.5	r1041_e82_400bps_sup_v430	docker://quay.io/mbhall88/clair3@sha256:6a4c352e7d14ebb67bdad4be366dcbf6afa66cc7f0ee0b37a05cebe3f4754735	CPU: AMD EPYC 9745	sweep_best	ALL	1	1.000000	0.994260	0.997122	25.409092	9181	9177	53	0
ATCC_BAA-679__202309	Listeria monocytogenes	false	sup	dna_r10.4.1_e8.2_400bps_sup@v4.3.0	10	10.00	chromosome=10.00	A	minimap2	2.26	map-ont	clair3	1.0.5	r1041_e82_400bps_sup_v430	docker://quay.io/mbhall88/clair3@sha256:6a4c352e7d14ebb67bdad4be366dcbf6afa66cc7f0ee0b37a05cebe3f4754735	CPU: AMD EPYC 9745	default_pass	SNP	0	1.000000	0.994499	0.997242	25.594057	9040	9032	50	0
ATCC_BAA-679__202309	Listeria monocytogenes	false	sup	dna_r10.4.1_e8.2_400bps_sup@v4.3.0	10	10.00	chromosome=10.00	A	minimap2	2.26	map-ont	clair3	1.0.5	r1041_e82_400bps_sup_v430	docker://quay.io/mbhall88/clair3@sha256:6a4c352e7d14ebb67bdad4be366dcbf6afa66cc7f0ee0b37a05cebe3f4754735	CPU: AMD EPYC 9745	default_pass	INDEL	0	1.000000	0.965278	0.982332	17.528126	139	143	5	0
ATCC_BAA-679__202309	Listeria monocytogenes	false	sup	dna_r10.4.1_e8.2_400bps_sup@v4.3.0	10	10.00	chromosome=10.00	A	minimap2	2.26	map-ont	clair3	1.0.5	r1041_e82_400bps_sup_v430	docker://quay.io/mbhall88/clair3@sha256:6a4c352e7d14ebb67bdad4be366dcbf6afa66cc7f0ee0b37a05cebe3f4754735	CPU: AMD EPYC 9745	default_pass	ALL	0	1.000000	0.994044	0.997013	25.247648	9179	9175	55	0
ATCC_BAA-679__202309	Listeria monocytogenes	false	sup	dna_r10.4.1_e8.2_400bps_sup@v4.3.0	10	10.00	chromosome=10.00	B	minimap2	2.31	lr:hq	clair3	1.0.5	r1041_e82_400bps_sup_v430	docker://quay.io/mbhall88/clair3@sha256:6a4c352e7d14ebb67bdad4be366dcbf6afa66cc7f0ee0b37a05cebe3f4754735	CPU: AMD EPYC 9745	sweep_best	SNP	0	1.000000	0.994499	0.997242	25.594057	9040	9032	50	0
ATCC_BAA-679__202309	Listeria monocytogenes	false	sup	dna_r10.4.1_e8.2_400bps_sup@v4.3.0	10	10.00	chromosome=10.00	B	minimap2	2.31	lr:hq	clair3	1.0.5	r1041_e82_400bps_sup_v430	docker://quay.io/mbhall88/clair3@sha256:6a4c352e7d14ebb67bdad4be366dcbf6afa66cc7f0ee0b37a05cebe3f4754735	CPU: AMD EPYC 9745	sweep_best	INDEL	1	1.000000	0.979167	0.989474	19.777366	141	145	3	0
ATCC_BAA-679__202309	Listeria monocytogenes	false	sup	dna_r10.4.1_e8.2_400bps_sup@v4.3.0	10	10.00	chromosome=10.00	B	minimap2	2.31	lr:hq	clair3	1.0.5	r1041_e82_400bps_sup_v430	docker://quay.io/mbhall88/clair3@sha256:6a4c352e7d14ebb67bdad4be366dcbf6afa66cc7f0ee0b37a05cebe3f4754735	CPU: AMD EPYC 9745	sweep_best	ALL	1	1.000000	0.994260	0.997122	25.409092	9181	9177	53	0
ATCC_BAA-679__202309	Listeria monocytogenes	false	sup	dna_r10.4.1_e8.2_400bps_sup@v4.3.0	10	10.00	chromosome=10.00	B	minimap2	2.31	lr:hq	clair3	1.0.5	r1041_e82_400bps_sup_v430	docker://quay.io/mbhall88/clair3@sha256:6a4c352e7d14ebb67bdad4be366dcbf6afa66cc7f0ee0b37a05cebe3f4754735	CPU: AMD EPYC 9745	default_pass	SNP	0	1.000000	0.994499	0.997242	25.594057	9040	9032	50	0
ATCC_BAA-679__202309	Listeria monocytogenes	false	sup	dna_r10.4.1_e8.2_400bps_sup@v4.3.0	10	10.00	chromosome=10.00	B	minimap2	2.31	lr:hq	clair3	1.0.5	r1041_e82_400bps_sup_v430	docker://quay.io/mbhall88/clair3@sha256:6a4c352e7d14ebb67bdad4be366dcbf6afa66cc7f0ee0b37a05cebe3f4754735	CPU: AMD EPYC 9745	default_pass	INDEL	0	1.000000	0.965278	0.982332	17.528126	139	143	5	0
ATCC_BAA-679__202309	Listeria monocytogenes	false	sup	dna_r10.4.1_e8.2_400bps_sup@v4.3.0	10	10.00	chromosome=10.00	B	minimap2	2.31	lr:hq	clair3	1.0.5	r1041_e82_400bps_sup_v430	docker://quay.io/mbhall88/clair3@sha256:6a4c352e7d14ebb67bdad4be366dcbf6afa66cc7f0ee0b37a05cebe3f4754735	CPU: AMD EPYC 9745	default_pass	ALL	0	1.000000	0.994044	0.997013	25.247648	9179	9175	55	0
ATCC_BAA-679__202309	Listeria monocytogenes	false	sup	dna_r10.4.1_e8.2_400bps_sup@v4.3.0	10	10.00	chromosome=10.00	C	minimap2	2.31	lr:hq	clair3	2.0.3	r1041_e82_400bps_sup_v430	docker://hkubal/clair3@sha256:d56df84c2c7c508aaf0623b124d9926d366a58f34236505b26c055f848afa202	CPU: AMD EPYC 9745	sweep_best	SNP	0	1.000000	0.994499	0.997242	25.594057	9040	9032	50	0
ATCC_BAA-679__202309	Listeria monocytogenes	false	sup	dna_r10.4.1_e8.2_400bps_sup@v4.3.0	10	10.00	chromosome=10.00	C	minimap2	2.31	lr:hq	clair3	2.0.3	r1041_e82_400bps_sup_v430	docker://hkubal/clair3@sha256:d56df84c2c7c508aaf0623b124d9926d366a58f34236505b26c055f848afa202	CPU: AMD EPYC 9745	sweep_best	INDEL	1	1.000000	0.979167	0.989474	19.777366	141	145	3	0
ATCC_BAA-679__202309	Listeria monocytogenes	false	sup	dna_r10.4.1_e8.2_400bps_sup@v4.3.0	10	10.00	chromosome=10.00	C	minimap2	2.31	lr:hq	clair3	2.0.3	r1041_e82_400bps_sup_v430	docker://hkubal/clair3@sha256:d56df84c2c7c508aaf0623b124d9926d366a58f34236505b26c055f848afa202	CPU: AMD EPYC 9745	sweep_best	ALL	1	1.000000	0.994260	0.997122	25.409092	9181	9177	53	0
ATCC_BAA-679__202309	Listeria monocytogenes	false	sup	dna_r10.4.1_e8.2_400bps_sup@v4.3.0	10	10.00	chromosome=10.00	C	minimap2	2.31	lr:hq	clair3	2.0.3	r1041_e82_400bps_sup_v430	docker://hkubal/clair3@sha256:d56df84c2c7c508aaf0623b124d9926d366a58f34236505b26c055f848afa202	CPU: AMD EPYC 9745	default_pass	SNP	0	1.000000	0.994499	0.997242	25.594057	9040	9032	50	0
ATCC_BAA-679__202309	Listeria monocytogenes	false	sup	dna_r10.4.1_e8.2_400bps_sup@v4.3.0	10	10.00	chromosome=10.00	C	minimap2	2.31	lr:hq	clair3	2.0.3	r1041_e82_400bps_sup_v430	docker://hkubal/clair3@sha256:d56df84c2c7c508aaf0623b124d9926d366a58f34236505b26c055f848afa202	CPU: AMD EPYC 9745	default_pass	INDEL	0	1.000000	0.965278	0.982332	17.528126	139	143	5	0
ATCC_BAA-679__202309	Listeria monocytogenes	false	sup	dna_r10.4.1_e8.2_400bps_sup@v4.3.0	10	10.00	chromosome=10.00	C	minimap2	2.31	lr:hq	clair3	2.0.3	r1041_e82_400bps_sup_v430	docker://hkubal/clair3@sha256:d56df84c2c7c508aaf0623b124d9926d366a58f34236505b26c055f848afa202	CPU: AMD EPYC 9745	default_pass	ALL	0	1.000000	0.994044	0.997013	25.247648	9179	9175	55	0
ATCC_BAA-679__202309	Listeria monocytogenes	false	sup	dna_r10.4.1_e8.2_400bps_sup@v4.3.0	10	10.00	chromosome=10.00	D	minimap2	2.31	lr:hq	dorado	2.1.2	dna_r10.4.1_e8.2_400bps_polish_bacterial_methylation_v5.0.0		NVIDIA H100 80GB HBM3	sweep_best	SNP	0	0.999890	0.999670	0.999780	36.575773	9087	9079	3	1
ATCC_BAA-679__202309	Listeria monocytogenes	false	sup	dna_r10.4.1_e8.2_400bps_sup@v4.3.0	10	10.00	chromosome=10.00	D	minimap2	2.31	lr:hq	dorado	2.1.2	dna_r10.4.1_e8.2_400bps_polish_bacterial_methylation_v5.0.0		NVIDIA H100 80GB HBM3	sweep_best	INDEL	6	0.986395	0.979167	0.982767	17.636391	141	145	3	2
ATCC_BAA-679__202309	Listeria monocytogenes	false	sup	dna_r10.4.1_e8.2_400bps_sup@v4.3.0	10	10.00	chromosome=10.00	D	minimap2	2.31	lr:hq	dorado	2.1.2	dna_r10.4.1_e8.2_400bps_polish_bacterial_methylation_v5.0.0		NVIDIA H100 80GB HBM3	sweep_best	ALL	6	0.999675	0.999134	0.999404	32.247537	9226	9222	8	3
ATCC_BAA-679__202309	Listeria monocytogenes	false	sup	dna_r10.4.1_e8.2_400bps_sup@v4.3.0	10	10.00	chromosome=10.00	D	minimap2	2.31	lr:hq	dorado	2.1.2	dna_r10.4.1_e8.2_400bps_polish_bacterial_methylation_v5.0.0		NVIDIA H100 80GB HBM3	default_pass	SNP	0	0.999890	0.999670	0.999780	36.575773	9087	9079	3	1
ATCC_BAA-679__202309	Listeria monocytogenes	false	sup	dna_r10.4.1_e8.2_400bps_sup@v4.3.0	10	10.00	chromosome=10.00	D	minimap2	2.31	lr:hq	dorado	2.1.2	dna_r10.4.1_e8.2_400bps_polish_bacterial_methylation_v5.0.0		NVIDIA H100 80GB HBM3	default_pass	INDEL	0	0.960265	0.979167	0.969624	15.174694	141	145	3	6
ATCC_BAA-679__202309	Listeria monocytogenes	false	sup	dna_r10.4.1_e8.2_400bps_sup@v4.3.0	10	10.00	chromosome=10.00	D	minimap2	2.31	lr:hq	dorado	2.1.2	dna_r10.4.1_e8.2_400bps_polish_bacterial_methylation_v5.0.0		NVIDIA H100 80GB HBM3	default_pass	ALL	0	0.999242	0.999350	0.999296	31.524273	9228	9224	6	7
ATCC_BAA-679__202309	Listeria monocytogenes	false	sup	dna_r10.4.1_e8.2_400bps_sup@v4.3.0	25	25.05	chromosome=25.05	A	minimap2	2.26	map-ont	clair3	1.0.5	r1041_e82_400bps_sup_v430	docker://quay.io/mbhall88/clair3@sha256:6a4c352e7d14ebb67bdad4be366dcbf6afa66cc7f0ee0b37a05cebe3f4754735	CPU: AMD EPYC 9745	sweep_best	SNP	0	1.000000	1.000000	1.000000	60.000000	9090	9082	0	0
ATCC_BAA-679__202309	Listeria monocytogenes	false	sup	dna_r10.4.1_e8.2_400bps_sup@v4.3.0	25	25.05	chromosome=25.05	A	minimap2	2.26	map-ont	clair3	1.0.5	r1041_e82_400bps_sup_v430	docker://quay.io/mbhall88/clair3@sha256:6a4c352e7d14ebb67bdad4be366dcbf6afa66cc7f0ee0b37a05cebe3f4754735	CPU: AMD EPYC 9745	sweep_best	INDEL	0	1.000000	1.000000	1.000000	60.000000	144	148	0	0
ATCC_BAA-679__202309	Listeria monocytogenes	false	sup	dna_r10.4.1_e8.2_400bps_sup@v4.3.0	25	25.05	chromosome=25.05	A	minimap2	2.26	map-ont	clair3	1.0.5	r1041_e82_400bps_sup_v430	docker://quay.io/mbhall88/clair3@sha256:6a4c352e7d14ebb67bdad4be366dcbf6afa66cc7f0ee0b37a05cebe3f4754735	CPU: AMD EPYC 9745	sweep_best	ALL	0	1.000000	1.000000	1.000000	60.000000	9234	9230	0	0
ATCC_BAA-679__202309	Listeria monocytogenes	false	sup	dna_r10.4.1_e8.2_400bps_sup@v4.3.0	25	25.05	chromosome=25.05	A	minimap2	2.26	map-ont	clair3	1.0.5	r1041_e82_400bps_sup_v430	docker://quay.io/mbhall88/clair3@sha256:6a4c352e7d14ebb67bdad4be366dcbf6afa66cc7f0ee0b37a05cebe3f4754735	CPU: AMD EPYC 9745	default_pass	SNP	0	1.000000	1.000000	1.000000	60.000000	9090	9082	0	0
ATCC_BAA-679__202309	Listeria monocytogenes	false	sup	dna_r10.4.1_e8.2_400bps_sup@v4.3.0	25	25.05	chromosome=25.05	A	minimap2	2.26	map-ont	clair3	1.0.5	r1041_e82_400bps_sup_v430	docker://quay.io/mbhall88/clair3@sha256:6a4c352e7d14ebb67bdad4be366dcbf6afa66cc7f0ee0b37a05cebe3f4754735	CPU: AMD EPYC 9745	default_pass	INDEL	0	1.000000	1.000000	1.000000	60.000000	144	148	0	0
ATCC_BAA-679__202309	Listeria monocytogenes	false	sup	dna_r10.4.1_e8.2_400bps_sup@v4.3.0	25	25.05	chromosome=25.05	A	minimap2	2.26	map-ont	clair3	1.0.5	r1041_e82_400bps_sup_v430	docker://quay.io/mbhall88/clair3@sha256:6a4c352e7d14ebb67bdad4be366dcbf6afa66cc7f0ee0b37a05cebe3f4754735	CPU: AMD EPYC 9745	default_pass	ALL	0	1.000000	1.000000	1.000000	60.000000	9234	9230	0	0
ATCC_BAA-679__202309	Listeria monocytogenes	false	sup	dna_r10.4.1_e8.2_400bps_sup@v4.3.0	25	25.05	chromosome=25.05	B	minimap2	2.31	lr:hq	clair3	1.0.5	r1041_e82_400bps_sup_v430	docker://quay.io/mbhall88/clair3@sha256:6a4c352e7d14ebb67bdad4be366dcbf6afa66cc7f0ee0b37a05cebe3f4754735	CPU: AMD EPYC 9745	sweep_best	SNP	0	1.000000	1.000000	1.000000	60.000000	9090	9082	0	0
ATCC_BAA-679__202309	Listeria monocytogenes	false	sup	dna_r10.4.1_e8.2_400bps_sup@v4.3.0	25	25.05	chromosome=25.05	B	minimap2	2.31	lr:hq	clair3	1.0.5	r1041_e82_400bps_sup_v430	docker://quay.io/mbhall88/clair3@sha256:6a4c352e7d14ebb67bdad4be366dcbf6afa66cc7f0ee0b37a05cebe3f4754735	CPU: AMD EPYC 9745	sweep_best	INDEL	0	1.000000	1.000000	1.000000	60.000000	144	148	0	0
ATCC_BAA-679__202309	Listeria monocytogenes	false	sup	dna_r10.4.1_e8.2_400bps_sup@v4.3.0	25	25.05	chromosome=25.05	B	minimap2	2.31	lr:hq	clair3	1.0.5	r1041_e82_400bps_sup_v430	docker://quay.io/mbhall88/clair3@sha256:6a4c352e7d14ebb67bdad4be366dcbf6afa66cc7f0ee0b37a05cebe3f4754735	CPU: AMD EPYC 9745	sweep_best	ALL	0	1.000000	1.000000	1.000000	60.000000	9234	9230	0	0
ATCC_BAA-679__202309	Listeria monocytogenes	false	sup	dna_r10.4.1_e8.2_400bps_sup@v4.3.0	25	25.05	chromosome=25.05	B	minimap2	2.31	lr:hq	clair3	1.0.5	r1041_e82_400bps_sup_v430	docker://quay.io/mbhall88/clair3@sha256:6a4c352e7d14ebb67bdad4be366dcbf6afa66cc7f0ee0b37a05cebe3f4754735	CPU: AMD EPYC 9745	default_pass	SNP	0	1.000000	1.000000	1.000000	60.000000	9090	9082	0	0
ATCC_BAA-679__202309	Listeria monocytogenes	false	sup	dna_r10.4.1_e8.2_400bps_sup@v4.3.0	25	25.05	chromosome=25.05	B	minimap2	2.31	lr:hq	clair3	1.0.5	r1041_e82_400bps_sup_v430	docker://quay.io/mbhall88/clair3@sha256:6a4c352e7d14ebb67bdad4be366dcbf6afa66cc7f0ee0b37a05cebe3f4754735	CPU: AMD EPYC 9745	default_pass	INDEL	0	1.000000	1.000000	1.000000	60.000000	144	148	0	0
ATCC_BAA-679__202309	Listeria monocytogenes	false	sup	dna_r10.4.1_e8.2_400bps_sup@v4.3.0	25	25.05	chromosome=25.05	B	minimap2	2.31	lr:hq	clair3	1.0.5	r1041_e82_400bps_sup_v430	docker://quay.io/mbhall88/clair3@sha256:6a4c352e7d14ebb67bdad4be366dcbf6afa66cc7f0ee0b37a05cebe3f4754735	CPU: AMD EPYC 9745	default_pass	ALL	0	1.000000	1.000000	1.000000	60.000000	9234	9230	0	0
ATCC_BAA-679__202309	Listeria monocytogenes	false	sup	dna_r10.4.1_e8.2_400bps_sup@v4.3.0	25	25.05	chromosome=25.05	C	minimap2	2.31	lr:hq	clair3	2.0.3	r1041_e82_400bps_sup_v430	docker://hkubal/clair3@sha256:d56df84c2c7c508aaf0623b124d9926d366a58f34236505b26c055f848afa202	CPU: AMD EPYC 9745	sweep_best	SNP	0	1.000000	1.000000	1.000000	60.000000	9090	9082	0	0
ATCC_BAA-679__202309	Listeria monocytogenes	false	sup	dna_r10.4.1_e8.2_400bps_sup@v4.3.0	25	25.05	chromosome=25.05	C	minimap2	2.31	lr:hq	clair3	2.0.3	r1041_e82_400bps_sup_v430	docker://hkubal/clair3@sha256:d56df84c2c7c508aaf0623b124d9926d366a58f34236505b26c055f848afa202	CPU: AMD EPYC 9745	sweep_best	INDEL	0	1.000000	1.000000	1.000000	60.000000	144	148	0	0
ATCC_BAA-679__202309	Listeria monocytogenes	false	sup	dna_r10.4.1_e8.2_400bps_sup@v4.3.0	25	25.05	chromosome=25.05	C	minimap2	2.31	lr:hq	clair3	2.0.3	r1041_e82_400bps_sup_v430	docker://hkubal/clair3@sha256:d56df84c2c7c508aaf0623b124d9926d366a58f34236505b26c055f848afa202	CPU: AMD EPYC 9745	sweep_best	ALL	0	1.000000	1.000000	1.000000	60.000000	9234	9230	0	0
ATCC_BAA-679__202309	Listeria monocytogenes	false	sup	dna_r10.4.1_e8.2_400bps_sup@v4.3.0	25	25.05	chromosome=25.05	C	minimap2	2.31	lr:hq	clair3	2.0.3	r1041_e82_400bps_sup_v430	docker://hkubal/clair3@sha256:d56df84c2c7c508aaf0623b124d9926d366a58f34236505b26c055f848afa202	CPU: AMD EPYC 9745	default_pass	SNP	0	1.000000	1.000000	1.000000	60.000000	9090	9082	0	0
ATCC_BAA-679__202309	Listeria monocytogenes	false	sup	dna_r10.4.1_e8.2_400bps_sup@v4.3.0	25	25.05	chromosome=25.05	C	minimap2	2.31	lr:hq	clair3	2.0.3	r1041_e82_400bps_sup_v430	docker://hkubal/clair3@sha256:d56df84c2c7c508aaf0623b124d9926d366a58f34236505b26c055f848afa202	CPU: AMD EPYC 9745	default_pass	INDEL	0	1.000000	1.000000	1.000000	60.000000	144	148	0	0
ATCC_BAA-679__202309	Listeria monocytogenes	false	sup	dna_r10.4.1_e8.2_400bps_sup@v4.3.0	25	25.05	chromosome=25.05	C	minimap2	2.31	lr:hq	clair3	2.0.3	r1041_e82_400bps_sup_v430	docker://hkubal/clair3@sha256:d56df84c2c7c508aaf0623b124d9926d366a58f34236505b26c055f848afa202	CPU: AMD EPYC 9745	default_pass	ALL	0	1.000000	1.000000	1.000000	60.000000	9234	9230	0	0
ATCC_BAA-679__202309	Listeria monocytogenes	false	sup	dna_r10.4.1_e8.2_400bps_sup@v4.3.0	25	25.05	chromosome=25.05	D	minimap2	2.31	lr:hq	dorado	2.1.2	dna_r10.4.1_e8.2_400bps_polish_bacterial_methylation_v5.0.0		NVIDIA H100 80GB HBM3	sweep_best	SNP	0	0.999890	0.999670	0.999780	36.575773	9087	9079	3	1
ATCC_BAA-679__202309	Listeria monocytogenes	false	sup	dna_r10.4.1_e8.2_400bps_sup@v4.3.0	25	25.05	chromosome=25.05	D	minimap2	2.31	lr:hq	dorado	2.1.2	dna_r10.4.1_e8.2_400bps_polish_bacterial_methylation_v5.0.0		NVIDIA H100 80GB HBM3	sweep_best	INDEL	4	1.000000	0.986111	0.993007	21.553365	142	146	2	0
ATCC_BAA-679__202309	Listeria monocytogenes	false	sup	dna_r10.4.1_e8.2_400bps_sup@v4.3.0	25	25.05	chromosome=25.05	D	minimap2	2.31	lr:hq	dorado	2.1.2	dna_r10.4.1_e8.2_400bps_polish_bacterial_methylation_v5.0.0		NVIDIA H100 80GB HBM3	sweep_best	ALL	4	0.999892	0.999459	0.999675	34.881166	9229	9225	5	1
ATCC_BAA-679__202309	Listeria monocytogenes	false	sup	dna_r10.4.1_e8.2_400bps_sup@v4.3.0	25	25.05	chromosome=25.05	D	minimap2	2.31	lr:hq	dorado	2.1.2	dna_r10.4.1_e8.2_400bps_polish_bacterial_methylation_v5.0.0		NVIDIA H100 80GB HBM3	default_pass	SNP	0	0.999890	0.999670	0.999780	36.575773	9087	9079	3	1
ATCC_BAA-679__202309	Listeria monocytogenes	false	sup	dna_r10.4.1_e8.2_400bps_sup@v4.3.0	25	25.05	chromosome=25.05	D	minimap2	2.31	lr:hq	dorado	2.1.2	dna_r10.4.1_e8.2_400bps_polish_bacterial_methylation_v5.0.0		NVIDIA H100 80GB HBM3	default_pass	INDEL	0	0.993197	0.986111	0.989641	19.846822	142	146	2	1
ATCC_BAA-679__202309	Listeria monocytogenes	false	sup	dna_r10.4.1_e8.2_400bps_sup@v4.3.0	25	25.05	chromosome=25.05	D	minimap2	2.31	lr:hq	dorado	2.1.2	dna_r10.4.1_e8.2_400bps_polish_bacterial_methylation_v5.0.0		NVIDIA H100 80GB HBM3	default_pass	ALL	0	0.999783	0.999459	0.999621	34.213608	9229	9225	5	2
ATCC_BAA-679__202309	Listeria monocytogenes	false	sup	dna_r10.4.1_e8.2_400bps_sup@v4.3.0	50	50.06	chromosome=50.06	A	minimap2	2.26	map-ont	clair3	1.0.5	r1041_e82_400bps_sup_v430	docker://quay.io/mbhall88/clair3@sha256:6a4c352e7d14ebb67bdad4be366dcbf6afa66cc7f0ee0b37a05cebe3f4754735	CPU: AMD EPYC 9745	sweep_best	SNP	0	1.000000	1.000000	1.000000	60.000000	9090	9082	0	0
ATCC_BAA-679__202309	Listeria monocytogenes	false	sup	dna_r10.4.1_e8.2_400bps_sup@v4.3.0	50	50.06	chromosome=50.06	A	minimap2	2.26	map-ont	clair3	1.0.5	r1041_e82_400bps_sup_v430	docker://quay.io/mbhall88/clair3@sha256:6a4c352e7d14ebb67bdad4be366dcbf6afa66cc7f0ee0b37a05cebe3f4754735	CPU: AMD EPYC 9745	sweep_best	INDEL	0	1.000000	0.993056	0.996516	24.579219	143	147	1	0
ATCC_BAA-679__202309	Listeria monocytogenes	false	sup	dna_r10.4.1_e8.2_400bps_sup@v4.3.0	50	50.06	chromosome=50.06	A	minimap2	2.26	map-ont	clair3	1.0.5	r1041_e82_400bps_sup_v430	docker://quay.io/mbhall88/clair3@sha256:6a4c352e7d14ebb67bdad4be366dcbf6afa66cc7f0ee0b37a05cebe3f4754735	CPU: AMD EPYC 9745	sweep_best	ALL	0	1.000000	0.999892	0.999946	42.676062	9233	9229	1	0
ATCC_BAA-679__202309	Listeria monocytogenes	false	sup	dna_r10.4.1_e8.2_400bps_sup@v4.3.0	50	50.06	chromosome=50.06	A	minimap2	2.26	map-ont	clair3	1.0.5	r1041_e82_400bps_sup_v430	docker://quay.io/mbhall88/clair3@sha256:6a4c352e7d14ebb67bdad4be366dcbf6afa66cc7f0ee0b37a05cebe3f4754735	CPU: AMD EPYC 9745	default_pass	SNP	0	1.000000	1.000000	1.000000	60.000000	9090	9082	0	0
ATCC_BAA-679__202309	Listeria monocytogenes	false	sup	dna_r10.4.1_e8.2_400bps_sup@v4.3.0	50	50.06	chromosome=50.06	A	minimap2	2.26	map-ont	clair3	1.0.5	r1041_e82_400bps_sup_v430	docker://quay.io/mbhall88/clair3@sha256:6a4c352e7d14ebb67bdad4be366dcbf6afa66cc7f0ee0b37a05cebe3f4754735	CPU: AMD EPYC 9745	default_pass	INDEL	0	1.000000	0.993056	0.996516	24.579219	143	147	1	0
ATCC_BAA-679__202309	Listeria monocytogenes	false	sup	dna_r10.4.1_e8.2_400bps_sup@v4.3.0	50	50.06	chromosome=50.06	A	minimap2	2.26	map-ont	clair3	1.0.5	r1041_e82_400bps_sup_v430	docker://quay.io/mbhall88/clair3@sha256:6a4c352e7d14ebb67bdad4be366dcbf6afa66cc7f0ee0b37a05cebe3f4754735	CPU: AMD EPYC 9745	default_pass	ALL	0	1.000000	0.999892	0.999946	42.676062	9233	9229	1	0
ATCC_BAA-679__202309	Listeria monocytogenes	false	sup	dna_r10.4.1_e8.2_400bps_sup@v4.3.0	50	50.06	chromosome=50.06	B	minimap2	2.31	lr:hq	clair3	1.0.5	r1041_e82_400bps_sup_v430	docker://quay.io/mbhall88/clair3@sha256:6a4c352e7d14ebb67bdad4be366dcbf6afa66cc7f0ee0b37a05cebe3f4754735	CPU: AMD EPYC 9745	sweep_best	SNP	0	1.000000	1.000000	1.000000	60.000000	9090	9082	0	0
ATCC_BAA-679__202309	Listeria monocytogenes	false	sup	dna_r10.4.1_e8.2_400bps_sup@v4.3.0	50	50.06	chromosome=50.06	B	minimap2	2.31	lr:hq	clair3	1.0.5	r1041_e82_400bps_sup_v430	docker://quay.io/mbhall88/clair3@sha256:6a4c352e7d14ebb67bdad4be366dcbf6afa66cc7f0ee0b37a05cebe3f4754735	CPU: AMD EPYC 9745	sweep_best	INDEL	0	1.000000	0.993056	0.996516	24.579219	143	147	1	0
ATCC_BAA-679__202309	Listeria monocytogenes	false	sup	dna_r10.4.1_e8.2_400bps_sup@v4.3.0	50	50.06	chromosome=50.06	B	minimap2	2.31	lr:hq	clair3	1.0.5	r1041_e82_400bps_sup_v430	docker://quay.io/mbhall88/clair3@sha256:6a4c352e7d14ebb67bdad4be366dcbf6afa66cc7f0ee0b37a05cebe3f4754735	CPU: AMD EPYC 9745	sweep_best	ALL	0	1.000000	0.999892	0.999946	42.676062	9233	9229	1	0
ATCC_BAA-679__202309	Listeria monocytogenes	false	sup	dna_r10.4.1_e8.2_400bps_sup@v4.3.0	50	50.06	chromosome=50.06	B	minimap2	2.31	lr:hq	clair3	1.0.5	r1041_e82_400bps_sup_v430	docker://quay.io/mbhall88/clair3@sha256:6a4c352e7d14ebb67bdad4be366dcbf6afa66cc7f0ee0b37a05cebe3f4754735	CPU: AMD EPYC 9745	default_pass	SNP	0	1.000000	1.000000	1.000000	60.000000	9090	9082	0	0
ATCC_BAA-679__202309	Listeria monocytogenes	false	sup	dna_r10.4.1_e8.2_400bps_sup@v4.3.0	50	50.06	chromosome=50.06	B	minimap2	2.31	lr:hq	clair3	1.0.5	r1041_e82_400bps_sup_v430	docker://quay.io/mbhall88/clair3@sha256:6a4c352e7d14ebb67bdad4be366dcbf6afa66cc7f0ee0b37a05cebe3f4754735	CPU: AMD EPYC 9745	default_pass	INDEL	0	1.000000	0.993056	0.996516	24.579219	143	147	1	0
ATCC_BAA-679__202309	Listeria monocytogenes	false	sup	dna_r10.4.1_e8.2_400bps_sup@v4.3.0	50	50.06	chromosome=50.06	B	minimap2	2.31	lr:hq	clair3	1.0.5	r1041_e82_400bps_sup_v430	docker://quay.io/mbhall88/clair3@sha256:6a4c352e7d14ebb67bdad4be366dcbf6afa66cc7f0ee0b37a05cebe3f4754735	CPU: AMD EPYC 9745	default_pass	ALL	0	1.000000	0.999892	0.999946	42.676062	9233	9229	1	0
ATCC_BAA-679__202309	Listeria monocytogenes	false	sup	dna_r10.4.1_e8.2_400bps_sup@v4.3.0	50	50.06	chromosome=50.06	C	minimap2	2.31	lr:hq	clair3	2.0.3	r1041_e82_400bps_sup_v430	docker://hkubal/clair3@sha256:d56df84c2c7c508aaf0623b124d9926d366a58f34236505b26c055f848afa202	CPU: AMD EPYC 9745	sweep_best	SNP	0	1.000000	1.000000	1.000000	60.000000	9090	9082	0	0
ATCC_BAA-679__202309	Listeria monocytogenes	false	sup	dna_r10.4.1_e8.2_400bps_sup@v4.3.0	50	50.06	chromosome=50.06	C	minimap2	2.31	lr:hq	clair3	2.0.3	r1041_e82_400bps_sup_v430	docker://hkubal/clair3@sha256:d56df84c2c7c508aaf0623b124d9926d366a58f34236505b26c055f848afa202	CPU: AMD EPYC 9745	sweep_best	INDEL	0	1.000000	0.993056	0.996516	24.579219	143	147	1	0
ATCC_BAA-679__202309	Listeria monocytogenes	false	sup	dna_r10.4.1_e8.2_400bps_sup@v4.3.0	50	50.06	chromosome=50.06	C	minimap2	2.31	lr:hq	clair3	2.0.3	r1041_e82_400bps_sup_v430	docker://hkubal/clair3@sha256:d56df84c2c7c508aaf0623b124d9926d366a58f34236505b26c055f848afa202	CPU: AMD EPYC 9745	sweep_best	ALL	0	1.000000	0.999892	0.999946	42.676062	9233	9229	1	0
ATCC_BAA-679__202309	Listeria monocytogenes	false	sup	dna_r10.4.1_e8.2_400bps_sup@v4.3.0	50	50.06	chromosome=50.06	C	minimap2	2.31	lr:hq	clair3	2.0.3	r1041_e82_400bps_sup_v430	docker://hkubal/clair3@sha256:d56df84c2c7c508aaf0623b124d9926d366a58f34236505b26c055f848afa202	CPU: AMD EPYC 9745	default_pass	SNP	0	1.000000	1.000000	1.000000	60.000000	9090	9082	0	0
ATCC_BAA-679__202309	Listeria monocytogenes	false	sup	dna_r10.4.1_e8.2_400bps_sup@v4.3.0	50	50.06	chromosome=50.06	C	minimap2	2.31	lr:hq	clair3	2.0.3	r1041_e82_400bps_sup_v430	docker://hkubal/clair3@sha256:d56df84c2c7c508aaf0623b124d9926d366a58f34236505b26c055f848afa202	CPU: AMD EPYC 9745	default_pass	INDEL	0	1.000000	0.993056	0.996516	24.579219	143	147	1	0
ATCC_BAA-679__202309	Listeria monocytogenes	false	sup	dna_r10.4.1_e8.2_400bps_sup@v4.3.0	50	50.06	chromosome=50.06	C	minimap2	2.31	lr:hq	clair3	2.0.3	r1041_e82_400bps_sup_v430	docker://hkubal/clair3@sha256:d56df84c2c7c508aaf0623b124d9926d366a58f34236505b26c055f848afa202	CPU: AMD EPYC 9745	default_pass	ALL	0	1.000000	0.999892	0.999946	42.676062	9233	9229	1	0
ATCC_BAA-679__202309	Listeria monocytogenes	false	sup	dna_r10.4.1_e8.2_400bps_sup@v4.3.0	50	50.06	chromosome=50.06	D	minimap2	2.31	lr:hq	dorado	2.1.2	dna_r10.4.1_e8.2_400bps_polish_bacterial_methylation_v5.0.0		NVIDIA H100 80GB HBM3	sweep_best	SNP	0	0.999890	0.999560	0.999725	35.606673	9086	9078	4	1
ATCC_BAA-679__202309	Listeria monocytogenes	false	sup	dna_r10.4.1_e8.2_400bps_sup@v4.3.0	50	50.06	chromosome=50.06	D	minimap2	2.31	lr:hq	dorado	2.1.2	dna_r10.4.1_e8.2_400bps_polish_bacterial_methylation_v5.0.0		NVIDIA H100 80GB HBM3	sweep_best	INDEL	0	1.000000	0.979167	0.989474	19.777366	141	145	3	0
ATCC_BAA-679__202309	Listeria monocytogenes	false	sup	dna_r10.4.1_e8.2_400bps_sup@v4.3.0	50	50.06	chromosome=50.06	D	minimap2	2.31	lr:hq	dorado	2.1.2	dna_r10.4.1_e8.2_400bps_polish_bacterial_methylation_v5.0.0		NVIDIA H100 80GB HBM3	sweep_best	ALL	0	0.999892	0.999242	0.999567	33.635121	9227	9223	7	1
ATCC_BAA-679__202309	Listeria monocytogenes	false	sup	dna_r10.4.1_e8.2_400bps_sup@v4.3.0	50	50.06	chromosome=50.06	D	minimap2	2.31	lr:hq	dorado	2.1.2	dna_r10.4.1_e8.2_400bps_polish_bacterial_methylation_v5.0.0		NVIDIA H100 80GB HBM3	default_pass	SNP	0	0.999890	0.999560	0.999725	35.606673	9086	9078	4	1
ATCC_BAA-679__202309	Listeria monocytogenes	false	sup	dna_r10.4.1_e8.2_400bps_sup@v4.3.0	50	50.06	chromosome=50.06	D	minimap2	2.31	lr:hq	dorado	2.1.2	dna_r10.4.1_e8.2_400bps_polish_bacterial_methylation_v5.0.0		NVIDIA H100 80GB HBM3	default_pass	INDEL	0	1.000000	0.979167	0.989474	19.777366	141	145	3	0
ATCC_BAA-679__202309	Listeria monocytogenes	false	sup	dna_r10.4.1_e8.2_400bps_sup@v4.3.0	50	50.06	chromosome=50.06	D	minimap2	2.31	lr:hq	dorado	2.1.2	dna_r10.4.1_e8.2_400bps_polish_bacterial_methylation_v5.0.0		NVIDIA H100 80GB HBM3	default_pass	ALL	0	0.999892	0.999242	0.999567	33.635121	9227	9223	7	1
BPH2947__202310	Staphylococcus aureus	false	hac	dna_r10.4.1_e8.2_400bps_hac@v4.3.0	5	4.97	chromosome=4.97;plasmid_1=5.29;plasmid_2=6.64	A	minimap2	2.26	map-ont	clair3	1.0.5	r1041_e82_400bps_hac_v430	docker://quay.io/mbhall88/clair3@sha256:6a4c352e7d14ebb67bdad4be366dcbf6afa66cc7f0ee0b37a05cebe3f4754735	CPU: AMD EPYC 9745	sweep_best	SNP	1	0.999466	0.947555	0.972818	15.657186	7480	7480	414	4
BPH2947__202310	Staphylococcus aureus	false	hac	dna_r10.4.1_e8.2_400bps_hac@v4.3.0	5	4.97	chromosome=4.97;plasmid_1=5.29;plasmid_2=6.64	A	minimap2	2.26	map-ont	clair3	1.0.5	r1041_e82_400bps_hac_v430	docker://quay.io/mbhall88/clair3@sha256:6a4c352e7d14ebb67bdad4be366dcbf6afa66cc7f0ee0b37a05cebe3f4754735	CPU: AMD EPYC 9745	sweep_best	INDEL	0	0.932432	0.873418	0.901961	10.086011	138	138	20	10
BPH2947__202310	Staphylococcus aureus	false	hac	dna_r10.4.1_e8.2_400bps_hac@v4.3.0	5	4.97	chromosome=4.97;plasmid_1=5.29;plasmid_2=6.64	A	minimap2	2.26	map-ont	clair3	1.0.5	r1041_e82_400bps_hac_v430	docker://quay.io/mbhall88/clair3@sha256:6a4c352e7d14ebb67bdad4be366dcbf6afa66cc7f0ee0b37a05cebe3f4754735	CPU: AMD EPYC 9745	sweep_best	ALL	2	0.999081	0.945355	0.971476	15.447896	7612	7612	440	7
BPH2947__202310	Staphylococcus aureus	false	hac	dna_r10.4.1_e8.2_400bps_hac@v4.3.0	5	4.97	chromosome=4.97;plasmid_1=5.29;plasmid_2=6.64	A	minimap2	2.26	map-ont	clair3	1.0.5	r1041_e82_400bps_hac_v430	docker://quay.io/mbhall88/clair3@sha256:6a4c352e7d14ebb67bdad4be366dcbf6afa66cc7f0ee0b37a05cebe3f4754735	CPU: AMD EPYC 9745	default_pass	SNP	0	0.999332	0.947682	0.972822	15.657825	7481	7481	413	5
BPH2947__202310	Staphylococcus aureus	false	hac	dna_r10.4.1_e8.2_400bps_hac@v4.3.0	5	4.97	chromosome=4.97;plasmid_1=5.29;plasmid_2=6.64	A	minimap2	2.26	map-ont	clair3	1.0.5	r1041_e82_400bps_hac_v430	docker://quay.io/mbhall88/clair3@sha256:6a4c352e7d14ebb67bdad4be366dcbf6afa66cc7f0ee0b37a05cebe3f4754735	CPU: AMD EPYC 9745	default_pass	INDEL	0	0.977778	0.835443	0.901024	10.044701	132	132	26	3
BPH2947__202310	Staphylococcus aureus	false	hac	dna_r10.4.1_e8.2_400bps_hac@v4.3.0	5	4.97	chromosome=4.97;plasmid_1=5.29;plasmid_2=6.64	A	minimap2	2.26	map-ont	clair3	1.0.5	r1041_e82_400bps_hac_v430	docker://quay.io/mbhall88/clair3@sha256:6a4c352e7d14ebb67bdad4be366dcbf6afa66cc7f0ee0b37a05cebe3f4754735	CPU: AMD EPYC 9745	default_pass	ALL	0	0.998950	0.945479	0.971480	15.448505	7613	7613	439	8
BPH2947__202310	Staphylococcus aureus	false	hac	dna_r10.4.1_e8.2_400bps_hac@v4.3.0	5	4.97	chromosome=4.97;plasmid_1=5.29;plasmid_2=6.64	B	minimap2	2.31	lr:hq	clair3	1.0.5	r1041_e82_400bps_hac_v430	docker://quay.io/mbhall88/clair3@sha256:6a4c352e7d14ebb67bdad4be366dcbf6afa66cc7f0ee0b37a05cebe3f4754735	CPU: AMD EPYC 9745	sweep_best	SNP	1	0.999466	0.947555	0.972818	15.657186	7480	7480	414	4
BPH2947__202310	Staphylococcus aureus	false	hac	dna_r10.4.1_e8.2_400bps_hac@v4.3.0	5	4.97	chromosome=4.97;plasmid_1=5.29;plasmid_2=6.64	B	minimap2	2.31	lr:hq	clair3	1.0.5	r1041_e82_400bps_hac_v430	docker://quay.io/mbhall88/clair3@sha256:6a4c352e7d14ebb67bdad4be366dcbf6afa66cc7f0ee0b37a05cebe3f4754735	CPU: AMD EPYC 9745	sweep_best	INDEL	0	0.932432	0.873418	0.901961	10.086011	138	138	20	10
BPH2947__202310	Staphylococcus aureus	false	hac	dna_r10.4.1_e8.2_400bps_hac@v4.3.0	5	4.97	chromosome=4.97;plasmid_1=5.29;plasmid_2=6.64	B	minimap2	2.31	lr:hq	clair3	1.0.5	r1041_e82_400bps_hac_v430	docker://quay.io/mbhall88/clair3@sha256:6a4c352e7d14ebb67bdad4be366dcbf6afa66cc7f0ee0b37a05cebe3f4754735	CPU: AMD EPYC 9745	sweep_best	ALL	2	0.999081	0.945355	0.971476	15.447896	7612	7612	440	7
BPH2947__202310	Staphylococcus aureus	false	hac	dna_r10.4.1_e8.2_400bps_hac@v4.3.0	5	4.97	chromosome=4.97;plasmid_1=5.29;plasmid_2=6.64	B	minimap2	2.31	lr:hq	clair3	1.0.5	r1041_e82_400bps_hac_v430	docker://quay.io/mbhall88/clair3@sha256:6a4c352e7d14ebb67bdad4be366dcbf6afa66cc7f0ee0b37a05cebe3f4754735	CPU: AMD EPYC 9745	default_pass	SNP	0	0.999332	0.947682	0.972822	15.657825	7481	7481	413	5
BPH2947__202310	Staphylococcus aureus	false	hac	dna_r10.4.1_e8.2_400bps_hac@v4.3.0	5	4.97	chromosome=4.97;plasmid_1=5.29;plasmid_2=6.64	B	minimap2	2.31	lr:hq	clair3	1.0.5	r1041_e82_400bps_hac_v430	docker://quay.io/mbhall88/clair3@sha256:6a4c352e7d14ebb67bdad4be366dcbf6afa66cc7f0ee0b37a05cebe3f4754735	CPU: AMD EPYC 9745	default_pass	INDEL	0	0.977778	0.835443	0.901024	10.044701	132	132	26	3
BPH2947__202310	Staphylococcus aureus	false	hac	dna_r10.4.1_e8.2_400bps_hac@v4.3.0	5	4.97	chromosome=4.97;plasmid_1=5.29;plasmid_2=6.64	B	minimap2	2.31	lr:hq	clair3	1.0.5	r1041_e82_400bps_hac_v430	docker://quay.io/mbhall88/clair3@sha256:6a4c352e7d14ebb67bdad4be366dcbf6afa66cc7f0ee0b37a05cebe3f4754735	CPU: AMD EPYC 9745	default_pass	ALL	0	0.998950	0.945479	0.971480	15.448505	7613	7613	439	8
BPH2947__202310	Staphylococcus aureus	false	hac	dna_r10.4.1_e8.2_400bps_hac@v4.3.0	5	4.97	chromosome=4.97;plasmid_1=5.29;plasmid_2=6.64	C	minimap2	2.31	lr:hq	clair3	2.0.3	r1041_e82_400bps_hac_v430	docker://hkubal/clair3@sha256:d56df84c2c7c508aaf0623b124d9926d366a58f34236505b26c055f848afa202	CPU: AMD EPYC 9745	sweep_best	SNP	1	0.999466	0.947555	0.972818	15.657186	7480	7480	414	4
BPH2947__202310	Staphylococcus aureus	false	hac	dna_r10.4.1_e8.2_400bps_hac@v4.3.0	5	4.97	chromosome=4.97;plasmid_1=5.29;plasmid_2=6.64	C	minimap2	2.31	lr:hq	clair3	2.0.3	r1041_e82_400bps_hac_v430	docker://hkubal/clair3@sha256:d56df84c2c7c508aaf0623b124d9926d366a58f34236505b26c055f848afa202	CPU: AMD EPYC 9745	sweep_best	INDEL	0	0.932432	0.873418	0.901961	10.086011	138	138	20	10
BPH2947__202310	Staphylococcus aureus	false	hac	dna_r10.4.1_e8.2_400bps_hac@v4.3.0	5	4.97	chromosome=4.97;plasmid_1=5.29;plasmid_2=6.64	C	minimap2	2.31	lr:hq	clair3	2.0.3	r1041_e82_400bps_hac_v430	docker://hkubal/clair3@sha256:d56df84c2c7c508aaf0623b124d9926d366a58f34236505b26c055f848afa202	CPU: AMD EPYC 9745	sweep_best	ALL	2	0.999081	0.945355	0.971476	15.447896	7612	7612	440	7
BPH2947__202310	Staphylococcus aureus	false	hac	dna_r10.4.1_e8.2_400bps_hac@v4.3.0	5	4.97	chromosome=4.97;plasmid_1=5.29;plasmid_2=6.64	C	minimap2	2.31	lr:hq	clair3	2.0.3	r1041_e82_400bps_hac_v430	docker://hkubal/clair3@sha256:d56df84c2c7c508aaf0623b124d9926d366a58f34236505b26c055f848afa202	CPU: AMD EPYC 9745	default_pass	SNP	0	0.999332	0.947682	0.972822	15.657825	7481	7481	413	5
BPH2947__202310	Staphylococcus aureus	false	hac	dna_r10.4.1_e8.2_400bps_hac@v4.3.0	5	4.97	chromosome=4.97;plasmid_1=5.29;plasmid_2=6.64	C	minimap2	2.31	lr:hq	clair3	2.0.3	r1041_e82_400bps_hac_v430	docker://hkubal/clair3@sha256:d56df84c2c7c508aaf0623b124d9926d366a58f34236505b26c055f848afa202	CPU: AMD EPYC 9745	default_pass	INDEL	0	0.977778	0.835443	0.901024	10.044701	132	132	26	3
BPH2947__202310	Staphylococcus aureus	false	hac	dna_r10.4.1_e8.2_400bps_hac@v4.3.0	5	4.97	chromosome=4.97;plasmid_1=5.29;plasmid_2=6.64	C	minimap2	2.31	lr:hq	clair3	2.0.3	r1041_e82_400bps_hac_v430	docker://hkubal/clair3@sha256:d56df84c2c7c508aaf0623b124d9926d366a58f34236505b26c055f848afa202	CPU: AMD EPYC 9745	default_pass	ALL	0	0.998950	0.945479	0.971480	15.448505	7613	7613	439	8
BPH2947__202310	Staphylococcus aureus	false	hac	dna_r10.4.1_e8.2_400bps_hac@v4.3.0	5	4.97	chromosome=4.97;plasmid_1=5.29;plasmid_2=6.64	D	minimap2	2.31	lr:hq	dorado	2.1.2	dna_r10.4.1_e8.2_400bps_polish_bacterial_methylation_v5.0.0		NVIDIA H100 80GB HBM3	sweep_best	SNP	11	0.996049	0.990119	0.993075	21.595802	7816	7816	78	31
BPH2947__202310	Staphylococcus aureus	false	hac	dna_r10.4.1_e8.2_400bps_hac@v4.3.0	5	4.97	chromosome=4.97;plasmid_1=5.29;plasmid_2=6.64	D	minimap2	2.31	lr:hq	dorado	2.1.2	dna_r10.4.1_e8.2_400bps_polish_bacterial_methylation_v5.0.0		NVIDIA H100 80GB HBM3	sweep_best	INDEL	12	0.760234	0.822785	0.790273	6.783457	130	130	28	41
BPH2947__202310	Staphylococcus aureus	false	hac	dna_r10.4.1_e8.2_400bps_hac@v4.3.0	5	4.97	chromosome=4.97;plasmid_1=5.29;plasmid_2=6.64	D	minimap2	2.31	lr:hq	dorado	2.1.2	dna_r10.4.1_e8.2_400bps_polish_bacterial_methylation_v5.0.0		NVIDIA H100 80GB HBM3	sweep_best	ALL	11	0.990161	0.987332	0.988744	19.486159	7950	7950	102	79
BPH2947__202310	Staphylococcus aureus	false	hac	dna_r10.4.1_e8.2_400bps_hac@v4.3.0	5	4.97	chromosome=4.97;plasmid_1=5.29;plasmid_2=6.64	D	minimap2	2.31	lr:hq	dorado	2.1.2	dna_r10.4.1_e8.2_400bps_polish_bacterial_methylation_v5.0.0		NVIDIA H100 80GB HBM3	default_pass	SNP	0	0.977016	0.996200	0.986514	18.701168	7864	7864	30	185
BPH2947__202310	Staphylococcus aureus	false	hac	dna_r10.4.1_e8.2_400bps_hac@v4.3.0	5	4.97	chromosome=4.97;plasmid_1=5.29;plasmid_2=6.64	D	minimap2	2.31	lr:hq	dorado	2.1.2	dna_r10.4.1_e8.2_400bps_polish_bacterial_methylation_v5.0.0		NVIDIA H100 80GB HBM3	default_pass	INDEL	0	0.314655	0.924051	0.469453	2.752761	146	146	12	318
BPH2947__202310	Staphylococcus aureus	false	hac	dna_r10.4.1_e8.2_400bps_hac@v4.3.0	5	4.97	chromosome=4.97;plasmid_1=5.29;plasmid_2=6.64	D	minimap2	2.31	lr:hq	dorado	2.1.2	dna_r10.4.1_e8.2_400bps_polish_bacterial_methylation_v5.0.0		NVIDIA H100 80GB HBM3	default_pass	ALL	0	0.940914	0.994784	0.967099	14.827909	8010	8010	42	503
BPH2947__202310	Staphylococcus aureus	false	hac	dna_r10.4.1_e8.2_400bps_hac@v4.3.0	10	9.97	chromosome=9.96;plasmid_1=10.87;plasmid_2=12.99	A	minimap2	2.26	map-ont	clair3	1.0.5	r1041_e82_400bps_hac_v430	docker://quay.io/mbhall88/clair3@sha256:6a4c352e7d14ebb67bdad4be366dcbf6afa66cc7f0ee0b37a05cebe3f4754735	CPU: AMD EPYC 9745	sweep_best	SNP	0	1.000000	0.956803	0.977925	16.560993	7553	7553	341	0
BPH2947__202310	Staphylococcus aureus	false	hac	dna_r10.4.1_e8.2_400bps_hac@v4.3.0	10	9.97	chromosome=9.96;plasmid_1=10.87;plasmid_2=12.99	A	minimap2	2.26	map-ont	clair3	1.0.5	r1041_e82_400bps_hac_v430	docker://quay.io/mbhall88/clair3@sha256:6a4c352e7d14ebb67bdad4be366dcbf6afa66cc7f0ee0b37a05cebe3f4754735	CPU: AMD EPYC 9745	sweep_best	INDEL	1	1.000000	0.943038	0.970684	15.328953	149	149	9	0
BPH2947__202310	Staphylococcus aureus	false	hac	dna_r10.4.1_e8.2_400bps_hac@v4.3.0	10	9.97	chromosome=9.96;plasmid_1=10.87;plasmid_2=12.99	A	minimap2	2.26	map-ont	clair3	1.0.5	r1041_e82_400bps_hac_v430	docker://quay.io/mbhall88/clair3@sha256:6a4c352e7d14ebb67bdad4be366dcbf6afa66cc7f0ee0b37a05cebe3f4754735	CPU: AMD EPYC 9745	sweep_best	ALL	1	1.000000	0.956533	0.977783	16.533146	7702	7702	350	0
BPH2947__202310	Staphylococcus aureus	false	hac	dna_r10.4.1_e8.2_400bps_hac@v4.3.0	10	9.97	chromosome=9.96;plasmid_1=10.87;plasmid_2=12.99	A	minimap2	2.26	map-ont	clair3	1.0.5	r1041_e82_400bps_hac_v430	docker://quay.io/mbhall88/clair3@sha256:6a4c352e7d14ebb67bdad4be366dcbf6afa66cc7f0ee0b37a05cebe3f4754735	CPU: AMD EPYC 9745	default_pass	SNP	0	1.000000	0.956803	0.977925	16.560993	7553	7553	341	0
BPH2947__202310	Staphylococcus aureus	false	hac	dna_r10.4.1_e8.2_400bps_hac@v4.3.0	10	9.97	chromosome=9.96;plasmid_1=10.87;plasmid_2=12.99	A	minimap2	2.26	map-ont	clair3	1.0.5	r1041_e82_400bps_hac_v430	docker://quay.io/mbhall88/clair3@sha256:6a4c352e7d14ebb67bdad4be366dcbf6afa66cc7f0ee0b37a05cebe3f4754735	CPU: AMD EPYC 9745	default_pass	INDEL	0	1.000000	0.930380	0.963934	14.429020	147	147	11	0
BPH2947__202310	Staphylococcus aureus	false	hac	dna_r10.4.1_e8.2_400bps_hac@v4.3.0	10	9.97	chromosome=9.96;plasmid_1=10.87;plasmid_2=12.99	A	minimap2	2.26	map-ont	clair3	1.0.5	r1041_e82_400bps_hac_v430	docker://quay.io/mbhall88/clair3@sha256:6a4c352e7d14ebb67bdad4be366dcbf6afa66cc7f0ee0b37a05cebe3f4754735	CPU: AMD EPYC 9745	default_pass	ALL	0	1.000000	0.956284	0.977654	16.508002	7700	7700	352	0
BPH2947__202310	Staphylococcus aureus	false	hac	dna_r10.4.1_e8.2_400bps_hac@v4.3.0	10	9.97	chromosome=9.96;plasmid_1=10.87;plasmid_2=12.99	B	minimap2	2.31	lr:hq	clair3	1.0.5	r1041_e82_400bps_hac_v430	docker://quay.io/mbhall88/clair3@sha256:6a4c352e7d14ebb67bdad4be366dcbf6afa66cc7f0ee0b37a05cebe3f4754735	CPU: AMD EPYC 9745	sweep_best	SNP	0	1.000000	0.956803	0.977925	16.560993	7553	7553	341	0
BPH2947__202310	Staphylococcus aureus	false	hac	dna_r10.4.1_e8.2_400bps_hac@v4.3.0	10	9.97	chromosome=9.96;plasmid_1=10.87;plasmid_2=12.99	B	minimap2	2.31	lr:hq	clair3	1.0.5	r1041_e82_400bps_hac_v430	docker://quay.io/mbhall88/clair3@sha256:6a4c352e7d14ebb67bdad4be366dcbf6afa66cc7f0ee0b37a05cebe3f4754735	CPU: AMD EPYC 9745	sweep_best	INDEL	1	1.000000	0.936709	0.967320	14.857180	148	148	10	0
BPH2947__202310	Staphylococcus aureus	false	hac	dna_r10.4.1_e8.2_400bps_hac@v4.3.0	10	9.97	chromosome=9.96;plasmid_1=10.87;plasmid_2=12.99	B	minimap2	2.31	lr:hq	clair3	1.0.5	r1041_e82_400bps_hac_v430	docker://quay.io/mbhall88/clair3@sha256:6a4c352e7d14ebb67bdad4be366dcbf6afa66cc7f0ee0b37a05cebe3f4754735	CPU: AMD EPYC 9745	sweep_best	ALL	1	1.000000	0.956408	0.977719	16.520653	7701	7701	351	0
BPH2947__202310	Staphylococcus aureus	false	hac	dna_r10.4.1_e8.2_400bps_hac@v4.3.0	10	9.97	chromosome=9.96;plasmid_1=10.87;plasmid_2=12.99	B	minimap2	2.31	lr:hq	clair3	1.0.5	r1041_e82_400bps_hac_v430	docker://quay.io/mbhall88/clair3@sha256:6a4c352e7d14ebb67bdad4be366dcbf6afa66cc7f0ee0b37a05cebe3f4754735	CPU: AMD EPYC 9745	default_pass	SNP	0	1.000000	0.956803	0.977925	16.560993	7553	7553	341	0
BPH2947__202310	Staphylococcus aureus	false	hac	dna_r10.4.1_e8.2_400bps_hac@v4.3.0	10	9.97	chromosome=9.96;plasmid_1=10.87;plasmid_2=12.99	B	minimap2	2.31	lr:hq	clair3	1.0.5	r1041_e82_400bps_hac_v430	docker://quay.io/mbhall88/clair3@sha256:6a4c352e7d14ebb67bdad4be366dcbf6afa66cc7f0ee0b37a05cebe3f4754735	CPU: AMD EPYC 9745	default_pass	INDEL	0	1.000000	0.930380	0.963934	14.429020	147	147	11	0
BPH2947__202310	Staphylococcus aureus	false	hac	dna_r10.4.1_e8.2_400bps_hac@v4.3.0	10	9.97	chromosome=9.96;plasmid_1=10.87;plasmid_2=12.99	B	minimap2	2.31	lr:hq	clair3	1.0.5	r1041_e82_400bps_hac_v430	docker://quay.io/mbhall88/clair3@sha256:6a4c352e7d14ebb67bdad4be366dcbf6afa66cc7f0ee0b37a05cebe3f4754735	CPU: AMD EPYC 9745	default_pass	ALL	0	1.000000	0.956284	0.977654	16.508002	7700	7700	352	0
BPH2947__202310	Staphylococcus aureus	false	hac	dna_r10.4.1_e8.2_400bps_hac@v4.3.0	10	9.97	chromosome=9.96;plasmid_1=10.87;plasmid_2=12.99	C	minimap2	2.31	lr:hq	clair3	2.0.3	r1041_e82_400bps_hac_v430	docker://hkubal/clair3@sha256:d56df84c2c7c508aaf0623b124d9926d366a58f34236505b26c055f848afa202	CPU: AMD EPYC 9745	sweep_best	SNP	0	1.000000	0.956803	0.977925	16.560993	7553	7553	341	0
BPH2947__202310	Staphylococcus aureus	false	hac	dna_r10.4.1_e8.2_400bps_hac@v4.3.0	10	9.97	chromosome=9.96;plasmid_1=10.87;plasmid_2=12.99	C	minimap2	2.31	lr:hq	clair3	2.0.3	r1041_e82_400bps_hac_v430	docker://hkubal/clair3@sha256:d56df84c2c7c508aaf0623b124d9926d366a58f34236505b26c055f848afa202	CPU: AMD EPYC 9745	sweep_best	INDEL	1	1.000000	0.936709	0.967320	14.857180	148	148	10	0
BPH2947__202310	Staphylococcus aureus	false	hac	dna_r10.4.1_e8.2_400bps_hac@v4.3.0	10	9.97	chromosome=9.96;plasmid_1=10.87;plasmid_2=12.99	C	minimap2	2.31	lr:hq	clair3	2.0.3	r1041_e82_400bps_hac_v430	docker://hkubal/clair3@sha256:d56df84c2c7c508aaf0623b124d9926d366a58f34236505b26c055f848afa202	CPU: AMD EPYC 9745	sweep_best	ALL	1	1.000000	0.956408	0.977719	16.520653	7701	7701	351	0
BPH2947__202310	Staphylococcus aureus	false	hac	dna_r10.4.1_e8.2_400bps_hac@v4.3.0	10	9.97	chromosome=9.96;plasmid_1=10.87;plasmid_2=12.99	C	minimap2	2.31	lr:hq	clair3	2.0.3	r1041_e82_400bps_hac_v430	docker://hkubal/clair3@sha256:d56df84c2c7c508aaf0623b124d9926d366a58f34236505b26c055f848afa202	CPU: AMD EPYC 9745	default_pass	SNP	0	1.000000	0.956803	0.977925	16.560993	7553	7553	341	0
BPH2947__202310	Staphylococcus aureus	false	hac	dna_r10.4.1_e8.2_400bps_hac@v4.3.0	10	9.97	chromosome=9.96;plasmid_1=10.87;plasmid_2=12.99	C	minimap2	2.31	lr:hq	clair3	2.0.3	r1041_e82_400bps_hac_v430	docker://hkubal/clair3@sha256:d56df84c2c7c508aaf0623b124d9926d366a58f34236505b26c055f848afa202	CPU: AMD EPYC 9745	default_pass	INDEL	0	1.000000	0.930380	0.963934	14.429020	147	147	11	0
BPH2947__202310	Staphylococcus aureus	false	hac	dna_r10.4.1_e8.2_400bps_hac@v4.3.0	10	9.97	chromosome=9.96;plasmid_1=10.87;plasmid_2=12.99	C	minimap2	2.31	lr:hq	clair3	2.0.3	r1041_e82_400bps_hac_v430	docker://hkubal/clair3@sha256:d56df84c2c7c508aaf0623b124d9926d366a58f34236505b26c055f848afa202	CPU: AMD EPYC 9745	default_pass	ALL	0	1.000000	0.956284	0.977654	16.508002	7700	7700	352	0
BPH2947__202310	Staphylococcus aureus	false	hac	dna_r10.4.1_e8.2_400bps_hac@v4.3.0	10	9.97	chromosome=9.96;plasmid_1=10.87;plasmid_2=12.99	D	minimap2	2.31	lr:hq	dorado	2.1.2	dna_r10.4.1_e8.2_400bps_polish_bacterial_methylation_v5.0.0		NVIDIA H100 80GB HBM3	sweep_best	SNP	6	0.999620	0.999620	0.999620	34.202164	7891	7891	3	3
BPH2947__202310	Staphylococcus aureus	false	hac	dna_r10.4.1_e8.2_400bps_hac@v4.3.0	10	9.97	chromosome=9.96;plasmid_1=10.87;plasmid_2=12.99	D	minimap2	2.31	lr:hq	dorado	2.1.2	dna_r10.4.1_e8.2_400bps_polish_bacterial_methylation_v5.0.0		NVIDIA H100 80GB HBM3	sweep_best	INDEL	10	0.986842	0.949367	0.967742	14.913626	150	150	8	2
BPH2947__202310	Staphylococcus aureus	false	hac	dna_r10.4.1_e8.2_400bps_hac@v4.3.0	10	9.97	chromosome=9.96;plasmid_1=10.87;plasmid_2=12.99	D	minimap2	2.31	lr:hq	dorado	2.1.2	dna_r10.4.1_e8.2_400bps_polish_bacterial_methylation_v5.0.0		NVIDIA H100 80GB HBM3	sweep_best	ALL	9	0.999254	0.997889	0.998571	28.449678	8035	8035	17	6
BPH2947__202310	Staphylococcus aureus	false	hac	dna_r10.4.1_e8.2_400bps_hac@v4.3.0	10	9.97	chromosome=9.96;plasmid_1=10.87;plasmid_2=12.99	D	minimap2	2.31	lr:hq	dorado	2.1.2	dna_r10.4.1_e8.2_400bps_polish_bacterial_methylation_v5.0.0		NVIDIA H100 80GB HBM3	default_pass	SNP	0	0.998734	0.999747	0.999240	31.191864	7892	7892	2	10
BPH2947__202310	Staphylococcus aureus	false	hac	dna_r10.4.1_e8.2_400bps_hac@v4.3.0	10	9.97	chromosome=9.96;plasmid_1=10.87;plasmid_2=12.99	D	minimap2	2.31	lr:hq	dorado	2.1.2	dna_r10.4.1_e8.2_400bps_polish_bacterial_methylation_v5.0.0		NVIDIA H100 80GB HBM3	default_pass	INDEL	0	0.875706	0.981013	0.925373	11.271040	155	155	3	22
BPH2947__202310	Staphylococcus aureus	false	hac	dna_r10.4.1_e8.2_400bps_hac@v4.3.0	10	9.97	chromosome=9.96;plasmid_1=10.87;plasmid_2=12.99	D	minimap2	2.31	lr:hq	dorado	2.1.2	dna_r10.4.1_e8.2_400bps_polish_bacterial_methylation_v5.0.0		NVIDIA H100 80GB HBM3	default_pass	ALL	0	0.996039	0.999379	0.997706	26.394066	8047	8047	5	32
BPH2947__202310	Staphylococcus aureus	false	hac	dna_r10.4.1_e8.2_400bps_hac@v4.3.0	25	24.87	chromosome=24.83;plasmid_1=28.52;plasmid_2=32.15	A	minimap2	2.26	map-ont	clair3	1.0.5	r1041_e82_400bps_hac_v430	docker://quay.io/mbhall88/clair3@sha256:6a4c352e7d14ebb67bdad4be366dcbf6afa66cc7f0ee0b37a05cebe3f4754735	CPU: AMD EPYC 9745	sweep_best	SNP	0	1.000000	0.998733	0.999366	31.979107	7884	7884	10	0
BPH2947__202310	Staphylococcus aureus	false	hac	dna_r10.4.1_e8.2_400bps_hac@v4.3.0	25	24.87	chromosome=24.83;plasmid_1=28.52;plasmid_2=32.15	A	minimap2	2.26	map-ont	clair3	1.0.5	r1041_e82_400bps_hac_v430	docker://quay.io/mbhall88/clair3@sha256:6a4c352e7d14ebb67bdad4be366dcbf6afa66cc7f0ee0b37a05cebe3f4754735	CPU: AMD EPYC 9745	sweep_best	INDEL	0	1.000000	0.981013	0.990415	20.184079	155	155	3	0
BPH2947__202310	Staphylococcus aureus	false	hac	dna_r10.4.1_e8.2_400bps_hac@v4.3.0	25	24.87	chromosome=24.83;plasmid_1=28.52;plasmid_2=32.15	A	minimap2	2.26	map-ont	clair3	1.0.5	r1041_e82_400bps_hac_v430	docker://quay.io/mbhall88/clair3@sha256:6a4c352e7d14ebb67bdad4be366dcbf6afa66cc7f0ee0b37a05cebe3f4754735	CPU: AMD EPYC 9745	sweep_best	ALL	0	1.000000	0.998385	0.999192	30.925886	8039	8039	13	0
BPH2947__202310	Staphylococcus aureus	false	hac	dna_r10.4.1_e8.2_400bps_hac@v4.3.0	25	24.87	chromosome=24.83;plasmid_1=28.52;plasmid_2=32.15	A	minimap2	2.26	map-ont	clair3	1.0.5	r1041_e82_400bps_hac_v430	docker://quay.io/mbhall88/clair3@sha256:6a4c352e7d14ebb67bdad4be366dcbf6afa66cc7f0ee0b37a05cebe3f4754735	CPU: AMD EPYC 9745	default_pass	SNP	0	1.000000	0.998733	0.999366	31.979107	7884	7884	10	0
BPH2947__202310	Staphylococcus aureus	false	hac	dna_r10.4.1_e8.2_400bps_hac@v4.3.0	25	24.87	chromosome=24.83;plasmid_1=28.52;plasmid_2=32.15	A	minimap2	2.26	map-ont	clair3	1.0.5	r1041_e82_400bps_hac_v430	docker://quay.io/mbhall88/clair3@sha256:6a4c352e7d14ebb67bdad4be366dcbf6afa66cc7f0ee0b37a05cebe3f4754735	CPU: AMD EPYC 9745	default_pass	INDEL	0	1.000000	0.962025	0.980645	17.132068	152	152	6	0
BPH2947__202310	Staphylococcus aureus	false	hac	dna_r10.4.1_e8.2_400bps_hac@v4.3.0	25	24.87	chromosome=24.83;plasmid_1=28.52;plasmid_2=32.15	A	minimap2	2.26	map-ont	clair3	1.0.5	r1041_e82_400bps_hac_v430	docker://quay.io/mbhall88/clair3@sha256:6a4c352e7d14ebb67bdad4be366dcbf6afa66cc7f0ee0b37a05cebe3f4754735	CPU: AMD EPYC 9745	default_pass	ALL	0	1.000000	0.998013	0.999005	30.021769	8036	8036	16	0
BPH2947__202310	Staphylococcus aureus	false	hac	dna_r10.4.1_e8.2_400bps_hac@v4.3.0	25	24.87	chromosome=24.83;plasmid_1=28.52;plasmid_2=32.15	B	minimap2	2.31	lr:hq	clair3	1.0.5	r1041_e82_400bps_hac_v430	docker://quay.io/mbhall88/clair3@sha256:6a4c352e7d14ebb67bdad4be366dcbf6afa66cc7f0ee0b37a05cebe3f4754735	CPU: AMD EPYC 9745	sweep_best	SNP	0	1.000000	0.998733	0.999366	31.979107	7884	7884	10	0
BPH2947__202310	Staphylococcus aureus	false	hac	dna_r10.4.1_e8.2_400bps_hac@v4.3.0	25	24.87	chromosome=24.83;plasmid_1=28.52;plasmid_2=32.15	B	minimap2	2.31	lr:hq	clair3	1.0.5	r1041_e82_400bps_hac_v430	docker://quay.io/mbhall88/clair3@sha256:6a4c352e7d14ebb67bdad4be366dcbf6afa66cc7f0ee0b37a05cebe3f4754735	CPU: AMD EPYC 9745	sweep_best	INDEL	0	1.000000	0.981013	0.990415	20.184079	155	155	3	0
BPH2947__202310	Staphylococcus aureus	false	hac	dna_r10.4.1_e8.2_400bps_hac@v4.3.0	25	24.87	chromosome=24.83;plasmid_1=28.52;plasmid_2=32.15	B	minimap2	2.31	lr:hq	clair3	1.0.5	r1041_e82_400bps_hac_v430	docker://quay.io/mbhall88/clair3@sha256:6a4c352e7d14ebb67bdad4be366dcbf6afa66cc7f0ee0b37a05cebe3f4754735	CPU: AMD EPYC 9745	sweep_best	ALL	0	1.000000	0.998385	0.999192	30.925886	8039	8039	13	0
BPH2947__202310	Staphylococcus aureus	false	hac	dna_r10.4.1_e8.2_400bps_hac@v4.3.0	25	24.87	chromosome=24.83;plasmid_1=28.52;plasmid_2=32.15	B	minimap2	2.31	lr:hq	clair3	1.0.5	r1041_e82_400bps_hac_v430	docker://quay.io/mbhall88/clair3@sha256:6a4c352e7d14ebb67bdad4be366dcbf6afa66cc7f0ee0b37a05cebe3f4754735	CPU: AMD EPYC 9745	default_pass	SNP	0	1.000000	0.998733	0.999366	31.979107	7884	7884	10	0
BPH2947__202310	Staphylococcus aureus	false	hac	dna_r10.4.1_e8.2_400bps_hac@v4.3.0	25	24.87	chromosome=24.83;plasmid_1=28.52;plasmid_2=32.15	B	minimap2	2.31	lr:hq	clair3	1.0.5	r1041_e82_400bps_hac_v430	docker://quay.io/mbhall88/clair3@sha256:6a4c352e7d14ebb67bdad4be366dcbf6afa66cc7f0ee0b37a05cebe3f4754735	CPU: AMD EPYC 9745	default_pass	INDEL	0	1.000000	0.962025	0.980645	17.132068	152	152	6	0
BPH2947__202310	Staphylococcus aureus	false	hac	dna_r10.4.1_e8.2_400bps_hac@v4.3.0	25	24.87	chromosome=24.83;plasmid_1=28.52;plasmid_2=32.15	B	minimap2	2.31	lr:hq	clair3	1.0.5	r1041_e82_400bps_hac_v430	docker://quay.io/mbhall88/clair3@sha256:6a4c352e7d14ebb67bdad4be366dcbf6afa66cc7f0ee0b37a05cebe3f4754735	CPU: AMD EPYC 9745	default_pass	ALL	0	1.000000	0.998013	0.999005	30.021769	8036	8036	16	0
BPH2947__202310	Staphylococcus aureus	false	hac	dna_r10.4.1_e8.2_400bps_hac@v4.3.0	25	24.87	chromosome=24.83;plasmid_1=28.52;plasmid_2=32.15	C	minimap2	2.31	lr:hq	clair3	2.0.3	r1041_e82_400bps_hac_v430	docker://hkubal/clair3@sha256:d56df84c2c7c508aaf0623b124d9926d366a58f34236505b26c055f848afa202	CPU: AMD EPYC 9745	sweep_best	SNP	0	1.000000	0.998733	0.999366	31.979107	7884	7884	10	0
BPH2947__202310	Staphylococcus aureus	false	hac	dna_r10.4.1_e8.2_400bps_hac@v4.3.0	25	24.87	chromosome=24.83;plasmid_1=28.52;plasmid_2=32.15	C	minimap2	2.31	lr:hq	clair3	2.0.3	r1041_e82_400bps_hac_v430	docker://hkubal/clair3@sha256:d56df84c2c7c508aaf0623b124d9926d366a58f34236505b26c055f848afa202	CPU: AMD EPYC 9745	sweep_best	INDEL	0	1.000000	0.981013	0.990415	20.184079	155	155	3	0
BPH2947__202310	Staphylococcus aureus	false	hac	dna_r10.4.1_e8.2_400bps_hac@v4.3.0	25	24.87	chromosome=24.83;plasmid_1=28.52;plasmid_2=32.15	C	minimap2	2.31	lr:hq	clair3	2.0.3	r1041_e82_400bps_hac_v430	docker://hkubal/clair3@sha256:d56df84c2c7c508aaf0623b124d9926d366a58f34236505b26c055f848afa202	CPU: AMD EPYC 9745	sweep_best	ALL	0	1.000000	0.998385	0.999192	30.925886	8039	8039	13	0
BPH2947__202310	Staphylococcus aureus	false	hac	dna_r10.4.1_e8.2_400bps_hac@v4.3.0	25	24.87	chromosome=24.83;plasmid_1=28.52;plasmid_2=32.15	C	minimap2	2.31	lr:hq	clair3	2.0.3	r1041_e82_400bps_hac_v430	docker://hkubal/clair3@sha256:d56df84c2c7c508aaf0623b124d9926d366a58f34236505b26c055f848afa202	CPU: AMD EPYC 9745	default_pass	SNP	0	1.000000	0.998733	0.999366	31.979107	7884	7884	10	0
BPH2947__202310	Staphylococcus aureus	false	hac	dna_r10.4.1_e8.2_400bps_hac@v4.3.0	25	24.87	chromosome=24.83;plasmid_1=28.52;plasmid_2=32.15	C	minimap2	2.31	lr:hq	clair3	2.0.3	r1041_e82_400bps_hac_v430	docker://hkubal/clair3@sha256:d56df84c2c7c508aaf0623b124d9926d366a58f34236505b26c055f848afa202	CPU: AMD EPYC 9745	default_pass	INDEL	0	1.000000	0.962025	0.980645	17.132068	152	152	6	0
BPH2947__202310	Staphylococcus aureus	false	hac	dna_r10.4.1_e8.2_400bps_hac@v4.3.0	25	24.87	chromosome=24.83;plasmid_1=28.52;plasmid_2=32.15	C	minimap2	2.31	lr:hq	clair3	2.0.3	r1041_e82_400bps_hac_v430	docker://hkubal/clair3@sha256:d56df84c2c7c508aaf0623b124d9926d366a58f34236505b26c055f848afa202	CPU: AMD EPYC 9745	default_pass	ALL	0	1.000000	0.998013	0.999005	30.021769	8036	8036	16	0
BPH2947__202310	Staphylococcus aureus	false	hac	dna_r10.4.1_e8.2_400bps_hac@v4.3.0	25	24.87	chromosome=24.83;plasmid_1=28.52;plasmid_2=32.15	D	minimap2	2.31	lr:hq	dorado	2.1.2	dna_r10.4.1_e8.2_400bps_polish_bacterial_methylation_v5.0.0		NVIDIA H100 80GB HBM3	sweep_best	SNP	0	0.999747	1.000000	0.999873	38.961963	7894	7894	0	2
BPH2947__202310	Staphylococcus aureus	false	hac	dna_r10.4.1_e8.2_400bps_hac@v4.3.0	25	24.87	chromosome=24.83;plasmid_1=28.52;plasmid_2=32.15	D	minimap2	2.31	lr:hq	dorado	2.1.2	dna_r10.4.1_e8.2_400bps_polish_bacterial_methylation_v5.0.0		NVIDIA H100 80GB HBM3	sweep_best	INDEL	6	1.000000	0.974684	0.987179	18.920781	154	154	4	0
BPH2947__202310	Staphylococcus aureus	false	hac	dna_r10.4.1_e8.2_400bps_hac@v4.3.0	25	24.87	chromosome=24.83;plasmid_1=28.52;plasmid_2=32.15	D	minimap2	2.31	lr:hq	dorado	2.1.2	dna_r10.4.1_e8.2_400bps_polish_bacterial_methylation_v5.0.0		NVIDIA H100 80GB HBM3	sweep_best	ALL	6	1.000000	0.999131	0.999565	33.615107	8045	8045	7	0
BPH2947__202310	Staphylococcus aureus	false	hac	dna_r10.4.1_e8.2_400bps_hac@v4.3.0	25	24.87	chromosome=24.83;plasmid_1=28.52;plasmid_2=32.15	D	minimap2	2.31	lr:hq	dorado	2.1.2	dna_r10.4.1_e8.2_400bps_polish_bacterial_methylation_v5.0.0		NVIDIA H100 80GB HBM3	default_pass	SNP	0	0.999747	1.000000	0.999873	38.961963	7894	7894	0	2
BPH2947__202310	Staphylococcus aureus	false	hac	dna_r10.4.1_e8.2_400bps_hac@v4.3.0	25	24.87	chromosome=24.83;plasmid_1=28.52;plasmid_2=32.15	D	minimap2	2.31	lr:hq	dorado	2.1.2	dna_r10.4.1_e8.2_400bps_polish_bacterial_methylation_v5.0.0		NVIDIA H100 80GB HBM3	default_pass	INDEL	0	0.974843	0.981013	0.977918	16.559616	155	155	3	4
BPH2947__202310	Staphylococcus aureus	false	hac	dna_r10.4.1_e8.2_400bps_hac@v4.3.0	25	24.87	chromosome=24.83;plasmid_1=28.52;plasmid_2=32.15	D	minimap2	2.31	lr:hq	dorado	2.1.2	dna_r10.4.1_e8.2_400bps_polish_bacterial_methylation_v5.0.0		NVIDIA H100 80GB HBM3	default_pass	ALL	0	0.999255	0.999627	0.999441	32.525882	8049	8049	3	6
BPH2947__202310	Staphylococcus aureus	false	hac	dna_r10.4.1_e8.2_400bps_hac@v4.3.0	50	49.76	chromosome=49.68;plasmid_1=56.45;plasmid_2=64.52	A	minimap2	2.26	map-ont	clair3	1.0.5	r1041_e82_400bps_hac_v430	docker://quay.io/mbhall88/clair3@sha256:6a4c352e7d14ebb67bdad4be366dcbf6afa66cc7f0ee0b37a05cebe3f4754735	CPU: AMD EPYC 9745	sweep_best	SNP	0	1.000000	0.999873	0.999937	42.006595	7893	7893	1	0
BPH2947__202310	Staphylococcus aureus	false	hac	dna_r10.4.1_e8.2_400bps_hac@v4.3.0	50	49.76	chromosome=49.68;plasmid_1=56.45;plasmid_2=64.52	A	minimap2	2.26	map-ont	clair3	1.0.5	r1041_e82_400bps_hac_v430	docker://quay.io/mbhall88/clair3@sha256:6a4c352e7d14ebb67bdad4be366dcbf6afa66cc7f0ee0b37a05cebe3f4754735	CPU: AMD EPYC 9745	sweep_best	INDEL	0	1.000000	1.000000	1.000000	60.000000	158	158	0	0
BPH2947__202310	Staphylococcus aureus	false	hac	dna_r10.4.1_e8.2_400bps_hac@v4.3.0	50	49.76	chromosome=49.68;plasmid_1=56.45;plasmid_2=64.52	A	minimap2	2.26	map-ont	clair3	1.0.5	r1041_e82_400bps_hac_v430	docker://quay.io/mbhall88/clair3@sha256:6a4c352e7d14ebb67bdad4be366dcbf6afa66cc7f0ee0b37a05cebe3f4754735	CPU: AMD EPYC 9745	sweep_best	ALL	0	1.000000	0.999876	0.999938	42.076083	8051	8051	1	0
BPH2947__202310	Staphylococcus aureus	false	hac	dna_r10.4.1_e8.2_400bps_hac@v4.3.0	50	49.76	chromosome=49.68;plasmid_1=56.45;plasmid_2=64.52	A	minimap2	2.26	map-ont	clair3	1.0.5	r1041_e82_400bps_hac_v430	docker://quay.io/mbhall88/clair3@sha256:6a4c352e7d14ebb67bdad4be366dcbf6afa66cc7f0ee0b37a05cebe3f4754735	CPU: AMD EPYC 9745	default_pass	SNP	0	1.000000	0.999873	0.999937	42.006595	7893	7893	1	0
BPH2947__202310	Staphylococcus aureus	false	hac	dna_r10.4.1_e8.2_400bps_hac@v4.3.0	50	49.76	chromosome=49.68;plasmid_1=56.45;plasmid_2=64.52	A	minimap2	2.26	map-ont	clair3	1.0.5	r1041_e82_400bps_hac_v430	docker://quay.io/mbhall88/clair3@sha256:6a4c352e7d14ebb67bdad4be366dcbf6afa66cc7f0ee0b37a05cebe3f4754735	CPU: AMD EPYC 9745	default_pass	INDEL	0	1.000000	1.000000	1.000000	60.000000	158	158	0	0
BPH2947__202310	Staphylococcus aureus	false	hac	dna_r10.4.1_e8.2_400bps_hac@v4.3.0	50	49.76	chromosome=49.68;plasmid_1=56.45;plasmid_2=64.52	A	minimap2	2.26	map-ont	clair3	1.0.5	r1041_e82_400bps_hac_v430	docker://quay.io/mbhall88/clair3@sha256:6a4c352e7d14ebb67bdad4be366dcbf6afa66cc7f0ee0b37a05cebe3f4754735	CPU: AMD EPYC 9745	default_pass	ALL	0	1.000000	0.999876	0.999938	42.076083	8051	8051	1	0
BPH2947__202310	Staphylococcus aureus	false	hac	dna_r10.4.1_e8.2_400bps_hac@v4.3.0	50	49.76	chromosome=49.68;plasmid_1=56.45;plasmid_2=64.52	B	minimap2	2.31	lr:hq	clair3	1.0.5	r1041_e82_400bps_hac_v430	docker://quay.io/mbhall88/clair3@sha256:6a4c352e7d14ebb67bdad4be366dcbf6afa66cc7f0ee0b37a05cebe3f4754735	CPU: AMD EPYC 9745	sweep_best	SNP	0	1.000000	0.999873	0.999937	42.006595	7893	7893	1	0
BPH2947__202310	Staphylococcus aureus	false	hac	dna_r10.4.1_e8.2_400bps_hac@v4.3.0	50	49.76	chromosome=49.68;plasmid_1=56.45;plasmid_2=64.52	B	minimap2	2.31	lr:hq	clair3	1.0.5	r1041_e82_400bps_hac_v430	docker://quay.io/mbhall88/clair3@sha256:6a4c352e7d14ebb67bdad4be366dcbf6afa66cc7f0ee0b37a05cebe3f4754735	CPU: AMD EPYC 9745	sweep_best	INDEL	0	1.000000	1.000000	1.000000	60.000000	158	158	0	0
BPH2947__202310	Staphylococcus aureus	false	hac	dna_r10.4.1_e8.2_400bps_hac@v4.3.0	50	49.76	chromosome=49.68;plasmid_1=56.45;plasmid_2=64.52	B	minimap2	2.31	lr:hq	clair3	1.0.5	r1041_e82_400bps_hac_v430	docker://quay.io/mbhall88/clair3@sha256:6a4c352e7d14ebb67bdad4be366dcbf6afa66cc7f0ee0b37a05cebe3f4754735	CPU: AMD EPYC 9745	sweep_best	ALL	0	1.000000	0.999876	0.999938	42.076083	8051	8051	1	0
BPH2947__202310	Staphylococcus aureus	false	hac	dna_r10.4.1_e8.2_400bps_hac@v4.3.0	50	49.76	chromosome=49.68;plasmid_1=56.45;plasmid_2=64.52	B	minimap2	2.31	lr:hq	clair3	1.0.5	r1041_e82_400bps_hac_v430	docker://quay.io/mbhall88/clair3@sha256:6a4c352e7d14ebb67bdad4be366dcbf6afa66cc7f0ee0b37a05cebe3f4754735	CPU: AMD EPYC 9745	default_pass	SNP	0	1.000000	0.999873	0.999937	42.006595	7893	7893	1	0
BPH2947__202310	Staphylococcus aureus	false	hac	dna_r10.4.1_e8.2_400bps_hac@v4.3.0	50	49.76	chromosome=49.68;plasmid_1=56.45;plasmid_2=64.52	B	minimap2	2.31	lr:hq	clair3	1.0.5	r1041_e82_400bps_hac_v430	docker://quay.io/mbhall88/clair3@sha256:6a4c352e7d14ebb67bdad4be366dcbf6afa66cc7f0ee0b37a05cebe3f4754735	CPU: AMD EPYC 9745	default_pass	INDEL	0	1.000000	1.000000	1.000000	60.000000	158	158	0	0
BPH2947__202310	Staphylococcus aureus	false	hac	dna_r10.4.1_e8.2_400bps_hac@v4.3.0	50	49.76	chromosome=49.68;plasmid_1=56.45;plasmid_2=64.52	B	minimap2	2.31	lr:hq	clair3	1.0.5	r1041_e82_400bps_hac_v430	docker://quay.io/mbhall88/clair3@sha256:6a4c352e7d14ebb67bdad4be366dcbf6afa66cc7f0ee0b37a05cebe3f4754735	CPU: AMD EPYC 9745	default_pass	ALL	0	1.000000	0.999876	0.999938	42.076083	8051	8051	1	0
BPH2947__202310	Staphylococcus aureus	false	hac	dna_r10.4.1_e8.2_400bps_hac@v4.3.0	50	49.76	chromosome=49.68;plasmid_1=56.45;plasmid_2=64.52	C	minimap2	2.31	lr:hq	clair3	2.0.3	r1041_e82_400bps_hac_v430	docker://hkubal/clair3@sha256:d56df84c2c7c508aaf0623b124d9926d366a58f34236505b26c055f848afa202	CPU: AMD EPYC 9745	sweep_best	SNP	0	1.000000	0.999873	0.999937	42.006595	7893	7893	1	0
BPH2947__202310	Staphylococcus aureus	false	hac	dna_r10.4.1_e8.2_400bps_hac@v4.3.0	50	49.76	chromosome=49.68;plasmid_1=56.45;plasmid_2=64.52	C	minimap2	2.31	lr:hq	clair3	2.0.3	r1041_e82_400bps_hac_v430	docker://hkubal/clair3@sha256:d56df84c2c7c508aaf0623b124d9926d366a58f34236505b26c055f848afa202	CPU: AMD EPYC 9745	sweep_best	INDEL	0	1.000000	1.000000	1.000000	60.000000	158	158	0	0
BPH2947__202310	Staphylococcus aureus	false	hac	dna_r10.4.1_e8.2_400bps_hac@v4.3.0	50	49.76	chromosome=49.68;plasmid_1=56.45;plasmid_2=64.52	C	minimap2	2.31	lr:hq	clair3	2.0.3	r1041_e82_400bps_hac_v430	docker://hkubal/clair3@sha256:d56df84c2c7c508aaf0623b124d9926d366a58f34236505b26c055f848afa202	CPU: AMD EPYC 9745	sweep_best	ALL	0	1.000000	0.999876	0.999938	42.076083	8051	8051	1	0
BPH2947__202310	Staphylococcus aureus	false	hac	dna_r10.4.1_e8.2_400bps_hac@v4.3.0	50	49.76	chromosome=49.68;plasmid_1=56.45;plasmid_2=64.52	C	minimap2	2.31	lr:hq	clair3	2.0.3	r1041_e82_400bps_hac_v430	docker://hkubal/clair3@sha256:d56df84c2c7c508aaf0623b124d9926d366a58f34236505b26c055f848afa202	CPU: AMD EPYC 9745	default_pass	SNP	0	1.000000	0.999873	0.999937	42.006595	7893	7893	1	0
BPH2947__202310	Staphylococcus aureus	false	hac	dna_r10.4.1_e8.2_400bps_hac@v4.3.0	50	49.76	chromosome=49.68;plasmid_1=56.45;plasmid_2=64.52	C	minimap2	2.31	lr:hq	clair3	2.0.3	r1041_e82_400bps_hac_v430	docker://hkubal/clair3@sha256:d56df84c2c7c508aaf0623b124d9926d366a58f34236505b26c055f848afa202	CPU: AMD EPYC 9745	default_pass	INDEL	0	1.000000	1.000000	1.000000	60.000000	158	158	0	0
BPH2947__202310	Staphylococcus aureus	false	hac	dna_r10.4.1_e8.2_400bps_hac@v4.3.0	50	49.76	chromosome=49.68;plasmid_1=56.45;plasmid_2=64.52	C	minimap2	2.31	lr:hq	clair3	2.0.3	r1041_e82_400bps_hac_v430	docker://hkubal/clair3@sha256:d56df84c2c7c508aaf0623b124d9926d366a58f34236505b26c055f848afa202	CPU: AMD EPYC 9745	default_pass	ALL	0	1.000000	0.999876	0.999938	42.076083	8051	8051	1	0
BPH2947__202310	Staphylococcus aureus	false	hac	dna_r10.4.1_e8.2_400bps_hac@v4.3.0	50	49.76	chromosome=49.68;plasmid_1=56.45;plasmid_2=64.52	D	minimap2	2.31	lr:hq	dorado	2.1.2	dna_r10.4.1_e8.2_400bps_polish_bacterial_methylation_v5.0.0		NVIDIA H100 80GB HBM3	sweep_best	SNP	0	1.000000	0.999873	0.999937	42.006595	7893	7893	1	0
BPH2947__202310	Staphylococcus aureus	false	hac	dna_r10.4.1_e8.2_400bps_hac@v4.3.0	50	49.76	chromosome=49.68;plasmid_1=56.45;plasmid_2=64.52	D	minimap2	2.31	lr:hq	dorado	2.1.2	dna_r10.4.1_e8.2_400bps_polish_bacterial_methylation_v5.0.0		NVIDIA H100 80GB HBM3	sweep_best	INDEL	0	1.000000	1.000000	1.000000	60.000000	158	158	0	0
BPH2947__202310	Staphylococcus aureus	false	hac	dna_r10.4.1_e8.2_400bps_hac@v4.3.0	50	49.76	chromosome=49.68;plasmid_1=56.45;plasmid_2=64.52	D	minimap2	2.31	lr:hq	dorado	2.1.2	dna_r10.4.1_e8.2_400bps_polish_bacterial_methylation_v5.0.0		NVIDIA H100 80GB HBM3	sweep_best	ALL	0	1.000000	0.999876	0.999938	42.076083	8051	8051	1	0
BPH2947__202310	Staphylococcus aureus	false	hac	dna_r10.4.1_e8.2_400bps_hac@v4.3.0	50	49.76	chromosome=49.68;plasmid_1=56.45;plasmid_2=64.52	D	minimap2	2.31	lr:hq	dorado	2.1.2	dna_r10.4.1_e8.2_400bps_polish_bacterial_methylation_v5.0.0		NVIDIA H100 80GB HBM3	default_pass	SNP	0	1.000000	0.999873	0.999937	42.006595	7893	7893	1	0
BPH2947__202310	Staphylococcus aureus	false	hac	dna_r10.4.1_e8.2_400bps_hac@v4.3.0	50	49.76	chromosome=49.68;plasmid_1=56.45;plasmid_2=64.52	D	minimap2	2.31	lr:hq	dorado	2.1.2	dna_r10.4.1_e8.2_400bps_polish_bacterial_methylation_v5.0.0		NVIDIA H100 80GB HBM3	default_pass	INDEL	0	1.000000	0.987342	0.993631	21.959288	156	156	2	0
BPH2947__202310	Staphylococcus aureus	false	hac	dna_r10.4.1_e8.2_400bps_hac@v4.3.0	50	49.76	chromosome=49.68;plasmid_1=56.45;plasmid_2=64.52	D	minimap2	2.31	lr:hq	dorado	2.1.2	dna_r10.4.1_e8.2_400bps_polish_bacterial_methylation_v5.0.0		NVIDIA H100 80GB HBM3	default_pass	ALL	0	1.000000	0.999627	0.999814	37.304871	8049	8049	3	0
BPH2947__202310	Staphylococcus aureus	false	sup	dna_r10.4.1_e8.2_400bps_sup@v4.3.0	5	5.02	chromosome=5.01;plasmid_1=6.24;plasmid_2=6.06	A	minimap2	2.26	map-ont	clair3	1.0.5	r1041_e82_400bps_sup_v430	docker://quay.io/mbhall88/clair3@sha256:6a4c352e7d14ebb67bdad4be366dcbf6afa66cc7f0ee0b37a05cebe3f4754735	CPU: AMD EPYC 9745	sweep_best	SNP	1	0.999744	0.989232	0.994460	22.564902	7809	7809	85	2
BPH2947__202310	Staphylococcus aureus	false	sup	dna_r10.4.1_e8.2_400bps_sup@v4.3.0	5	5.02	chromosome=5.01;plasmid_1=6.24;plasmid_2=6.06	A	minimap2	2.26	map-ont	clair3	1.0.5	r1041_e82_400bps_sup_v430	docker://quay.io/mbhall88/clair3@sha256:6a4c352e7d14ebb67bdad4be366dcbf6afa66cc7f0ee0b37a05cebe3f4754735	CPU: AMD EPYC 9745	sweep_best	INDEL	1	0.993197	0.924051	0.957377	13.703560	146	146	12	1
BPH2947__202310	Staphylococcus aureus	false	sup	dna_r10.4.1_e8.2_400bps_sup@v4.3.0	5	5.02	chromosome=5.01;plasmid_1=6.24;plasmid_2=6.06	A	minimap2	2.26	map-ont	clair3	1.0.5	r1041_e82_400bps_sup_v430	docker://quay.io/mbhall88/clair3@sha256:6a4c352e7d14ebb67bdad4be366dcbf6afa66cc7f0ee0b37a05cebe3f4754735	CPU: AMD EPYC 9745	sweep_best	ALL	1	0.999623	0.987953	0.993754	22.043980	7955	7955	97	3
BPH2947__202310	Staphylococcus aureus	false	sup	dna_r10.4.1_e8.2_400bps_sup@v4.3.0	5	5.02	chromosome=5.01;plasmid_1=6.24;plasmid_2=6.06	A	minimap2	2.26	map-ont	clair3	1.0.5	r1041_e82_400bps_sup_v430	docker://quay.io/mbhall88/clair3@sha256:6a4c352e7d14ebb67bdad4be366dcbf6afa66cc7f0ee0b37a05cebe3f4754735	CPU: AMD EPYC 9745	default_pass	SNP	0	0.999744	0.988979	0.994332	22.465702	7807	7807	87	2
BPH2947__202310	Staphylococcus aureus	false	sup	dna_r10.4.1_e8.2_400bps_sup@v4.3.0	5	5.02	chromosome=5.01;plasmid_1=6.24;plasmid_2=6.06	A	minimap2	2.26	map-ont	clair3	1.0.5	r1041_e82_400bps_sup_v430	docker://quay.io/mbhall88/clair3@sha256:6a4c352e7d14ebb67bdad4be366dcbf6afa66cc7f0ee0b37a05cebe3f4754735	CPU: AMD EPYC 9745	default_pass	INDEL	0	0.993103	0.911392	0.950495	13.053509	144	144	14	1
BPH2947__202310	Staphylococcus aureus	false	sup	dna_r10.4.1_e8.2_400bps_sup@v4.3.0	5	5.02	chromosome=5.01;plasmid_1=6.24;plasmid_2=6.06	A	minimap2	2.26	map-ont	clair3	1.0.5	r1041_e82_400bps_sup_v430	docker://quay.io/mbhall88/clair3@sha256:6a4c352e7d14ebb67bdad4be366dcbf6afa66cc7f0ee0b37a05cebe3f4754735	CPU: AMD EPYC 9745	default_pass	ALL	0	0.999623	0.987457	0.993502	21.872203	7951	7951	101	3
BPH2947__202310	Staphylococcus aureus	false	sup	dna_r10.4.1_e8.2_400bps_sup@v4.3.0	5	5.02	chromosome=5.01;plasmid_1=6.24;plasmid_2=6.06	B	minimap2	2.31	lr:hq	clair3	1.0.5	r1041_e82_400bps_sup_v430	docker://quay.io/mbhall88/clair3@sha256:6a4c352e7d14ebb67bdad4be366dcbf6afa66cc7f0ee0b37a05cebe3f4754735	CPU: AMD EPYC 9745	sweep_best	SNP	1	0.999744	0.989232	0.994460	22.564902	7809	7809	85	2
BPH2947__202310	Staphylococcus aureus	false	sup	dna_r10.4.1_e8.2_400bps_sup@v4.3.0	5	5.02	chromosome=5.01;plasmid_1=6.24;plasmid_2=6.06	B	minimap2	2.31	lr:hq	clair3	1.0.5	r1041_e82_400bps_sup_v430	docker://quay.io/mbhall88/clair3@sha256:6a4c352e7d14ebb67bdad4be366dcbf6afa66cc7f0ee0b37a05cebe3f4754735	CPU: AMD EPYC 9745	sweep_best	INDEL	1	0.993197	0.924051	0.957377	13.703560	146	146	12	1
BPH2947__202310	Staphylococcus aureus	false	sup	dna_r10.4.1_e8.2_400bps_sup@v4.3.0	5	5.02	chromosome=5.01;plasmid_1=6.24;plasmid_2=6.06	B	minimap2	2.31	lr:hq	clair3	1.0.5	r1041_e82_400bps_sup_v430	docker://quay.io/mbhall88/clair3@sha256:6a4c352e7d14ebb67bdad4be366dcbf6afa66cc7f0ee0b37a05cebe3f4754735	CPU: AMD EPYC 9745	sweep_best	ALL	1	0.999623	0.987953	0.993754	22.043980	7955	7955	97	3
BPH2947__202310	Staphylococcus aureus	false	sup	dna_r10.4.1_e8.2_400bps_sup@v4.3.0	5	5.02	chromosome=5.01;plasmid_1=6.24;plasmid_2=6.06	B	minimap2	2.31	lr:hq	clair3	1.0.5	r1041_e82_400bps_sup_v430	docker://quay.io/mbhall88/clair3@sha256:6a4c352e7d14ebb67bdad4be366dcbf6afa66cc7f0ee0b37a05cebe3f4754735	CPU: AMD EPYC 9745	default_pass	SNP	0	0.999744	0.988979	0.994332	22.465702	7807	7807	87	2
BPH2947__202310	Staphylococcus aureus	false	sup	dna_r10.4.1_e8.2_400bps_sup@v4.3.0	5	5.02	chromosome=5.01;plasmid_1=6.24;plasmid_2=6.06	B	minimap2	2.31	lr:hq	clair3	1.0.5	r1041_e82_400bps_sup_v430	docker://quay.io/mbhall88/clair3@sha256:6a4c352e7d14ebb67bdad4be366dcbf6afa66cc7f0ee0b37a05cebe3f4754735	CPU: AMD EPYC 9745	default_pass	INDEL	0	0.993103	0.911392	0.950495	13.053509	144	144	14	1
BPH2947__202310	Staphylococcus aureus	false	sup	dna_r10.4.1_e8.2_400bps_sup@v4.3.0	5	5.02	chromosome=5.01;plasmid_1=6.24;plasmid_2=6.06	B	minimap2	2.31	lr:hq	clair3	1.0.5	r1041_e82_400bps_sup_v430	docker://quay.io/mbhall88/clair3@sha256:6a4c352e7d14ebb67bdad4be366dcbf6afa66cc7f0ee0b37a05cebe3f4754735	CPU: AMD EPYC 9745	default_pass	ALL	0	0.999623	0.987457	0.993502	21.872203	7951	7951	101	3
BPH2947__202310	Staphylococcus aureus	false	sup	dna_r10.4.1_e8.2_400bps_sup@v4.3.0	5	5.02	chromosome=5.01;plasmid_1=6.24;plasmid_2=6.06	C	minimap2	2.31	lr:hq	clair3	2.0.3	r1041_e82_400bps_sup_v430	docker://hkubal/clair3@sha256:d56df84c2c7c508aaf0623b124d9926d366a58f34236505b26c055f848afa202	CPU: AMD EPYC 9745	sweep_best	SNP	1	0.999744	0.989232	0.994460	22.564902	7809	7809	85	2
BPH2947__202310	Staphylococcus aureus	false	sup	dna_r10.4.1_e8.2_400bps_sup@v4.3.0	5	5.02	chromosome=5.01;plasmid_1=6.24;plasmid_2=6.06	C	minimap2	2.31	lr:hq	clair3	2.0.3	r1041_e82_400bps_sup_v430	docker://hkubal/clair3@sha256:d56df84c2c7c508aaf0623b124d9926d366a58f34236505b26c055f848afa202	CPU: AMD EPYC 9745	sweep_best	INDEL	1	0.993197	0.924051	0.957377	13.703560	146	146	12	1
BPH2947__202310	Staphylococcus aureus	false	sup	dna_r10.4.1_e8.2_400bps_sup@v4.3.0	5	5.02	chromosome=5.01;plasmid_1=6.24;plasmid_2=6.06	C	minimap2	2.31	lr:hq	clair3	2.0.3	r1041_e82_400bps_sup_v430	docker://hkubal/clair3@sha256:d56df84c2c7c508aaf0623b124d9926d366a58f34236505b26c055f848afa202	CPU: AMD EPYC 9745	sweep_best	ALL	1	0.999623	0.987953	0.993754	22.043980	7955	7955	97	3
BPH2947__202310	Staphylococcus aureus	false	sup	dna_r10.4.1_e8.2_400bps_sup@v4.3.0	5	5.02	chromosome=5.01;plasmid_1=6.24;plasmid_2=6.06	C	minimap2	2.31	lr:hq	clair3	2.0.3	r1041_e82_400bps_sup_v430	docker://hkubal/clair3@sha256:d56df84c2c7c508aaf0623b124d9926d366a58f34236505b26c055f848afa202	CPU: AMD EPYC 9745	default_pass	SNP	0	0.999744	0.988979	0.994332	22.465702	7807	7807	87	2
BPH2947__202310	Staphylococcus aureus	false	sup	dna_r10.4.1_e8.2_400bps_sup@v4.3.0	5	5.02	chromosome=5.01;plasmid_1=6.24;plasmid_2=6.06	C	minimap2	2.31	lr:hq	clair3	2.0.3	r1041_e82_400bps_sup_v430	docker://hkubal/clair3@sha256:d56df84c2c7c508aaf0623b124d9926d366a58f34236505b26c055f848afa202	CPU: AMD EPYC 9745	default_pass	INDEL	0	0.993103	0.911392	0.950495	13.053509	144	144	14	1
BPH2947__202310	Staphylococcus aureus	false	sup	dna_r10.4.1_e8.2_400bps_sup@v4.3.0	5	5.02	chromosome=5.01;plasmid_1=6.24;plasmid_2=6.06	C	minimap2	2.31	lr:hq	clair3	2.0.3	r1041_e82_400bps_sup_v430	docker://hkubal/clair3@sha256:d56df84c2c7c508aaf0623b124d9926d366a58f34236505b26c055f848afa202	CPU: AMD EPYC 9745	default_pass	ALL	0	0.999623	0.987457	0.993502	21.872203	7951	7951	101	3
BPH2947__202310	Staphylococcus aureus	false	sup	dna_r10.4.1_e8.2_400bps_sup@v4.3.0	5	5.02	chromosome=5.01;plasmid_1=6.24;plasmid_2=6.06	D	minimap2	2.31	lr:hq	dorado	2.1.2	dna_r10.4.1_e8.2_400bps_polish_bacterial_methylation_v5.0.0		NVIDIA H100 80GB HBM3	sweep_best	SNP	8	0.998607	0.999240	0.998924	29.681877	7888	7888	6	11
BPH2947__202310	Staphylococcus aureus	false	sup	dna_r10.4.1_e8.2_400bps_sup@v4.3.0	5	5.02	chromosome=5.01;plasmid_1=6.24;plasmid_2=6.06	D	minimap2	2.31	lr:hq	dorado	2.1.2	dna_r10.4.1_e8.2_400bps_polish_bacterial_methylation_v5.0.0		NVIDIA H100 80GB HBM3	sweep_best	INDEL	8	0.928105	0.898734	0.913183	10.613952	142	142	16	11
BPH2947__202310	Staphylococcus aureus	false	sup	dna_r10.4.1_e8.2_400bps_sup@v4.3.0	5	5.02	chromosome=5.01;plasmid_1=6.24;plasmid_2=6.06	D	minimap2	2.31	lr:hq	dorado	2.1.2	dna_r10.4.1_e8.2_400bps_polish_bacterial_methylation_v5.0.0		NVIDIA H100 80GB HBM3	sweep_best	ALL	8	0.997268	0.997268	0.997268	25.635193	8030	8030	22	22
BPH2947__202310	Staphylococcus aureus	false	sup	dna_r10.4.1_e8.2_400bps_sup@v4.3.0	5	5.02	chromosome=5.01;plasmid_1=6.24;plasmid_2=6.06	D	minimap2	2.31	lr:hq	dorado	2.1.2	dna_r10.4.1_e8.2_400bps_polish_bacterial_methylation_v5.0.0		NVIDIA H100 80GB HBM3	default_pass	SNP	0	0.993205	0.999873	0.996528	24.594203	7893	7893	1	54
BPH2947__202310	Staphylococcus aureus	false	sup	dna_r10.4.1_e8.2_400bps_sup@v4.3.0	5	5.02	chromosome=5.01;plasmid_1=6.24;plasmid_2=6.06	D	minimap2	2.31	lr:hq	dorado	2.1.2	dna_r10.4.1_e8.2_400bps_polish_bacterial_methylation_v5.0.0		NVIDIA H100 80GB HBM3	default_pass	INDEL	0	0.671053	0.968354	0.792746	6.834971	153	153	5	75
BPH2947__202310	Staphylococcus aureus	false	sup	dna_r10.4.1_e8.2_400bps_sup@v4.3.0	5	5.02	chromosome=5.01;plasmid_1=6.24;plasmid_2=6.06	D	minimap2	2.31	lr:hq	dorado	2.1.2	dna_r10.4.1_e8.2_400bps_polish_bacterial_methylation_v5.0.0		NVIDIA H100 80GB HBM3	default_pass	ALL	0	0.984220	0.999255	0.991681	20.799289	8046	8046	6	129
BPH2947__202310	Staphylococcus aureus	false	sup	dna_r10.4.1_e8.2_400bps_sup@v4.3.0	10	10.03	chromosome=10.00;plasmid_1=12.37;plasmid_2=12.26	A	minimap2	2.26	map-ont	clair3	1.0.5	r1041_e82_400bps_sup_v430	docker://quay.io/mbhall88/clair3@sha256:6a4c352e7d14ebb67bdad4be366dcbf6afa66cc7f0ee0b37a05cebe3f4754735	CPU: AMD EPYC 9745	sweep_best	SNP	0	1.000000	0.981505	0.990666	20.299322	7748	7748	146	0
BPH2947__202310	Staphylococcus aureus	false	sup	dna_r10.4.1_e8.2_400bps_sup@v4.3.0	10	10.03	chromosome=10.00;plasmid_1=12.37;plasmid_2=12.26	A	minimap2	2.26	map-ont	clair3	1.0.5	r1041_e82_400bps_sup_v430	docker://quay.io/mbhall88/clair3@sha256:6a4c352e7d14ebb67bdad4be366dcbf6afa66cc7f0ee0b37a05cebe3f4754735	CPU: AMD EPYC 9745	sweep_best	INDEL	0	1.000000	0.955696	0.977346	16.448551	151	151	7	0
BPH2947__202310	Staphylococcus aureus	false	sup	dna_r10.4.1_e8.2_400bps_sup@v4.3.0	10	10.03	chromosome=10.00;plasmid_1=12.37;plasmid_2=12.26	A	minimap2	2.26	map-ont	clair3	1.0.5	r1041_e82_400bps_sup_v430	docker://quay.io/mbhall88/clair3@sha256:6a4c352e7d14ebb67bdad4be366dcbf6afa66cc7f0ee0b37a05cebe3f4754735	CPU: AMD EPYC 9745	sweep_best	ALL	0	1.000000	0.980999	0.990408	20.180908	7899	7899	153	0
BPH2947__202310	Staphylococcus aureus	false	sup	dna_r10.4.1_e8.2_400bps_sup@v4.3.0	10	10.03	chromosome=10.00;plasmid_1=12.37;plasmid_2=12.26	A	minimap2	2.26	map-ont	clair3	1.0.5	r1041_e82_400bps_sup_v430	docker://quay.io/mbhall88/clair3@sha256:6a4c352e7d14ebb67bdad4be366dcbf6afa66cc7f0ee0b37a05cebe3f4754735	CPU: AMD EPYC 9745	default_pass	SNP	0	1.000000	0.981505	0.990666	20.299322	7748	7748	146	0
BPH2947__202310	Staphylococcus aureus	false	sup	dna_r10.4.1_e8.2_400bps_sup@v4.3.0	10	10.03	chromosome=10.00;plasmid_1=12.37;plasmid_2=12.26	A	minimap2	2.26	map-ont	clair3	1.0.5	r1041_e82_400bps_sup_v430	docker://quay.io/mbhall88/clair3@sha256:6a4c352e7d14ebb67bdad4be366dcbf6afa66cc7f0ee0b37a05cebe3f4754735	CPU: AMD EPYC 9745	default_pass	INDEL	0	1.000000	0.924051	0.960526	14.036889	146	146	12	0
BPH2947__202310	Staphylococcus aureus	false	sup	dna_r10.4.1_e8.2_400bps_sup@v4.3.0	10	10.03	chromosome=10.00;plasmid_1=12.37;plasmid_2=12.26	A	minimap2	2.26	map-ont	clair3	1.0.5	r1041_e82_400bps_sup_v430	docker://quay.io/mbhall88/clair3@sha256:6a4c352e7d14ebb67bdad4be366dcbf6afa66cc7f0ee0b37a05cebe3f4754735	CPU: AMD EPYC 9745	default_pass	ALL	0	1.000000	0.980378	0.990092	20.040140	7894	7894	158	0
BPH2947__202310	Staphylococcus aureus	false	sup	dna_r10.4.1_e8.2_400bps_sup@v4.3.0	10	10.03	chromosome=10.00;plasmid_1=12.37;plasmid_2=12.26	B	minimap2	2.31	lr:hq	clair3	1.0.5	r1041_e82_400bps_sup_v430	docker://quay.io/mbhall88/clair3@sha256:6a4c352e7d14ebb67bdad4be366dcbf6afa66cc7f0ee0b37a05cebe3f4754735	CPU: AMD EPYC 9745	sweep_best	SNP	0	1.000000	0.981505	0.990666	20.299322	7748	7748	146	0
BPH2947__202310	Staphylococcus aureus	false	sup	dna_r10.4.1_e8.2_400bps_sup@v4.3.0	10	10.03	chromosome=10.00;plasmid_1=12.37;plasmid_2=12.26	B	minimap2	2.31	lr:hq	clair3	1.0.5	r1041_e82_400bps_sup_v430	docker://quay.io/mbhall88/clair3@sha256:6a4c352e7d14ebb67bdad4be366dcbf6afa66cc7f0ee0b37a05cebe3f4754735	CPU: AMD EPYC 9745	sweep_best	INDEL	0	1.000000	0.955696	0.977346	16.448551	151	151	7	0
BPH2947__202310	Staphylococcus aureus	false	sup	dna_r10.4.1_e8.2_400bps_sup@v4.3.0	10	10.03	chromosome=10.00;plasmid_1=12.37;plasmid_2=12.26	B	minimap2	2.31	lr:hq	clair3	1.0.5	r1041_e82_400bps_sup_v430	docker://quay.io/mbhall88/clair3@sha256:6a4c352e7d14ebb67bdad4be366dcbf6afa66cc7f0ee0b37a05cebe3f4754735	CPU: AMD EPYC 9745	sweep_best	ALL	0	1.000000	0.980999	0.990408	20.180908	7899	7899	153	0
BPH2947__202310	Staphylococcus aureus	false	sup	dna_r10.4.1_e8.2_400bps_sup@v4.3.0	10	10.03	chromosome=10.00;plasmid_1=12.37;plasmid_2=12.26	B	minimap2	2.31	lr:hq	clair3	1.0.5	r1041_e82_400bps_sup_v430	docker://quay.io/mbhall88/clair3@sha256:6a4c352e7d14ebb67bdad4be366dcbf6afa66cc7f0ee0b37a05cebe3f4754735	CPU: AMD EPYC 9745	default_pass	SNP	0	1.000000	0.981505	0.990666	20.299322	7748	7748	146	0
BPH2947__202310	Staphylococcus aureus	false	sup	dna_r10.4.1_e8.2_400bps_sup@v4.3.0	10	10.03	chromosome=10.00;plasmid_1=12.37;plasmid_2=12.26	B	minimap2	2.31	lr:hq	clair3	1.0.5	r1041_e82_400bps_sup_v430	docker://quay.io/mbhall88/clair3@sha256:6a4c352e7d14ebb67bdad4be366dcbf6afa66cc7f0ee0b37a05cebe3f4754735	CPU: AMD EPYC 9745	default_pass	INDEL	0	1.000000	0.924051	0.960526	14.036889	146	146	12	0
BPH2947__202310	Staphylococcus aureus	false	sup	dna_r10.4.1_e8.2_400bps_sup@v4.3.0	10	10.03	chromosome=10.00;plasmid_1=12.37;plasmid_2=12.26	B	minimap2	2.31	lr:hq	clair3	1.0.5	r1041_e82_400bps_sup_v430	docker://quay.io/mbhall88/clair3@sha256:6a4c352e7d14ebb67bdad4be366dcbf6afa66cc7f0ee0b37a05cebe3f4754735	CPU: AMD EPYC 9745	default_pass	ALL	0	1.000000	0.980378	0.990092	20.040140	7894	7894	158	0
BPH2947__202310	Staphylococcus aureus	false	sup	dna_r10.4.1_e8.2_400bps_sup@v4.3.0	10	10.03	chromosome=10.00;plasmid_1=12.37;plasmid_2=12.26	C	minimap2	2.31	lr:hq	clair3	2.0.3	r1041_e82_400bps_sup_v430	docker://hkubal/clair3@sha256:d56df84c2c7c508aaf0623b124d9926d366a58f34236505b26c055f848afa202	CPU: AMD EPYC 9745	sweep_best	SNP	0	1.000000	0.981505	0.990666	20.299322	7748	7748	146	0
BPH2947__202310	Staphylococcus aureus	false	sup	dna_r10.4.1_e8.2_400bps_sup@v4.3.0	10	10.03	chromosome=10.00;plasmid_1=12.37;plasmid_2=12.26	C	minimap2	2.31	lr:hq	clair3	2.0.3	r1041_e82_400bps_sup_v430	docker://hkubal/clair3@sha256:d56df84c2c7c508aaf0623b124d9926d366a58f34236505b26c055f848afa202	CPU: AMD EPYC 9745	sweep_best	INDEL	0	1.000000	0.955696	0.977346	16.448551	151	151	7	0
BPH2947__202310	Staphylococcus aureus	false	sup	dna_r10.4.1_e8.2_400bps_sup@v4.3.0	10	10.03	chromosome=10.00;plasmid_1=12.37;plasmid_2=12.26	C	minimap2	2.31	lr:hq	clair3	2.0.3	r1041_e82_400bps_sup_v430	docker://hkubal/clair3@sha256:d56df84c2c7c508aaf0623b124d9926d366a58f34236505b26c055f848afa202	CPU: AMD EPYC 9745	sweep_best	ALL	0	1.000000	0.980999	0.990408	20.180908	7899	7899	153	0
BPH2947__202310	Staphylococcus aureus	false	sup	dna_r10.4.1_e8.2_400bps_sup@v4.3.0	10	10.03	chromosome=10.00;plasmid_1=12.37;plasmid_2=12.26	C	minimap2	2.31	lr:hq	clair3	2.0.3	r1041_e82_400bps_sup_v430	docker://hkubal/clair3@sha256:d56df84c2c7c508aaf0623b124d9926d366a58f34236505b26c055f848afa202	CPU: AMD EPYC 9745	default_pass	SNP	0	1.000000	0.981505	0.990666	20.299322	7748	7748	146	0
BPH2947__202310	Staphylococcus aureus	false	sup	dna_r10.4.1_e8.2_400bps_sup@v4.3.0	10	10.03	chromosome=10.00;plasmid_1=12.37;plasmid_2=12.26	C	minimap2	2.31	lr:hq	clair3	2.0.3	r1041_e82_400bps_sup_v430	docker://hkubal/clair3@sha256:d56df84c2c7c508aaf0623b124d9926d366a58f34236505b26c055f848afa202	CPU: AMD EPYC 9745	default_pass	INDEL	0	1.000000	0.924051	0.960526	14.036889	146	146	12	0
BPH2947__202310	Staphylococcus aureus	false	sup	dna_r10.4.1_e8.2_400bps_sup@v4.3.0	10	10.03	chromosome=10.00;plasmid_1=12.37;plasmid_2=12.26	C	minimap2	2.31	lr:hq	clair3	2.0.3	r1041_e82_400bps_sup_v430	docker://hkubal/clair3@sha256:d56df84c2c7c508aaf0623b124d9926d366a58f34236505b26c055f848afa202	CPU: AMD EPYC 9745	default_pass	ALL	0	1.000000	0.980378	0.990092	20.040140	7894	7894	158	0
BPH2947__202310	Staphylococcus aureus	false	sup	dna_r10.4.1_e8.2_400bps_sup@v4.3.0	10	10.03	chromosome=10.00;plasmid_1=12.37;plasmid_2=12.26	D	minimap2	2.31	lr:hq	dorado	2.1.2	dna_r10.4.1_e8.2_400bps_polish_bacterial_methylation_v5.0.0		NVIDIA H100 80GB HBM3	sweep_best	SNP	0	1.000000	1.000000	1.000000	60.000000	7894	7894	0	0
BPH2947__202310	Staphylococcus aureus	false	sup	dna_r10.4.1_e8.2_400bps_sup@v4.3.0	10	10.03	chromosome=10.00;plasmid_1=12.37;plasmid_2=12.26	D	minimap2	2.31	lr:hq	dorado	2.1.2	dna_r10.4.1_e8.2_400bps_polish_bacterial_methylation_v5.0.0		NVIDIA H100 80GB HBM3	sweep_best	INDEL	0	0.968944	0.987342	0.978056	16.586842	156	156	2	5
BPH2947__202310	Staphylococcus aureus	false	sup	dna_r10.4.1_e8.2_400bps_sup@v4.3.0	10	10.03	chromosome=10.00;plasmid_1=12.37;plasmid_2=12.26	D	minimap2	2.31	lr:hq	dorado	2.1.2	dna_r10.4.1_e8.2_400bps_polish_bacterial_methylation_v5.0.0		NVIDIA H100 80GB HBM3	sweep_best	ALL	0	0.999379	0.999752	0.999565	33.615107	8050	8050	2	5
BPH2947__202310	Staphylococcus aureus	false	sup	dna_r10.4.1_e8.2_400bps_sup@v4.3.0	10	10.03	chromosome=10.00;plasmid_1=12.37;plasmid_2=12.26	D	minimap2	2.31	lr:hq	dorado	2.1.2	dna_r10.4.1_e8.2_400bps_polish_bacterial_methylation_v5.0.0		NVIDIA H100 80GB HBM3	default_pass	SNP	0	1.000000	1.000000	1.000000	60.000000	7894	7894	0	0
BPH2947__202310	Staphylococcus aureus	false	sup	dna_r10.4.1_e8.2_400bps_sup@v4.3.0	10	10.03	chromosome=10.00;plasmid_1=12.37;plasmid_2=12.26	D	minimap2	2.31	lr:hq	dorado	2.1.2	dna_r10.4.1_e8.2_400bps_polish_bacterial_methylation_v5.0.0		NVIDIA H100 80GB HBM3	default_pass	INDEL	0	0.974684	0.974684	0.974684	15.966049	154	154	4	4
BPH2947__202310	Staphylococcus aureus	false	sup	dna_r10.4.1_e8.2_400bps_sup@v4.3.0	10	10.03	chromosome=10.00;plasmid_1=12.37;plasmid_2=12.26	D	minimap2	2.31	lr:hq	dorado	2.1.2	dna_r10.4.1_e8.2_400bps_polish_bacterial_methylation_v5.0.0		NVIDIA H100 80GB HBM3	default_pass	ALL	0	0.999503	0.999503	0.999503	33.036436	8048	8048	4	4
BPH2947__202310	Staphylococcus aureus	false	sup	dna_r10.4.1_e8.2_400bps_sup@v4.3.0	25	24.98	chromosome=24.93;plasmid_1=29.49;plasmid_2=30.29	A	minimap2	2.26	map-ont	clair3	1.0.5	r1041_e82_400bps_sup_v430	docker://quay.io/mbhall88/clair3@sha256:6a4c352e7d14ebb67bdad4be366dcbf6afa66cc7f0ee0b37a05cebe3f4754735	CPU: AMD EPYC 9745	sweep_best	SNP	0	1.000000	0.995440	0.997715	26.411138	7858	7858	36	0
BPH2947__202310	Staphylococcus aureus	false	sup	dna_r10.4.1_e8.2_400bps_sup@v4.3.0	25	24.98	chromosome=24.93;plasmid_1=29.49;plasmid_2=30.29	A	minimap2	2.26	map-ont	clair3	1.0.5	r1041_e82_400bps_sup_v430	docker://quay.io/mbhall88/clair3@sha256:6a4c352e7d14ebb67bdad4be366dcbf6afa66cc7f0ee0b37a05cebe3f4754735	CPU: AMD EPYC 9745	sweep_best	INDEL	0	1.000000	0.987342	0.993631	21.959288	156	156	2	0
BPH2947__202310	Staphylococcus aureus	false	sup	dna_r10.4.1_e8.2_400bps_sup@v4.3.0	25	24.98	chromosome=24.93;plasmid_1=29.49;plasmid_2=30.29	A	minimap2	2.26	map-ont	clair3	1.0.5	r1041_e82_400bps_sup_v430	docker://quay.io/mbhall88/clair3@sha256:6a4c352e7d14ebb67bdad4be366dcbf6afa66cc7f0ee0b37a05cebe3f4754735	CPU: AMD EPYC 9745	sweep_best	ALL	0	1.000000	0.995281	0.997635	26.261689	8014	8014	38	0
BPH2947__202310	Staphylococcus aureus	false	sup	dna_r10.4.1_e8.2_400bps_sup@v4.3.0	25	24.98	chromosome=24.93;plasmid_1=29.49;plasmid_2=30.29	A	minimap2	2.26	map-ont	clair3	1.0.5	r1041_e82_400bps_sup_v430	docker://quay.io/mbhall88/clair3@sha256:6a4c352e7d14ebb67bdad4be366dcbf6afa66cc7f0ee0b37a05cebe3f4754735	CPU: AMD EPYC 9745	default_pass	SNP	0	1.000000	0.995440	0.997715	26.411138	7858	7858	36	0
BPH2947__202310	Staphylococcus aureus	false	sup	dna_r10.4.1_e8.2_400bps_sup@v4.3.0	25	24.98	chromosome=24.93;plasmid_1=29.49;plasmid_2=30.29	A	minimap2	2.26	map-ont	clair3	1.0.5	r1041_e82_400bps_sup_v430	docker://quay.io/mbhall88/clair3@sha256:6a4c352e7d14ebb67bdad4be366dcbf6afa66cc7f0ee0b37a05cebe3f4754735	CPU: AMD EPYC 9745	default_pass	INDEL	0	1.000000	0.987342	0.993631	21.959288	156	156	2	0
BPH2947__202310	Staphylococcus aureus	false	sup	dna_r10.4.1_e8.2_400bps_sup@v4.3.0	25	24.98	chromosome=24.93;plasmid_1=29.49;plasmid_2=30.29	A	minimap2	2.26	map-ont	clair3	1.0.5	r1041_e82_400bps_sup_v430	docker://quay.io/mbhall88/clair3@sha256:6a4c352e7d14ebb67bdad4be366dcbf6afa66cc7f0ee0b37a05cebe3f4754735	CPU: AMD EPYC 9745	default_pass	ALL	0	1.000000	0.995281	0.997635	26.261689	8014	8014	38	0
BPH2947__202310	Staphylococcus aureus	false	sup	dna_r10.4.1_e8.2_400bps_sup@v4.3.0	25	24.98	chromosome=24.93;plasmid_1=29.49;plasmid_2=30.29	B	minimap2	2.31	lr:hq	clair3	1.0.5	r1041_e82_400bps_sup_v430	docker://quay.io/mbhall88/clair3@sha256:6a4c352e7d14ebb67bdad4be366dcbf6afa66cc7f0ee0b37a05cebe3f4754735	CPU: AMD EPYC 9745	sweep_best	SNP	0	1.000000	0.995440	0.997715	26.411138	7858	7858	36	0
BPH2947__202310	Staphylococcus aureus	false	sup	dna_r10.4.1_e8.2_400bps_sup@v4.3.0	25	24.98	chromosome=24.93;plasmid_1=29.49;plasmid_2=30.29	B	minimap2	2.31	lr:hq	clair3	1.0.5	r1041_e82_400bps_sup_v430	docker://quay.io/mbhall88/clair3@sha256:6a4c352e7d14ebb67bdad4be366dcbf6afa66cc7f0ee0b37a05cebe3f4754735	CPU: AMD EPYC 9745	sweep_best	INDEL	0	1.000000	0.987342	0.993631	21.959288	156	156	2	0
BPH2947__202310	Staphylococcus aureus	false	sup	dna_r10.4.1_e8.2_400bps_sup@v4.3.0	25	24.98	chromosome=24.93;plasmid_1=29.49;plasmid_2=30.29	B	minimap2	2.31	lr:hq	clair3	1.0.5	r1041_e82_400bps_sup_v430	docker://quay.io/mbhall88/clair3@sha256:6a4c352e7d14ebb67bdad4be366dcbf6afa66cc7f0ee0b37a05cebe3f4754735	CPU: AMD EPYC 9745	sweep_best	ALL	0	1.000000	0.995281	0.997635	26.261689	8014	8014	38	0
BPH2947__202310	Staphylococcus aureus	false	sup	dna_r10.4.1_e8.2_400bps_sup@v4.3.0	25	24.98	chromosome=24.93;plasmid_1=29.49;plasmid_2=30.29	B	minimap2	2.31	lr:hq	clair3	1.0.5	r1041_e82_400bps_sup_v430	docker://quay.io/mbhall88/clair3@sha256:6a4c352e7d14ebb67bdad4be366dcbf6afa66cc7f0ee0b37a05cebe3f4754735	CPU: AMD EPYC 9745	default_pass	SNP	0	1.000000	0.995440	0.997715	26.411138	7858	7858	36	0
BPH2947__202310	Staphylococcus aureus	false	sup	dna_r10.4.1_e8.2_400bps_sup@v4.3.0	25	24.98	chromosome=24.93;plasmid_1=29.49;plasmid_2=30.29	B	minimap2	2.31	lr:hq	clair3	1.0.5	r1041_e82_400bps_sup_v430	docker://quay.io/mbhall88/clair3@sha256:6a4c352e7d14ebb67bdad4be366dcbf6afa66cc7f0ee0b37a05cebe3f4754735	CPU: AMD EPYC 9745	default_pass	INDEL	0	1.000000	0.987342	0.993631	21.959288	156	156	2	0
BPH2947__202310	Staphylococcus aureus	false	sup	dna_r10.4.1_e8.2_400bps_sup@v4.3.0	25	24.98	chromosome=24.93;plasmid_1=29.49;plasmid_2=30.29	B	minimap2	2.31	lr:hq	clair3	1.0.5	r1041_e82_400bps_sup_v430	docker://quay.io/mbhall88/clair3@sha256:6a4c352e7d14ebb67bdad4be366dcbf6afa66cc7f0ee0b37a05cebe3f4754735	CPU: AMD EPYC 9745	default_pass	ALL	0	1.000000	0.995281	0.997635	26.261689	8014	8014	38	0
BPH2947__202310	Staphylococcus aureus	false	sup	dna_r10.4.1_e8.2_400bps_sup@v4.3.0	25	24.98	chromosome=24.93;plasmid_1=29.49;plasmid_2=30.29	C	minimap2	2.31	lr:hq	clair3	2.0.3	r1041_e82_400bps_sup_v430	docker://hkubal/clair3@sha256:d56df84c2c7c508aaf0623b124d9926d366a58f34236505b26c055f848afa202	CPU: AMD EPYC 9745	sweep_best	SNP	0	1.000000	0.995440	0.997715	26.411138	7858	7858	36	0
BPH2947__202310	Staphylococcus aureus	false	sup	dna_r10.4.1_e8.2_400bps_sup@v4.3.0	25	24.98	chromosome=24.93;plasmid_1=29.49;plasmid_2=30.29	C	minimap2	2.31	lr:hq	clair3	2.0.3	r1041_e82_400bps_sup_v430	docker://hkubal/clair3@sha256:d56df84c2c7c508aaf0623b124d9926d366a58f34236505b26c055f848afa202	CPU: AMD EPYC 9745	sweep_best	INDEL	0	1.000000	0.987342	0.993631	21.959288	156	156	2	0
BPH2947__202310	Staphylococcus aureus	false	sup	dna_r10.4.1_e8.2_400bps_sup@v4.3.0	25	24.98	chromosome=24.93;plasmid_1=29.49;plasmid_2=30.29	C	minimap2	2.31	lr:hq	clair3	2.0.3	r1041_e82_400bps_sup_v430	docker://hkubal/clair3@sha256:d56df84c2c7c508aaf0623b124d9926d366a58f34236505b26c055f848afa202	CPU: AMD EPYC 9745	sweep_best	ALL	0	1.000000	0.995281	0.997635	26.261689	8014	8014	38	0
BPH2947__202310	Staphylococcus aureus	false	sup	dna_r10.4.1_e8.2_400bps_sup@v4.3.0	25	24.98	chromosome=24.93;plasmid_1=29.49;plasmid_2=30.29	C	minimap2	2.31	lr:hq	clair3	2.0.3	r1041_e82_400bps_sup_v430	docker://hkubal/clair3@sha256:d56df84c2c7c508aaf0623b124d9926d366a58f34236505b26c055f848afa202	CPU: AMD EPYC 9745	default_pass	SNP	0	1.000000	0.995440	0.997715	26.411138	7858	7858	36	0
BPH2947__202310	Staphylococcus aureus	false	sup	dna_r10.4.1_e8.2_400bps_sup@v4.3.0	25	24.98	chromosome=24.93;plasmid_1=29.49;plasmid_2=30.29	C	minimap2	2.31	lr:hq	clair3	2.0.3	r1041_e82_400bps_sup_v430	docker://hkubal/clair3@sha256:d56df84c2c7c508aaf0623b124d9926d366a58f34236505b26c055f848afa202	CPU: AMD EPYC 9745	default_pass	INDEL	0	1.000000	0.987342	0.993631	21.959288	156	156	2	0
BPH2947__202310	Staphylococcus aureus	false	sup	dna_r10.4.1_e8.2_400bps_sup@v4.3.0	25	24.98	chromosome=24.93;plasmid_1=29.49;plasmid_2=30.29	C	minimap2	2.31	lr:hq	clair3	2.0.3	r1041_e82_400bps_sup_v430	docker://hkubal/clair3@sha256:d56df84c2c7c508aaf0623b124d9926d366a58f34236505b26c055f848afa202	CPU: AMD EPYC 9745	default_pass	ALL	0	1.000000	0.995281	0.997635	26.261689	8014	8014	38	0
BPH2947__202310	Staphylococcus aureus	false	sup	dna_r10.4.1_e8.2_400bps_sup@v4.3.0	25	24.98	chromosome=24.93;plasmid_1=29.49;plasmid_2=30.29	D	minimap2	2.31	lr:hq	dorado	2.1.2	dna_r10.4.1_e8.2_400bps_polish_bacterial_methylation_v5.0.0		NVIDIA H100 80GB HBM3	sweep_best	SNP	0	1.000000	1.000000	1.000000	60.000000	7894	7894	0	0
BPH2947__202310	Staphylococcus aureus	false	sup	dna_r10.4.1_e8.2_400bps_sup@v4.3.0	25	24.98	chromosome=24.93;plasmid_1=29.49;plasmid_2=30.29	D	minimap2	2.31	lr:hq	dorado	2.1.2	dna_r10.4.1_e8.2_400bps_polish_bacterial_methylation_v5.0.0		NVIDIA H100 80GB HBM3	sweep_best	INDEL	0	0.993711	1.000000	0.996845	25.010006	158	158	0	1
BPH2947__202310	Staphylococcus aureus	false	sup	dna_r10.4.1_e8.2_400bps_sup@v4.3.0	25	24.98	chromosome=24.93;plasmid_1=29.49;plasmid_2=30.29	D	minimap2	2.31	lr:hq	dorado	2.1.2	dna_r10.4.1_e8.2_400bps_polish_bacterial_methylation_v5.0.0		NVIDIA H100 80GB HBM3	sweep_best	ALL	0	0.999876	1.000000	0.999938	42.076083	8052	8052	0	1
BPH2947__202310	Staphylococcus aureus	false	sup	dna_r10.4.1_e8.2_400bps_sup@v4.3.0	25	24.98	chromosome=24.93;plasmid_1=29.49;plasmid_2=30.29	D	minimap2	2.31	lr:hq	dorado	2.1.2	dna_r10.4.1_e8.2_400bps_polish_bacterial_methylation_v5.0.0		NVIDIA H100 80GB HBM3	default_pass	SNP	0	1.000000	1.000000	1.000000	60.000000	7894	7894	0	0
BPH2947__202310	Staphylococcus aureus	false	sup	dna_r10.4.1_e8.2_400bps_sup@v4.3.0	25	24.98	chromosome=24.93;plasmid_1=29.49;plasmid_2=30.29	D	minimap2	2.31	lr:hq	dorado	2.1.2	dna_r10.4.1_e8.2_400bps_polish_bacterial_methylation_v5.0.0		NVIDIA H100 80GB HBM3	default_pass	INDEL	0	0.993671	0.993671	0.993671	21.986649	157	157	1	1
BPH2947__202310	Staphylococcus aureus	false	sup	dna_r10.4.1_e8.2_400bps_sup@v4.3.0	25	24.98	chromosome=24.93;plasmid_1=29.49;plasmid_2=30.29	D	minimap2	2.31	lr:hq	dorado	2.1.2	dna_r10.4.1_e8.2_400bps_polish_bacterial_methylation_v5.0.0		NVIDIA H100 80GB HBM3	default_pass	ALL	0	0.999876	0.999876	0.999876	39.065783	8051	8051	1	1
BPH2947__202310	Staphylococcus aureus	false	sup	dna_r10.4.1_e8.2_400bps_sup@v4.3.0	50	49.93	chromosome=49.84;plasmid_1=58.13;plasmid_2=60.82	A	minimap2	2.26	map-ont	clair3	1.0.5	r1041_e82_400bps_sup_v430	docker://quay.io/mbhall88/clair3@sha256:6a4c352e7d14ebb67bdad4be366dcbf6afa66cc7f0ee0b37a05cebe3f4754735	CPU: AMD EPYC 9745	sweep_best	SNP	0	1.000000	0.999873	0.999937	42.006595	7893	7893	1	0
BPH2947__202310	Staphylococcus aureus	false	sup	dna_r10.4.1_e8.2_400bps_sup@v4.3.0	50	49.93	chromosome=49.84;plasmid_1=58.13;plasmid_2=60.82	A	minimap2	2.26	map-ont	clair3	1.0.5	r1041_e82_400bps_sup_v430	docker://quay.io/mbhall88/clair3@sha256:6a4c352e7d14ebb67bdad4be366dcbf6afa66cc7f0ee0b37a05cebe3f4754735	CPU: AMD EPYC 9745	sweep_best	INDEL	0	1.000000	0.993671	0.996825	24.982563	157	157	1	0
BPH2947__202310	Staphylococcus aureus	false	sup	dna_r10.4.1_e8.2_400bps_sup@v4.3.0	50	49.93	chromosome=49.84;plasmid_1=58.13;plasmid_2=60.82	A	minimap2	2.26	map-ont	clair3	1.0.5	r1041_e82_400bps_sup_v430	docker://quay.io/mbhall88/clair3@sha256:6a4c352e7d14ebb67bdad4be366dcbf6afa66cc7f0ee0b37a05cebe3f4754735	CPU: AMD EPYC 9745	sweep_best	ALL	0	1.000000	0.999752	0.999876	39.065783	8050	8050	2	0
BPH2947__202310	Staphylococcus aureus	false	sup	dna_r10.4.1_e8.2_400bps_sup@v4.3.0	50	49.93	chromosome=49.84;plasmid_1=58.13;plasmid_2=60.82	A	minimap2	2.26	map-ont	clair3	1.0.5	r1041_e82_400bps_sup_v430	docker://quay.io/mbhall88/clair3@sha256:6a4c352e7d14ebb67bdad4be366dcbf6afa66cc7f0ee0b37a05cebe3f4754735	CPU: AMD EPYC 9745	default_pass	SNP	0	1.000000	0.999873	0.999937	42.006595	7893	7893	1	0
BPH2947__202310	Staphylococcus aureus	false	sup	dna_r10.4.1_e8.2_400bps_sup@v4.3.0	50	49.93	chromosome=49.84;plasmid_1=58.13;plasmid_2=60.82	A	minimap2	2.26	map-ont	clair3	1.0.5	r1041_e82_400bps_sup_v430	docker://quay.io/mbhall88/clair3@sha256:6a4c352e7d14ebb67bdad4be366dcbf6afa66cc7f0ee0b37a05cebe3f4754735	CPU: AMD EPYC 9745	default_pass	INDEL	0	1.000000	0.993671	0.996825	24.982563	157	157	1	0
BPH2947__202310	Staphylococcus aureus	false	sup	dna_r10.4.1_e8.2_400bps_sup@v4.3.0	50	49.93	chromosome=49.84;plasmid_1=58.13;plasmid_2=60.82	A	minimap2	2.26	map-ont	clair3	1.0.5	r1041_e82_400bps_sup_v430	docker://quay.io/mbhall88/clair3@sha256:6a4c352e7d14ebb67bdad4be366dcbf6afa66cc7f0ee0b37a05cebe3f4754735	CPU: AMD EPYC 9745	default_pass	ALL	0	1.000000	0.999752	0.999876	39.065783	8050	8050	2	0
BPH2947__202310	Staphylococcus aureus	false	sup	dna_r10.4.1_e8.2_400bps_sup@v4.3.0	50	49.93	chromosome=49.84;plasmid_1=58.13;plasmid_2=60.82	B	minimap2	2.31	lr:hq	clair3	1.0.5	r1041_e82_400bps_sup_v430	docker://quay.io/mbhall88/clair3@sha256:6a4c352e7d14ebb67bdad4be366dcbf6afa66cc7f0ee0b37a05cebe3f4754735	CPU: AMD EPYC 9745	sweep_best	SNP	0	1.000000	0.999873	0.999937	42.006595	7893	7893	1	0
BPH2947__202310	Staphylococcus aureus	false	sup	dna_r10.4.1_e8.2_400bps_sup@v4.3.0	50	49.93	chromosome=49.84;plasmid_1=58.13;plasmid_2=60.82	B	minimap2	2.31	lr:hq	clair3	1.0.5	r1041_e82_400bps_sup_v430	docker://quay.io/mbhall88/clair3@sha256:6a4c352e7d14ebb67bdad4be366dcbf6afa66cc7f0ee0b37a05cebe3f4754735	CPU: AMD EPYC 9745	sweep_best	INDEL	0	1.000000	0.993671	0.996825	24.982563	157	157	1	0
BPH2947__202310	Staphylococcus aureus	false	sup	dna_r10.4.1_e8.2_400bps_sup@v4.3.0	50	49.93	chromosome=49.84;plasmid_1=58.13;plasmid_2=60.82	B	minimap2	2.31	lr:hq	clair3	1.0.5	r1041_e82_400bps_sup_v430	docker://quay.io/mbhall88/clair3@sha256:6a4c352e7d14ebb67bdad4be366dcbf6afa66cc7f0ee0b37a05cebe3f4754735	CPU: AMD EPYC 9745	sweep_best	ALL	0	1.000000	0.999752	0.999876	39.065783	8050	8050	2	0
BPH2947__202310	Staphylococcus aureus	false	sup	dna_r10.4.1_e8.2_400bps_sup@v4.3.0	50	49.93	chromosome=49.84;plasmid_1=58.13;plasmid_2=60.82	B	minimap2	2.31	lr:hq	clair3	1.0.5	r1041_e82_400bps_sup_v430	docker://quay.io/mbhall88/clair3@sha256:6a4c352e7d14ebb67bdad4be366dcbf6afa66cc7f0ee0b37a05cebe3f4754735	CPU: AMD EPYC 9745	default_pass	SNP	0	1.000000	0.999873	0.999937	42.006595	7893	7893	1	0
BPH2947__202310	Staphylococcus aureus	false	sup	dna_r10.4.1_e8.2_400bps_sup@v4.3.0	50	49.93	chromosome=49.84;plasmid_1=58.13;plasmid_2=60.82	B	minimap2	2.31	lr:hq	clair3	1.0.5	r1041_e82_400bps_sup_v430	docker://quay.io/mbhall88/clair3@sha256:6a4c352e7d14ebb67bdad4be366dcbf6afa66cc7f0ee0b37a05cebe3f4754735	CPU: AMD EPYC 9745	default_pass	INDEL	0	1.000000	0.993671	0.996825	24.982563	157	157	1	0
BPH2947__202310	Staphylococcus aureus	false	sup	dna_r10.4.1_e8.2_400bps_sup@v4.3.0	50	49.93	chromosome=49.84;plasmid_1=58.13;plasmid_2=60.82	B	minimap2	2.31	lr:hq	clair3	1.0.5	r1041_e82_400bps_sup_v430	docker://quay.io/mbhall88/clair3@sha256:6a4c352e7d14ebb67bdad4be366dcbf6afa66cc7f0ee0b37a05cebe3f4754735	CPU: AMD EPYC 9745	default_pass	ALL	0	1.000000	0.999752	0.999876	39.065783	8050	8050	2	0
BPH2947__202310	Staphylococcus aureus	false	sup	dna_r10.4.1_e8.2_400bps_sup@v4.3.0	50	49.93	chromosome=49.84;plasmid_1=58.13;plasmid_2=60.82	C	minimap2	2.31	lr:hq	clair3	2.0.3	r1041_e82_400bps_sup_v430	docker://hkubal/clair3@sha256:d56df84c2c7c508aaf0623b124d9926d366a58f34236505b26c055f848afa202	CPU: AMD EPYC 9745	sweep_best	SNP	0	1.000000	0.999873	0.999937	42.006595	7893	7893	1	0
BPH2947__202310	Staphylococcus aureus	false	sup	dna_r10.4.1_e8.2_400bps_sup@v4.3.0	50	49.93	chromosome=49.84;plasmid_1=58.13;plasmid_2=60.82	C	minimap2	2.31	lr:hq	clair3	2.0.3	r1041_e82_400bps_sup_v430	docker://hkubal/clair3@sha256:d56df84c2c7c508aaf0623b124d9926d366a58f34236505b26c055f848afa202	CPU: AMD EPYC 9745	sweep_best	INDEL	0	1.000000	0.993671	0.996825	24.982563	157	157	1	0
BPH2947__202310	Staphylococcus aureus	false	sup	dna_r10.4.1_e8.2_400bps_sup@v4.3.0	50	49.93	chromosome=49.84;plasmid_1=58.13;plasmid_2=60.82	C	minimap2	2.31	lr:hq	clair3	2.0.3	r1041_e82_400bps_sup_v430	docker://hkubal/clair3@sha256:d56df84c2c7c508aaf0623b124d9926d366a58f34236505b26c055f848afa202	CPU: AMD EPYC 9745	sweep_best	ALL	0	1.000000	0.999752	0.999876	39.065783	8050	8050	2	0
BPH2947__202310	Staphylococcus aureus	false	sup	dna_r10.4.1_e8.2_400bps_sup@v4.3.0	50	49.93	chromosome=49.84;plasmid_1=58.13;plasmid_2=60.82	C	minimap2	2.31	lr:hq	clair3	2.0.3	r1041_e82_400bps_sup_v430	docker://hkubal/clair3@sha256:d56df84c2c7c508aaf0623b124d9926d366a58f34236505b26c055f848afa202	CPU: AMD EPYC 9745	default_pass	SNP	0	1.000000	0.999873	0.999937	42.006595	7893	7893	1	0
BPH2947__202310	Staphylococcus aureus	false	sup	dna_r10.4.1_e8.2_400bps_sup@v4.3.0	50	49.93	chromosome=49.84;plasmid_1=58.13;plasmid_2=60.82	C	minimap2	2.31	lr:hq	clair3	2.0.3	r1041_e82_400bps_sup_v430	docker://hkubal/clair3@sha256:d56df84c2c7c508aaf0623b124d9926d366a58f34236505b26c055f848afa202	CPU: AMD EPYC 9745	default_pass	INDEL	0	1.000000	0.993671	0.996825	24.982563	157	157	1	0
BPH2947__202310	Staphylococcus aureus	false	sup	dna_r10.4.1_e8.2_400bps_sup@v4.3.0	50	49.93	chromosome=49.84;plasmid_1=58.13;plasmid_2=60.82	C	minimap2	2.31	lr:hq	clair3	2.0.3	r1041_e82_400bps_sup_v430	docker://hkubal/clair3@sha256:d56df84c2c7c508aaf0623b124d9926d366a58f34236505b26c055f848afa202	CPU: AMD EPYC 9745	default_pass	ALL	0	1.000000	0.999752	0.999876	39.065783	8050	8050	2	0
BPH2947__202310	Staphylococcus aureus	false	sup	dna_r10.4.1_e8.2_400bps_sup@v4.3.0	50	49.93	chromosome=49.84;plasmid_1=58.13;plasmid_2=60.82	D	minimap2	2.31	lr:hq	dorado	2.1.2	dna_r10.4.1_e8.2_400bps_polish_bacterial_methylation_v5.0.0		NVIDIA H100 80GB HBM3	sweep_best	SNP	0	1.000000	1.000000	1.000000	60.000000	7894	7894	0	0
BPH2947__202310	Staphylococcus aureus	false	sup	dna_r10.4.1_e8.2_400bps_sup@v4.3.0	50	49.93	chromosome=49.84;plasmid_1=58.13;plasmid_2=60.82	D	minimap2	2.31	lr:hq	dorado	2.1.2	dna_r10.4.1_e8.2_400bps_polish_bacterial_methylation_v5.0.0		NVIDIA H100 80GB HBM3	sweep_best	INDEL	0	1.000000	1.000000	1.000000	60.000000	158	158	0	0
BPH2947__202310	Staphylococcus aureus	false	sup	dna_r10.4.1_e8.2_400bps_sup@v4.3.0	50	49.93	chromosome=49.84;plasmid_1=58.13;plasmid_2=60.82	D	minimap2	2.31	lr:hq	dorado	2.1.2	dna_r10.4.1_e8.2_400bps_polish_bacterial_methylation_v5.0.0		NVIDIA H100 80GB HBM3	sweep_best	ALL	0	1.000000	1.000000	1.000000	60.000000	8052	8052	0	0
BPH2947__202310	Staphylococcus aureus	false	sup	dna_r10.4.1_e8.2_400bps_sup@v4.3.0	50	49.93	chromosome=49.84;plasmid_1=58.13;plasmid_2=60.82	D	minimap2	2.31	lr:hq	dorado	2.1.2	dna_r10.4.1_e8.2_400bps_polish_bacterial_methylation_v5.0.0		NVIDIA H100 80GB HBM3	default_pass	SNP	0	1.000000	1.000000	1.000000	60.000000	7894	7894	0	0
BPH2947__202310	Staphylococcus aureus	false	sup	dna_r10.4.1_e8.2_400bps_sup@v4.3.0	50	49.93	chromosome=49.84;plasmid_1=58.13;plasmid_2=60.82	D	minimap2	2.31	lr:hq	dorado	2.1.2	dna_r10.4.1_e8.2_400bps_polish_bacterial_methylation_v5.0.0		NVIDIA H100 80GB HBM3	default_pass	INDEL	0	1.000000	1.000000	1.000000	60.000000	158	158	0	0
BPH2947__202310	Staphylococcus aureus	false	sup	dna_r10.4.1_e8.2_400bps_sup@v4.3.0	50	49.93	chromosome=49.84;plasmid_1=58.13;plasmid_2=60.82	D	minimap2	2.31	lr:hq	dorado	2.1.2	dna_r10.4.1_e8.2_400bps_polish_bacterial_methylation_v5.0.0		NVIDIA H100 80GB HBM3	default_pass	ALL	0	1.000000	1.000000	1.000000	60.000000	8052	8052	0	0
AJ292__202310	Klebsiella variicola	false	hac	dna_r10.4.1_e8.2_400bps_hac@v4.3.0	5	4.97	chromosome=4.97	A	minimap2	2.26	map-ont	clair3	1.0.5	r1041_e82_400bps_hac_v430	docker://quay.io/mbhall88/clair3@sha256:6a4c352e7d14ebb67bdad4be366dcbf6afa66cc7f0ee0b37a05cebe3f4754735	CPU: AMD EPYC 9745	sweep_best	SNP	0	0.998868	0.965645	0.981976	17.441488	22065	22065	785	25
AJ292__202310	Klebsiella variicola	false	hac	dna_r10.4.1_e8.2_400bps_hac@v4.3.0	5	4.97	chromosome=4.97	A	minimap2	2.26	map-ont	clair3	1.0.5	r1041_e82_400bps_hac_v430	docker://quay.io/mbhall88/clair3@sha256:6a4c352e7d14ebb67bdad4be366dcbf6afa66cc7f0ee0b37a05cebe3f4754735	CPU: AMD EPYC 9745	sweep_best	INDEL	1	0.903743	0.875648	0.889474	9.565355	169	169	24	18
AJ292__202310	Klebsiella variicola	false	hac	dna_r10.4.1_e8.2_400bps_hac@v4.3.0	5	4.97	chromosome=4.97	A	minimap2	2.26	map-ont	clair3	1.0.5	r1041_e82_400bps_hac_v430	docker://quay.io/mbhall88/clair3@sha256:6a4c352e7d14ebb67bdad4be366dcbf6afa66cc7f0ee0b37a05cebe3f4754735	CPU: AMD EPYC 9745	sweep_best	ALL	1	0.998114	0.964848	0.981200	17.258422	22233	22233	810	42
AJ292__202310	Klebsiella variicola	false	hac	dna_r10.4.1_e8.2_400bps_hac@v4.3.0	5	4.97	chromosome=4.97	A	minimap2	2.26	map-ont	clair3	1.0.5	r1041_e82_400bps_hac_v430	docker://quay.io/mbhall88/clair3@sha256:6a4c352e7d14ebb67bdad4be366dcbf6afa66cc7f0ee0b37a05cebe3f4754735	CPU: AMD EPYC 9745	default_pass	SNP	0	0.998868	0.965383	0.981840	17.408842	22059	22059	791	25
AJ292__202310	Klebsiella variicola	false	hac	dna_r10.4.1_e8.2_400bps_hac@v4.3.0	5	4.97	chromosome=4.97	A	minimap2	2.26	map-ont	clair3	1.0.5	r1041_e82_400bps_hac_v430	docker://quay.io/mbhall88/clair3@sha256:6a4c352e7d14ebb67bdad4be366dcbf6afa66cc7f0ee0b37a05cebe3f4754735	CPU: AMD EPYC 9745	default_pass	INDEL	0	0.920904	0.844560	0.881081	9.247488	163	163	30	14
AJ292__202310	Klebsiella variicola	false	hac	dna_r10.4.1_e8.2_400bps_hac@v4.3.0	5	4.97	chromosome=4.97	A	minimap2	2.26	map-ont	clair3	1.0.5	r1041_e82_400bps_hac_v430	docker://quay.io/mbhall88/clair3@sha256:6a4c352e7d14ebb67bdad4be366dcbf6afa66cc7f0ee0b37a05cebe3f4754735	CPU: AMD EPYC 9745	default_pass	ALL	0	0.998248	0.964371	0.981017	17.216352	22222	22222	821	39
AJ292__202310	Klebsiella variicola	false	hac	dna_r10.4.1_e8.2_400bps_hac@v4.3.0	5	4.97	chromosome=4.97	B	minimap2	2.31	lr:hq	clair3	1.0.5	r1041_e82_400bps_hac_v430	docker://quay.io/mbhall88/clair3@sha256:6a4c352e7d14ebb67bdad4be366dcbf6afa66cc7f0ee0b37a05cebe3f4754735	CPU: AMD EPYC 9745	sweep_best	SNP	0	0.998869	0.966083	0.982202	17.496288	22075	22075	775	25
AJ292__202310	Klebsiella variicola	false	hac	dna_r10.4.1_e8.2_400bps_hac@v4.3.0	5	4.97	chromosome=4.97	B	minimap2	2.31	lr:hq	clair3	1.0.5	r1041_e82_400bps_hac_v430	docker://quay.io/mbhall88/clair3@sha256:6a4c352e7d14ebb67bdad4be366dcbf6afa66cc7f0ee0b37a05cebe3f4754735	CPU: AMD EPYC 9745	sweep_best	INDEL	1	0.903743	0.875648	0.889474	9.565355	169	169	24	18
AJ292__202310	Klebsiella variicola	false	hac	dna_r10.4.1_e8.2_400bps_hac@v4.3.0	5	4.97	chromosome=4.97	B	minimap2	2.31	lr:hq	clair3	1.0.5	r1041_e82_400bps_hac_v430	docker://quay.io/mbhall88/clair3@sha256:6a4c352e7d14ebb67bdad4be366dcbf6afa66cc7f0ee0b37a05cebe3f4754735	CPU: AMD EPYC 9745	sweep_best	ALL	1	0.998115	0.965282	0.981424	17.310478	22243	22243	800	42
AJ292__202310	Klebsiella variicola	false	hac	dna_r10.4.1_e8.2_400bps_hac@v4.3.0	5	4.97	chromosome=4.97	B	minimap2	2.31	lr:hq	clair3	1.0.5	r1041_e82_400bps_hac_v430	docker://quay.io/mbhall88/clair3@sha256:6a4c352e7d14ebb67bdad4be366dcbf6afa66cc7f0ee0b37a05cebe3f4754735	CPU: AMD EPYC 9745	default_pass	SNP	0	0.998868	0.965821	0.982067	17.463471	22069	22069	781	25
AJ292__202310	Klebsiella variicola	false	hac	dna_r10.4.1_e8.2_400bps_hac@v4.3.0	5	4.97	chromosome=4.97	B	minimap2	2.31	lr:hq	clair3	1.0.5	r1041_e82_400bps_hac_v430	docker://quay.io/mbhall88/clair3@sha256:6a4c352e7d14ebb67bdad4be366dcbf6afa66cc7f0ee0b37a05cebe3f4754735	CPU: AMD EPYC 9745	default_pass	INDEL	0	0.920904	0.844560	0.881081	9.247488	163	163	30	14
AJ292__202310	Klebsiella variicola	false	hac	dna_r10.4.1_e8.2_400bps_hac@v4.3.0	5	4.97	chromosome=4.97	B	minimap2	2.31	lr:hq	clair3	1.0.5	r1041_e82_400bps_hac_v430	docker://quay.io/mbhall88/clair3@sha256:6a4c352e7d14ebb67bdad4be366dcbf6afa66cc7f0ee0b37a05cebe3f4754735	CPU: AMD EPYC 9745	default_pass	ALL	0	0.998249	0.964805	0.981242	17.268135	22232	22232	811	39
AJ292__202310	Klebsiella variicola	false	hac	dna_r10.4.1_e8.2_400bps_hac@v4.3.0	5	4.97	chromosome=4.97	C	minimap2	2.31	lr:hq	clair3	2.0.3	r1041_e82_400bps_hac_v430	docker://hkubal/clair3@sha256:d56df84c2c7c508aaf0623b124d9926d366a58f34236505b26c055f848afa202	CPU: AMD EPYC 9745	sweep_best	SNP	0	0.998869	0.966083	0.982202	17.496288	22075	22075	775	25
AJ292__202310	Klebsiella variicola	false	hac	dna_r10.4.1_e8.2_400bps_hac@v4.3.0	5	4.97	chromosome=4.97	C	minimap2	2.31	lr:hq	clair3	2.0.3	r1041_e82_400bps_hac_v430	docker://hkubal/clair3@sha256:d56df84c2c7c508aaf0623b124d9926d366a58f34236505b26c055f848afa202	CPU: AMD EPYC 9745	sweep_best	INDEL	1	0.903743	0.875648	0.889474	9.565355	169	169	24	18
AJ292__202310	Klebsiella variicola	false	hac	dna_r10.4.1_e8.2_400bps_hac@v4.3.0	5	4.97	chromosome=4.97	C	minimap2	2.31	lr:hq	clair3	2.0.3	r1041_e82_400bps_hac_v430	docker://hkubal/clair3@sha256:d56df84c2c7c508aaf0623b124d9926d366a58f34236505b26c055f848afa202	CPU: AMD EPYC 9745	sweep_best	ALL	1	0.998115	0.965282	0.981424	17.310478	22243	22243	800	42
AJ292__202310	Klebsiella variicola	false	hac	dna_r10.4.1_e8.2_400bps_hac@v4.3.0	5	4.97	chromosome=4.97	C	minimap2	2.31	lr:hq	clair3	2.0.3	r1041_e82_400bps_hac_v430	docker://hkubal/clair3@sha256:d56df84c2c7c508aaf0623b124d9926d366a58f34236505b26c055f848afa202	CPU: AMD EPYC 9745	default_pass	SNP	0	0.998868	0.965821	0.982067	17.463471	22069	22069	781	25
AJ292__202310	Klebsiella variicola	false	hac	dna_r10.4.1_e8.2_400bps_hac@v4.3.0	5	4.97	chromosome=4.97	C	minimap2	2.31	lr:hq	clair3	2.0.3	r1041_e82_400bps_hac_v430	docker://hkubal/clair3@sha256:d56df84c2c7c508aaf0623b124d9926d366a58f34236505b26c055f848afa202	CPU: AMD EPYC 9745	default_pass	INDEL	0	0.920904	0.844560	0.881081	9.247488	163	163	30	14
AJ292__202310	Klebsiella variicola	false	hac	dna_r10.4.1_e8.2_400bps_hac@v4.3.0	5	4.97	chromosome=4.97	C	minimap2	2.31	lr:hq	clair3	2.0.3	r1041_e82_400bps_hac_v430	docker://hkubal/clair3@sha256:d56df84c2c7c508aaf0623b124d9926d366a58f34236505b26c055f848afa202	CPU: AMD EPYC 9745	default_pass	ALL	0	0.998249	0.964805	0.981242	17.268135	22232	22232	811	39
AJ292__202310	Klebsiella variicola	false	hac	dna_r10.4.1_e8.2_400bps_hac@v4.3.0	5	4.97	chromosome=4.97	D	minimap2	2.31	lr:hq	dorado	2.1.2	dna_r10.4.1_e8.2_400bps_polish_bacterial_methylation_v5.0.0		NVIDIA H100 80GB HBM3	sweep_best	SNP	9	0.992832	0.988009	0.990414	20.183626	22576	22576	274	163
AJ292__202310	Klebsiella variicola	false	hac	dna_r10.4.1_e8.2_400bps_hac@v4.3.0	5	4.97	chromosome=4.97	D	minimap2	2.31	lr:hq	dorado	2.1.2	dna_r10.4.1_e8.2_400bps_polish_bacterial_methylation_v5.0.0		NVIDIA H100 80GB HBM3	sweep_best	INDEL	16	0.840237	0.735751	0.784530	6.666132	142	142	51	27
AJ292__202310	Klebsiella variicola	false	hac	dna_r10.4.1_e8.2_400bps_hac@v4.3.0	5	4.97	chromosome=4.97	D	minimap2	2.31	lr:hq	dorado	2.1.2	dna_r10.4.1_e8.2_400bps_polish_bacterial_methylation_v5.0.0		NVIDIA H100 80GB HBM3	sweep_best	ALL	12	0.992502	0.982251	0.987350	18.979095	22634	22634	409	171
AJ292__202310	Klebsiella variicola	false	hac	dna_r10.4.1_e8.2_400bps_hac@v4.3.0	5	4.97	chromosome=4.97	D	minimap2	2.31	lr:hq	dorado	2.1.2	dna_r10.4.1_e8.2_400bps_polish_bacterial_methylation_v5.0.0		NVIDIA H100 80GB HBM3	default_pass	SNP	0	0.975974	0.995536	0.985658	18.433903	22748	22748	102	560
AJ292__202310	Klebsiella variicola	false	hac	dna_r10.4.1_e8.2_400bps_hac@v4.3.0	5	4.97	chromosome=4.97	D	minimap2	2.31	lr:hq	dorado	2.1.2	dna_r10.4.1_e8.2_400bps_polish_bacterial_methylation_v5.0.0		NVIDIA H100 80GB HBM3	default_pass	INDEL	0	0.172211	0.911917	0.289712	1.485655	176	176	17	846
AJ292__202310	Klebsiella variicola	false	hac	dna_r10.4.1_e8.2_400bps_hac@v4.3.0	5	4.97	chromosome=4.97	D	minimap2	2.31	lr:hq	dorado	2.1.2	dna_r10.4.1_e8.2_400bps_polish_bacterial_methylation_v5.0.0		NVIDIA H100 80GB HBM3	default_pass	ALL	0	0.942211	0.994836	0.967809	14.922655	22924	22924	119	1406
AJ292__202310	Klebsiella variicola	false	hac	dna_r10.4.1_e8.2_400bps_hac@v4.3.0	10	9.90	chromosome=9.90	A	minimap2	2.26	map-ont	clair3	1.0.5	r1041_e82_400bps_hac_v430	docker://quay.io/mbhall88/clair3@sha256:6a4c352e7d14ebb67bdad4be366dcbf6afa66cc7f0ee0b37a05cebe3f4754735	CPU: AMD EPYC 9745	sweep_best	SNP	0	0.999865	0.975755	0.987663	19.087904	22296	22296	554	3
AJ292__202310	Klebsiella variicola	false	hac	dna_r10.4.1_e8.2_400bps_hac@v4.3.0	10	9.90	chromosome=9.90	A	minimap2	2.26	map-ont	clair3	1.0.5	r1041_e82_400bps_hac_v430	docker://quay.io/mbhall88/clair3@sha256:6a4c352e7d14ebb67bdad4be366dcbf6afa66cc7f0ee0b37a05cebe3f4754735	CPU: AMD EPYC 9745	sweep_best	INDEL	0	0.948454	0.953368	0.950904	13.089539	184	184	9	10
AJ292__202310	Klebsiella variicola	false	hac	dna_r10.4.1_e8.2_400bps_hac@v4.3.0	10	9.90	chromosome=9.90	A	minimap2	2.26	map-ont	clair3	1.0.5	r1041_e82_400bps_hac_v430	docker://quay.io/mbhall88/clair3@sha256:6a4c352e7d14ebb67bdad4be366dcbf6afa66cc7f0ee0b37a05cebe3f4754735	CPU: AMD EPYC 9745	sweep_best	ALL	0	0.999422	0.975567	0.987351	18.979438	22480	22480	563	13
AJ292__202310	Klebsiella variicola	false	hac	dna_r10.4.1_e8.2_400bps_hac@v4.3.0	10	9.90	chromosome=9.90	A	minimap2	2.26	map-ont	clair3	1.0.5	r1041_e82_400bps_hac_v430	docker://quay.io/mbhall88/clair3@sha256:6a4c352e7d14ebb67bdad4be366dcbf6afa66cc7f0ee0b37a05cebe3f4754735	CPU: AMD EPYC 9745	default_pass	SNP	0	0.999821	0.975667	0.987596	19.064382	22294	22294	556	4
AJ292__202310	Klebsiella variicola	false	hac	dna_r10.4.1_e8.2_400bps_hac@v4.3.0	10	9.90	chromosome=9.90	A	minimap2	2.26	map-ont	clair3	1.0.5	r1041_e82_400bps_hac_v430	docker://quay.io/mbhall88/clair3@sha256:6a4c352e7d14ebb67bdad4be366dcbf6afa66cc7f0ee0b37a05cebe3f4754735	CPU: AMD EPYC 9745	default_pass	INDEL	0	0.957672	0.937824	0.947644	12.810335	181	181	12	8
AJ292__202310	Klebsiella variicola	false	hac	dna_r10.4.1_e8.2_400bps_hac@v4.3.0	10	9.90	chromosome=9.90	A	minimap2	2.26	map-ont	clair3	1.0.5	r1041_e82_400bps_hac_v430	docker://quay.io/mbhall88/clair3@sha256:6a4c352e7d14ebb67bdad4be366dcbf6afa66cc7f0ee0b37a05cebe3f4754735	CPU: AMD EPYC 9745	default_pass	ALL	0	0.999466	0.975350	0.987261	18.948647	22475	22475	568	12
AJ292__202310	Klebsiella variicola	false	hac	dna_r10.4.1_e8.2_400bps_hac@v4.3.0	10	9.90	chromosome=9.90	B	minimap2	2.31	lr:hq	clair3	1.0.5	r1041_e82_400bps_hac_v430	docker://quay.io/mbhall88/clair3@sha256:6a4c352e7d14ebb67bdad4be366dcbf6afa66cc7f0ee0b37a05cebe3f4754735	CPU: AMD EPYC 9745	sweep_best	SNP	0	0.999866	0.976105	0.987842	19.151379	22304	22304	546	3
AJ292__202310	Klebsiella variicola	false	hac	dna_r10.4.1_e8.2_400bps_hac@v4.3.0	10	9.90	chromosome=9.90	B	minimap2	2.31	lr:hq	clair3	1.0.5	r1041_e82_400bps_hac_v430	docker://quay.io/mbhall88/clair3@sha256:6a4c352e7d14ebb67bdad4be366dcbf6afa66cc7f0ee0b37a05cebe3f4754735	CPU: AMD EPYC 9745	sweep_best	INDEL	0	0.948454	0.953368	0.950904	13.089539	184	184	9	10
AJ292__202310	Klebsiella variicola	false	hac	dna_r10.4.1_e8.2_400bps_hac@v4.3.0	10	9.90	chromosome=9.90	B	minimap2	2.31	lr:hq	clair3	1.0.5	r1041_e82_400bps_hac_v430	docker://quay.io/mbhall88/clair3@sha256:6a4c352e7d14ebb67bdad4be366dcbf6afa66cc7f0ee0b37a05cebe3f4754735	CPU: AMD EPYC 9745	sweep_best	ALL	0	0.999422	0.975915	0.987529	19.040987	22488	22488	555	13
AJ292__202310	Klebsiella variicola	false	hac	dna_r10.4.1_e8.2_400bps_hac@v4.3.0	10	9.90	chromosome=9.90	B	minimap2	2.31	lr:hq	clair3	1.0.5	r1041_e82_400bps_hac_v430	docker://quay.io/mbhall88/clair3@sha256:6a4c352e7d14ebb67bdad4be366dcbf6afa66cc7f0ee0b37a05cebe3f4754735	CPU: AMD EPYC 9745	default_pass	SNP	0	0.999821	0.976018	0.987776	19.127867	22302	22302	548	4
AJ292__202310	Klebsiella variicola	false	hac	dna_r10.4.1_e8.2_400bps_hac@v4.3.0	10	9.90	chromosome=9.90	B	minimap2	2.31	lr:hq	clair3	1.0.5	r1041_e82_400bps_hac_v430	docker://quay.io/mbhall88/clair3@sha256:6a4c352e7d14ebb67bdad4be366dcbf6afa66cc7f0ee0b37a05cebe3f4754735	CPU: AMD EPYC 9745	default_pass	INDEL	0	0.957672	0.937824	0.947644	12.810335	181	181	12	8
AJ292__202310	Klebsiella variicola	false	hac	dna_r10.4.1_e8.2_400bps_hac@v4.3.0	10	9.90	chromosome=9.90	B	minimap2	2.31	lr:hq	clair3	1.0.5	r1041_e82_400bps_hac_v430	docker://quay.io/mbhall88/clair3@sha256:6a4c352e7d14ebb67bdad4be366dcbf6afa66cc7f0ee0b37a05cebe3f4754735	CPU: AMD EPYC 9745	default_pass	ALL	0	0.999467	0.975698	0.987439	19.009758	22483	22483	560	12
AJ292__202310	Klebsiella variicola	false	hac	dna_r10.4.1_e8.2_400bps_hac@v4.3.0	10	9.90	chromosome=9.90	C	minimap2	2.31	lr:hq	clair3	2.0.3	r1041_e82_400bps_hac_v430	docker://hkubal/clair3@sha256:d56df84c2c7c508aaf0623b124d9926d366a58f34236505b26c055f848afa202	CPU: AMD EPYC 9745	sweep_best	SNP	0	0.999866	0.976105	0.987842	19.151379	22304	22304	546	3
AJ292__202310	Klebsiella variicola	false	hac	dna_r10.4.1_e8.2_400bps_hac@v4.3.0	10	9.90	chromosome=9.90	C	minimap2	2.31	lr:hq	clair3	2.0.3	r1041_e82_400bps_hac_v430	docker://hkubal/clair3@sha256:d56df84c2c7c508aaf0623b124d9926d366a58f34236505b26c055f848afa202	CPU: AMD EPYC 9745	sweep_best	INDEL	0	0.948454	0.953368	0.950904	13.089539	184	184	9	10
AJ292__202310	Klebsiella variicola	false	hac	dna_r10.4.1_e8.2_400bps_hac@v4.3.0	10	9.90	chromosome=9.90	C	minimap2	2.31	lr:hq	clair3	2.0.3	r1041_e82_400bps_hac_v430	docker://hkubal/clair3@sha256:d56df84c2c7c508aaf0623b124d9926d366a58f34236505b26c055f848afa202	CPU: AMD EPYC 9745	sweep_best	ALL	0	0.999422	0.975915	0.987529	19.040987	22488	22488	555	13
AJ292__202310	Klebsiella variicola	false	hac	dna_r10.4.1_e8.2_400bps_hac@v4.3.0	10	9.90	chromosome=9.90	C	minimap2	2.31	lr:hq	clair3	2.0.3	r1041_e82_400bps_hac_v430	docker://hkubal/clair3@sha256:d56df84c2c7c508aaf0623b124d9926d366a58f34236505b26c055f848afa202	CPU: AMD EPYC 9745	default_pass	SNP	0	0.999821	0.976018	0.987776	19.127867	22302	22302	548	4
AJ292__202310	Klebsiella variicola	false	hac	dna_r10.4.1_e8.2_400bps_hac@v4.3.0	10	9.90	chromosome=9.90	C	minimap2	2.31	lr:hq	clair3	2.0.3	r1041_e82_400bps_hac_v430	docker://hkubal/clair3@sha256:d56df84c2c7c508aaf0623b124d9926d366a58f34236505b26c055f848afa202	CPU: AMD EPYC 9745	default_pass	INDEL	0	0.957672	0.937824	0.947644	12.810335	181	181	12	8
AJ292__202310	Klebsiella variicola	false	hac	dna_r10.4.1_e8.2_400bps_hac@v4.3.0	10	9.90	chromosome=9.90	C	minimap2	2.31	lr:hq	clair3	2.0.3	r1041_e82_400bps_hac_v430	docker://hkubal/clair3@sha256:d56df84c2c7c508aaf0623b124d9926d366a58f34236505b26c055f848afa202	CPU: AMD EPYC 9745	default_pass	ALL	0	0.999467	0.975698	0.987439	19.009758	22483	22483	560	12
AJ292__202310	Klebsiella variicola	false	hac	dna_r10.4.1_e8.2_400bps_hac@v4.3.0	10	9.90	chromosome=9.90	D	minimap2	2.31	lr:hq	dorado	2.1.2	dna_r10.4.1_e8.2_400bps_polish_bacterial_methylation_v5.0.0		NVIDIA H100 80GB HBM3	sweep_best	SNP	3	0.999256	0.999125	0.999190	30.915150	22830	22830	20	17
AJ292__202310	Klebsiella variicola	false	hac	dna_r10.4.1_e8.2_400bps_hac@v4.3.0	10	9.90	chromosome=9.90	D	minimap2	2.31	lr:hq	dorado	2.1.2	dna_r10.4.1_e8.2_400bps_polish_bacterial_methylation_v5.0.0		NVIDIA H100 80GB HBM3	sweep_best	INDEL	10	0.921466	0.911917	0.916667	10.791830	176	176	17	15
AJ292__202310	Klebsiella variicola	false	hac	dna_r10.4.1_e8.2_400bps_hac@v4.3.0	10	9.90	chromosome=9.90	D	minimap2	2.31	lr:hq	dorado	2.1.2	dna_r10.4.1_e8.2_400bps_polish_bacterial_methylation_v5.0.0		NVIDIA H100 80GB HBM3	sweep_best	ALL	7	0.998436	0.997396	0.997916	26.811023	22983	22983	60	36
AJ292__202310	Klebsiella variicola	false	hac	dna_r10.4.1_e8.2_400bps_hac@v4.3.0	10	9.90	chromosome=9.90	D	minimap2	2.31	lr:hq	dorado	2.1.2	dna_r10.4.1_e8.2_400bps_polish_bacterial_methylation_v5.0.0		NVIDIA H100 80GB HBM3	default_pass	SNP	0	0.999256	0.999125	0.999190	30.915150	22830	22830	20	17
AJ292__202310	Klebsiella variicola	false	hac	dna_r10.4.1_e8.2_400bps_hac@v4.3.0	10	9.90	chromosome=9.90	D	minimap2	2.31	lr:hq	dorado	2.1.2	dna_r10.4.1_e8.2_400bps_polish_bacterial_methylation_v5.0.0		NVIDIA H100 80GB HBM3	default_pass	INDEL	0	0.666667	0.953368	0.784648	6.668511	184	184	9	92
AJ292__202310	Klebsiella variicola	false	hac	dna_r10.4.1_e8.2_400bps_hac@v4.3.0	10	9.90	chromosome=9.90	D	minimap2	2.31	lr:hq	dorado	2.1.2	dna_r10.4.1_e8.2_400bps_polish_bacterial_methylation_v5.0.0		NVIDIA H100 80GB HBM3	default_pass	ALL	0	0.995286	0.998742	0.997011	25.244741	23014	23014	29	109
AJ292__202310	Klebsiella variicola	false	hac	dna_r10.4.1_e8.2_400bps_hac@v4.3.0	25	24.71	chromosome=24.71	A	minimap2	2.26	map-ont	clair3	1.0.5	r1041_e82_400bps_hac_v430	docker://quay.io/mbhall88/clair3@sha256:6a4c352e7d14ebb67bdad4be366dcbf6afa66cc7f0ee0b37a05cebe3f4754735	CPU: AMD EPYC 9745	sweep_best	SNP	0	1.000000	0.998906	0.999453	32.620127	22825	22825	25	0
AJ292__202310	Klebsiella variicola	false	hac	dna_r10.4.1_e8.2_400bps_hac@v4.3.0	25	24.71	chromosome=24.71	A	minimap2	2.26	map-ont	clair3	1.0.5	r1041_e82_400bps_hac_v430	docker://quay.io/mbhall88/clair3@sha256:6a4c352e7d14ebb67bdad4be366dcbf6afa66cc7f0ee0b37a05cebe3f4754735	CPU: AMD EPYC 9745	sweep_best	INDEL	2	0.994737	0.979275	0.986945	18.842231	189	189	4	1
AJ292__202310	Klebsiella variicola	false	hac	dna_r10.4.1_e8.2_400bps_hac@v4.3.0	25	24.71	chromosome=24.71	A	minimap2	2.26	map-ont	clair3	1.0.5	r1041_e82_400bps_hac_v430	docker://quay.io/mbhall88/clair3@sha256:6a4c352e7d14ebb67bdad4be366dcbf6afa66cc7f0ee0b37a05cebe3f4754735	CPU: AMD EPYC 9745	sweep_best	ALL	2	0.999957	0.998742	0.999349	31.864190	23014	23014	29	1
AJ292__202310	Klebsiella variicola	false	hac	dna_r10.4.1_e8.2_400bps_hac@v4.3.0	25	24.71	chromosome=24.71	A	minimap2	2.26	map-ont	clair3	1.0.5	r1041_e82_400bps_hac_v430	docker://quay.io/mbhall88/clair3@sha256:6a4c352e7d14ebb67bdad4be366dcbf6afa66cc7f0ee0b37a05cebe3f4754735	CPU: AMD EPYC 9745	default_pass	SNP	0	1.000000	0.998950	0.999475	32.798407	22826	22826	24	0
AJ292__202310	Klebsiella variicola	false	hac	dna_r10.4.1_e8.2_400bps_hac@v4.3.0	25	24.71	chromosome=24.71	A	minimap2	2.26	map-ont	clair3	1.0.5	r1041_e82_400bps_hac_v430	docker://quay.io/mbhall88/clair3@sha256:6a4c352e7d14ebb67bdad4be366dcbf6afa66cc7f0ee0b37a05cebe3f4754735	CPU: AMD EPYC 9745	default_pass	INDEL	0	0.994737	0.979275	0.986945	18.842231	189	189	4	1
AJ292__202310	Klebsiella variicola	false	hac	dna_r10.4.1_e8.2_400bps_hac@v4.3.0	25	24.71	chromosome=24.71	A	minimap2	2.26	map-ont	clair3	1.0.5	r1041_e82_400bps_hac_v430	docker://quay.io/mbhall88/clair3@sha256:6a4c352e7d14ebb67bdad4be366dcbf6afa66cc7f0ee0b37a05cebe3f4754735	CPU: AMD EPYC 9745	default_pass	ALL	0	0.999957	0.998785	0.999370	32.006595	23015	23015	28	1
AJ292__202310	Klebsiella variicola	false	hac	dna_r10.4.1_e8.2_400bps_hac@v4.3.0	25	24.71	chromosome=24.71	B	minimap2	2.31	lr:hq	clair3	1.0.5	r1041_e82_400bps_hac_v430	docker://quay.io/mbhall88/clair3@sha256:6a4c352e7d14ebb67bdad4be366dcbf6afa66cc7f0ee0b37a05cebe3f4754735	CPU: AMD EPYC 9745	sweep_best	SNP	0	1.000000	0.998950	0.999475	32.798407	22826	22826	24	0
AJ292__202310	Klebsiella variicola	false	hac	dna_r10.4.1_e8.2_400bps_hac@v4.3.0	25	24.71	chromosome=24.71	B	minimap2	2.31	lr:hq	clair3	1.0.5	r1041_e82_400bps_hac_v430	docker://quay.io/mbhall88/clair3@sha256:6a4c352e7d14ebb67bdad4be366dcbf6afa66cc7f0ee0b37a05cebe3f4754735	CPU: AMD EPYC 9745	sweep_best	INDEL	2	0.994737	0.979275	0.986945	18.842231	189	189	4	1
AJ292__202310	Klebsiella variicola	false	hac	dna_r10.4.1_e8.2_400bps_hac@v4.3.0	25	24.71	chromosome=24.71	B	minimap2	2.31	lr:hq	clair3	1.0.5	r1041_e82_400bps_hac_v430	docker://quay.io/mbhall88/clair3@sha256:6a4c352e7d14ebb67bdad4be366dcbf6afa66cc7f0ee0b37a05cebe3f4754735	CPU: AMD EPYC 9745	sweep_best	ALL	2	0.999957	0.998785	0.999370	32.006595	23015	23015	28	1
AJ292__202310	Klebsiella variicola	false	hac	dna_r10.4.1_e8.2_400bps_hac@v4.3.0	25	24.71	chromosome=24.71	B	minimap2	2.31	lr:hq	clair3	1.0.5	r1041_e82_400bps_hac_v430	docker://quay.io/mbhall88/clair3@sha256:6a4c352e7d14ebb67bdad4be366dcbf6afa66cc7f0ee0b37a05cebe3f4754735	CPU: AMD EPYC 9745	default_pass	SNP	0	1.000000	0.998993	0.999497	32.984320	22827	22827	23	0
AJ292__202310	Klebsiella variicola	false	hac	dna_r10.4.1_e8.2_400bps_hac@v4.3.0	25	24.71	chromosome=24.71	B	minimap2	2.31	lr:hq	clair3	1.0.5	r1041_e82_400bps_hac_v430	docker://quay.io/mbhall88/clair3@sha256:6a4c352e7d14ebb67bdad4be366dcbf6afa66cc7f0ee0b37a05cebe3f4754735	CPU: AMD EPYC 9745	default_pass	INDEL	0	0.994737	0.979275	0.986945	18.842231	189	189	4	1
AJ292__202310	Klebsiella variicola	false	hac	dna_r10.4.1_e8.2_400bps_hac@v4.3.0	25	24.71	chromosome=24.71	B	minimap2	2.31	lr:hq	clair3	1.0.5	r1041_e82_400bps_hac_v430	docker://quay.io/mbhall88/clair3@sha256:6a4c352e7d14ebb67bdad4be366dcbf6afa66cc7f0ee0b37a05cebe3f4754735	CPU: AMD EPYC 9745	default_pass	ALL	0	0.999957	0.998828	0.999392	32.160964	23016	23016	27	1
AJ292__202310	Klebsiella variicola	false	hac	dna_r10.4.1_e8.2_400bps_hac@v4.3.0	25	24.71	chromosome=24.71	C	minimap2	2.31	lr:hq	clair3	2.0.3	r1041_e82_400bps_hac_v430	docker://hkubal/clair3@sha256:d56df84c2c7c508aaf0623b124d9926d366a58f34236505b26c055f848afa202	CPU: AMD EPYC 9745	sweep_best	SNP	0	1.000000	0.998950	0.999475	32.798407	22826	22826	24	0
AJ292__202310	Klebsiella variicola	false	hac	dna_r10.4.1_e8.2_400bps_hac@v4.3.0	25	24.71	chromosome=24.71	C	minimap2	2.31	lr:hq	clair3	2.0.3	r1041_e82_400bps_hac_v430	docker://hkubal/clair3@sha256:d56df84c2c7c508aaf0623b124d9926d366a58f34236505b26c055f848afa202	CPU: AMD EPYC 9745	sweep_best	INDEL	2	0.994737	0.979275	0.986945	18.842231	189	189	4	1
AJ292__202310	Klebsiella variicola	false	hac	dna_r10.4.1_e8.2_400bps_hac@v4.3.0	25	24.71	chromosome=24.71	C	minimap2	2.31	lr:hq	clair3	2.0.3	r1041_e82_400bps_hac_v430	docker://hkubal/clair3@sha256:d56df84c2c7c508aaf0623b124d9926d366a58f34236505b26c055f848afa202	CPU: AMD EPYC 9745	sweep_best	ALL	2	0.999957	0.998785	0.999370	32.006595	23015	23015	28	1
AJ292__202310	Klebsiella variicola	false	hac	dna_r10.4.1_e8.2_400bps_hac@v4.3.0	25	24.71	chromosome=24.71	C	minimap2	2.31	lr:hq	clair3	2.0.3	r1041_e82_400bps_hac_v430	docker://hkubal/clair3@sha256:d56df84c2c7c508aaf0623b124d9926d366a58f34236505b26c055f848afa202	CPU: AMD EPYC 9745	default_pass	SNP	0	1.000000	0.998993	0.999497	32.984320	22827	22827	23	0
AJ292__202310	Klebsiella variicola	false	hac	dna_r10.4.1_e8.2_400bps_hac@v4.3.0	25	24.71	chromosome=24.71	C	minimap2	2.31	lr:hq	clair3	2.0.3	r1041_e82_400bps_hac_v430	docker://hkubal/clair3@sha256:d56df84c2c7c508aaf0623b124d9926d366a58f34236505b26c055f848afa202	CPU: AMD EPYC 9745	default_pass	INDEL	0	0.994737	0.979275	0.986945	18.842231	189	189	4	1
AJ292__202310	Klebsiella variicola	false	hac	dna_r10.4.1_e8.2_400bps_hac@v4.3.0	25	24.71	chromosome=24.71	C	minimap2	2.31	lr:hq	clair3	2.0.3	r1041_e82_400bps_hac_v430	docker://hkubal/clair3@sha256:d56df84c2c7c508aaf0623b124d9926d366a58f34236505b26c055f848afa202	CPU: AMD EPYC 9745	default_pass	ALL	0	0.999957	0.998828	0.999392	32.160964	23016	23016	27	1
AJ292__202310	Klebsiella variicola	false	hac	dna_r10.4.1_e8.2_400bps_hac@v4.3.0	25	24.71	chromosome=24.71	D	minimap2	2.31	lr:hq	dorado	2.1.2	dna_r10.4.1_e8.2_400bps_polish_bacterial_methylation_v5.0.0		NVIDIA H100 80GB HBM3	sweep_best	SNP	0	0.999825	0.999737	0.999781	36.595559	22844	22844	6	4
AJ292__202310	Klebsiella variicola	false	hac	dna_r10.4.1_e8.2_400bps_hac@v4.3.0	25	24.71	chromosome=24.71	D	minimap2	2.31	lr:hq	dorado	2.1.2	dna_r10.4.1_e8.2_400bps_polish_bacterial_methylation_v5.0.0		NVIDIA H100 80GB HBM3	sweep_best	INDEL	9	0.983784	0.943005	0.962963	14.313642	182	182	11	3
AJ292__202310	Klebsiella variicola	false	hac	dna_r10.4.1_e8.2_400bps_hac@v4.3.0	25	24.71	chromosome=24.71	D	minimap2	2.31	lr:hq	dorado	2.1.2	dna_r10.4.1_e8.2_400bps_polish_bacterial_methylation_v5.0.0		NVIDIA H100 80GB HBM3	sweep_best	ALL	4	0.999609	0.999132	0.999371	32.013494	23023	23023	20	9
AJ292__202310	Klebsiella variicola	false	hac	dna_r10.4.1_e8.2_400bps_hac@v4.3.0	25	24.71	chromosome=24.71	D	minimap2	2.31	lr:hq	dorado	2.1.2	dna_r10.4.1_e8.2_400bps_polish_bacterial_methylation_v5.0.0		NVIDIA H100 80GB HBM3	default_pass	SNP	0	0.999825	0.999650	0.999737	35.800443	22842	22842	8	4
AJ292__202310	Klebsiella variicola	false	hac	dna_r10.4.1_e8.2_400bps_hac@v4.3.0	25	24.71	chromosome=24.71	D	minimap2	2.31	lr:hq	dorado	2.1.2	dna_r10.4.1_e8.2_400bps_polish_bacterial_methylation_v5.0.0		NVIDIA H100 80GB HBM3	default_pass	INDEL	0	0.925743	0.968912	0.946835	12.743742	187	187	6	15
AJ292__202310	Klebsiella variicola	false	hac	dna_r10.4.1_e8.2_400bps_hac@v4.3.0	25	24.71	chromosome=24.71	D	minimap2	2.31	lr:hq	dorado	2.1.2	dna_r10.4.1_e8.2_400bps_polish_bacterial_methylation_v5.0.0		NVIDIA H100 80GB HBM3	default_pass	ALL	0	0.999176	0.999392	0.999284	31.450870	23029	23029	14	19
AJ292__202310	Klebsiella variicola	false	hac	dna_r10.4.1_e8.2_400bps_hac@v4.3.0	50	49.02	chromosome=49.02	A	minimap2	2.26	map-ont	clair3	1.0.5	r1041_e82_400bps_hac_v430	docker://quay.io/mbhall88/clair3@sha256:6a4c352e7d14ebb67bdad4be366dcbf6afa66cc7f0ee0b37a05cebe3f4754735	CPU: AMD EPYC 9745	sweep_best	SNP	0	1.000000	0.999737	0.999869	38.827287	22844	22844	6	0
AJ292__202310	Klebsiella variicola	false	hac	dna_r10.4.1_e8.2_400bps_hac@v4.3.0	50	49.02	chromosome=49.02	A	minimap2	2.26	map-ont	clair3	1.0.5	r1041_e82_400bps_hac_v430	docker://quay.io/mbhall88/clair3@sha256:6a4c352e7d14ebb67bdad4be366dcbf6afa66cc7f0ee0b37a05cebe3f4754735	CPU: AMD EPYC 9745	sweep_best	INDEL	0	1.000000	0.994819	0.997403	25.855281	192	192	1	0
AJ292__202310	Klebsiella variicola	false	hac	dna_r10.4.1_e8.2_400bps_hac@v4.3.0	50	49.02	chromosome=49.02	A	minimap2	2.26	map-ont	clair3	1.0.5	r1041_e82_400bps_hac_v430	docker://quay.io/mbhall88/clair3@sha256:6a4c352e7d14ebb67bdad4be366dcbf6afa66cc7f0ee0b37a05cebe3f4754735	CPU: AMD EPYC 9745	sweep_best	ALL	0	1.000000	0.999696	0.999848	38.181564	23036	23036	7	0
AJ292__202310	Klebsiella variicola	false	hac	dna_r10.4.1_e8.2_400bps_hac@v4.3.0	50	49.02	chromosome=49.02	A	minimap2	2.26	map-ont	clair3	1.0.5	r1041_e82_400bps_hac_v430	docker://quay.io/mbhall88/clair3@sha256:6a4c352e7d14ebb67bdad4be366dcbf6afa66cc7f0ee0b37a05cebe3f4754735	CPU: AMD EPYC 9745	default_pass	SNP	0	1.000000	0.999650	0.999825	37.569620	22842	22842	8	0
AJ292__202310	Klebsiella variicola	false	hac	dna_r10.4.1_e8.2_400bps_hac@v4.3.0	50	49.02	chromosome=49.02	A	minimap2	2.26	map-ont	clair3	1.0.5	r1041_e82_400bps_hac_v430	docker://quay.io/mbhall88/clair3@sha256:6a4c352e7d14ebb67bdad4be366dcbf6afa66cc7f0ee0b37a05cebe3f4754735	CPU: AMD EPYC 9745	default_pass	INDEL	0	1.000000	0.994819	0.997403	25.855281	192	192	1	0
AJ292__202310	Klebsiella variicola	false	hac	dna_r10.4.1_e8.2_400bps_hac@v4.3.0	50	49.02	chromosome=49.02	A	minimap2	2.26	map-ont	clair3	1.0.5	r1041_e82_400bps_hac_v430	docker://quay.io/mbhall88/clair3@sha256:6a4c352e7d14ebb67bdad4be366dcbf6afa66cc7f0ee0b37a05cebe3f4754735	CPU: AMD EPYC 9745	default_pass	ALL	0	1.000000	0.999609	0.999805	37.099654	23034	23034	9	0
AJ292__202310	Klebsiella variicola	false	hac	dna_r10.4.1_e8.2_400bps_hac@v4.3.0	50	49.02	chromosome=49.02	B	minimap2	2.31	lr:hq	clair3	1.0.5	r1041_e82_400bps_hac_v430	docker://quay.io/mbhall88/clair3@sha256:6a4c352e7d14ebb67bdad4be366dcbf6afa66cc7f0ee0b37a05cebe3f4754735	CPU: AMD EPYC 9745	sweep_best	SNP	0	1.000000	0.999737	0.999869	38.827287	22844	22844	6	0
AJ292__202310	Klebsiella variicola	false	hac	dna_r10.4.1_e8.2_400bps_hac@v4.3.0	50	49.02	chromosome=49.02	B	minimap2	2.31	lr:hq	clair3	1.0.5	r1041_e82_400bps_hac_v430	docker://quay.io/mbhall88/clair3@sha256:6a4c352e7d14ebb67bdad4be366dcbf6afa66cc7f0ee0b37a05cebe3f4754735	CPU: AMD EPYC 9745	sweep_best	INDEL	0	1.000000	0.994819	0.997403	25.855281	192	192	1	0
AJ292__202310	Klebsiella variicola	false	hac	dna_r10.4.1_e8.2_400bps_hac@v4.3.0	50	49.02	chromosome=49.02	B	minimap2	2.31	lr:hq	clair3	1.0.5	r1041_e82_400bps_hac_v430	docker://quay.io/mbhall88/clair3@sha256:6a4c352e7d14ebb67bdad4be366dcbf6afa66cc7f0ee0b37a05cebe3f4754735	CPU: AMD EPYC 9745	sweep_best	ALL	0	1.000000	0.999696	0.999848	38.181564	23036	23036	7	0
AJ292__202310	Klebsiella variicola	false	hac	dna_r10.4.1_e8.2_400bps_hac@v4.3.0	50	49.02	chromosome=49.02	B	minimap2	2.31	lr:hq	clair3	1.0.5	r1041_e82_400bps_hac_v430	docker://quay.io/mbhall88/clair3@sha256:6a4c352e7d14ebb67bdad4be366dcbf6afa66cc7f0ee0b37a05cebe3f4754735	CPU: AMD EPYC 9745	default_pass	SNP	0	1.000000	0.999650	0.999825	37.569620	22842	22842	8	0
AJ292__202310	Klebsiella variicola	false	hac	dna_r10.4.1_e8.2_400bps_hac@v4.3.0	50	49.02	chromosome=49.02	B	minimap2	2.31	lr:hq	clair3	1.0.5	r1041_e82_400bps_hac_v430	docker://quay.io/mbhall88/clair3@sha256:6a4c352e7d14ebb67bdad4be366dcbf6afa66cc7f0ee0b37a05cebe3f4754735	CPU: AMD EPYC 9745	default_pass	INDEL	0	1.000000	0.994819	0.997403	25.855281	192	192	1	0
AJ292__202310	Klebsiella variicola	false	hac	dna_r10.4.1_e8.2_400bps_hac@v4.3.0	50	49.02	chromosome=49.02	B	minimap2	2.31	lr:hq	clair3	1.0.5	r1041_e82_400bps_hac_v430	docker://quay.io/mbhall88/clair3@sha256:6a4c352e7d14ebb67bdad4be366dcbf6afa66cc7f0ee0b37a05cebe3f4754735	CPU: AMD EPYC 9745	default_pass	ALL	0	1.000000	0.999609	0.999805	37.099654	23034	23034	9	0
AJ292__202310	Klebsiella variicola	false	hac	dna_r10.4.1_e8.2_400bps_hac@v4.3.0	50	49.02	chromosome=49.02	C	minimap2	2.31	lr:hq	clair3	2.0.3	r1041_e82_400bps_hac_v430	docker://hkubal/clair3@sha256:d56df84c2c7c508aaf0623b124d9926d366a58f34236505b26c055f848afa202	CPU: AMD EPYC 9745	sweep_best	SNP	0	1.000000	0.999737	0.999869	38.827287	22844	22844	6	0
AJ292__202310	Klebsiella variicola	false	hac	dna_r10.4.1_e8.2_400bps_hac@v4.3.0	50	49.02	chromosome=49.02	C	minimap2	2.31	lr:hq	clair3	2.0.3	r1041_e82_400bps_hac_v430	docker://hkubal/clair3@sha256:d56df84c2c7c508aaf0623b124d9926d366a58f34236505b26c055f848afa202	CPU: AMD EPYC 9745	sweep_best	INDEL	0	1.000000	0.994819	0.997403	25.855281	192	192	1	0
AJ292__202310	Klebsiella variicola	false	hac	dna_r10.4.1_e8.2_400bps_hac@v4.3.0	50	49.02	chromosome=49.02	C	minimap2	2.31	lr:hq	clair3	2.0.3	r1041_e82_400bps_hac_v430	docker://hkubal/clair3@sha256:d56df84c2c7c508aaf0623b124d9926d366a58f34236505b26c055f848afa202	CPU: AMD EPYC 9745	sweep_best	ALL	0	1.000000	0.999696	0.999848	38.181564	23036	23036	7	0
AJ292__202310	Klebsiella variicola	false	hac	dna_r10.4.1_e8.2_400bps_hac@v4.3.0	50	49.02	chromosome=49.02	C	minimap2	2.31	lr:hq	clair3	2.0.3	r1041_e82_400bps_hac_v430	docker://hkubal/clair3@sha256:d56df84c2c7c508aaf0623b124d9926d366a58f34236505b26c055f848afa202	CPU: AMD EPYC 9745	default_pass	SNP	0	1.000000	0.999650	0.999825	37.569620	22842	22842	8	0
AJ292__202310	Klebsiella variicola	false	hac	dna_r10.4.1_e8.2_400bps_hac@v4.3.0	50	49.02	chromosome=49.02	C	minimap2	2.31	lr:hq	clair3	2.0.3	r1041_e82_400bps_hac_v430	docker://hkubal/clair3@sha256:d56df84c2c7c508aaf0623b124d9926d366a58f34236505b26c055f848afa202	CPU: AMD EPYC 9745	default_pass	INDEL	0	1.000000	0.994819	0.997403	25.855281	192	192	1	0
AJ292__202310	Klebsiella variicola	false	hac	dna_r10.4.1_e8.2_400bps_hac@v4.3.0	50	49.02	chromosome=49.02	C	minimap2	2.31	lr:hq	clair3	2.0.3	r1041_e82_400bps_hac_v430	docker://hkubal/clair3@sha256:d56df84c2c7c508aaf0623b124d9926d366a58f34236505b26c055f848afa202	CPU: AMD EPYC 9745	default_pass	ALL	0	1.000000	0.999609	0.999805	37.099654	23034	23034	9	0
AJ292__202310	Klebsiella variicola	false	hac	dna_r10.4.1_e8.2_400bps_hac@v4.3.0	50	49.02	chromosome=49.02	D	minimap2	2.31	lr:hq	dorado	2.1.2	dna_r10.4.1_e8.2_400bps_polish_bacterial_methylation_v5.0.0		NVIDIA H100 80GB HBM3	sweep_best	SNP	0	1.000000	0.999781	0.999891	39.625735	22845	22845	5	0
AJ292__202310	Klebsiella variicola	false	hac	dna_r10.4.1_e8.2_400bps_hac@v4.3.0	50	49.02	chromosome=49.02	D	minimap2	2.31	lr:hq	dorado	2.1.2	dna_r10.4.1_e8.2_400bps_polish_bacterial_methylation_v5.0.0		NVIDIA H100 80GB HBM3	sweep_best	INDEL	7	0.994565	0.948187	0.970822	15.349445	183	183	10	1
AJ292__202310	Klebsiella variicola	false	hac	dna_r10.4.1_e8.2_400bps_hac@v4.3.0	50	49.02	chromosome=49.02	D	minimap2	2.31	lr:hq	dorado	2.1.2	dna_r10.4.1_e8.2_400bps_polish_bacterial_methylation_v5.0.0		NVIDIA H100 80GB HBM3	sweep_best	ALL	4	0.999696	0.999436	0.999566	33.625103	23030	23030	13	7
AJ292__202310	Klebsiella variicola	false	hac	dna_r10.4.1_e8.2_400bps_hac@v4.3.0	50	49.02	chromosome=49.02	D	minimap2	2.31	lr:hq	dorado	2.1.2	dna_r10.4.1_e8.2_400bps_polish_bacterial_methylation_v5.0.0		NVIDIA H100 80GB HBM3	default_pass	SNP	0	0.999956	0.999737	0.999847	38.153086	22844	22844	6	1
AJ292__202310	Klebsiella variicola	false	hac	dna_r10.4.1_e8.2_400bps_hac@v4.3.0	50	49.02	chromosome=49.02	D	minimap2	2.31	lr:hq	dorado	2.1.2	dna_r10.4.1_e8.2_400bps_polish_bacterial_methylation_v5.0.0		NVIDIA H100 80GB HBM3	default_pass	INDEL	0	0.944444	0.968912	0.956522	13.617304	187	187	6	11
AJ292__202310	Klebsiella variicola	false	hac	dna_r10.4.1_e8.2_400bps_hac@v4.3.0	50	49.02	chromosome=49.02	D	minimap2	2.31	lr:hq	dorado	2.1.2	dna_r10.4.1_e8.2_400bps_polish_bacterial_methylation_v5.0.0		NVIDIA H100 80GB HBM3	default_pass	ALL	0	0.999479	0.999479	0.999479	32.831623	23031	23031	12	12
AJ292__202310	Klebsiella variicola	false	sup	dna_r10.4.1_e8.2_400bps_sup@v4.3.0	5	4.99	chromosome=4.99	A	minimap2	2.26	map-ont	clair3	1.0.5	r1041_e82_400bps_sup_v430	docker://quay.io/mbhall88/clair3@sha256:6a4c352e7d14ebb67bdad4be366dcbf6afa66cc7f0ee0b37a05cebe3f4754735	CPU: AMD EPYC 9745	sweep_best	SNP	0	0.999731	0.977155	0.988314	19.323341	22328	22328	522	6
AJ292__202310	Klebsiella variicola	false	sup	dna_r10.4.1_e8.2_400bps_sup@v4.3.0	5	4.99	chromosome=4.99	A	minimap2	2.26	map-ont	clair3	1.0.5	r1041_e82_400bps_sup_v430	docker://quay.io/mbhall88/clair3@sha256:6a4c352e7d14ebb67bdad4be366dcbf6afa66cc7f0ee0b37a05cebe3f4754735	CPU: AMD EPYC 9745	sweep_best	INDEL	0	0.971910	0.896373	0.932615	11.714368	173	173	20	5
AJ292__202310	Klebsiella variicola	false	sup	dna_r10.4.1_e8.2_400bps_sup@v4.3.0	5	4.99	chromosome=4.99	A	minimap2	2.26	map-ont	clair3	1.0.5	r1041_e82_400bps_sup_v430	docker://quay.io/mbhall88/clair3@sha256:6a4c352e7d14ebb67bdad4be366dcbf6afa66cc7f0ee0b37a05cebe3f4754735	CPU: AMD EPYC 9745	sweep_best	ALL	0	0.999511	0.976479	0.987861	19.158171	22501	22501	542	11
AJ292__202310	Klebsiella variicola	false	sup	dna_r10.4.1_e8.2_400bps_sup@v4.3.0	5	4.99	chromosome=4.99	A	minimap2	2.26	map-ont	clair3	1.0.5	r1041_e82_400bps_sup_v430	docker://quay.io/mbhall88/clair3@sha256:6a4c352e7d14ebb67bdad4be366dcbf6afa66cc7f0ee0b37a05cebe3f4754735	CPU: AMD EPYC 9745	default_pass	SNP	0	0.999776	0.977068	0.988292	19.315173	22326	22326	524	5
AJ292__202310	Klebsiella variicola	false	sup	dna_r10.4.1_e8.2_400bps_sup@v4.3.0	5	4.99	chromosome=4.99	A	minimap2	2.26	map-ont	clair3	1.0.5	r1041_e82_400bps_sup_v430	docker://quay.io/mbhall88/clair3@sha256:6a4c352e7d14ebb67bdad4be366dcbf6afa66cc7f0ee0b37a05cebe3f4754735	CPU: AMD EPYC 9745	default_pass	INDEL	0	0.988095	0.860104	0.919668	10.951114	166	166	27	2
AJ292__202310	Klebsiella variicola	false	sup	dna_r10.4.1_e8.2_400bps_sup@v4.3.0	5	4.99	chromosome=4.99	A	minimap2	2.26	map-ont	clair3	1.0.5	r1041_e82_400bps_sup_v430	docker://quay.io/mbhall88/clair3@sha256:6a4c352e7d14ebb67bdad4be366dcbf6afa66cc7f0ee0b37a05cebe3f4754735	CPU: AMD EPYC 9745	default_pass	ALL	0	0.999689	0.976088	0.987748	19.117930	22492	22492	551	7
AJ292__202310	Klebsiella variicola	false	sup	dna_r10.4.1_e8.2_400bps_sup@v4.3.0	5	4.99	chromosome=4.99	B	minimap2	2.31	lr:hq	clair3	1.0.5	r1041_e82_400bps_sup_v430	docker://quay.io/mbhall88/clair3@sha256:6a4c352e7d14ebb67bdad4be366dcbf6afa66cc7f0ee0b37a05cebe3f4754735	CPU: AMD EPYC 9745	sweep_best	SNP	0	0.999731	0.977199	0.988337	19.331897	22329	22329	521	6
AJ292__202310	Klebsiella variicola	false	sup	dna_r10.4.1_e8.2_400bps_sup@v4.3.0	5	4.99	chromosome=4.99	B	minimap2	2.31	lr:hq	clair3	1.0.5	r1041_e82_400bps_sup_v430	docker://quay.io/mbhall88/clair3@sha256:6a4c352e7d14ebb67bdad4be366dcbf6afa66cc7f0ee0b37a05cebe3f4754735	CPU: AMD EPYC 9745	sweep_best	INDEL	0	0.971910	0.896373	0.932615	11.714368	173	173	20	5
AJ292__202310	Klebsiella variicola	false	sup	dna_r10.4.1_e8.2_400bps_sup@v4.3.0	5	4.99	chromosome=4.99	B	minimap2	2.31	lr:hq	clair3	1.0.5	r1041_e82_400bps_sup_v430	docker://quay.io/mbhall88/clair3@sha256:6a4c352e7d14ebb67bdad4be366dcbf6afa66cc7f0ee0b37a05cebe3f4754735	CPU: AMD EPYC 9745	sweep_best	ALL	0	0.999511	0.976522	0.987883	19.166049	22502	22502	541	11
AJ292__202310	Klebsiella variicola	false	sup	dna_r10.4.1_e8.2_400bps_sup@v4.3.0	5	4.99	chromosome=4.99	B	minimap2	2.31	lr:hq	clair3	1.0.5	r1041_e82_400bps_sup_v430	docker://quay.io/mbhall88/clair3@sha256:6a4c352e7d14ebb67bdad4be366dcbf6afa66cc7f0ee0b37a05cebe3f4754735	CPU: AMD EPYC 9745	default_pass	SNP	0	0.999776	0.977112	0.988314	19.323341	22327	22327	523	5
AJ292__202310	Klebsiella variicola	false	sup	dna_r10.4.1_e8.2_400bps_sup@v4.3.0	5	4.99	chromosome=4.99	B	minimap2	2.31	lr:hq	clair3	1.0.5	r1041_e82_400bps_sup_v430	docker://quay.io/mbhall88/clair3@sha256:6a4c352e7d14ebb67bdad4be366dcbf6afa66cc7f0ee0b37a05cebe3f4754735	CPU: AMD EPYC 9745	default_pass	INDEL	0	0.988095	0.860104	0.919668	10.951114	166	166	27	2
AJ292__202310	Klebsiella variicola	false	sup	dna_r10.4.1_e8.2_400bps_sup@v4.3.0	5	4.99	chromosome=4.99	B	minimap2	2.31	lr:hq	clair3	1.0.5	r1041_e82_400bps_sup_v430	docker://quay.io/mbhall88/clair3@sha256:6a4c352e7d14ebb67bdad4be366dcbf6afa66cc7f0ee0b37a05cebe3f4754735	CPU: AMD EPYC 9745	default_pass	ALL	0	0.999689	0.976132	0.987770	19.125735	22493	22493	550	7
AJ292__202310	Klebsiella variicola	false	sup	dna_r10.4.1_e8.2_400bps_sup@v4.3.0	5	4.99	chromosome=4.99	C	minimap2	2.31	lr:hq	clair3	2.0.3	r1041_e82_400bps_sup_v430	docker://hkubal/clair3@sha256:d56df84c2c7c508aaf0623b124d9926d366a58f34236505b26c055f848afa202	CPU: AMD EPYC 9745	sweep_best	SNP	0	0.999731	0.977199	0.988337	19.331897	22329	22329	521	6
AJ292__202310	Klebsiella variicola	false	sup	dna_r10.4.1_e8.2_400bps_sup@v4.3.0	5	4.99	chromosome=4.99	C	minimap2	2.31	lr:hq	clair3	2.0.3	r1041_e82_400bps_sup_v430	docker://hkubal/clair3@sha256:d56df84c2c7c508aaf0623b124d9926d366a58f34236505b26c055f848afa202	CPU: AMD EPYC 9745	sweep_best	INDEL	0	0.971910	0.896373	0.932615	11.714368	173	173	20	5
AJ292__202310	Klebsiella variicola	false	sup	dna_r10.4.1_e8.2_400bps_sup@v4.3.0	5	4.99	chromosome=4.99	C	minimap2	2.31	lr:hq	clair3	2.0.3	r1041_e82_400bps_sup_v430	docker://hkubal/clair3@sha256:d56df84c2c7c508aaf0623b124d9926d366a58f34236505b26c055f848afa202	CPU: AMD EPYC 9745	sweep_best	ALL	0	0.999511	0.976522	0.987883	19.166049	22502	22502	541	11
AJ292__202310	Klebsiella variicola	false	sup	dna_r10.4.1_e8.2_400bps_sup@v4.3.0	5	4.99	chromosome=4.99	C	minimap2	2.31	lr:hq	clair3	2.0.3	r1041_e82_400bps_sup_v430	docker://hkubal/clair3@sha256:d56df84c2c7c508aaf0623b124d9926d366a58f34236505b26c055f848afa202	CPU: AMD EPYC 9745	default_pass	SNP	0	0.999776	0.977112	0.988314	19.323341	22327	22327	523	5
AJ292__202310	Klebsiella variicola	false	sup	dna_r10.4.1_e8.2_400bps_sup@v4.3.0	5	4.99	chromosome=4.99	C	minimap2	2.31	lr:hq	clair3	2.0.3	r1041_e82_400bps_sup_v430	docker://hkubal/clair3@sha256:d56df84c2c7c508aaf0623b124d9926d366a58f34236505b26c055f848afa202	CPU: AMD EPYC 9745	default_pass	INDEL	0	0.988095	0.860104	0.919668	10.951114	166	166	27	2
AJ292__202310	Klebsiella variicola	false	sup	dna_r10.4.1_e8.2_400bps_sup@v4.3.0	5	4.99	chromosome=4.99	C	minimap2	2.31	lr:hq	clair3	2.0.3	r1041_e82_400bps_sup_v430	docker://hkubal/clair3@sha256:d56df84c2c7c508aaf0623b124d9926d366a58f34236505b26c055f848afa202	CPU: AMD EPYC 9745	default_pass	ALL	0	0.999689	0.976132	0.987770	19.125735	22493	22493	550	7
AJ292__202310	Klebsiella variicola	false	sup	dna_r10.4.1_e8.2_400bps_sup@v4.3.0	5	4.99	chromosome=4.99	D	minimap2	2.31	lr:hq	dorado	2.1.2	dna_r10.4.1_e8.2_400bps_polish_bacterial_methylation_v5.0.0		NVIDIA H100 80GB HBM3	sweep_best	SNP	8	0.998292	0.997505	0.997898	26.773673	22793	22793	57	39
AJ292__202310	Klebsiella variicola	false	sup	dna_r10.4.1_e8.2_400bps_sup@v4.3.0	5	4.99	chromosome=4.99	D	minimap2	2.31	lr:hq	dorado	2.1.2	dna_r10.4.1_e8.2_400bps_polish_bacterial_methylation_v5.0.0		NVIDIA H100 80GB HBM3	sweep_best	INDEL	12	0.948864	0.865285	0.905149	10.229581	167	167	26	9
AJ292__202310	Klebsiella variicola	false	sup	dna_r10.4.1_e8.2_400bps_sup@v4.3.0	5	4.99	chromosome=4.99	D	minimap2	2.31	lr:hq	dorado	2.1.2	dna_r10.4.1_e8.2_400bps_polish_bacterial_methylation_v5.0.0		NVIDIA H100 80GB HBM3	sweep_best	ALL	10	0.997826	0.995877	0.996851	25.018273	22948	22948	95	50
AJ292__202310	Klebsiella variicola	false	sup	dna_r10.4.1_e8.2_400bps_sup@v4.3.0	5	4.99	chromosome=4.99	D	minimap2	2.31	lr:hq	dorado	2.1.2	dna_r10.4.1_e8.2_400bps_polish_bacterial_methylation_v5.0.0		NVIDIA H100 80GB HBM3	default_pass	SNP	0	0.994338	0.999081	0.996704	24.820128	22829	22829	21	130
AJ292__202310	Klebsiella variicola	false	sup	dna_r10.4.1_e8.2_400bps_sup@v4.3.0	5	4.99	chromosome=4.99	D	minimap2	2.31	lr:hq	dorado	2.1.2	dna_r10.4.1_e8.2_400bps_polish_bacterial_methylation_v5.0.0		NVIDIA H100 80GB HBM3	default_pass	INDEL	0	0.550898	0.953368	0.698292	5.204132	184	184	9	150
AJ292__202310	Klebsiella variicola	false	sup	dna_r10.4.1_e8.2_400bps_sup@v4.3.0	5	4.99	chromosome=4.99	D	minimap2	2.31	lr:hq	dorado	2.1.2	dna_r10.4.1_e8.2_400bps_polish_bacterial_methylation_v5.0.0		NVIDIA H100 80GB HBM3	default_pass	ALL	0	0.987979	0.998698	0.993310	21.745739	23013	23013	30	280
AJ292__202310	Klebsiella variicola	false	sup	dna_r10.4.1_e8.2_400bps_sup@v4.3.0	10	9.97	chromosome=9.97	A	minimap2	2.26	map-ont	clair3	1.0.5	r1041_e82_400bps_sup_v430	docker://quay.io/mbhall88/clair3@sha256:6a4c352e7d14ebb67bdad4be366dcbf6afa66cc7f0ee0b37a05cebe3f4754735	CPU: AMD EPYC 9745	sweep_best	SNP	0	1.000000	0.978424	0.989095	19.623743	22357	22357	493	0
AJ292__202310	Klebsiella variicola	false	sup	dna_r10.4.1_e8.2_400bps_sup@v4.3.0	10	9.97	chromosome=9.97	A	minimap2	2.26	map-ont	clair3	1.0.5	r1041_e82_400bps_sup_v430	docker://quay.io/mbhall88/clair3@sha256:6a4c352e7d14ebb67bdad4be366dcbf6afa66cc7f0ee0b37a05cebe3f4754735	CPU: AMD EPYC 9745	sweep_best	INDEL	0	0.989418	0.968912	0.979058	16.789818	187	187	6	2
AJ292__202310	Klebsiella variicola	false	sup	dna_r10.4.1_e8.2_400bps_sup@v4.3.0	10	9.97	chromosome=9.97	A	minimap2	2.26	map-ont	clair3	1.0.5	r1041_e82_400bps_sup_v430	docker://quay.io/mbhall88/clair3@sha256:6a4c352e7d14ebb67bdad4be366dcbf6afa66cc7f0ee0b37a05cebe3f4754735	CPU: AMD EPYC 9745	sweep_best	ALL	0	0.999911	0.978345	0.989011	19.590418	22544	22544	499	2
AJ292__202310	Klebsiella variicola	false	sup	dna_r10.4.1_e8.2_400bps_sup@v4.3.0	10	9.97	chromosome=9.97	A	minimap2	2.26	map-ont	clair3	1.0.5	r1041_e82_400bps_sup_v430	docker://quay.io/mbhall88/clair3@sha256:6a4c352e7d14ebb67bdad4be366dcbf6afa66cc7f0ee0b37a05cebe3f4754735	CPU: AMD EPYC 9745	default_pass	SNP	0	1.000000	0.978424	0.989095	19.623743	22357	22357	493	0
AJ292__202310	Klebsiella variicola	false	sup	dna_r10.4.1_e8.2_400bps_sup@v4.3.0	10	9.97	chromosome=9.97	A	minimap2	2.26	map-ont	clair3	1.0.5	r1041_e82_400bps_sup_v430	docker://quay.io/mbhall88/clair3@sha256:6a4c352e7d14ebb67bdad4be366dcbf6afa66cc7f0ee0b37a05cebe3f4754735	CPU: AMD EPYC 9745	default_pass	INDEL	0	0.989247	0.953368	0.970976	15.372427	184	184	9	2
AJ292__202310	Klebsiella variicola	false	sup	dna_r10.4.1_e8.2_400bps_sup@v4.3.0	10	9.97	chromosome=9.97	A	minimap2	2.26	map-ont	clair3	1.0.5	r1041_e82_400bps_sup_v430	docker://quay.io/mbhall88/clair3@sha256:6a4c352e7d14ebb67bdad4be366dcbf6afa66cc7f0ee0b37a05cebe3f4754735	CPU: AMD EPYC 9745	default_pass	ALL	0	0.999911	0.978215	0.988944	19.564020	22541	22541	502	2
AJ292__202310	Klebsiella variicola	false	sup	dna_r10.4.1_e8.2_400bps_sup@v4.3.0	10	9.97	chromosome=9.97	B	minimap2	2.31	lr:hq	clair3	1.0.5	r1041_e82_400bps_sup_v430	docker://quay.io/mbhall88/clair3@sha256:6a4c352e7d14ebb67bdad4be366dcbf6afa66cc7f0ee0b37a05cebe3f4754735	CPU: AMD EPYC 9745	sweep_best	SNP	0	1.000000	0.978600	0.989184	19.659333	22361	22361	489	0
AJ292__202310	Klebsiella variicola	false	sup	dna_r10.4.1_e8.2_400bps_sup@v4.3.0	10	9.97	chromosome=9.97	B	minimap2	2.31	lr:hq	clair3	1.0.5	r1041_e82_400bps_sup_v430	docker://quay.io/mbhall88/clair3@sha256:6a4c352e7d14ebb67bdad4be366dcbf6afa66cc7f0ee0b37a05cebe3f4754735	CPU: AMD EPYC 9745	sweep_best	INDEL	0	0.989418	0.968912	0.979058	16.789818	187	187	6	2
AJ292__202310	Klebsiella variicola	false	sup	dna_r10.4.1_e8.2_400bps_sup@v4.3.0	10	9.97	chromosome=9.97	B	minimap2	2.31	lr:hq	clair3	1.0.5	r1041_e82_400bps_sup_v430	docker://quay.io/mbhall88/clair3@sha256:6a4c352e7d14ebb67bdad4be366dcbf6afa66cc7f0ee0b37a05cebe3f4754735	CPU: AMD EPYC 9745	sweep_best	ALL	0	0.999911	0.978518	0.989099	19.625337	22548	22548	495	2
AJ292__202310	Klebsiella variicola	false	sup	dna_r10.4.1_e8.2_400bps_sup@v4.3.0	10	9.97	chromosome=9.97	B	minimap2	2.31	lr:hq	clair3	1.0.5	r1041_e82_400bps_sup_v430	docker://quay.io/mbhall88/clair3@sha256:6a4c352e7d14ebb67bdad4be366dcbf6afa66cc7f0ee0b37a05cebe3f4754735	CPU: AMD EPYC 9745	default_pass	SNP	0	1.000000	0.978600	0.989184	19.659333	22361	22361	489	0
AJ292__202310	Klebsiella variicola	false	sup	dna_r10.4.1_e8.2_400bps_sup@v4.3.0	10	9.97	chromosome=9.97	B	minimap2	2.31	lr:hq	clair3	1.0.5	r1041_e82_400bps_sup_v430	docker://quay.io/mbhall88/clair3@sha256:6a4c352e7d14ebb67bdad4be366dcbf6afa66cc7f0ee0b37a05cebe3f4754735	CPU: AMD EPYC 9745	default_pass	INDEL	0	0.989247	0.953368	0.970976	15.372427	184	184	9	2
AJ292__202310	Klebsiella variicola	false	sup	dna_r10.4.1_e8.2_400bps_sup@v4.3.0	10	9.97	chromosome=9.97	B	minimap2	2.31	lr:hq	clair3	1.0.5	r1041_e82_400bps_sup_v430	docker://quay.io/mbhall88/clair3@sha256:6a4c352e7d14ebb67bdad4be366dcbf6afa66cc7f0ee0b37a05cebe3f4754735	CPU: AMD EPYC 9745	default_pass	ALL	0	0.999911	0.978388	0.989033	19.599122	22545	22545	498	2
AJ292__202310	Klebsiella variicola	false	sup	dna_r10.4.1_e8.2_400bps_sup@v4.3.0	10	9.97	chromosome=9.97	C	minimap2	2.31	lr:hq	clair3	2.0.3	r1041_e82_400bps_sup_v430	docker://hkubal/clair3@sha256:d56df84c2c7c508aaf0623b124d9926d366a58f34236505b26c055f848afa202	CPU: AMD EPYC 9745	sweep_best	SNP	0	1.000000	0.978600	0.989184	19.659333	22361	22361	489	0
AJ292__202310	Klebsiella variicola	false	sup	dna_r10.4.1_e8.2_400bps_sup@v4.3.0	10	9.97	chromosome=9.97	C	minimap2	2.31	lr:hq	clair3	2.0.3	r1041_e82_400bps_sup_v430	docker://hkubal/clair3@sha256:d56df84c2c7c508aaf0623b124d9926d366a58f34236505b26c055f848afa202	CPU: AMD EPYC 9745	sweep_best	INDEL	0	0.989418	0.968912	0.979058	16.789818	187	187	6	2
AJ292__202310	Klebsiella variicola	false	sup	dna_r10.4.1_e8.2_400bps_sup@v4.3.0	10	9.97	chromosome=9.97	C	minimap2	2.31	lr:hq	clair3	2.0.3	r1041_e82_400bps_sup_v430	docker://hkubal/clair3@sha256:d56df84c2c7c508aaf0623b124d9926d366a58f34236505b26c055f848afa202	CPU: AMD EPYC 9745	sweep_best	ALL	0	0.999911	0.978518	0.989099	19.625337	22548	22548	495	2
AJ292__202310	Klebsiella variicola	false	sup	dna_r10.4.1_e8.2_400bps_sup@v4.3.0	10	9.97	chromosome=9.97	C	minimap2	2.31	lr:hq	clair3	2.0.3	r1041_e82_400bps_sup_v430	docker://hkubal/clair3@sha256:d56df84c2c7c508aaf0623b124d9926d366a58f34236505b26c055f848afa202	CPU: AMD EPYC 9745	default_pass	SNP	0	1.000000	0.978600	0.989184	19.659333	22361	22361	489	0
AJ292__202310	Klebsiella variicola	false	sup	dna_r10.4.1_e8.2_400bps_sup@v4.3.0	10	9.97	chromosome=9.97	C	minimap2	2.31	lr:hq	clair3	2.0.3	r1041_e82_400bps_sup_v430	docker://hkubal/clair3@sha256:d56df84c2c7c508aaf0623b124d9926d366a58f34236505b26c055f848afa202	CPU: AMD EPYC 9745	default_pass	INDEL	0	0.989247	0.953368	0.970976	15.372427	184	184	9	2
AJ292__202310	Klebsiella variicola	false	sup	dna_r10.4.1_e8.2_400bps_sup@v4.3.0	10	9.97	chromosome=9.97	C	minimap2	2.31	lr:hq	clair3	2.0.3	r1041_e82_400bps_sup_v430	docker://hkubal/clair3@sha256:d56df84c2c7c508aaf0623b124d9926d366a58f34236505b26c055f848afa202	CPU: AMD EPYC 9745	default_pass	ALL	0	0.999911	0.978388	0.989033	19.599122	22545	22545	498	2
AJ292__202310	Klebsiella variicola	false	sup	dna_r10.4.1_e8.2_400bps_sup@v4.3.0	10	9.97	chromosome=9.97	D	minimap2	2.31	lr:hq	dorado	2.1.2	dna_r10.4.1_e8.2_400bps_polish_bacterial_methylation_v5.0.0		NVIDIA H100 80GB HBM3	sweep_best	SNP	4	1.000000	0.999956	0.999978	46.575773	22849	22849	1	0
AJ292__202310	Klebsiella variicola	false	sup	dna_r10.4.1_e8.2_400bps_sup@v4.3.0	10	9.97	chromosome=9.97	D	minimap2	2.31	lr:hq	dorado	2.1.2	dna_r10.4.1_e8.2_400bps_polish_bacterial_methylation_v5.0.0		NVIDIA H100 80GB HBM3	sweep_best	INDEL	7	0.984456	0.984456	0.984456	18.084372	190	190	3	3
AJ292__202310	Klebsiella variicola	false	sup	dna_r10.4.1_e8.2_400bps_sup@v4.3.0	10	9.97	chromosome=9.97	D	minimap2	2.31	lr:hq	dorado	2.1.2	dna_r10.4.1_e8.2_400bps_polish_bacterial_methylation_v5.0.0		NVIDIA H100 80GB HBM3	sweep_best	ALL	4	0.999826	0.999826	0.999826	37.594508	23039	23039	4	4
AJ292__202310	Klebsiella variicola	false	sup	dna_r10.4.1_e8.2_400bps_sup@v4.3.0	10	9.97	chromosome=9.97	D	minimap2	2.31	lr:hq	dorado	2.1.2	dna_r10.4.1_e8.2_400bps_polish_bacterial_methylation_v5.0.0		NVIDIA H100 80GB HBM3	default_pass	SNP	0	0.999956	0.999956	0.999956	43.565473	22849	22849	1	1
AJ292__202310	Klebsiella variicola	false	sup	dna_r10.4.1_e8.2_400bps_sup@v4.3.0	10	9.97	chromosome=9.97	D	minimap2	2.31	lr:hq	dorado	2.1.2	dna_r10.4.1_e8.2_400bps_polish_bacterial_methylation_v5.0.0		NVIDIA H100 80GB HBM3	default_pass	INDEL	0	0.959596	0.984456	0.971867	15.507840	190	190	3	8
AJ292__202310	Klebsiella variicola	false	sup	dna_r10.4.1_e8.2_400bps_sup@v4.3.0	10	9.97	chromosome=9.97	D	minimap2	2.31	lr:hq	dorado	2.1.2	dna_r10.4.1_e8.2_400bps_polish_bacterial_methylation_v5.0.0		NVIDIA H100 80GB HBM3	default_pass	ALL	0	0.999610	0.999826	0.999718	35.497509	23039	23039	4	9
AJ292__202310	Klebsiella variicola	false	sup	dna_r10.4.1_e8.2_400bps_sup@v4.3.0	25	24.90	chromosome=24.90	A	minimap2	2.26	map-ont	clair3	1.0.5	r1041_e82_400bps_sup_v430	docker://quay.io/mbhall88/clair3@sha256:6a4c352e7d14ebb67bdad4be366dcbf6afa66cc7f0ee0b37a05cebe3f4754735	CPU: AMD EPYC 9745	sweep_best	SNP	0	1.000000	0.998643	0.999321	31.681302	22819	22819	31	0
AJ292__202310	Klebsiella variicola	false	sup	dna_r10.4.1_e8.2_400bps_sup@v4.3.0	25	24.90	chromosome=24.90	A	minimap2	2.26	map-ont	clair3	1.0.5	r1041_e82_400bps_sup_v430	docker://quay.io/mbhall88/clair3@sha256:6a4c352e7d14ebb67bdad4be366dcbf6afa66cc7f0ee0b37a05cebe3f4754735	CPU: AMD EPYC 9745	sweep_best	INDEL	0	1.000000	0.989637	0.994792	22.833290	191	191	2	0
AJ292__202310	Klebsiella variicola	false	sup	dna_r10.4.1_e8.2_400bps_sup@v4.3.0	25	24.90	chromosome=24.90	A	minimap2	2.26	map-ont	clair3	1.0.5	r1041_e82_400bps_sup_v430	docker://quay.io/mbhall88/clair3@sha256:6a4c352e7d14ebb67bdad4be366dcbf6afa66cc7f0ee0b37a05cebe3f4754735	CPU: AMD EPYC 9745	sweep_best	ALL	0	1.000000	0.998568	0.999283	31.444808	23010	23010	33	0
AJ292__202310	Klebsiella variicola	false	sup	dna_r10.4.1_e8.2_400bps_sup@v4.3.0	25	24.90	chromosome=24.90	A	minimap2	2.26	map-ont	clair3	1.0.5	r1041_e82_400bps_sup_v430	docker://quay.io/mbhall88/clair3@sha256:6a4c352e7d14ebb67bdad4be366dcbf6afa66cc7f0ee0b37a05cebe3f4754735	CPU: AMD EPYC 9745	default_pass	SNP	0	1.000000	0.998643	0.999321	31.681302	22819	22819	31	0
AJ292__202310	Klebsiella variicola	false	sup	dna_r10.4.1_e8.2_400bps_sup@v4.3.0	25	24.90	chromosome=24.90	A	minimap2	2.26	map-ont	clair3	1.0.5	r1041_e82_400bps_sup_v430	docker://quay.io/mbhall88/clair3@sha256:6a4c352e7d14ebb67bdad4be366dcbf6afa66cc7f0ee0b37a05cebe3f4754735	CPU: AMD EPYC 9745	default_pass	INDEL	0	1.000000	0.989637	0.994792	22.833290	191	191	2	0
AJ292__202310	Klebsiella variicola	false	sup	dna_r10.4.1_e8.2_400bps_sup@v4.3.0	25	24.90	chromosome=24.90	A	minimap2	2.26	map-ont	clair3	1.0.5	r1041_e82_400bps_sup_v430	docker://quay.io/mbhall88/clair3@sha256:6a4c352e7d14ebb67bdad4be366dcbf6afa66cc7f0ee0b37a05cebe3f4754735	CPU: AMD EPYC 9745	default_pass	ALL	0	1.000000	0.998568	0.999283	31.444808	23010	23010	33	0
AJ292__202310	Klebsiella variicola	false	sup	dna_r10.4.1_e8.2_400bps_sup@v4.3.0	25	24.90	chromosome=24.90	B	minimap2	2.31	lr:hq	clair3	1.0.5	r1041_e82_400bps_sup_v430	docker://quay.io/mbhall88/clair3@sha256:6a4c352e7d14ebb67bdad4be366dcbf6afa66cc7f0ee0b37a05cebe3f4754735	CPU: AMD EPYC 9745	sweep_best	SNP	0	1.000000	0.998731	0.999365	31.972263	22821	22821	29	0
AJ292__202310	Klebsiella variicola	false	sup	dna_r10.4.1_e8.2_400bps_sup@v4.3.0	25	24.90	chromosome=24.90	B	minimap2	2.31	lr:hq	clair3	1.0.5	r1041_e82_400bps_sup_v430	docker://quay.io/mbhall88/clair3@sha256:6a4c352e7d14ebb67bdad4be366dcbf6afa66cc7f0ee0b37a05cebe3f4754735	CPU: AMD EPYC 9745	sweep_best	INDEL	0	1.000000	0.989637	0.994792	22.833290	191	191	2	0
AJ292__202310	Klebsiella variicola	false	sup	dna_r10.4.1_e8.2_400bps_sup@v4.3.0	25	24.90	chromosome=24.90	B	minimap2	2.31	lr:hq	clair3	1.0.5	r1041_e82_400bps_sup_v430	docker://quay.io/mbhall88/clair3@sha256:6a4c352e7d14ebb67bdad4be366dcbf6afa66cc7f0ee0b37a05cebe3f4754735	CPU: AMD EPYC 9745	sweep_best	ALL	0	1.000000	0.998655	0.999327	31.719849	23012	23012	31	0
AJ292__202310	Klebsiella variicola	false	sup	dna_r10.4.1_e8.2_400bps_sup@v4.3.0	25	24.90	chromosome=24.90	B	minimap2	2.31	lr:hq	clair3	1.0.5	r1041_e82_400bps_sup_v430	docker://quay.io/mbhall88/clair3@sha256:6a4c352e7d14ebb67bdad4be366dcbf6afa66cc7f0ee0b37a05cebe3f4754735	CPU: AMD EPYC 9745	default_pass	SNP	0	1.000000	0.998731	0.999365	31.972263	22821	22821	29	0
AJ292__202310	Klebsiella variicola	false	sup	dna_r10.4.1_e8.2_400bps_sup@v4.3.0	25	24.90	chromosome=24.90	B	minimap2	2.31	lr:hq	clair3	1.0.5	r1041_e82_400bps_sup_v430	docker://quay.io/mbhall88/clair3@sha256:6a4c352e7d14ebb67bdad4be366dcbf6afa66cc7f0ee0b37a05cebe3f4754735	CPU: AMD EPYC 9745	default_pass	INDEL	0	1.000000	0.989637	0.994792	22.833290	191	191	2	0
AJ292__202310	Klebsiella variicola	false	sup	dna_r10.4.1_e8.2_400bps_sup@v4.3.0	25	24.90	chromosome=24.90	B	minimap2	2.31	lr:hq	clair3	1.0.5	r1041_e82_400bps_sup_v430	docker://quay.io/mbhall88/clair3@sha256:6a4c352e7d14ebb67bdad4be366dcbf6afa66cc7f0ee0b37a05cebe3f4754735	CPU: AMD EPYC 9745	default_pass	ALL	0	1.000000	0.998655	0.999327	31.719849	23012	23012	31	0
AJ292__202310	Klebsiella variicola	false	sup	dna_r10.4.1_e8.2_400bps_sup@v4.3.0	25	24.90	chromosome=24.90	C	minimap2	2.31	lr:hq	clair3	2.0.3	r1041_e82_400bps_sup_v430	docker://hkubal/clair3@sha256:d56df84c2c7c508aaf0623b124d9926d366a58f34236505b26c055f848afa202	CPU: AMD EPYC 9745	sweep_best	SNP	0	1.000000	0.998731	0.999365	31.972263	22821	22821	29	0
AJ292__202310	Klebsiella variicola	false	sup	dna_r10.4.1_e8.2_400bps_sup@v4.3.0	25	24.90	chromosome=24.90	C	minimap2	2.31	lr:hq	clair3	2.0.3	r1041_e82_400bps_sup_v430	docker://hkubal/clair3@sha256:d56df84c2c7c508aaf0623b124d9926d366a58f34236505b26c055f848afa202	CPU: AMD EPYC 9745	sweep_best	INDEL	0	1.000000	0.989637	0.994792	22.833290	191	191	2	0
AJ292__202310	Klebsiella variicola	false	sup	dna_r10.4.1_e8.2_400bps_sup@v4.3.0	25	24.90	chromosome=24.90	C	minimap2	2.31	lr:hq	clair3	2.0.3	r1041_e82_400bps_sup_v430	docker://hkubal/clair3@sha256:d56df84c2c7c508aaf0623b124d9926d366a58f34236505b26c055f848afa202	CPU: AMD EPYC 9745	sweep_best	ALL	0	1.000000	0.998655	0.999327	31.719849	23012	23012	31	0
AJ292__202310	Klebsiella variicola	false	sup	dna_r10.4.1_e8.2_400bps_sup@v4.3.0	25	24.90	chromosome=24.90	C	minimap2	2.31	lr:hq	clair3	2.0.3	r1041_e82_400bps_sup_v430	docker://hkubal/clair3@sha256:d56df84c2c7c508aaf0623b124d9926d366a58f34236505b26c055f848afa202	CPU: AMD EPYC 9745	default_pass	SNP	0	1.000000	0.998731	0.999365	31.972263	22821	22821	29	0
AJ292__202310	Klebsiella variicola	false	sup	dna_r10.4.1_e8.2_400bps_sup@v4.3.0	25	24.90	chromosome=24.90	C	minimap2	2.31	lr:hq	clair3	2.0.3	r1041_e82_400bps_sup_v430	docker://hkubal/clair3@sha256:d56df84c2c7c508aaf0623b124d9926d366a58f34236505b26c055f848afa202	CPU: AMD EPYC 9745	default_pass	INDEL	0	1.000000	0.989637	0.994792	22.833290	191	191	2	0
AJ292__202310	Klebsiella variicola	false	sup	dna_r10.4.1_e8.2_400bps_sup@v4.3.0	25	24.90	chromosome=24.90	C	minimap2	2.31	lr:hq	clair3	2.0.3	r1041_e82_400bps_sup_v430	docker://hkubal/clair3@sha256:d56df84c2c7c508aaf0623b124d9926d366a58f34236505b26c055f848afa202	CPU: AMD EPYC 9745	default_pass	ALL	0	1.000000	0.998655	0.999327	31.719849	23012	23012	31	0
AJ292__202310	Klebsiella variicola	false	sup	dna_r10.4.1_e8.2_400bps_sup@v4.3.0	25	24.90	chromosome=24.90	D	minimap2	2.31	lr:hq	dorado	2.1.2	dna_r10.4.1_e8.2_400bps_polish_bacterial_methylation_v5.0.0		NVIDIA H100 80GB HBM3	sweep_best	SNP	0	1.000000	0.999956	0.999978	46.575773	22849	22849	1	0
AJ292__202310	Klebsiella variicola	false	sup	dna_r10.4.1_e8.2_400bps_sup@v4.3.0	25	24.90	chromosome=24.90	D	minimap2	2.31	lr:hq	dorado	2.1.2	dna_r10.4.1_e8.2_400bps_polish_bacterial_methylation_v5.0.0		NVIDIA H100 80GB HBM3	sweep_best	INDEL	0	0.989744	1.000000	0.994845	22.877713	193	193	0	2
AJ292__202310	Klebsiella variicola	false	sup	dna_r10.4.1_e8.2_400bps_sup@v4.3.0	25	24.90	chromosome=24.90	D	minimap2	2.31	lr:hq	dorado	2.1.2	dna_r10.4.1_e8.2_400bps_polish_bacterial_methylation_v5.0.0		NVIDIA H100 80GB HBM3	sweep_best	ALL	0	0.999913	0.999957	0.999935	41.870866	23042	23042	1	2
AJ292__202310	Klebsiella variicola	false	sup	dna_r10.4.1_e8.2_400bps_sup@v4.3.0	25	24.90	chromosome=24.90	D	minimap2	2.31	lr:hq	dorado	2.1.2	dna_r10.4.1_e8.2_400bps_polish_bacterial_methylation_v5.0.0		NVIDIA H100 80GB HBM3	default_pass	SNP	0	1.000000	0.999956	0.999978	46.575773	22849	22849	1	0
AJ292__202310	Klebsiella variicola	false	sup	dna_r10.4.1_e8.2_400bps_sup@v4.3.0	25	24.90	chromosome=24.90	D	minimap2	2.31	lr:hq	dorado	2.1.2	dna_r10.4.1_e8.2_400bps_polish_bacterial_methylation_v5.0.0		NVIDIA H100 80GB HBM3	default_pass	INDEL	0	0.989744	1.000000	0.994845	22.877713	193	193	0	2
AJ292__202310	Klebsiella variicola	false	sup	dna_r10.4.1_e8.2_400bps_sup@v4.3.0	25	24.90	chromosome=24.90	D	minimap2	2.31	lr:hq	dorado	2.1.2	dna_r10.4.1_e8.2_400bps_polish_bacterial_methylation_v5.0.0		NVIDIA H100 80GB HBM3	default_pass	ALL	0	0.999913	0.999957	0.999935	41.870866	23042	23042	1	2
AJ292__202310	Klebsiella variicola	false	sup	dna_r10.4.1_e8.2_400bps_sup@v4.3.0	50	49.45	chromosome=49.45	A	minimap2	2.26	map-ont	clair3	1.0.5	r1041_e82_400bps_sup_v430	docker://quay.io/mbhall88/clair3@sha256:6a4c352e7d14ebb67bdad4be366dcbf6afa66cc7f0ee0b37a05cebe3f4754735	CPU: AMD EPYC 9745	sweep_best	SNP	0	1.000000	0.999956	0.999978	46.575773	22849	22849	1	0
AJ292__202310	Klebsiella variicola	false	sup	dna_r10.4.1_e8.2_400bps_sup@v4.3.0	50	49.45	chromosome=49.45	A	minimap2	2.26	map-ont	clair3	1.0.5	r1041_e82_400bps_sup_v430	docker://quay.io/mbhall88/clair3@sha256:6a4c352e7d14ebb67bdad4be366dcbf6afa66cc7f0ee0b37a05cebe3f4754735	CPU: AMD EPYC 9745	sweep_best	INDEL	0	1.000000	0.984456	0.992167	21.060719	190	190	3	0
AJ292__202310	Klebsiella variicola	false	sup	dna_r10.4.1_e8.2_400bps_sup@v4.3.0	50	49.45	chromosome=49.45	A	minimap2	2.26	map-ont	clair3	1.0.5	r1041_e82_400bps_sup_v430	docker://quay.io/mbhall88/clair3@sha256:6a4c352e7d14ebb67bdad4be366dcbf6afa66cc7f0ee0b37a05cebe3f4754735	CPU: AMD EPYC 9745	sweep_best	ALL	0	1.000000	0.999826	0.999913	40.604807	23039	23039	4	0
AJ292__202310	Klebsiella variicola	false	sup	dna_r10.4.1_e8.2_400bps_sup@v4.3.0	50	49.45	chromosome=49.45	A	minimap2	2.26	map-ont	clair3	1.0.5	r1041_e82_400bps_sup_v430	docker://quay.io/mbhall88/clair3@sha256:6a4c352e7d14ebb67bdad4be366dcbf6afa66cc7f0ee0b37a05cebe3f4754735	CPU: AMD EPYC 9745	default_pass	SNP	0	1.000000	0.999956	0.999978	46.575773	22849	22849	1	0
AJ292__202310	Klebsiella variicola	false	sup	dna_r10.4.1_e8.2_400bps_sup@v4.3.0	50	49.45	chromosome=49.45	A	minimap2	2.26	map-ont	clair3	1.0.5	r1041_e82_400bps_sup_v430	docker://quay.io/mbhall88/clair3@sha256:6a4c352e7d14ebb67bdad4be366dcbf6afa66cc7f0ee0b37a05cebe3f4754735	CPU: AMD EPYC 9745	default_pass	INDEL	0	1.000000	0.984456	0.992167	21.060719	190	190	3	0
AJ292__202310	Klebsiella variicola	false	sup	dna_r10.4.1_e8.2_400bps_sup@v4.3.0	50	49.45	chromosome=49.45	A	minimap2	2.26	map-ont	clair3	1.0.5	r1041_e82_400bps_sup_v430	docker://quay.io/mbhall88/clair3@sha256:6a4c352e7d14ebb67bdad4be366dcbf6afa66cc7f0ee0b37a05cebe3f4754735	CPU: AMD EPYC 9745	default_pass	ALL	0	1.000000	0.999826	0.999913	40.604807	23039	23039	4	0
AJ292__202310	Klebsiella variicola	false	sup	dna_r10.4.1_e8.2_400bps_sup@v4.3.0	50	49.45	chromosome=49.45	B	minimap2	2.31	lr:hq	clair3	1.0.5	r1041_e82_400bps_sup_v430	docker://quay.io/mbhall88/clair3@sha256:6a4c352e7d14ebb67bdad4be366dcbf6afa66cc7f0ee0b37a05cebe3f4754735	CPU: AMD EPYC 9745	sweep_best	SNP	0	1.000000	1.000000	1.000000	60.000000	22850	22850	0	0
AJ292__202310	Klebsiella variicola	false	sup	dna_r10.4.1_e8.2_400bps_sup@v4.3.0	50	49.45	chromosome=49.45	B	minimap2	2.31	lr:hq	clair3	1.0.5	r1041_e82_400bps_sup_v430	docker://quay.io/mbhall88/clair3@sha256:6a4c352e7d14ebb67bdad4be366dcbf6afa66cc7f0ee0b37a05cebe3f4754735	CPU: AMD EPYC 9745	sweep_best	INDEL	0	1.000000	0.984456	0.992167	21.060719	190	190	3	0
AJ292__202310	Klebsiella variicola	false	sup	dna_r10.4.1_e8.2_400bps_sup@v4.3.0	50	49.45	chromosome=49.45	B	minimap2	2.31	lr:hq	clair3	1.0.5	r1041_e82_400bps_sup_v430	docker://quay.io/mbhall88/clair3@sha256:6a4c352e7d14ebb67bdad4be366dcbf6afa66cc7f0ee0b37a05cebe3f4754735	CPU: AMD EPYC 9745	sweep_best	ALL	0	1.000000	0.999870	0.999935	41.870866	23040	23040	3	0
AJ292__202310	Klebsiella variicola	false	sup	dna_r10.4.1_e8.2_400bps_sup@v4.3.0	50	49.45	chromosome=49.45	B	minimap2	2.31	lr:hq	clair3	1.0.5	r1041_e82_400bps_sup_v430	docker://quay.io/mbhall88/clair3@sha256:6a4c352e7d14ebb67bdad4be366dcbf6afa66cc7f0ee0b37a05cebe3f4754735	CPU: AMD EPYC 9745	default_pass	SNP	0	1.000000	1.000000	1.000000	60.000000	22850	22850	0	0
AJ292__202310	Klebsiella variicola	false	sup	dna_r10.4.1_e8.2_400bps_sup@v4.3.0	50	49.45	chromosome=49.45	B	minimap2	2.31	lr:hq	clair3	1.0.5	r1041_e82_400bps_sup_v430	docker://quay.io/mbhall88/clair3@sha256:6a4c352e7d14ebb67bdad4be366dcbf6afa66cc7f0ee0b37a05cebe3f4754735	CPU: AMD EPYC 9745	default_pass	INDEL	0	1.000000	0.984456	0.992167	21.060719	190	190	3	0
AJ292__202310	Klebsiella variicola	false	sup	dna_r10.4.1_e8.2_400bps_sup@v4.3.0	50	49.45	chromosome=49.45	B	minimap2	2.31	lr:hq	clair3	1.0.5	r1041_e82_400bps_sup_v430	docker://quay.io/mbhall88/clair3@sha256:6a4c352e7d14ebb67bdad4be366dcbf6afa66cc7f0ee0b37a05cebe3f4754735	CPU: AMD EPYC 9745	default_pass	ALL	0	1.000000	0.999870	0.999935	41.870866	23040	23040	3	0
AJ292__202310	Klebsiella variicola	false	sup	dna_r10.4.1_e8.2_400bps_sup@v4.3.0	50	49.45	chromosome=49.45	C	minimap2	2.31	lr:hq	clair3	2.0.3	r1041_e82_400bps_sup_v430	docker://hkubal/clair3@sha256:d56df84c2c7c508aaf0623b124d9926d366a58f34236505b26c055f848afa202	CPU: AMD EPYC 9745	sweep_best	SNP	0	1.000000	1.000000	1.000000	60.000000	22850	22850	0	0
AJ292__202310	Klebsiella variicola	false	sup	dna_r10.4.1_e8.2_400bps_sup@v4.3.0	50	49.45	chromosome=49.45	C	minimap2	2.31	lr:hq	clair3	2.0.3	r1041_e82_400bps_sup_v430	docker://hkubal/clair3@sha256:d56df84c2c7c508aaf0623b124d9926d366a58f34236505b26c055f848afa202	CPU: AMD EPYC 9745	sweep_best	INDEL	0	1.000000	0.984456	0.992167	21.060719	190	190	3	0
AJ292__202310	Klebsiella variicola	false	sup	dna_r10.4.1_e8.2_400bps_sup@v4.3.0	50	49.45	chromosome=49.45	C	minimap2	2.31	lr:hq	clair3	2.0.3	r1041_e82_400bps_sup_v430	docker://hkubal/clair3@sha256:d56df84c2c7c508aaf0623b124d9926d366a58f34236505b26c055f848afa202	CPU: AMD EPYC 9745	sweep_best	ALL	0	1.000000	0.999870	0.999935	41.870866	23040	23040	3	0
AJ292__202310	Klebsiella variicola	false	sup	dna_r10.4.1_e8.2_400bps_sup@v4.3.0	50	49.45	chromosome=49.45	C	minimap2	2.31	lr:hq	clair3	2.0.3	r1041_e82_400bps_sup_v430	docker://hkubal/clair3@sha256:d56df84c2c7c508aaf0623b124d9926d366a58f34236505b26c055f848afa202	CPU: AMD EPYC 9745	default_pass	SNP	0	1.000000	1.000000	1.000000	60.000000	22850	22850	0	0
AJ292__202310	Klebsiella variicola	false	sup	dna_r10.4.1_e8.2_400bps_sup@v4.3.0	50	49.45	chromosome=49.45	C	minimap2	2.31	lr:hq	clair3	2.0.3	r1041_e82_400bps_sup_v430	docker://hkubal/clair3@sha256:d56df84c2c7c508aaf0623b124d9926d366a58f34236505b26c055f848afa202	CPU: AMD EPYC 9745	default_pass	INDEL	0	1.000000	0.984456	0.992167	21.060719	190	190	3	0
AJ292__202310	Klebsiella variicola	false	sup	dna_r10.4.1_e8.2_400bps_sup@v4.3.0	50	49.45	chromosome=49.45	C	minimap2	2.31	lr:hq	clair3	2.0.3	r1041_e82_400bps_sup_v430	docker://hkubal/clair3@sha256:d56df84c2c7c508aaf0623b124d9926d366a58f34236505b26c055f848afa202	CPU: AMD EPYC 9745	default_pass	ALL	0	1.000000	0.999870	0.999935	41.870866	23040	23040	3	0
AJ292__202310	Klebsiella variicola	false	sup	dna_r10.4.1_e8.2_400bps_sup@v4.3.0	50	49.45	chromosome=49.45	D	minimap2	2.31	lr:hq	dorado	2.1.2	dna_r10.4.1_e8.2_400bps_polish_bacterial_methylation_v5.0.0		NVIDIA H100 80GB HBM3	sweep_best	SNP	0	1.000000	0.999956	0.999978	46.575773	22849	22849	1	0
AJ292__202310	Klebsiella variicola	false	sup	dna_r10.4.1_e8.2_400bps_sup@v4.3.0	50	49.45	chromosome=49.45	D	minimap2	2.31	lr:hq	dorado	2.1.2	dna_r10.4.1_e8.2_400bps_polish_bacterial_methylation_v5.0.0		NVIDIA H100 80GB HBM3	sweep_best	INDEL	0	0.994845	1.000000	0.997416	25.877075	193	193	0	1
AJ292__202310	Klebsiella variicola	false	sup	dna_r10.4.1_e8.2_400bps_sup@v4.3.0	50	49.45	chromosome=49.45	D	minimap2	2.31	lr:hq	dorado	2.1.2	dna_r10.4.1_e8.2_400bps_polish_bacterial_methylation_v5.0.0		NVIDIA H100 80GB HBM3	sweep_best	ALL	0	0.999957	0.999957	0.999957	43.665315	23042	23042	1	1
AJ292__202310	Klebsiella variicola	false	sup	dna_r10.4.1_e8.2_400bps_sup@v4.3.0	50	49.45	chromosome=49.45	D	minimap2	2.31	lr:hq	dorado	2.1.2	dna_r10.4.1_e8.2_400bps_polish_bacterial_methylation_v5.0.0		NVIDIA H100 80GB HBM3	default_pass	SNP	0	1.000000	0.999956	0.999978	46.575773	22849	22849	1	0
AJ292__202310	Klebsiella variicola	false	sup	dna_r10.4.1_e8.2_400bps_sup@v4.3.0	50	49.45	chromosome=49.45	D	minimap2	2.31	lr:hq	dorado	2.1.2	dna_r10.4.1_e8.2_400bps_polish_bacterial_methylation_v5.0.0		NVIDIA H100 80GB HBM3	default_pass	INDEL	0	0.994845	1.000000	0.997416	25.877075	193	193	0	1
AJ292__202310	Klebsiella variicola	false	sup	dna_r10.4.1_e8.2_400bps_sup@v4.3.0	50	49.45	chromosome=49.45	D	minimap2	2.31	lr:hq	dorado	2.1.2	dna_r10.4.1_e8.2_400bps_polish_bacterial_methylation_v5.0.0		NVIDIA H100 80GB HBM3	default_pass	ALL	0	0.999957	0.999957	0.999957	43.665315	23042	23042	1	1
KPC2__202310	Klebsiella pneumoniae	false	hac	dna_r10.4.1_e8.2_400bps_hac@v4.3.0	5	4.92	chromosome=4.89;plasmid_1=5.28;plasmid_2=5.97;plasmid_3=7.69	A	minimap2	2.26	map-ont	clair3	1.0.5	r1041_e82_400bps_hac_v430	docker://quay.io/mbhall88/clair3@sha256:6a4c352e7d14ebb67bdad4be366dcbf6afa66cc7f0ee0b37a05cebe3f4754735	CPU: AMD EPYC 9745	sweep_best	SNP	1	0.994419	0.954211	0.973900	15.833595	15150	15144	727	85
KPC2__202310	Klebsiella pneumoniae	false	hac	dna_r10.4.1_e8.2_400bps_hac@v4.3.0	5	4.92	chromosome=4.89;plasmid_1=5.28;plasmid_2=5.97;plasmid_3=7.69	A	minimap2	2.26	map-ont	clair3	1.0.5	r1041_e82_400bps_hac_v430	docker://quay.io/mbhall88/clair3@sha256:6a4c352e7d14ebb67bdad4be366dcbf6afa66cc7f0ee0b37a05cebe3f4754735	CPU: AMD EPYC 9745	sweep_best	INDEL	1	0.781065	0.767857	0.774405	6.466705	129	132	39	37
KPC2__202310	Klebsiella pneumoniae	false	hac	dna_r10.4.1_e8.2_400bps_hac@v4.3.0	5	4.92	chromosome=4.89;plasmid_1=5.28;plasmid_2=5.97;plasmid_3=7.69	A	minimap2	2.26	map-ont	clair3	1.0.5	r1041_e82_400bps_hac_v430	docker://quay.io/mbhall88/clair3@sha256:6a4c352e7d14ebb67bdad4be366dcbf6afa66cc7f0ee0b37a05cebe3f4754735	CPU: AMD EPYC 9745	sweep_best	ALL	3	0.994069	0.950763	0.971934	15.518195	15255	15253	790	91
KPC2__202310	Klebsiella pneumoniae	false	hac	dna_r10.4.1_e8.2_400bps_hac@v4.3.0	5	4.92	chromosome=4.89;plasmid_1=5.28;plasmid_2=5.97;plasmid_3=7.69	A	minimap2	2.26	map-ont	clair3	1.0.5	r1041_e82_400bps_hac_v430	docker://quay.io/mbhall88/clair3@sha256:6a4c352e7d14ebb67bdad4be366dcbf6afa66cc7f0ee0b37a05cebe3f4754735	CPU: AMD EPYC 9745	default_pass	SNP	0	0.994615	0.954211	0.973994	15.849264	15150	15146	727	82
KPC2__202310	Klebsiella pneumoniae	false	hac	dna_r10.4.1_e8.2_400bps_hac@v4.3.0	5	4.92	chromosome=4.89;plasmid_1=5.28;plasmid_2=5.97;plasmid_3=7.69	A	minimap2	2.26	map-ont	clair3	1.0.5	r1041_e82_400bps_hac_v430	docker://quay.io/mbhall88/clair3@sha256:6a4c352e7d14ebb67bdad4be366dcbf6afa66cc7f0ee0b37a05cebe3f4754735	CPU: AMD EPYC 9745	default_pass	INDEL	0	0.818792	0.714286	0.762977	6.252095	120	122	48	27
KPC2__202310	Klebsiella pneumoniae	false	hac	dna_r10.4.1_e8.2_400bps_hac@v4.3.0	5	4.92	chromosome=4.89;plasmid_1=5.28;plasmid_2=5.97;plasmid_3=7.69	A	minimap2	2.26	map-ont	clair3	1.0.5	r1041_e82_400bps_hac_v430	docker://quay.io/mbhall88/clair3@sha256:6a4c352e7d14ebb67bdad4be366dcbf6afa66cc7f0ee0b37a05cebe3f4754735	CPU: AMD EPYC 9745	default_pass	ALL	0	0.992912	0.951698	0.971868	15.507994	15270	15268	775	109
KPC2__202310	Klebsiella pneumoniae	false	hac	dna_r10.4.1_e8.2_400bps_hac@v4.3.0	5	4.92	chromosome=4.89;plasmid_1=5.28;plasmid_2=5.97;plasmid_3=7.69	B	minimap2	2.31	lr:hq	clair3	1.0.5	r1041_e82_400bps_hac_v430	docker://quay.io/mbhall88/clair3@sha256:6a4c352e7d14ebb67bdad4be366dcbf6afa66cc7f0ee0b37a05cebe3f4754735	CPU: AMD EPYC 9745	sweep_best	SNP	1	0.994354	0.954336	0.973934	15.839256	15152	15146	725	86
KPC2__202310	Klebsiella pneumoniae	false	hac	dna_r10.4.1_e8.2_400bps_hac@v4.3.0	5	4.92	chromosome=4.89;plasmid_1=5.28;plasmid_2=5.97;plasmid_3=7.69	B	minimap2	2.31	lr:hq	clair3	1.0.5	r1041_e82_400bps_hac_v430	docker://quay.io/mbhall88/clair3@sha256:6a4c352e7d14ebb67bdad4be366dcbf6afa66cc7f0ee0b37a05cebe3f4754735	CPU: AMD EPYC 9745	sweep_best	INDEL	1	0.781065	0.767857	0.774405	6.466705	129	132	39	37
KPC2__202310	Klebsiella pneumoniae	false	hac	dna_r10.4.1_e8.2_400bps_hac@v4.3.0	5	4.92	chromosome=4.89;plasmid_1=5.28;plasmid_2=5.97;plasmid_3=7.69	B	minimap2	2.31	lr:hq	clair3	1.0.5	r1041_e82_400bps_hac_v430	docker://quay.io/mbhall88/clair3@sha256:6a4c352e7d14ebb67bdad4be366dcbf6afa66cc7f0ee0b37a05cebe3f4754735	CPU: AMD EPYC 9745	sweep_best	ALL	3	0.994005	0.950888	0.971969	15.523614	15257	15255	788	92
KPC2__202310	Klebsiella pneumoniae	false	hac	dna_r10.4.1_e8.2_400bps_hac@v4.3.0	5	4.92	chromosome=4.89;plasmid_1=5.28;plasmid_2=5.97;plasmid_3=7.69	B	minimap2	2.31	lr:hq	clair3	1.0.5	r1041_e82_400bps_hac_v430	docker://quay.io/mbhall88/clair3@sha256:6a4c352e7d14ebb67bdad4be366dcbf6afa66cc7f0ee0b37a05cebe3f4754735	CPU: AMD EPYC 9745	default_pass	SNP	0	0.994551	0.954336	0.974029	15.855113	15152	15148	725	83
KPC2__202310	Klebsiella pneumoniae	false	hac	dna_r10.4.1_e8.2_400bps_hac@v4.3.0	5	4.92	chromosome=4.89;plasmid_1=5.28;plasmid_2=5.97;plasmid_3=7.69	B	minimap2	2.31	lr:hq	clair3	1.0.5	r1041_e82_400bps_hac_v430	docker://quay.io/mbhall88/clair3@sha256:6a4c352e7d14ebb67bdad4be366dcbf6afa66cc7f0ee0b37a05cebe3f4754735	CPU: AMD EPYC 9745	default_pass	INDEL	0	0.820000	0.720238	0.766888	6.324354	121	123	47	27
KPC2__202310	Klebsiella pneumoniae	false	hac	dna_r10.4.1_e8.2_400bps_hac@v4.3.0	5	4.92	chromosome=4.89;plasmid_1=5.28;plasmid_2=5.97;plasmid_3=7.69	B	minimap2	2.31	lr:hq	clair3	1.0.5	r1041_e82_400bps_hac_v430	docker://quay.io/mbhall88/clair3@sha256:6a4c352e7d14ebb67bdad4be366dcbf6afa66cc7f0ee0b37a05cebe3f4754735	CPU: AMD EPYC 9745	default_pass	ALL	0	0.992848	0.951885	0.971935	15.518350	15273	15271	772	110
KPC2__202310	Klebsiella pneumoniae	false	hac	dna_r10.4.1_e8.2_400bps_hac@v4.3.0	5	4.92	chromosome=4.89;plasmid_1=5.28;plasmid_2=5.97;plasmid_3=7.69	C	minimap2	2.31	lr:hq	clair3	2.0.3	r1041_e82_400bps_hac_v430	docker://hkubal/clair3@sha256:d56df84c2c7c508aaf0623b124d9926d366a58f34236505b26c055f848afa202	CPU: AMD EPYC 9745	sweep_best	SNP	1	0.994354	0.954336	0.973934	15.839256	15152	15146	725	86
KPC2__202310	Klebsiella pneumoniae	false	hac	dna_r10.4.1_e8.2_400bps_hac@v4.3.0	5	4.92	chromosome=4.89;plasmid_1=5.28;plasmid_2=5.97;plasmid_3=7.69	C	minimap2	2.31	lr:hq	clair3	2.0.3	r1041_e82_400bps_hac_v430	docker://hkubal/clair3@sha256:d56df84c2c7c508aaf0623b124d9926d366a58f34236505b26c055f848afa202	CPU: AMD EPYC 9745	sweep_best	INDEL	1	0.781065	0.767857	0.774405	6.466705	129	132	39	37
KPC2__202310	Klebsiella pneumoniae	false	hac	dna_r10.4.1_e8.2_400bps_hac@v4.3.0	5	4.92	chromosome=4.89;plasmid_1=5.28;plasmid_2=5.97;plasmid_3=7.69	C	minimap2	2.31	lr:hq	clair3	2.0.3	r1041_e82_400bps_hac_v430	docker://hkubal/clair3@sha256:d56df84c2c7c508aaf0623b124d9926d366a58f34236505b26c055f848afa202	CPU: AMD EPYC 9745	sweep_best	ALL	3	0.994005	0.950888	0.971969	15.523614	15257	15255	788	92
KPC2__202310	Klebsiella pneumoniae	false	hac	dna_r10.4.1_e8.2_400bps_hac@v4.3.0	5	4.92	chromosome=4.89;plasmid_1=5.28;plasmid_2=5.97;plasmid_3=7.69	C	minimap2	2.31	lr:hq	clair3	2.0.3	r1041_e82_400bps_hac_v430	docker://hkubal/clair3@sha256:d56df84c2c7c508aaf0623b124d9926d366a58f34236505b26c055f848afa202	CPU: AMD EPYC 9745	default_pass	SNP	0	0.994551	0.954336	0.974029	15.855113	15152	15148	725	83
KPC2__202310	Klebsiella pneumoniae	false	hac	dna_r10.4.1_e8.2_400bps_hac@v4.3.0	5	4.92	chromosome=4.89;plasmid_1=5.28;plasmid_2=5.97;plasmid_3=7.69	C	minimap2	2.31	lr:hq	clair3	2.0.3	r1041_e82_400bps_hac_v430	docker://hkubal/clair3@sha256:d56df84c2c7c508aaf0623b124d9926d366a58f34236505b26c055f848afa202	CPU: AMD EPYC 9745	default_pass	INDEL	0	0.820000	0.720238	0.766888	6.324354	121	123	47	27
KPC2__202310	Klebsiella pneumoniae	false	hac	dna_r10.4.1_e8.2_400bps_hac@v4.3.0	5	4.92	chromosome=4.89;plasmid_1=5.28;plasmid_2=5.97;plasmid_3=7.69	C	minimap2	2.31	lr:hq	clair3	2.0.3	r1041_e82_400bps_hac_v430	docker://hkubal/clair3@sha256:d56df84c2c7c508aaf0623b124d9926d366a58f34236505b26c055f848afa202	CPU: AMD EPYC 9745	default_pass	ALL	0	0.992848	0.951885	0.971935	15.518350	15273	15271	772	110
KPC2__202310	Klebsiella pneumoniae	false	hac	dna_r10.4.1_e8.2_400bps_hac@v4.3.0	5	4.92	chromosome=4.89;plasmid_1=5.28;plasmid_2=5.97;plasmid_3=7.69	D	minimap2	2.31	lr:hq	dorado	2.1.2	dna_r10.4.1_e8.2_400bps_polish_bacterial_methylation_v5.0.0		NVIDIA H100 80GB HBM3	sweep_best	SNP	12	0.978239	0.971531	0.974873	15.998594	15425	15419	452	343
KPC2__202310	Klebsiella pneumoniae	false	hac	dna_r10.4.1_e8.2_400bps_hac@v4.3.0	5	4.92	chromosome=4.89;plasmid_1=5.28;plasmid_2=5.97;plasmid_3=7.69	D	minimap2	2.31	lr:hq	dorado	2.1.2	dna_r10.4.1_e8.2_400bps_polish_bacterial_methylation_v5.0.0		NVIDIA H100 80GB HBM3	sweep_best	INDEL	19	0.658537	0.476190	0.552712	3.494128	80	81	88	42
KPC2__202310	Klebsiella pneumoniae	false	hac	dna_r10.4.1_e8.2_400bps_hac@v4.3.0	5	4.92	chromosome=4.89;plasmid_1=5.28;plasmid_2=5.97;plasmid_3=7.69	D	minimap2	2.31	lr:hq	dorado	2.1.2	dna_r10.4.1_e8.2_400bps_polish_bacterial_methylation_v5.0.0		NVIDIA H100 80GB HBM3	sweep_best	ALL	15	0.979492	0.958679	0.968974	15.082742	15382	15379	663	322
KPC2__202310	Klebsiella pneumoniae	false	hac	dna_r10.4.1_e8.2_400bps_hac@v4.3.0	5	4.92	chromosome=4.89;plasmid_1=5.28;plasmid_2=5.97;plasmid_3=7.69	D	minimap2	2.31	lr:hq	dorado	2.1.2	dna_r10.4.1_e8.2_400bps_polish_bacterial_methylation_v5.0.0		NVIDIA H100 80GB HBM3	default_pass	SNP	0	0.903039	0.990552	0.944773	12.578485	15727	15721	150	1688
KPC2__202310	Klebsiella pneumoniae	false	hac	dna_r10.4.1_e8.2_400bps_hac@v4.3.0	5	4.92	chromosome=4.89;plasmid_1=5.28;plasmid_2=5.97;plasmid_3=7.69	D	minimap2	2.31	lr:hq	dorado	2.1.2	dna_r10.4.1_e8.2_400bps_polish_bacterial_methylation_v5.0.0		NVIDIA H100 80GB HBM3	default_pass	INDEL	0	0.059308	0.839286	0.110787	0.509942	141	144	27	2284
KPC2__202310	Klebsiella pneumoniae	false	hac	dna_r10.4.1_e8.2_400bps_hac@v4.3.0	5	4.92	chromosome=4.89;plasmid_1=5.28;plasmid_2=5.97;plasmid_3=7.69	D	minimap2	2.31	lr:hq	dorado	2.1.2	dna_r10.4.1_e8.2_400bps_polish_bacterial_methylation_v5.0.0		NVIDIA H100 80GB HBM3	default_pass	ALL	0	0.799768	0.988969	0.884362	9.368994	15868	15865	177	3972
KPC2__202310	Klebsiella pneumoniae	false	hac	dna_r10.4.1_e8.2_400bps_hac@v4.3.0	10	9.84	chromosome=9.78;plasmid_1=10.52;plasmid_2=12.27;plasmid_3=15.13	A	minimap2	2.26	map-ont	clair3	1.0.5	r1041_e82_400bps_hac_v430	docker://quay.io/mbhall88/clair3@sha256:6a4c352e7d14ebb67bdad4be366dcbf6afa66cc7f0ee0b37a05cebe3f4754735	CPU: AMD EPYC 9745	sweep_best	SNP	0	0.999470	0.950117	0.974168	15.878420	15085	15081	792	8
KPC2__202310	Klebsiella pneumoniae	false	hac	dna_r10.4.1_e8.2_400bps_hac@v4.3.0	10	9.84	chromosome=9.78;plasmid_1=10.52;plasmid_2=12.27;plasmid_3=15.13	A	minimap2	2.26	map-ont	clair3	1.0.5	r1041_e82_400bps_hac_v430	docker://quay.io/mbhall88/clair3@sha256:6a4c352e7d14ebb67bdad4be366dcbf6afa66cc7f0ee0b37a05cebe3f4754735	CPU: AMD EPYC 9745	sweep_best	INDEL	1	0.962264	0.898810	0.929455	11.515338	151	153	17	6
KPC2__202310	Klebsiella pneumoniae	false	hac	dna_r10.4.1_e8.2_400bps_hac@v4.3.0	10	9.84	chromosome=9.78;plasmid_1=10.52;plasmid_2=12.27;plasmid_3=15.13	A	minimap2	2.26	map-ont	clair3	1.0.5	r1041_e82_400bps_hac_v430	docker://quay.io/mbhall88/clair3@sha256:6a4c352e7d14ebb67bdad4be366dcbf6afa66cc7f0ee0b37a05cebe3f4754735	CPU: AMD EPYC 9745	sweep_best	ALL	1	0.999082	0.949579	0.973702	15.800773	15236	15234	809	14
KPC2__202310	Klebsiella pneumoniae	false	hac	dna_r10.4.1_e8.2_400bps_hac@v4.3.0	10	9.84	chromosome=9.78;plasmid_1=10.52;plasmid_2=12.27;plasmid_3=15.13	A	minimap2	2.26	map-ont	clair3	1.0.5	r1041_e82_400bps_hac_v430	docker://quay.io/mbhall88/clair3@sha256:6a4c352e7d14ebb67bdad4be366dcbf6afa66cc7f0ee0b37a05cebe3f4754735	CPU: AMD EPYC 9745	default_pass	SNP	0	0.999404	0.950117	0.974137	15.873211	15085	15081	792	9
KPC2__202310	Klebsiella pneumoniae	false	hac	dna_r10.4.1_e8.2_400bps_hac@v4.3.0	10	9.84	chromosome=9.78;plasmid_1=10.52;plasmid_2=12.27;plasmid_3=15.13	A	minimap2	2.26	map-ont	clair3	1.0.5	r1041_e82_400bps_hac_v430	docker://quay.io/mbhall88/clair3@sha256:6a4c352e7d14ebb67bdad4be366dcbf6afa66cc7f0ee0b37a05cebe3f4754735	CPU: AMD EPYC 9745	default_pass	INDEL	0	0.967532	0.875000	0.918943	10.912095	147	149	21	5
KPC2__202310	Klebsiella pneumoniae	false	hac	dna_r10.4.1_e8.2_400bps_hac@v4.3.0	10	9.84	chromosome=9.78;plasmid_1=10.52;plasmid_2=12.27;plasmid_3=15.13	A	minimap2	2.26	map-ont	clair3	1.0.5	r1041_e82_400bps_hac_v430	docker://quay.io/mbhall88/clair3@sha256:6a4c352e7d14ebb67bdad4be366dcbf6afa66cc7f0ee0b37a05cebe3f4754735	CPU: AMD EPYC 9745	default_pass	ALL	0	0.999082	0.949330	0.973571	15.779193	15232	15230	813	14
KPC2__202310	Klebsiella pneumoniae	false	hac	dna_r10.4.1_e8.2_400bps_hac@v4.3.0	10	9.84	chromosome=9.78;plasmid_1=10.52;plasmid_2=12.27;plasmid_3=15.13	B	minimap2	2.31	lr:hq	clair3	1.0.5	r1041_e82_400bps_hac_v430	docker://quay.io/mbhall88/clair3@sha256:6a4c352e7d14ebb67bdad4be366dcbf6afa66cc7f0ee0b37a05cebe3f4754735	CPU: AMD EPYC 9745	sweep_best	SNP	0	0.999470	0.950180	0.974202	15.884140	15086	15082	791	8
KPC2__202310	Klebsiella pneumoniae	false	hac	dna_r10.4.1_e8.2_400bps_hac@v4.3.0	10	9.84	chromosome=9.78;plasmid_1=10.52;plasmid_2=12.27;plasmid_3=15.13	B	minimap2	2.31	lr:hq	clair3	1.0.5	r1041_e82_400bps_hac_v430	docker://quay.io/mbhall88/clair3@sha256:6a4c352e7d14ebb67bdad4be366dcbf6afa66cc7f0ee0b37a05cebe3f4754735	CPU: AMD EPYC 9745	sweep_best	INDEL	1	0.962264	0.898810	0.929455	11.515338	151	153	17	6
KPC2__202310	Klebsiella pneumoniae	false	hac	dna_r10.4.1_e8.2_400bps_hac@v4.3.0	10	9.84	chromosome=9.78;plasmid_1=10.52;plasmid_2=12.27;plasmid_3=15.13	B	minimap2	2.31	lr:hq	clair3	1.0.5	r1041_e82_400bps_hac_v430	docker://quay.io/mbhall88/clair3@sha256:6a4c352e7d14ebb67bdad4be366dcbf6afa66cc7f0ee0b37a05cebe3f4754735	CPU: AMD EPYC 9745	sweep_best	ALL	1	0.999082	0.949642	0.973735	15.806226	15237	15235	808	14
KPC2__202310	Klebsiella pneumoniae	false	hac	dna_r10.4.1_e8.2_400bps_hac@v4.3.0	10	9.84	chromosome=9.78;plasmid_1=10.52;plasmid_2=12.27;plasmid_3=15.13	B	minimap2	2.31	lr:hq	clair3	1.0.5	r1041_e82_400bps_hac_v430	docker://quay.io/mbhall88/clair3@sha256:6a4c352e7d14ebb67bdad4be366dcbf6afa66cc7f0ee0b37a05cebe3f4754735	CPU: AMD EPYC 9745	default_pass	SNP	0	0.999404	0.950180	0.974170	15.878756	15086	15082	791	9
KPC2__202310	Klebsiella pneumoniae	false	hac	dna_r10.4.1_e8.2_400bps_hac@v4.3.0	10	9.84	chromosome=9.78;plasmid_1=10.52;plasmid_2=12.27;plasmid_3=15.13	B	minimap2	2.31	lr:hq	clair3	1.0.5	r1041_e82_400bps_hac_v430	docker://quay.io/mbhall88/clair3@sha256:6a4c352e7d14ebb67bdad4be366dcbf6afa66cc7f0ee0b37a05cebe3f4754735	CPU: AMD EPYC 9745	default_pass	INDEL	0	0.967532	0.875000	0.918943	10.912095	147	149	21	5
KPC2__202310	Klebsiella pneumoniae	false	hac	dna_r10.4.1_e8.2_400bps_hac@v4.3.0	10	9.84	chromosome=9.78;plasmid_1=10.52;plasmid_2=12.27;plasmid_3=15.13	B	minimap2	2.31	lr:hq	clair3	1.0.5	r1041_e82_400bps_hac_v430	docker://quay.io/mbhall88/clair3@sha256:6a4c352e7d14ebb67bdad4be366dcbf6afa66cc7f0ee0b37a05cebe3f4754735	CPU: AMD EPYC 9745	default_pass	ALL	0	0.999082	0.949392	0.973603	15.784454	15233	15231	812	14
KPC2__202310	Klebsiella pneumoniae	false	hac	dna_r10.4.1_e8.2_400bps_hac@v4.3.0	10	9.84	chromosome=9.78;plasmid_1=10.52;plasmid_2=12.27;plasmid_3=15.13	C	minimap2	2.31	lr:hq	clair3	2.0.3	r1041_e82_400bps_hac_v430	docker://hkubal/clair3@sha256:d56df84c2c7c508aaf0623b124d9926d366a58f34236505b26c055f848afa202	CPU: AMD EPYC 9745	sweep_best	SNP	0	0.999470	0.950180	0.974202	15.884140	15086	15082	791	8
KPC2__202310	Klebsiella pneumoniae	false	hac	dna_r10.4.1_e8.2_400bps_hac@v4.3.0	10	9.84	chromosome=9.78;plasmid_1=10.52;plasmid_2=12.27;plasmid_3=15.13	C	minimap2	2.31	lr:hq	clair3	2.0.3	r1041_e82_400bps_hac_v430	docker://hkubal/clair3@sha256:d56df84c2c7c508aaf0623b124d9926d366a58f34236505b26c055f848afa202	CPU: AMD EPYC 9745	sweep_best	INDEL	1	0.962264	0.898810	0.929455	11.515338	151	153	17	6
KPC2__202310	Klebsiella pneumoniae	false	hac	dna_r10.4.1_e8.2_400bps_hac@v4.3.0	10	9.84	chromosome=9.78;plasmid_1=10.52;plasmid_2=12.27;plasmid_3=15.13	C	minimap2	2.31	lr:hq	clair3	2.0.3	r1041_e82_400bps_hac_v430	docker://hkubal/clair3@sha256:d56df84c2c7c508aaf0623b124d9926d366a58f34236505b26c055f848afa202	CPU: AMD EPYC 9745	sweep_best	ALL	1	0.999082	0.949642	0.973735	15.806226	15237	15235	808	14
KPC2__202310	Klebsiella pneumoniae	false	hac	dna_r10.4.1_e8.2_400bps_hac@v4.3.0	10	9.84	chromosome=9.78;plasmid_1=10.52;plasmid_2=12.27;plasmid_3=15.13	C	minimap2	2.31	lr:hq	clair3	2.0.3	r1041_e82_400bps_hac_v430	docker://hkubal/clair3@sha256:d56df84c2c7c508aaf0623b124d9926d366a58f34236505b26c055f848afa202	CPU: AMD EPYC 9745	default_pass	SNP	0	0.999404	0.950180	0.974170	15.878756	15086	15082	791	9
KPC2__202310	Klebsiella pneumoniae	false	hac	dna_r10.4.1_e8.2_400bps_hac@v4.3.0	10	9.84	chromosome=9.78;plasmid_1=10.52;plasmid_2=12.27;plasmid_3=15.13	C	minimap2	2.31	lr:hq	clair3	2.0.3	r1041_e82_400bps_hac_v430	docker://hkubal/clair3@sha256:d56df84c2c7c508aaf0623b124d9926d366a58f34236505b26c055f848afa202	CPU: AMD EPYC 9745	default_pass	INDEL	0	0.967532	0.875000	0.918943	10.912095	147	149	21	5
KPC2__202310	Klebsiella pneumoniae	false	hac	dna_r10.4.1_e8.2_400bps_hac@v4.3.0	10	9.84	chromosome=9.78;plasmid_1=10.52;plasmid_2=12.27;plasmid_3=15.13	C	minimap2	2.31	lr:hq	clair3	2.0.3	r1041_e82_400bps_hac_v430	docker://hkubal/clair3@sha256:d56df84c2c7c508aaf0623b124d9926d366a58f34236505b26c055f848afa202	CPU: AMD EPYC 9745	default_pass	ALL	0	0.999082	0.949392	0.973603	15.784454	15233	15231	812	14
KPC2__202310	Klebsiella pneumoniae	false	hac	dna_r10.4.1_e8.2_400bps_hac@v4.3.0	10	9.84	chromosome=9.78;plasmid_1=10.52;plasmid_2=12.27;plasmid_3=15.13	D	minimap2	2.31	lr:hq	dorado	2.1.2	dna_r10.4.1_e8.2_400bps_polish_bacterial_methylation_v5.0.0		NVIDIA H100 80GB HBM3	sweep_best	SNP	5	0.997099	0.996095	0.996597	24.681381	15815	15809	62	46
KPC2__202310	Klebsiella pneumoniae	false	hac	dna_r10.4.1_e8.2_400bps_hac@v4.3.0	10	9.84	chromosome=9.78;plasmid_1=10.52;plasmid_2=12.27;plasmid_3=15.13	D	minimap2	2.31	lr:hq	dorado	2.1.2	dna_r10.4.1_e8.2_400bps_polish_bacterial_methylation_v5.0.0		NVIDIA H100 80GB HBM3	sweep_best	INDEL	11	0.865385	0.785714	0.823627	7.535679	132	135	36	21
KPC2__202310	Klebsiella pneumoniae	false	hac	dna_r10.4.1_e8.2_400bps_hac@v4.3.0	10	9.84	chromosome=9.78;plasmid_1=10.52;plasmid_2=12.27;plasmid_3=15.13	D	minimap2	2.31	lr:hq	dorado	2.1.2	dna_r10.4.1_e8.2_400bps_polish_bacterial_methylation_v5.0.0		NVIDIA H100 80GB HBM3	sweep_best	ALL	7	0.994382	0.993020	0.993700	22.006595	15933	15930	112	90
KPC2__202310	Klebsiella pneumoniae	false	hac	dna_r10.4.1_e8.2_400bps_hac@v4.3.0	10	9.84	chromosome=9.78;plasmid_1=10.52;plasmid_2=12.27;plasmid_3=15.13	D	minimap2	2.31	lr:hq	dorado	2.1.2	dna_r10.4.1_e8.2_400bps_polish_bacterial_methylation_v5.0.0		NVIDIA H100 80GB HBM3	default_pass	SNP	0	0.994474	0.997796	0.996132	24.125135	15842	15836	35	88
KPC2__202310	Klebsiella pneumoniae	false	hac	dna_r10.4.1_e8.2_400bps_hac@v4.3.0	10	9.84	chromosome=9.78;plasmid_1=10.52;plasmid_2=12.27;plasmid_3=15.13	D	minimap2	2.31	lr:hq	dorado	2.1.2	dna_r10.4.1_e8.2_400bps_polish_bacterial_methylation_v5.0.0		NVIDIA H100 80GB HBM3	default_pass	INDEL	0	0.420912	0.916667	0.576917	3.735744	154	157	14	216
KPC2__202310	Klebsiella pneumoniae	false	hac	dna_r10.4.1_e8.2_400bps_hac@v4.3.0	10	9.84	chromosome=9.78;plasmid_1=10.52;plasmid_2=12.27;plasmid_3=15.13	D	minimap2	2.31	lr:hq	dorado	2.1.2	dna_r10.4.1_e8.2_400bps_polish_bacterial_methylation_v5.0.0		NVIDIA H100 80GB HBM3	default_pass	ALL	0	0.981346	0.996946	0.989085	19.619763	15996	15993	49	304
KPC2__202310	Klebsiella pneumoniae	false	hac	dna_r10.4.1_e8.2_400bps_hac@v4.3.0	25	24.43	chromosome=24.29;plasmid_1=25.94;plasmid_2=30.77;plasmid_3=34.88	A	minimap2	2.26	map-ont	clair3	1.0.5	r1041_e82_400bps_hac_v430	docker://quay.io/mbhall88/clair3@sha256:6a4c352e7d14ebb67bdad4be366dcbf6afa66cc7f0ee0b37a05cebe3f4754735	CPU: AMD EPYC 9745	sweep_best	SNP	0	1.000000	0.994835	0.997411	25.868679	15795	15791	82	0
KPC2__202310	Klebsiella pneumoniae	false	hac	dna_r10.4.1_e8.2_400bps_hac@v4.3.0	25	24.43	chromosome=24.29;plasmid_1=25.94;plasmid_2=30.77;plasmid_3=34.88	A	minimap2	2.26	map-ont	clair3	1.0.5	r1041_e82_400bps_hac_v430	docker://quay.io/mbhall88/clair3@sha256:6a4c352e7d14ebb67bdad4be366dcbf6afa66cc7f0ee0b37a05cebe3f4754735	CPU: AMD EPYC 9745	sweep_best	INDEL	0	0.982036	0.964286	0.973080	15.699249	162	164	6	3
KPC2__202310	Klebsiella pneumoniae	false	hac	dna_r10.4.1_e8.2_400bps_hac@v4.3.0	25	24.43	chromosome=24.29;plasmid_1=25.94;plasmid_2=30.77;plasmid_3=34.88	A	minimap2	2.26	map-ont	clair3	1.0.5	r1041_e82_400bps_hac_v430	docker://quay.io/mbhall88/clair3@sha256:6a4c352e7d14ebb67bdad4be366dcbf6afa66cc7f0ee0b37a05cebe3f4754735	CPU: AMD EPYC 9745	sweep_best	ALL	0	0.999812	0.994515	0.997157	25.462231	15957	15955	88	3
KPC2__202310	Klebsiella pneumoniae	false	hac	dna_r10.4.1_e8.2_400bps_hac@v4.3.0	25	24.43	chromosome=24.29;plasmid_1=25.94;plasmid_2=30.77;plasmid_3=34.88	A	minimap2	2.26	map-ont	clair3	1.0.5	r1041_e82_400bps_hac_v430	docker://quay.io/mbhall88/clair3@sha256:6a4c352e7d14ebb67bdad4be366dcbf6afa66cc7f0ee0b37a05cebe3f4754735	CPU: AMD EPYC 9745	default_pass	SNP	0	1.000000	0.994835	0.997411	25.868679	15795	15791	82	0
KPC2__202310	Klebsiella pneumoniae	false	hac	dna_r10.4.1_e8.2_400bps_hac@v4.3.0	25	24.43	chromosome=24.29;plasmid_1=25.94;plasmid_2=30.77;plasmid_3=34.88	A	minimap2	2.26	map-ont	clair3	1.0.5	r1041_e82_400bps_hac_v430	docker://quay.io/mbhall88/clair3@sha256:6a4c352e7d14ebb67bdad4be366dcbf6afa66cc7f0ee0b37a05cebe3f4754735	CPU: AMD EPYC 9745	default_pass	INDEL	0	0.993789	0.940476	0.966398	14.736349	158	160	10	1
KPC2__202310	Klebsiella pneumoniae	false	hac	dna_r10.4.1_e8.2_400bps_hac@v4.3.0	25	24.43	chromosome=24.29;plasmid_1=25.94;plasmid_2=30.77;plasmid_3=34.88	A	minimap2	2.26	map-ont	clair3	1.0.5	r1041_e82_400bps_hac_v430	docker://quay.io/mbhall88/clair3@sha256:6a4c352e7d14ebb67bdad4be366dcbf6afa66cc7f0ee0b37a05cebe3f4754735	CPU: AMD EPYC 9745	default_pass	ALL	0	0.999937	0.994266	0.997094	25.367044	15953	15951	92	1
KPC2__202310	Klebsiella pneumoniae	false	hac	dna_r10.4.1_e8.2_400bps_hac@v4.3.0	25	24.43	chromosome=24.29;plasmid_1=25.94;plasmid_2=30.77;plasmid_3=34.88	B	minimap2	2.31	lr:hq	clair3	1.0.5	r1041_e82_400bps_hac_v430	docker://quay.io/mbhall88/clair3@sha256:6a4c352e7d14ebb67bdad4be366dcbf6afa66cc7f0ee0b37a05cebe3f4754735	CPU: AMD EPYC 9745	sweep_best	SNP	0	1.000000	0.994961	0.997474	25.975667	15797	15793	80	0
KPC2__202310	Klebsiella pneumoniae	false	hac	dna_r10.4.1_e8.2_400bps_hac@v4.3.0	25	24.43	chromosome=24.29;plasmid_1=25.94;plasmid_2=30.77;plasmid_3=34.88	B	minimap2	2.31	lr:hq	clair3	1.0.5	r1041_e82_400bps_hac_v430	docker://quay.io/mbhall88/clair3@sha256:6a4c352e7d14ebb67bdad4be366dcbf6afa66cc7f0ee0b37a05cebe3f4754735	CPU: AMD EPYC 9745	sweep_best	INDEL	0	0.982036	0.964286	0.973080	15.699249	162	164	6	3
KPC2__202310	Klebsiella pneumoniae	false	hac	dna_r10.4.1_e8.2_400bps_hac@v4.3.0	25	24.43	chromosome=24.29;plasmid_1=25.94;plasmid_2=30.77;plasmid_3=34.88	B	minimap2	2.31	lr:hq	clair3	1.0.5	r1041_e82_400bps_hac_v430	docker://quay.io/mbhall88/clair3@sha256:6a4c352e7d14ebb67bdad4be366dcbf6afa66cc7f0ee0b37a05cebe3f4754735	CPU: AMD EPYC 9745	sweep_best	ALL	0	0.999812	0.994640	0.997219	25.557990	15959	15957	86	3
KPC2__202310	Klebsiella pneumoniae	false	hac	dna_r10.4.1_e8.2_400bps_hac@v4.3.0	25	24.43	chromosome=24.29;plasmid_1=25.94;plasmid_2=30.77;plasmid_3=34.88	B	minimap2	2.31	lr:hq	clair3	1.0.5	r1041_e82_400bps_hac_v430	docker://quay.io/mbhall88/clair3@sha256:6a4c352e7d14ebb67bdad4be366dcbf6afa66cc7f0ee0b37a05cebe3f4754735	CPU: AMD EPYC 9745	default_pass	SNP	0	1.000000	0.994961	0.997474	25.975667	15797	15793	80	0
KPC2__202310	Klebsiella pneumoniae	false	hac	dna_r10.4.1_e8.2_400bps_hac@v4.3.0	25	24.43	chromosome=24.29;plasmid_1=25.94;plasmid_2=30.77;plasmid_3=34.88	B	minimap2	2.31	lr:hq	clair3	1.0.5	r1041_e82_400bps_hac_v430	docker://quay.io/mbhall88/clair3@sha256:6a4c352e7d14ebb67bdad4be366dcbf6afa66cc7f0ee0b37a05cebe3f4754735	CPU: AMD EPYC 9745	default_pass	INDEL	0	0.993789	0.940476	0.966398	14.736349	158	160	10	1
KPC2__202310	Klebsiella pneumoniae	false	hac	dna_r10.4.1_e8.2_400bps_hac@v4.3.0	25	24.43	chromosome=24.29;plasmid_1=25.94;plasmid_2=30.77;plasmid_3=34.88	B	minimap2	2.31	lr:hq	clair3	1.0.5	r1041_e82_400bps_hac_v430	docker://quay.io/mbhall88/clair3@sha256:6a4c352e7d14ebb67bdad4be366dcbf6afa66cc7f0ee0b37a05cebe3f4754735	CPU: AMD EPYC 9745	default_pass	ALL	0	0.999937	0.994391	0.997156	25.460704	15955	15953	90	1
KPC2__202310	Klebsiella pneumoniae	false	hac	dna_r10.4.1_e8.2_400bps_hac@v4.3.0	25	24.43	chromosome=24.29;plasmid_1=25.94;plasmid_2=30.77;plasmid_3=34.88	C	minimap2	2.31	lr:hq	clair3	2.0.3	r1041_e82_400bps_hac_v430	docker://hkubal/clair3@sha256:d56df84c2c7c508aaf0623b124d9926d366a58f34236505b26c055f848afa202	CPU: AMD EPYC 9745	sweep_best	SNP	0	1.000000	0.994961	0.997474	25.975667	15797	15793	80	0
KPC2__202310	Klebsiella pneumoniae	false	hac	dna_r10.4.1_e8.2_400bps_hac@v4.3.0	25	24.43	chromosome=24.29;plasmid_1=25.94;plasmid_2=30.77;plasmid_3=34.88	C	minimap2	2.31	lr:hq	clair3	2.0.3	r1041_e82_400bps_hac_v430	docker://hkubal/clair3@sha256:d56df84c2c7c508aaf0623b124d9926d366a58f34236505b26c055f848afa202	CPU: AMD EPYC 9745	sweep_best	INDEL	0	0.982036	0.964286	0.973080	15.699249	162	164	6	3
KPC2__202310	Klebsiella pneumoniae	false	hac	dna_r10.4.1_e8.2_400bps_hac@v4.3.0	25	24.43	chromosome=24.29;plasmid_1=25.94;plasmid_2=30.77;plasmid_3=34.88	C	minimap2	2.31	lr:hq	clair3	2.0.3	r1041_e82_400bps_hac_v430	docker://hkubal/clair3@sha256:d56df84c2c7c508aaf0623b124d9926d366a58f34236505b26c055f848afa202	CPU: AMD EPYC 9745	sweep_best	ALL	0	0.999812	0.994640	0.997219	25.557990	15959	15957	86	3
KPC2__202310	Klebsiella pneumoniae	false	hac	dna_r10.4.1_e8.2_400bps_hac@v4.3.0	25	24.43	chromosome=24.29;plasmid_1=25.94;plasmid_2=30.77;plasmid_3=34.88	C	minimap2	2.31	lr:hq	clair3	2.0.3	r1041_e82_400bps_hac_v430	docker://hkubal/clair3@sha256:d56df84c2c7c508aaf0623b124d9926d366a58f34236505b26c055f848afa202	CPU: AMD EPYC 9745	default_pass	SNP	0	1.000000	0.994961	0.997474	25.975667	15797	15793	80	0
KPC2__202310	Klebsiella pneumoniae	false	hac	dna_r10.4.1_e8.2_400bps_hac@v4.3.0	25	24.43	chromosome=24.29;plasmid_1=25.94;plasmid_2=30.77;plasmid_3=34.88	C	minimap2	2.31	lr:hq	clair3	2.0.3	r1041_e82_400bps_hac_v430	docker://hkubal/clair3@sha256:d56df84c2c7c508aaf0623b124d9926d366a58f34236505b26c055f848afa202	CPU: AMD EPYC 9745	default_pass	INDEL	0	0.993789	0.940476	0.966398	14.736349	158	160	10	1
KPC2__202310	Klebsiella pneumoniae	false	hac	dna_r10.4.1_e8.2_400bps_hac@v4.3.0	25	24.43	chromosome=24.29;plasmid_1=25.94;plasmid_2=30.77;plasmid_3=34.88	C	minimap2	2.31	lr:hq	clair3	2.0.3	r1041_e82_400bps_hac_v430	docker://hkubal/clair3@sha256:d56df84c2c7c508aaf0623b124d9926d366a58f34236505b26c055f848afa202	CPU: AMD EPYC 9745	default_pass	ALL	0	0.999937	0.994391	0.997156	25.460704	15955	15953	90	1
KPC2__202310	Klebsiella pneumoniae	false	hac	dna_r10.4.1_e8.2_400bps_hac@v4.3.0	25	24.43	chromosome=24.29;plasmid_1=25.94;plasmid_2=30.77;plasmid_3=34.88	D	minimap2	2.31	lr:hq	dorado	2.1.2	dna_r10.4.1_e8.2_400bps_polish_bacterial_methylation_v5.0.0		NVIDIA H100 80GB HBM3	sweep_best	SNP	4	1.000000	0.998866	0.999433	32.464169	15859	15853	18	0
KPC2__202310	Klebsiella pneumoniae	false	hac	dna_r10.4.1_e8.2_400bps_hac@v4.3.0	25	24.43	chromosome=24.29;plasmid_1=25.94;plasmid_2=30.77;plasmid_3=34.88	D	minimap2	2.31	lr:hq	dorado	2.1.2	dna_r10.4.1_e8.2_400bps_polish_bacterial_methylation_v5.0.0		NVIDIA H100 80GB HBM3	sweep_best	INDEL	7	0.927273	0.892857	0.909740	10.445047	150	153	18	12
KPC2__202310	Klebsiella pneumoniae	false	hac	dna_r10.4.1_e8.2_400bps_hac@v4.3.0	25	24.43	chromosome=24.29;plasmid_1=25.94;plasmid_2=30.77;plasmid_3=34.88	D	minimap2	2.31	lr:hq	dorado	2.1.2	dna_r10.4.1_e8.2_400bps_polish_bacterial_methylation_v5.0.0		NVIDIA H100 80GB HBM3	sweep_best	ALL	6	0.999126	0.997507	0.998316	27.736579	16005	16002	40	14
KPC2__202310	Klebsiella pneumoniae	false	hac	dna_r10.4.1_e8.2_400bps_hac@v4.3.0	25	24.43	chromosome=24.29;plasmid_1=25.94;plasmid_2=30.77;plasmid_3=34.88	D	minimap2	2.31	lr:hq	dorado	2.1.2	dna_r10.4.1_e8.2_400bps_polish_bacterial_methylation_v5.0.0		NVIDIA H100 80GB HBM3	default_pass	SNP	0	0.999748	0.999055	0.999401	32.225732	15862	15856	15	4
KPC2__202310	Klebsiella pneumoniae	false	hac	dna_r10.4.1_e8.2_400bps_hac@v4.3.0	25	24.43	chromosome=24.29;plasmid_1=25.94;plasmid_2=30.77;plasmid_3=34.88	D	minimap2	2.31	lr:hq	dorado	2.1.2	dna_r10.4.1_e8.2_400bps_polish_bacterial_methylation_v5.0.0		NVIDIA H100 80GB HBM3	default_pass	INDEL	0	0.805970	0.946429	0.870570	8.879650	159	162	9	39
KPC2__202310	Klebsiella pneumoniae	false	hac	dna_r10.4.1_e8.2_400bps_hac@v4.3.0	25	24.43	chromosome=24.29;plasmid_1=25.94;plasmid_2=30.77;plasmid_3=34.88	D	minimap2	2.31	lr:hq	dorado	2.1.2	dna_r10.4.1_e8.2_400bps_polish_bacterial_methylation_v5.0.0		NVIDIA H100 80GB HBM3	default_pass	ALL	0	0.997323	0.998504	0.997913	26.804776	16021	16018	24	43
KPC2__202310	Klebsiella pneumoniae	false	hac	dna_r10.4.1_e8.2_400bps_hac@v4.3.0	50	47.15	chromosome=46.83;plasmid_1=51.42;plasmid_2=60.18;plasmid_3=65.97	A	minimap2	2.26	map-ont	clair3	1.0.5	r1041_e82_400bps_hac_v430	docker://quay.io/mbhall88/clair3@sha256:6a4c352e7d14ebb67bdad4be366dcbf6afa66cc7f0ee0b37a05cebe3f4754735	CPU: AMD EPYC 9745	sweep_best	SNP	0	1.000000	0.999622	0.999811	37.235382	15871	15865	6	0
KPC2__202310	Klebsiella pneumoniae	false	hac	dna_r10.4.1_e8.2_400bps_hac@v4.3.0	50	47.15	chromosome=46.83;plasmid_1=51.42;plasmid_2=60.18;plasmid_3=65.97	A	minimap2	2.26	map-ont	clair3	1.0.5	r1041_e82_400bps_hac_v430	docker://quay.io/mbhall88/clair3@sha256:6a4c352e7d14ebb67bdad4be366dcbf6afa66cc7f0ee0b37a05cebe3f4754735	CPU: AMD EPYC 9745	sweep_best	INDEL	1	1.000000	0.988095	0.994012	22.227182	166	169	2	0
KPC2__202310	Klebsiella pneumoniae	false	hac	dna_r10.4.1_e8.2_400bps_hac@v4.3.0	50	47.15	chromosome=46.83;plasmid_1=51.42;plasmid_2=60.18;plasmid_3=65.97	A	minimap2	2.26	map-ont	clair3	1.0.5	r1041_e82_400bps_hac_v430	docker://quay.io/mbhall88/clair3@sha256:6a4c352e7d14ebb67bdad4be366dcbf6afa66cc7f0ee0b37a05cebe3f4754735	CPU: AMD EPYC 9745	sweep_best	ALL	1	1.000000	0.999501	0.999751	36.038007	16037	16034	8	0
KPC2__202310	Klebsiella pneumoniae	false	hac	dna_r10.4.1_e8.2_400bps_hac@v4.3.0	50	47.15	chromosome=46.83;plasmid_1=51.42;plasmid_2=60.18;plasmid_3=65.97	A	minimap2	2.26	map-ont	clair3	1.0.5	r1041_e82_400bps_hac_v430	docker://quay.io/mbhall88/clair3@sha256:6a4c352e7d14ebb67bdad4be366dcbf6afa66cc7f0ee0b37a05cebe3f4754735	CPU: AMD EPYC 9745	default_pass	SNP	0	1.000000	0.999622	0.999811	37.235382	15871	15865	6	0
KPC2__202310	Klebsiella pneumoniae	false	hac	dna_r10.4.1_e8.2_400bps_hac@v4.3.0	50	47.15	chromosome=46.83;plasmid_1=51.42;plasmid_2=60.18;plasmid_3=65.97	A	minimap2	2.26	map-ont	clair3	1.0.5	r1041_e82_400bps_hac_v430	docker://quay.io/mbhall88/clair3@sha256:6a4c352e7d14ebb67bdad4be366dcbf6afa66cc7f0ee0b37a05cebe3f4754735	CPU: AMD EPYC 9745	default_pass	INDEL	0	1.000000	0.976190	0.987952	19.190850	164	167	4	0
KPC2__202310	Klebsiella pneumoniae	false	hac	dna_r10.4.1_e8.2_400bps_hac@v4.3.0	50	47.15	chromosome=46.83;plasmid_1=51.42;plasmid_2=60.18;plasmid_3=65.97	A	minimap2	2.26	map-ont	clair3	1.0.5	r1041_e82_400bps_hac_v430	docker://quay.io/mbhall88/clair3@sha256:6a4c352e7d14ebb67bdad4be366dcbf6afa66cc7f0ee0b37a05cebe3f4754735	CPU: AMD EPYC 9745	default_pass	ALL	0	1.000000	0.999377	0.999688	35.058454	16035	16032	10	0
KPC2__202310	Klebsiella pneumoniae	false	hac	dna_r10.4.1_e8.2_400bps_hac@v4.3.0	50	47.15	chromosome=46.83;plasmid_1=51.42;plasmid_2=60.18;plasmid_3=65.97	B	minimap2	2.31	lr:hq	clair3	1.0.5	r1041_e82_400bps_hac_v430	docker://quay.io/mbhall88/clair3@sha256:6a4c352e7d14ebb67bdad4be366dcbf6afa66cc7f0ee0b37a05cebe3f4754735	CPU: AMD EPYC 9745	sweep_best	SNP	0	1.000000	0.999622	0.999811	37.235382	15871	15865	6	0
KPC2__202310	Klebsiella pneumoniae	false	hac	dna_r10.4.1_e8.2_400bps_hac@v4.3.0	50	47.15	chromosome=46.83;plasmid_1=51.42;plasmid_2=60.18;plasmid_3=65.97	B	minimap2	2.31	lr:hq	clair3	1.0.5	r1041_e82_400bps_hac_v430	docker://quay.io/mbhall88/clair3@sha256:6a4c352e7d14ebb67bdad4be366dcbf6afa66cc7f0ee0b37a05cebe3f4754735	CPU: AMD EPYC 9745	sweep_best	INDEL	1	1.000000	0.988095	0.994012	22.227182	166	169	2	0
KPC2__202310	Klebsiella pneumoniae	false	hac	dna_r10.4.1_e8.2_400bps_hac@v4.3.0	50	47.15	chromosome=46.83;plasmid_1=51.42;plasmid_2=60.18;plasmid_3=65.97	B	minimap2	2.31	lr:hq	clair3	1.0.5	r1041_e82_400bps_hac_v430	docker://quay.io/mbhall88/clair3@sha256:6a4c352e7d14ebb67bdad4be366dcbf6afa66cc7f0ee0b37a05cebe3f4754735	CPU: AMD EPYC 9745	sweep_best	ALL	1	1.000000	0.999501	0.999751	36.038007	16037	16034	8	0
KPC2__202310	Klebsiella pneumoniae	false	hac	dna_r10.4.1_e8.2_400bps_hac@v4.3.0	50	47.15	chromosome=46.83;plasmid_1=51.42;plasmid_2=60.18;plasmid_3=65.97	B	minimap2	2.31	lr:hq	clair3	1.0.5	r1041_e82_400bps_hac_v430	docker://quay.io/mbhall88/clair3@sha256:6a4c352e7d14ebb67bdad4be366dcbf6afa66cc7f0ee0b37a05cebe3f4754735	CPU: AMD EPYC 9745	default_pass	SNP	0	1.000000	0.999622	0.999811	37.235382	15871	15865	6	0
KPC2__202310	Klebsiella pneumoniae	false	hac	dna_r10.4.1_e8.2_400bps_hac@v4.3.0	50	47.15	chromosome=46.83;plasmid_1=51.42;plasmid_2=60.18;plasmid_3=65.97	B	minimap2	2.31	lr:hq	clair3	1.0.5	r1041_e82_400bps_hac_v430	docker://quay.io/mbhall88/clair3@sha256:6a4c352e7d14ebb67bdad4be366dcbf6afa66cc7f0ee0b37a05cebe3f4754735	CPU: AMD EPYC 9745	default_pass	INDEL	0	1.000000	0.976190	0.987952	19.190850	164	167	4	0
KPC2__202310	Klebsiella pneumoniae	false	hac	dna_r10.4.1_e8.2_400bps_hac@v4.3.0	50	47.15	chromosome=46.83;plasmid_1=51.42;plasmid_2=60.18;plasmid_3=65.97	B	minimap2	2.31	lr:hq	clair3	1.0.5	r1041_e82_400bps_hac_v430	docker://quay.io/mbhall88/clair3@sha256:6a4c352e7d14ebb67bdad4be366dcbf6afa66cc7f0ee0b37a05cebe3f4754735	CPU: AMD EPYC 9745	default_pass	ALL	0	1.000000	0.999377	0.999688	35.058454	16035	16032	10	0
KPC2__202310	Klebsiella pneumoniae	false	hac	dna_r10.4.1_e8.2_400bps_hac@v4.3.0	50	47.15	chromosome=46.83;plasmid_1=51.42;plasmid_2=60.18;plasmid_3=65.97	C	minimap2	2.31	lr:hq	clair3	2.0.3	r1041_e82_400bps_hac_v430	docker://hkubal/clair3@sha256:d56df84c2c7c508aaf0623b124d9926d366a58f34236505b26c055f848afa202	CPU: AMD EPYC 9745	sweep_best	SNP	0	1.000000	0.999622	0.999811	37.235382	15871	15865	6	0
KPC2__202310	Klebsiella pneumoniae	false	hac	dna_r10.4.1_e8.2_400bps_hac@v4.3.0	50	47.15	chromosome=46.83;plasmid_1=51.42;plasmid_2=60.18;plasmid_3=65.97	C	minimap2	2.31	lr:hq	clair3	2.0.3	r1041_e82_400bps_hac_v430	docker://hkubal/clair3@sha256:d56df84c2c7c508aaf0623b124d9926d366a58f34236505b26c055f848afa202	CPU: AMD EPYC 9745	sweep_best	INDEL	1	1.000000	0.988095	0.994012	22.227182	166	169	2	0
KPC2__202310	Klebsiella pneumoniae	false	hac	dna_r10.4.1_e8.2_400bps_hac@v4.3.0	50	47.15	chromosome=46.83;plasmid_1=51.42;plasmid_2=60.18;plasmid_3=65.97	C	minimap2	2.31	lr:hq	clair3	2.0.3	r1041_e82_400bps_hac_v430	docker://hkubal/clair3@sha256:d56df84c2c7c508aaf0623b124d9926d366a58f34236505b26c055f848afa202	CPU: AMD EPYC 9745	sweep_best	ALL	1	1.000000	0.999501	0.999751	36.038007	16037	16034	8	0
KPC2__202310	Klebsiella pneumoniae	false	hac	dna_r10.4.1_e8.2_400bps_hac@v4.3.0	50	47.15	chromosome=46.83;plasmid_1=51.42;plasmid_2=60.18;plasmid_3=65.97	C	minimap2	2.31	lr:hq	clair3	2.0.3	r1041_e82_400bps_hac_v430	docker://hkubal/clair3@sha256:d56df84c2c7c508aaf0623b124d9926d366a58f34236505b26c055f848afa202	CPU: AMD EPYC 9745	default_pass	SNP	0	1.000000	0.999622	0.999811	37.235382	15871	15865	6	0
KPC2__202310	Klebsiella pneumoniae	false	hac	dna_r10.4.1_e8.2_400bps_hac@v4.3.0	50	47.15	chromosome=46.83;plasmid_1=51.42;plasmid_2=60.18;plasmid_3=65.97	C	minimap2	2.31	lr:hq	clair3	2.0.3	r1041_e82_400bps_hac_v430	docker://hkubal/clair3@sha256:d56df84c2c7c508aaf0623b124d9926d366a58f34236505b26c055f848afa202	CPU: AMD EPYC 9745	default_pass	INDEL	0	1.000000	0.976190	0.987952	19.190850	164	167	4	0
KPC2__202310	Klebsiella pneumoniae	false	hac	dna_r10.4.1_e8.2_400bps_hac@v4.3.0	50	47.15	chromosome=46.83;plasmid_1=51.42;plasmid_2=60.18;plasmid_3=65.97	C	minimap2	2.31	lr:hq	clair3	2.0.3	r1041_e82_400bps_hac_v430	docker://hkubal/clair3@sha256:d56df84c2c7c508aaf0623b124d9926d366a58f34236505b26c055f848afa202	CPU: AMD EPYC 9745	default_pass	ALL	0	1.000000	0.999377	0.999688	35.058454	16035	16032	10	0
KPC2__202310	Klebsiella pneumoniae	false	hac	dna_r10.4.1_e8.2_400bps_hac@v4.3.0	50	47.15	chromosome=46.83;plasmid_1=51.42;plasmid_2=60.18;plasmid_3=65.97	D	minimap2	2.31	lr:hq	dorado	2.1.2	dna_r10.4.1_e8.2_400bps_polish_bacterial_methylation_v5.0.0		NVIDIA H100 80GB HBM3	sweep_best	SNP	0	0.999937	0.999433	0.999685	35.016894	15868	15862	9	1
KPC2__202310	Klebsiella pneumoniae	false	hac	dna_r10.4.1_e8.2_400bps_hac@v4.3.0	50	47.15	chromosome=46.83;plasmid_1=51.42;plasmid_2=60.18;plasmid_3=65.97	D	minimap2	2.31	lr:hq	dorado	2.1.2	dna_r10.4.1_e8.2_400bps_polish_bacterial_methylation_v5.0.0		NVIDIA H100 80GB HBM3	sweep_best	INDEL	7	0.987179	0.898810	0.940924	12.285889	151	154	17	2
KPC2__202310	Klebsiella pneumoniae	false	hac	dna_r10.4.1_e8.2_400bps_hac@v4.3.0	50	47.15	chromosome=46.83;plasmid_1=51.42;plasmid_2=60.18;plasmid_3=65.97	D	minimap2	2.31	lr:hq	dorado	2.1.2	dna_r10.4.1_e8.2_400bps_polish_bacterial_methylation_v5.0.0		NVIDIA H100 80GB HBM3	sweep_best	ALL	4	0.999376	0.998753	0.999065	30.291884	16025	16022	20	10
KPC2__202310	Klebsiella pneumoniae	false	hac	dna_r10.4.1_e8.2_400bps_hac@v4.3.0	50	47.15	chromosome=46.83;plasmid_1=51.42;plasmid_2=60.18;plasmid_3=65.97	D	minimap2	2.31	lr:hq	dorado	2.1.2	dna_r10.4.1_e8.2_400bps_polish_bacterial_methylation_v5.0.0		NVIDIA H100 80GB HBM3	default_pass	SNP	0	0.999937	0.999433	0.999685	35.016894	15868	15862	9	1
KPC2__202310	Klebsiella pneumoniae	false	hac	dna_r10.4.1_e8.2_400bps_hac@v4.3.0	50	47.15	chromosome=46.83;plasmid_1=51.42;plasmid_2=60.18;plasmid_3=65.97	D	minimap2	2.31	lr:hq	dorado	2.1.2	dna_r10.4.1_e8.2_400bps_polish_bacterial_methylation_v5.0.0		NVIDIA H100 80GB HBM3	default_pass	INDEL	0	0.920455	0.946429	0.933261	11.756203	159	162	9	14
KPC2__202310	Klebsiella pneumoniae	false	hac	dna_r10.4.1_e8.2_400bps_hac@v4.3.0	50	47.15	chromosome=46.83;plasmid_1=51.42;plasmid_2=60.18;plasmid_3=65.97	D	minimap2	2.31	lr:hq	dorado	2.1.2	dna_r10.4.1_e8.2_400bps_polish_bacterial_methylation_v5.0.0		NVIDIA H100 80GB HBM3	default_pass	ALL	0	0.999065	0.998878	0.998972	29.880069	16027	16024	18	15
KPC2__202310	Klebsiella pneumoniae	false	sup	dna_r10.4.1_e8.2_400bps_sup@v4.3.0	5	4.97	chromosome=4.93;plasmid_1=5.46;plasmid_2=7.14;plasmid_3=7.62	A	minimap2	2.26	map-ont	clair3	1.0.5	r1041_e82_400bps_sup_v430	docker://quay.io/mbhall88/clair3@sha256:6a4c352e7d14ebb67bdad4be366dcbf6afa66cc7f0ee0b37a05cebe3f4754735	CPU: AMD EPYC 9745	sweep_best	SNP	2	0.998281	0.951250	0.974198	15.883466	15103	15099	774	26
KPC2__202310	Klebsiella pneumoniae	false	sup	dna_r10.4.1_e8.2_400bps_sup@v4.3.0	5	4.97	chromosome=4.93;plasmid_1=5.46;plasmid_2=7.14;plasmid_3=7.62	A	minimap2	2.26	map-ont	clair3	1.0.5	r1041_e82_400bps_sup_v430	docker://quay.io/mbhall88/clair3@sha256:6a4c352e7d14ebb67bdad4be366dcbf6afa66cc7f0ee0b37a05cebe3f4754735	CPU: AMD EPYC 9745	sweep_best	INDEL	1	0.934211	0.833333	0.880893	9.240627	140	142	28	10
KPC2__202310	Klebsiella pneumoniae	false	sup	dna_r10.4.1_e8.2_400bps_sup@v4.3.0	5	4.97	chromosome=4.93;plasmid_1=5.46;plasmid_2=7.14;plasmid_3=7.62	A	minimap2	2.26	map-ont	clair3	1.0.5	r1041_e82_400bps_sup_v430	docker://quay.io/mbhall88/clair3@sha256:6a4c352e7d14ebb67bdad4be366dcbf6afa66cc7f0ee0b37a05cebe3f4754735	CPU: AMD EPYC 9745	sweep_best	ALL	2	0.997839	0.949766	0.973209	15.720111	15239	15237	806	33
KPC2__202310	Klebsiella pneumoniae	false	sup	dna_r10.4.1_e8.2_400bps_sup@v4.3.0	5	4.97	chromosome=4.93;plasmid_1=5.46;plasmid_2=7.14;plasmid_3=7.62	A	minimap2	2.26	map-ont	clair3	1.0.5	r1041_e82_400bps_sup_v430	docker://quay.io/mbhall88/clair3@sha256:6a4c352e7d14ebb67bdad4be366dcbf6afa66cc7f0ee0b37a05cebe3f4754735	CPU: AMD EPYC 9745	default_pass	SNP	0	0.998281	0.951250	0.974198	15.883466	15103	15099	774	26
KPC2__202310	Klebsiella pneumoniae	false	sup	dna_r10.4.1_e8.2_400bps_sup@v4.3.0	5	4.97	chromosome=4.93;plasmid_1=5.46;plasmid_2=7.14;plasmid_3=7.62	A	minimap2	2.26	map-ont	clair3	1.0.5	r1041_e82_400bps_sup_v430	docker://quay.io/mbhall88/clair3@sha256:6a4c352e7d14ebb67bdad4be366dcbf6afa66cc7f0ee0b37a05cebe3f4754735	CPU: AMD EPYC 9745	default_pass	INDEL	0	0.951724	0.809524	0.874883	9.026837	136	138	32	7
KPC2__202310	Klebsiella pneumoniae	false	sup	dna_r10.4.1_e8.2_400bps_sup@v4.3.0	5	4.97	chromosome=4.93;plasmid_1=5.46;plasmid_2=7.14;plasmid_3=7.62	A	minimap2	2.26	map-ont	clair3	1.0.5	r1041_e82_400bps_sup_v430	docker://quay.io/mbhall88/clair3@sha256:6a4c352e7d14ebb67bdad4be366dcbf6afa66cc7f0ee0b37a05cebe3f4754735	CPU: AMD EPYC 9745	default_pass	ALL	0	0.997839	0.949766	0.973209	15.720111	15239	15237	806	33
KPC2__202310	Klebsiella pneumoniae	false	sup	dna_r10.4.1_e8.2_400bps_sup@v4.3.0	5	4.97	chromosome=4.93;plasmid_1=5.46;plasmid_2=7.14;plasmid_3=7.62	B	minimap2	2.31	lr:hq	clair3	1.0.5	r1041_e82_400bps_sup_v430	docker://quay.io/mbhall88/clair3@sha256:6a4c352e7d14ebb67bdad4be366dcbf6afa66cc7f0ee0b37a05cebe3f4754735	CPU: AMD EPYC 9745	sweep_best	SNP	2	0.998347	0.951502	0.974362	15.911159	15107	15103	770	25
KPC2__202310	Klebsiella pneumoniae	false	sup	dna_r10.4.1_e8.2_400bps_sup@v4.3.0	5	4.97	chromosome=4.93;plasmid_1=5.46;plasmid_2=7.14;plasmid_3=7.62	B	minimap2	2.31	lr:hq	clair3	1.0.5	r1041_e82_400bps_sup_v430	docker://quay.io/mbhall88/clair3@sha256:6a4c352e7d14ebb67bdad4be366dcbf6afa66cc7f0ee0b37a05cebe3f4754735	CPU: AMD EPYC 9745	sweep_best	INDEL	1	0.934211	0.833333	0.880893	9.240627	140	142	28	10
KPC2__202310	Klebsiella pneumoniae	false	sup	dna_r10.4.1_e8.2_400bps_sup@v4.3.0	5	4.97	chromosome=4.93;plasmid_1=5.46;plasmid_2=7.14;plasmid_3=7.62	B	minimap2	2.31	lr:hq	clair3	1.0.5	r1041_e82_400bps_sup_v430	docker://quay.io/mbhall88/clair3@sha256:6a4c352e7d14ebb67bdad4be366dcbf6afa66cc7f0ee0b37a05cebe3f4754735	CPU: AMD EPYC 9745	sweep_best	ALL	2	0.997905	0.950016	0.973372	15.746615	15243	15241	802	32
KPC2__202310	Klebsiella pneumoniae	false	sup	dna_r10.4.1_e8.2_400bps_sup@v4.3.0	5	4.97	chromosome=4.93;plasmid_1=5.46;plasmid_2=7.14;plasmid_3=7.62	B	minimap2	2.31	lr:hq	clair3	1.0.5	r1041_e82_400bps_sup_v430	docker://quay.io/mbhall88/clair3@sha256:6a4c352e7d14ebb67bdad4be366dcbf6afa66cc7f0ee0b37a05cebe3f4754735	CPU: AMD EPYC 9745	default_pass	SNP	0	0.998347	0.951502	0.974362	15.911159	15107	15103	770	25
KPC2__202310	Klebsiella pneumoniae	false	sup	dna_r10.4.1_e8.2_400bps_sup@v4.3.0	5	4.97	chromosome=4.93;plasmid_1=5.46;plasmid_2=7.14;plasmid_3=7.62	B	minimap2	2.31	lr:hq	clair3	1.0.5	r1041_e82_400bps_sup_v430	docker://quay.io/mbhall88/clair3@sha256:6a4c352e7d14ebb67bdad4be366dcbf6afa66cc7f0ee0b37a05cebe3f4754735	CPU: AMD EPYC 9745	default_pass	INDEL	0	0.951724	0.809524	0.874883	9.026837	136	138	32	7
KPC2__202310	Klebsiella pneumoniae	false	sup	dna_r10.4.1_e8.2_400bps_sup@v4.3.0	5	4.97	chromosome=4.93;plasmid_1=5.46;plasmid_2=7.14;plasmid_3=7.62	B	minimap2	2.31	lr:hq	clair3	1.0.5	r1041_e82_400bps_sup_v430	docker://quay.io/mbhall88/clair3@sha256:6a4c352e7d14ebb67bdad4be366dcbf6afa66cc7f0ee0b37a05cebe3f4754735	CPU: AMD EPYC 9745	default_pass	ALL	0	0.997905	0.950016	0.973372	15.746615	15243	15241	802	32
KPC2__202310	Klebsiella pneumoniae	false	sup	dna_r10.4.1_e8.2_400bps_sup@v4.3.0	5	4.97	chromosome=4.93;plasmid_1=5.46;plasmid_2=7.14;plasmid_3=7.62	C	minimap2	2.31	lr:hq	clair3	2.0.3	r1041_e82_400bps_sup_v430	docker://hkubal/clair3@sha256:d56df84c2c7c508aaf0623b124d9926d366a58f34236505b26c055f848afa202	CPU: AMD EPYC 9745	sweep_best	SNP	2	0.998347	0.951502	0.974362	15.911159	15107	15103	770	25
KPC2__202310	Klebsiella pneumoniae	false	sup	dna_r10.4.1_e8.2_400bps_sup@v4.3.0	5	4.97	chromosome=4.93;plasmid_1=5.46;plasmid_2=7.14;plasmid_3=7.62	C	minimap2	2.31	lr:hq	clair3	2.0.3	r1041_e82_400bps_sup_v430	docker://hkubal/clair3@sha256:d56df84c2c7c508aaf0623b124d9926d366a58f34236505b26c055f848afa202	CPU: AMD EPYC 9745	sweep_best	INDEL	1	0.934211	0.833333	0.880893	9.240627	140	142	28	10
KPC2__202310	Klebsiella pneumoniae	false	sup	dna_r10.4.1_e8.2_400bps_sup@v4.3.0	5	4.97	chromosome=4.93;plasmid_1=5.46;plasmid_2=7.14;plasmid_3=7.62	C	minimap2	2.31	lr:hq	clair3	2.0.3	r1041_e82_400bps_sup_v430	docker://hkubal/clair3@sha256:d56df84c2c7c508aaf0623b124d9926d366a58f34236505b26c055f848afa202	CPU: AMD EPYC 9745	sweep_best	ALL	2	0.997905	0.950016	0.973372	15.746615	15243	15241	802	32
KPC2__202310	Klebsiella pneumoniae	false	sup	dna_r10.4.1_e8.2_400bps_sup@v4.3.0	5	4.97	chromosome=4.93;plasmid_1=5.46;plasmid_2=7.14;plasmid_3=7.62	C	minimap2	2.31	lr:hq	clair3	2.0.3	r1041_e82_400bps_sup_v430	docker://hkubal/clair3@sha256:d56df84c2c7c508aaf0623b124d9926d366a58f34236505b26c055f848afa202	CPU: AMD EPYC 9745	default_pass	SNP	0	0.998347	0.951502	0.974362	15.911159	15107	15103	770	25
KPC2__202310	Klebsiella pneumoniae	false	sup	dna_r10.4.1_e8.2_400bps_sup@v4.3.0	5	4.97	chromosome=4.93;plasmid_1=5.46;plasmid_2=7.14;plasmid_3=7.62	C	minimap2	2.31	lr:hq	clair3	2.0.3	r1041_e82_400bps_sup_v430	docker://hkubal/clair3@sha256:d56df84c2c7c508aaf0623b124d9926d366a58f34236505b26c055f848afa202	CPU: AMD EPYC 9745	default_pass	INDEL	0	0.951724	0.809524	0.874883	9.026837	136	138	32	7
KPC2__202310	Klebsiella pneumoniae	false	sup	dna_r10.4.1_e8.2_400bps_sup@v4.3.0	5	4.97	chromosome=4.93;plasmid_1=5.46;plasmid_2=7.14;plasmid_3=7.62	C	minimap2	2.31	lr:hq	clair3	2.0.3	r1041_e82_400bps_sup_v430	docker://hkubal/clair3@sha256:d56df84c2c7c508aaf0623b124d9926d366a58f34236505b26c055f848afa202	CPU: AMD EPYC 9745	default_pass	ALL	0	0.997905	0.950016	0.973372	15.746615	15243	15241	802	32
KPC2__202310	Klebsiella pneumoniae	false	sup	dna_r10.4.1_e8.2_400bps_sup@v4.3.0	5	4.97	chromosome=4.93;plasmid_1=5.46;plasmid_2=7.14;plasmid_3=7.62	D	minimap2	2.31	lr:hq	dorado	2.1.2	dna_r10.4.1_e8.2_400bps_polish_bacterial_methylation_v5.0.0		NVIDIA H100 80GB HBM3	sweep_best	SNP	12	0.992337	0.987340	0.989833	19.928072	15676	15670	201	121
KPC2__202310	Klebsiella pneumoniae	false	sup	dna_r10.4.1_e8.2_400bps_sup@v4.3.0	5	4.97	chromosome=4.93;plasmid_1=5.46;plasmid_2=7.14;plasmid_3=7.62	D	minimap2	2.31	lr:hq	dorado	2.1.2	dna_r10.4.1_e8.2_400bps_polish_bacterial_methylation_v5.0.0		NVIDIA H100 80GB HBM3	sweep_best	INDEL	15	0.816327	0.696429	0.751626	6.048939	117	120	51	27
KPC2__202310	Klebsiella pneumoniae	false	sup	dna_r10.4.1_e8.2_400bps_sup@v4.3.0	5	4.97	chromosome=4.93;plasmid_1=5.46;plasmid_2=7.14;plasmid_3=7.62	D	minimap2	2.31	lr:hq	dorado	2.1.2	dna_r10.4.1_e8.2_400bps_polish_bacterial_methylation_v5.0.0		NVIDIA H100 80GB HBM3	sweep_best	ALL	14	0.992565	0.981988	0.987248	18.944217	15756	15753	289	118
KPC2__202310	Klebsiella pneumoniae	false	sup	dna_r10.4.1_e8.2_400bps_sup@v4.3.0	5	4.97	chromosome=4.93;plasmid_1=5.46;plasmid_2=7.14;plasmid_3=7.62	D	minimap2	2.31	lr:hq	dorado	2.1.2	dna_r10.4.1_e8.2_400bps_polish_bacterial_methylation_v5.0.0		NVIDIA H100 80GB HBM3	default_pass	SNP	0	0.947031	0.996977	0.971362	15.430573	15829	15823	48	885
KPC2__202310	Klebsiella pneumoniae	false	sup	dna_r10.4.1_e8.2_400bps_sup@v4.3.0	5	4.97	chromosome=4.93;plasmid_1=5.46;plasmid_2=7.14;plasmid_3=7.62	D	minimap2	2.31	lr:hq	dorado	2.1.2	dna_r10.4.1_e8.2_400bps_polish_bacterial_methylation_v5.0.0		NVIDIA H100 80GB HBM3	default_pass	INDEL	0	0.210818	0.886905	0.340661	1.808912	149	152	19	569
KPC2__202310	Klebsiella pneumoniae	false	sup	dna_r10.4.1_e8.2_400bps_sup@v4.3.0	5	4.97	chromosome=4.93;plasmid_1=5.46;plasmid_2=7.14;plasmid_3=7.62	D	minimap2	2.31	lr:hq	dorado	2.1.2	dna_r10.4.1_e8.2_400bps_polish_bacterial_methylation_v5.0.0		NVIDIA H100 80GB HBM3	default_pass	ALL	0	0.916576	0.995824	0.954558	13.425426	15978	15975	67	1454
KPC2__202310	Klebsiella pneumoniae	false	sup	dna_r10.4.1_e8.2_400bps_sup@v4.3.0	10	9.98	chromosome=9.91;plasmid_1=10.72;plasmid_2=13.20;plasmid_3=14.30	A	minimap2	2.26	map-ont	clair3	1.0.5	r1041_e82_400bps_sup_v430	docker://quay.io/mbhall88/clair3@sha256:6a4c352e7d14ebb67bdad4be366dcbf6afa66cc7f0ee0b37a05cebe3f4754735	CPU: AMD EPYC 9745	sweep_best	SNP	0	0.999736	0.955407	0.977069	16.395770	15169	15163	708	4
KPC2__202310	Klebsiella pneumoniae	false	sup	dna_r10.4.1_e8.2_400bps_sup@v4.3.0	10	9.98	chromosome=9.91;plasmid_1=10.72;plasmid_2=13.20;plasmid_3=14.30	A	minimap2	2.26	map-ont	clair3	1.0.5	r1041_e82_400bps_sup_v430	docker://quay.io/mbhall88/clair3@sha256:6a4c352e7d14ebb67bdad4be366dcbf6afa66cc7f0ee0b37a05cebe3f4754735	CPU: AMD EPYC 9745	sweep_best	INDEL	1	0.981366	0.922619	0.951086	13.105668	155	158	13	3
KPC2__202310	Klebsiella pneumoniae	false	sup	dna_r10.4.1_e8.2_400bps_sup@v4.3.0	10	9.98	chromosome=9.91;plasmid_1=10.72;plasmid_2=13.20;plasmid_3=14.30	A	minimap2	2.26	map-ont	clair3	1.0.5	r1041_e82_400bps_sup_v430	docker://quay.io/mbhall88/clair3@sha256:6a4c352e7d14ebb67bdad4be366dcbf6afa66cc7f0ee0b37a05cebe3f4754735	CPU: AMD EPYC 9745	sweep_best	ALL	1	0.999543	0.955064	0.976797	16.344559	15324	15321	721	7
KPC2__202310	Klebsiella pneumoniae	false	sup	dna_r10.4.1_e8.2_400bps_sup@v4.3.0	10	9.98	chromosome=9.91;plasmid_1=10.72;plasmid_2=13.20;plasmid_3=14.30	A	minimap2	2.26	map-ont	clair3	1.0.5	r1041_e82_400bps_sup_v430	docker://quay.io/mbhall88/clair3@sha256:6a4c352e7d14ebb67bdad4be366dcbf6afa66cc7f0ee0b37a05cebe3f4754735	CPU: AMD EPYC 9745	default_pass	SNP	0	0.999736	0.955470	0.977102	16.402024	15170	15164	707	4
KPC2__202310	Klebsiella pneumoniae	false	sup	dna_r10.4.1_e8.2_400bps_sup@v4.3.0	10	9.98	chromosome=9.91;plasmid_1=10.72;plasmid_2=13.20;plasmid_3=14.30	A	minimap2	2.26	map-ont	clair3	1.0.5	r1041_e82_400bps_sup_v430	docker://quay.io/mbhall88/clair3@sha256:6a4c352e7d14ebb67bdad4be366dcbf6afa66cc7f0ee0b37a05cebe3f4754735	CPU: AMD EPYC 9745	default_pass	INDEL	0	0.993631	0.910714	0.950367	13.042295	153	156	15	1
KPC2__202310	Klebsiella pneumoniae	false	sup	dna_r10.4.1_e8.2_400bps_sup@v4.3.0	10	9.98	chromosome=9.91;plasmid_1=10.72;plasmid_2=13.20;plasmid_3=14.30	A	minimap2	2.26	map-ont	clair3	1.0.5	r1041_e82_400bps_sup_v430	docker://quay.io/mbhall88/clair3@sha256:6a4c352e7d14ebb67bdad4be366dcbf6afa66cc7f0ee0b37a05cebe3f4754735	CPU: AMD EPYC 9745	default_pass	ALL	0	0.999674	0.955002	0.976827	16.350177	15323	15320	722	5
KPC2__202310	Klebsiella pneumoniae	false	sup	dna_r10.4.1_e8.2_400bps_sup@v4.3.0	10	9.98	chromosome=9.91;plasmid_1=10.72;plasmid_2=13.20;plasmid_3=14.30	B	minimap2	2.31	lr:hq	clair3	1.0.5	r1041_e82_400bps_sup_v430	docker://quay.io/mbhall88/clair3@sha256:6a4c352e7d14ebb67bdad4be366dcbf6afa66cc7f0ee0b37a05cebe3f4754735	CPU: AMD EPYC 9745	sweep_best	SNP	0	0.999736	0.955911	0.977333	16.446060	15177	15171	700	4
KPC2__202310	Klebsiella pneumoniae	false	sup	dna_r10.4.1_e8.2_400bps_sup@v4.3.0	10	9.98	chromosome=9.91;plasmid_1=10.72;plasmid_2=13.20;plasmid_3=14.30	B	minimap2	2.31	lr:hq	clair3	1.0.5	r1041_e82_400bps_sup_v430	docker://quay.io/mbhall88/clair3@sha256:6a4c352e7d14ebb67bdad4be366dcbf6afa66cc7f0ee0b37a05cebe3f4754735	CPU: AMD EPYC 9745	sweep_best	INDEL	1	0.981250	0.916667	0.947859	12.828206	154	157	14	3
KPC2__202310	Klebsiella pneumoniae	false	sup	dna_r10.4.1_e8.2_400bps_sup@v4.3.0	10	9.98	chromosome=9.91;plasmid_1=10.72;plasmid_2=13.20;plasmid_3=14.30	B	minimap2	2.31	lr:hq	clair3	1.0.5	r1041_e82_400bps_sup_v430	docker://quay.io/mbhall88/clair3@sha256:6a4c352e7d14ebb67bdad4be366dcbf6afa66cc7f0ee0b37a05cebe3f4754735	CPU: AMD EPYC 9745	sweep_best	ALL	1	0.999544	0.955500	0.977026	16.387634	15331	15328	714	7
KPC2__202310	Klebsiella pneumoniae	false	sup	dna_r10.4.1_e8.2_400bps_sup@v4.3.0	10	9.98	chromosome=9.91;plasmid_1=10.72;plasmid_2=13.20;plasmid_3=14.30	B	minimap2	2.31	lr:hq	clair3	1.0.5	r1041_e82_400bps_sup_v430	docker://quay.io/mbhall88/clair3@sha256:6a4c352e7d14ebb67bdad4be366dcbf6afa66cc7f0ee0b37a05cebe3f4754735	CPU: AMD EPYC 9745	default_pass	SNP	0	0.999736	0.955974	0.977366	16.452387	15178	15172	699	4
KPC2__202310	Klebsiella pneumoniae	false	sup	dna_r10.4.1_e8.2_400bps_sup@v4.3.0	10	9.98	chromosome=9.91;plasmid_1=10.72;plasmid_2=13.20;plasmid_3=14.30	B	minimap2	2.31	lr:hq	clair3	1.0.5	r1041_e82_400bps_sup_v430	docker://quay.io/mbhall88/clair3@sha256:6a4c352e7d14ebb67bdad4be366dcbf6afa66cc7f0ee0b37a05cebe3f4754735	CPU: AMD EPYC 9745	default_pass	INDEL	0	0.993590	0.904762	0.947098	12.765279	152	155	16	1
KPC2__202310	Klebsiella pneumoniae	false	sup	dna_r10.4.1_e8.2_400bps_sup@v4.3.0	10	9.98	chromosome=9.91;plasmid_1=10.72;plasmid_2=13.20;plasmid_3=14.30	B	minimap2	2.31	lr:hq	clair3	1.0.5	r1041_e82_400bps_sup_v430	docker://quay.io/mbhall88/clair3@sha256:6a4c352e7d14ebb67bdad4be366dcbf6afa66cc7f0ee0b37a05cebe3f4754735	CPU: AMD EPYC 9745	default_pass	ALL	0	0.999674	0.955438	0.977055	16.393119	15330	15327	715	5
KPC2__202310	Klebsiella pneumoniae	false	sup	dna_r10.4.1_e8.2_400bps_sup@v4.3.0	10	9.98	chromosome=9.91;plasmid_1=10.72;plasmid_2=13.20;plasmid_3=14.30	C	minimap2	2.31	lr:hq	clair3	2.0.3	r1041_e82_400bps_sup_v430	docker://hkubal/clair3@sha256:d56df84c2c7c508aaf0623b124d9926d366a58f34236505b26c055f848afa202	CPU: AMD EPYC 9745	sweep_best	SNP	0	0.999736	0.955911	0.977333	16.446060	15177	15171	700	4
KPC2__202310	Klebsiella pneumoniae	false	sup	dna_r10.4.1_e8.2_400bps_sup@v4.3.0	10	9.98	chromosome=9.91;plasmid_1=10.72;plasmid_2=13.20;plasmid_3=14.30	C	minimap2	2.31	lr:hq	clair3	2.0.3	r1041_e82_400bps_sup_v430	docker://hkubal/clair3@sha256:d56df84c2c7c508aaf0623b124d9926d366a58f34236505b26c055f848afa202	CPU: AMD EPYC 9745	sweep_best	INDEL	1	0.981250	0.916667	0.947859	12.828206	154	157	14	3
KPC2__202310	Klebsiella pneumoniae	false	sup	dna_r10.4.1_e8.2_400bps_sup@v4.3.0	10	9.98	chromosome=9.91;plasmid_1=10.72;plasmid_2=13.20;plasmid_3=14.30	C	minimap2	2.31	lr:hq	clair3	2.0.3	r1041_e82_400bps_sup_v430	docker://hkubal/clair3@sha256:d56df84c2c7c508aaf0623b124d9926d366a58f34236505b26c055f848afa202	CPU: AMD EPYC 9745	sweep_best	ALL	1	0.999544	0.955500	0.977026	16.387634	15331	15328	714	7
KPC2__202310	Klebsiella pneumoniae	false	sup	dna_r10.4.1_e8.2_400bps_sup@v4.3.0	10	9.98	chromosome=9.91;plasmid_1=10.72;plasmid_2=13.20;plasmid_3=14.30	C	minimap2	2.31	lr:hq	clair3	2.0.3	r1041_e82_400bps_sup_v430	docker://hkubal/clair3@sha256:d56df84c2c7c508aaf0623b124d9926d366a58f34236505b26c055f848afa202	CPU: AMD EPYC 9745	default_pass	SNP	0	0.999736	0.955974	0.977366	16.452387	15178	15172	699	4
KPC2__202310	Klebsiella pneumoniae	false	sup	dna_r10.4.1_e8.2_400bps_sup@v4.3.0	10	9.98	chromosome=9.91;plasmid_1=10.72;plasmid_2=13.20;plasmid_3=14.30	C	minimap2	2.31	lr:hq	clair3	2.0.3	r1041_e82_400bps_sup_v430	docker://hkubal/clair3@sha256:d56df84c2c7c508aaf0623b124d9926d366a58f34236505b26c055f848afa202	CPU: AMD EPYC 9745	default_pass	INDEL	0	0.993590	0.904762	0.947098	12.765279	152	155	16	1
KPC2__202310	Klebsiella pneumoniae	false	sup	dna_r10.4.1_e8.2_400bps_sup@v4.3.0	10	9.98	chromosome=9.91;plasmid_1=10.72;plasmid_2=13.20;plasmid_3=14.30	C	minimap2	2.31	lr:hq	clair3	2.0.3	r1041_e82_400bps_sup_v430	docker://hkubal/clair3@sha256:d56df84c2c7c508aaf0623b124d9926d366a58f34236505b26c055f848afa202	CPU: AMD EPYC 9745	default_pass	ALL	0	0.999674	0.955438	0.977055	16.393119	15330	15327	715	5
KPC2__202310	Klebsiella pneumoniae	false	sup	dna_r10.4.1_e8.2_400bps_sup@v4.3.0	10	9.98	chromosome=9.91;plasmid_1=10.72;plasmid_2=13.20;plasmid_3=14.30	D	minimap2	2.31	lr:hq	dorado	2.1.2	dna_r10.4.1_e8.2_400bps_polish_bacterial_methylation_v5.0.0		NVIDIA H100 80GB HBM3	sweep_best	SNP	7	0.999811	0.999244	0.999527	33.251389	15865	15859	12	3
KPC2__202310	Klebsiella pneumoniae	false	sup	dna_r10.4.1_e8.2_400bps_sup@v4.3.0	10	9.98	chromosome=9.91;plasmid_1=10.72;plasmid_2=13.20;plasmid_3=14.30	D	minimap2	2.31	lr:hq	dorado	2.1.2	dna_r10.4.1_e8.2_400bps_polish_bacterial_methylation_v5.0.0		NVIDIA H100 80GB HBM3	sweep_best	INDEL	10	0.986842	0.875000	0.927562	11.400335	147	150	21	2
KPC2__202310	Klebsiella pneumoniae	false	sup	dna_r10.4.1_e8.2_400bps_sup@v4.3.0	10	9.98	chromosome=9.91;plasmid_1=10.72;plasmid_2=13.20;plasmid_3=14.30	D	minimap2	2.31	lr:hq	dorado	2.1.2	dna_r10.4.1_e8.2_400bps_polish_bacterial_methylation_v5.0.0		NVIDIA H100 80GB HBM3	sweep_best	ALL	7	0.999189	0.998193	0.998690	28.827287	16016	16013	29	13
KPC2__202310	Klebsiella pneumoniae	false	sup	dna_r10.4.1_e8.2_400bps_sup@v4.3.0	10	9.98	chromosome=9.91;plasmid_1=10.72;plasmid_2=13.20;plasmid_3=14.30	D	minimap2	2.31	lr:hq	dorado	2.1.2	dna_r10.4.1_e8.2_400bps_polish_bacterial_methylation_v5.0.0		NVIDIA H100 80GB HBM3	default_pass	SNP	0	0.998992	0.999559	0.999276	31.402614	15870	15864	7	16
KPC2__202310	Klebsiella pneumoniae	false	sup	dna_r10.4.1_e8.2_400bps_sup@v4.3.0	10	9.98	chromosome=9.91;plasmid_1=10.72;plasmid_2=13.20;plasmid_3=14.30	D	minimap2	2.31	lr:hq	dorado	2.1.2	dna_r10.4.1_e8.2_400bps_polish_bacterial_methylation_v5.0.0		NVIDIA H100 80GB HBM3	default_pass	INDEL	0	0.828125	0.928571	0.875476	9.047469	156	159	12	33
KPC2__202310	Klebsiella pneumoniae	false	sup	dna_r10.4.1_e8.2_400bps_sup@v4.3.0	10	9.98	chromosome=9.91;plasmid_1=10.72;plasmid_2=13.20;plasmid_3=14.30	D	minimap2	2.31	lr:hq	dorado	2.1.2	dna_r10.4.1_e8.2_400bps_polish_bacterial_methylation_v5.0.0		NVIDIA H100 80GB HBM3	default_pass	ALL	0	0.996951	0.998816	0.997883	26.742791	16026	16023	19	49
KPC2__202310	Klebsiella pneumoniae	false	sup	dna_r10.4.1_e8.2_400bps_sup@v4.3.0	25	24.67	chromosome=24.55;plasmid_1=25.97;plasmid_2=31.37;plasmid_3=33.16	A	minimap2	2.26	map-ont	clair3	1.0.5	r1041_e82_400bps_sup_v430	docker://quay.io/mbhall88/clair3@sha256:6a4c352e7d14ebb67bdad4be366dcbf6afa66cc7f0ee0b37a05cebe3f4754735	CPU: AMD EPYC 9745	sweep_best	SNP	0	0.999937	0.995150	0.997538	26.087120	15800	15794	77	1
KPC2__202310	Klebsiella pneumoniae	false	sup	dna_r10.4.1_e8.2_400bps_sup@v4.3.0	25	24.67	chromosome=24.55;plasmid_1=25.97;plasmid_2=31.37;plasmid_3=33.16	A	minimap2	2.26	map-ont	clair3	1.0.5	r1041_e82_400bps_sup_v430	docker://quay.io/mbhall88/clair3@sha256:6a4c352e7d14ebb67bdad4be366dcbf6afa66cc7f0ee0b37a05cebe3f4754735	CPU: AMD EPYC 9745	sweep_best	INDEL	0	0.993976	0.964286	0.978906	16.758411	162	165	6	1
KPC2__202310	Klebsiella pneumoniae	false	sup	dna_r10.4.1_e8.2_400bps_sup@v4.3.0	25	24.67	chromosome=24.55;plasmid_1=25.97;plasmid_2=31.37;plasmid_3=33.16	A	minimap2	2.26	map-ont	clair3	1.0.5	r1041_e82_400bps_sup_v430	docker://quay.io/mbhall88/clair3@sha256:6a4c352e7d14ebb67bdad4be366dcbf6afa66cc7f0ee0b37a05cebe3f4754735	CPU: AMD EPYC 9745	sweep_best	ALL	0	0.999875	0.994827	0.997344	25.757719	15962	15959	83	2
KPC2__202310	Klebsiella pneumoniae	false	sup	dna_r10.4.1_e8.2_400bps_sup@v4.3.0	25	24.67	chromosome=24.55;plasmid_1=25.97;plasmid_2=31.37;plasmid_3=33.16	A	minimap2	2.26	map-ont	clair3	1.0.5	r1041_e82_400bps_sup_v430	docker://quay.io/mbhall88/clair3@sha256:6a4c352e7d14ebb67bdad4be366dcbf6afa66cc7f0ee0b37a05cebe3f4754735	CPU: AMD EPYC 9745	default_pass	SNP	0	0.999937	0.995150	0.997538	26.087120	15800	15794	77	1
KPC2__202310	Klebsiella pneumoniae	false	sup	dna_r10.4.1_e8.2_400bps_sup@v4.3.0	25	24.67	chromosome=24.55;plasmid_1=25.97;plasmid_2=31.37;plasmid_3=33.16	A	minimap2	2.26	map-ont	clair3	1.0.5	r1041_e82_400bps_sup_v430	docker://quay.io/mbhall88/clair3@sha256:6a4c352e7d14ebb67bdad4be366dcbf6afa66cc7f0ee0b37a05cebe3f4754735	CPU: AMD EPYC 9745	default_pass	INDEL	0	0.993976	0.964286	0.978906	16.758411	162	165	6	1
KPC2__202310	Klebsiella pneumoniae	false	sup	dna_r10.4.1_e8.2_400bps_sup@v4.3.0	25	24.67	chromosome=24.55;plasmid_1=25.97;plasmid_2=31.37;plasmid_3=33.16	A	minimap2	2.26	map-ont	clair3	1.0.5	r1041_e82_400bps_sup_v430	docker://quay.io/mbhall88/clair3@sha256:6a4c352e7d14ebb67bdad4be366dcbf6afa66cc7f0ee0b37a05cebe3f4754735	CPU: AMD EPYC 9745	default_pass	ALL	0	0.999875	0.994827	0.997344	25.757719	15962	15959	83	2
KPC2__202310	Klebsiella pneumoniae	false	sup	dna_r10.4.1_e8.2_400bps_sup@v4.3.0	25	24.67	chromosome=24.55;plasmid_1=25.97;plasmid_2=31.37;plasmid_3=33.16	B	minimap2	2.31	lr:hq	clair3	1.0.5	r1041_e82_400bps_sup_v430	docker://quay.io/mbhall88/clair3@sha256:6a4c352e7d14ebb67bdad4be366dcbf6afa66cc7f0ee0b37a05cebe3f4754735	CPU: AMD EPYC 9745	sweep_best	SNP	0	0.999937	0.995339	0.997633	26.258017	15803	15797	74	1
KPC2__202310	Klebsiella pneumoniae	false	sup	dna_r10.4.1_e8.2_400bps_sup@v4.3.0	25	24.67	chromosome=24.55;plasmid_1=25.97;plasmid_2=31.37;plasmid_3=33.16	B	minimap2	2.31	lr:hq	clair3	1.0.5	r1041_e82_400bps_sup_v430	docker://quay.io/mbhall88/clair3@sha256:6a4c352e7d14ebb67bdad4be366dcbf6afa66cc7f0ee0b37a05cebe3f4754735	CPU: AMD EPYC 9745	sweep_best	INDEL	0	0.993976	0.964286	0.978906	16.758411	162	165	6	1
KPC2__202310	Klebsiella pneumoniae	false	sup	dna_r10.4.1_e8.2_400bps_sup@v4.3.0	25	24.67	chromosome=24.55;plasmid_1=25.97;plasmid_2=31.37;plasmid_3=33.16	B	minimap2	2.31	lr:hq	clair3	1.0.5	r1041_e82_400bps_sup_v430	docker://quay.io/mbhall88/clair3@sha256:6a4c352e7d14ebb67bdad4be366dcbf6afa66cc7f0ee0b37a05cebe3f4754735	CPU: AMD EPYC 9745	sweep_best	ALL	0	0.999875	0.995014	0.997438	25.914209	15965	15962	80	2
KPC2__202310	Klebsiella pneumoniae	false	sup	dna_r10.4.1_e8.2_400bps_sup@v4.3.0	25	24.67	chromosome=24.55;plasmid_1=25.97;plasmid_2=31.37;plasmid_3=33.16	B	minimap2	2.31	lr:hq	clair3	1.0.5	r1041_e82_400bps_sup_v430	docker://quay.io/mbhall88/clair3@sha256:6a4c352e7d14ebb67bdad4be366dcbf6afa66cc7f0ee0b37a05cebe3f4754735	CPU: AMD EPYC 9745	default_pass	SNP	0	0.999937	0.995339	0.997633	26.258017	15803	15797	74	1
KPC2__202310	Klebsiella pneumoniae	false	sup	dna_r10.4.1_e8.2_400bps_sup@v4.3.0	25	24.67	chromosome=24.55;plasmid_1=25.97;plasmid_2=31.37;plasmid_3=33.16	B	minimap2	2.31	lr:hq	clair3	1.0.5	r1041_e82_400bps_sup_v430	docker://quay.io/mbhall88/clair3@sha256:6a4c352e7d14ebb67bdad4be366dcbf6afa66cc7f0ee0b37a05cebe3f4754735	CPU: AMD EPYC 9745	default_pass	INDEL	0	0.993976	0.964286	0.978906	16.758411	162	165	6	1
KPC2__202310	Klebsiella pneumoniae	false	sup	dna_r10.4.1_e8.2_400bps_sup@v4.3.0	25	24.67	chromosome=24.55;plasmid_1=25.97;plasmid_2=31.37;plasmid_3=33.16	B	minimap2	2.31	lr:hq	clair3	1.0.5	r1041_e82_400bps_sup_v430	docker://quay.io/mbhall88/clair3@sha256:6a4c352e7d14ebb67bdad4be366dcbf6afa66cc7f0ee0b37a05cebe3f4754735	CPU: AMD EPYC 9745	default_pass	ALL	0	0.999875	0.995014	0.997438	25.914209	15965	15962	80	2
KPC2__202310	Klebsiella pneumoniae	false	sup	dna_r10.4.1_e8.2_400bps_sup@v4.3.0	25	24.67	chromosome=24.55;plasmid_1=25.97;plasmid_2=31.37;plasmid_3=33.16	C	minimap2	2.31	lr:hq	clair3	2.0.3	r1041_e82_400bps_sup_v430	docker://hkubal/clair3@sha256:d56df84c2c7c508aaf0623b124d9926d366a58f34236505b26c055f848afa202	CPU: AMD EPYC 9745	sweep_best	SNP	0	0.999937	0.995339	0.997633	26.258017	15803	15797	74	1
KPC2__202310	Klebsiella pneumoniae	false	sup	dna_r10.4.1_e8.2_400bps_sup@v4.3.0	25	24.67	chromosome=24.55;plasmid_1=25.97;plasmid_2=31.37;plasmid_3=33.16	C	minimap2	2.31	lr:hq	clair3	2.0.3	r1041_e82_400bps_sup_v430	docker://hkubal/clair3@sha256:d56df84c2c7c508aaf0623b124d9926d366a58f34236505b26c055f848afa202	CPU: AMD EPYC 9745	sweep_best	INDEL	0	0.993976	0.964286	0.978906	16.758411	162	165	6	1
KPC2__202310	Klebsiella pneumoniae	false	sup	dna_r10.4.1_e8.2_400bps_sup@v4.3.0	25	24.67	chromosome=24.55;plasmid_1=25.97;plasmid_2=31.37;plasmid_3=33.16	C	minimap2	2.31	lr:hq	clair3	2.0.3	r1041_e82_400bps_sup_v430	docker://hkubal/clair3@sha256:d56df84c2c7c508aaf0623b124d9926d366a58f34236505b26c055f848afa202	CPU: AMD EPYC 9745	sweep_best	ALL	0	0.999875	0.995014	0.997438	25.914209	15965	15962	80	2
KPC2__202310	Klebsiella pneumoniae	false	sup	dna_r10.4.1_e8.2_400bps_sup@v4.3.0	25	24.67	chromosome=24.55;plasmid_1=25.97;plasmid_2=31.37;plasmid_3=33.16	C	minimap2	2.31	lr:hq	clair3	2.0.3	r1041_e82_400bps_sup_v430	docker://hkubal/clair3@sha256:d56df84c2c7c508aaf0623b124d9926d366a58f34236505b26c055f848afa202	CPU: AMD EPYC 9745	default_pass	SNP	0	0.999937	0.995339	0.997633	26.258017	15803	15797	74	1
KPC2__202310	Klebsiella pneumoniae	false	sup	dna_r10.4.1_e8.2_400bps_sup@v4.3.0	25	24.67	chromosome=24.55;plasmid_1=25.97;plasmid_2=31.37;plasmid_3=33.16	C	minimap2	2.31	lr:hq	clair3	2.0.3	r1041_e82_400bps_sup_v430	docker://hkubal/clair3@sha256:d56df84c2c7c508aaf0623b124d9926d366a58f34236505b26c055f848afa202	CPU: AMD EPYC 9745	default_pass	INDEL	0	0.993976	0.964286	0.978906	16.758411	162	165	6	1
KPC2__202310	Klebsiella pneumoniae	false	sup	dna_r10.4.1_e8.2_400bps_sup@v4.3.0	25	24.67	chromosome=24.55;plasmid_1=25.97;plasmid_2=31.37;plasmid_3=33.16	C	minimap2	2.31	lr:hq	clair3	2.0.3	r1041_e82_400bps_sup_v430	docker://hkubal/clair3@sha256:d56df84c2c7c508aaf0623b124d9926d366a58f34236505b26c055f848afa202	CPU: AMD EPYC 9745	default_pass	ALL	0	0.999875	0.995014	0.997438	25.914209	15965	15962	80	2
KPC2__202310	Klebsiella pneumoniae	false	sup	dna_r10.4.1_e8.2_400bps_sup@v4.3.0	25	24.67	chromosome=24.55;plasmid_1=25.97;plasmid_2=31.37;plasmid_3=33.16	D	minimap2	2.31	lr:hq	dorado	2.1.2	dna_r10.4.1_e8.2_400bps_polish_bacterial_methylation_v5.0.0		NVIDIA H100 80GB HBM3	sweep_best	SNP	4	1.000000	0.999685	0.999843	38.041003	15872	15866	5	0
KPC2__202310	Klebsiella pneumoniae	false	sup	dna_r10.4.1_e8.2_400bps_sup@v4.3.0	25	24.67	chromosome=24.55;plasmid_1=25.97;plasmid_2=31.37;plasmid_3=33.16	D	minimap2	2.31	lr:hq	dorado	2.1.2	dna_r10.4.1_e8.2_400bps_polish_bacterial_methylation_v5.0.0		NVIDIA H100 80GB HBM3	sweep_best	INDEL	0	0.988304	0.988095	0.988200	19.281180	166	169	2	2
KPC2__202310	Klebsiella pneumoniae	false	sup	dna_r10.4.1_e8.2_400bps_sup@v4.3.0	25	24.67	chromosome=24.55;plasmid_1=25.97;plasmid_2=31.37;plasmid_3=33.16	D	minimap2	2.31	lr:hq	dorado	2.1.2	dna_r10.4.1_e8.2_400bps_polish_bacterial_methylation_v5.0.0		NVIDIA H100 80GB HBM3	sweep_best	ALL	0	0.999751	0.999688	0.999720	35.528420	16040	16037	5	4
KPC2__202310	Klebsiella pneumoniae	false	sup	dna_r10.4.1_e8.2_400bps_sup@v4.3.0	25	24.67	chromosome=24.55;plasmid_1=25.97;plasmid_2=31.37;plasmid_3=33.16	D	minimap2	2.31	lr:hq	dorado	2.1.2	dna_r10.4.1_e8.2_400bps_polish_bacterial_methylation_v5.0.0		NVIDIA H100 80GB HBM3	default_pass	SNP	0	0.999874	0.999685	0.999780	36.575773	15872	15866	5	2
KPC2__202310	Klebsiella pneumoniae	false	sup	dna_r10.4.1_e8.2_400bps_sup@v4.3.0	25	24.67	chromosome=24.55;plasmid_1=25.97;plasmid_2=31.37;plasmid_3=33.16	D	minimap2	2.31	lr:hq	dorado	2.1.2	dna_r10.4.1_e8.2_400bps_polish_bacterial_methylation_v5.0.0		NVIDIA H100 80GB HBM3	default_pass	INDEL	0	0.988304	0.988095	0.988200	19.281180	166	169	2	2
KPC2__202310	Klebsiella pneumoniae	false	sup	dna_r10.4.1_e8.2_400bps_sup@v4.3.0	25	24.67	chromosome=24.55;plasmid_1=25.97;plasmid_2=31.37;plasmid_3=33.16	D	minimap2	2.31	lr:hq	dorado	2.1.2	dna_r10.4.1_e8.2_400bps_polish_bacterial_methylation_v5.0.0		NVIDIA H100 80GB HBM3	default_pass	ALL	0	0.999751	0.999564	0.999657	34.647059	16038	16035	7	4
KPC2__202310	Klebsiella pneumoniae	false	sup	dna_r10.4.1_e8.2_400bps_sup@v4.3.0	50	47.94	chromosome=47.65;plasmid_1=51.78;plasmid_2=61.08;plasmid_3=63.15	A	minimap2	2.26	map-ont	clair3	1.0.5	r1041_e82_400bps_sup_v430	docker://quay.io/mbhall88/clair3@sha256:6a4c352e7d14ebb67bdad4be366dcbf6afa66cc7f0ee0b37a05cebe3f4754735	CPU: AMD EPYC 9745	sweep_best	SNP	0	1.000000	0.999622	0.999811	37.235382	15871	15865	6	0
KPC2__202310	Klebsiella pneumoniae	false	sup	dna_r10.4.1_e8.2_400bps_sup@v4.3.0	50	47.94	chromosome=47.65;plasmid_1=51.78;plasmid_2=61.08;plasmid_3=63.15	A	minimap2	2.26	map-ont	clair3	1.0.5	r1041_e82_400bps_sup_v430	docker://quay.io/mbhall88/clair3@sha256:6a4c352e7d14ebb67bdad4be366dcbf6afa66cc7f0ee0b37a05cebe3f4754735	CPU: AMD EPYC 9745	sweep_best	INDEL	1	1.000000	0.982143	0.990991	20.453234	165	168	3	0
KPC2__202310	Klebsiella pneumoniae	false	sup	dna_r10.4.1_e8.2_400bps_sup@v4.3.0	50	47.94	chromosome=47.65;plasmid_1=51.78;plasmid_2=61.08;plasmid_3=63.15	A	minimap2	2.26	map-ont	clair3	1.0.5	r1041_e82_400bps_sup_v430	docker://quay.io/mbhall88/clair3@sha256:6a4c352e7d14ebb67bdad4be366dcbf6afa66cc7f0ee0b37a05cebe3f4754735	CPU: AMD EPYC 9745	sweep_best	ALL	1	1.000000	0.999439	0.999720	35.528420	16036	16033	9	0
KPC2__202310	Klebsiella pneumoniae	false	sup	dna_r10.4.1_e8.2_400bps_sup@v4.3.0	50	47.94	chromosome=47.65;plasmid_1=51.78;plasmid_2=61.08;plasmid_3=63.15	A	minimap2	2.26	map-ont	clair3	1.0.5	r1041_e82_400bps_sup_v430	docker://quay.io/mbhall88/clair3@sha256:6a4c352e7d14ebb67bdad4be366dcbf6afa66cc7f0ee0b37a05cebe3f4754735	CPU: AMD EPYC 9745	default_pass	SNP	0	1.000000	0.999622	0.999811	37.235382	15871	15865	6	0
KPC2__202310	Klebsiella pneumoniae	false	sup	dna_r10.4.1_e8.2_400bps_sup@v4.3.0	50	47.94	chromosome=47.65;plasmid_1=51.78;plasmid_2=61.08;plasmid_3=63.15	A	minimap2	2.26	map-ont	clair3	1.0.5	r1041_e82_400bps_sup_v430	docker://quay.io/mbhall88/clair3@sha256:6a4c352e7d14ebb67bdad4be366dcbf6afa66cc7f0ee0b37a05cebe3f4754735	CPU: AMD EPYC 9745	default_pass	INDEL	0	1.000000	0.982143	0.990991	20.453234	165	168	3	0
KPC2__202310	Klebsiella pneumoniae	false	sup	dna_r10.4.1_e8.2_400bps_sup@v4.3.0	50	47.94	chromosome=47.65;plasmid_1=51.78;plasmid_2=61.08;plasmid_3=63.15	A	minimap2	2.26	map-ont	clair3	1.0.5	r1041_e82_400bps_sup_v430	docker://quay.io/mbhall88/clair3@sha256:6a4c352e7d14ebb67bdad4be366dcbf6afa66cc7f0ee0b37a05cebe3f4754735	CPU: AMD EPYC 9745	default_pass	ALL	0	1.000000	0.999439	0.999720	35.528420	16036	16033	9	0
KPC2__202310	Klebsiella pneumoniae	false	sup	dna_r10.4.1_e8.2_400bps_sup@v4.3.0	50	47.94	chromosome=47.65;plasmid_1=51.78;plasmid_2=61.08;plasmid_3=63.15	B	minimap2	2.31	lr:hq	clair3	1.0.5	r1041_e82_400bps_sup_v430	docker://quay.io/mbhall88/clair3@sha256:6a4c352e7d14ebb67bdad4be366dcbf6afa66cc7f0ee0b37a05cebe3f4754735	CPU: AMD EPYC 9745	sweep_best	SNP	0	1.000000	0.999622	0.999811	37.235382	15871	15865	6	0
KPC2__202310	Klebsiella pneumoniae	false	sup	dna_r10.4.1_e8.2_400bps_sup@v4.3.0	50	47.94	chromosome=47.65;plasmid_1=51.78;plasmid_2=61.08;plasmid_3=63.15	B	minimap2	2.31	lr:hq	clair3	1.0.5	r1041_e82_400bps_sup_v430	docker://quay.io/mbhall88/clair3@sha256:6a4c352e7d14ebb67bdad4be366dcbf6afa66cc7f0ee0b37a05cebe3f4754735	CPU: AMD EPYC 9745	sweep_best	INDEL	1	1.000000	0.982143	0.990991	20.453234	165	168	3	0
KPC2__202310	Klebsiella pneumoniae	false	sup	dna_r10.4.1_e8.2_400bps_sup@v4.3.0	50	47.94	chromosome=47.65;plasmid_1=51.78;plasmid_2=61.08;plasmid_3=63.15	B	minimap2	2.31	lr:hq	clair3	1.0.5	r1041_e82_400bps_sup_v430	docker://quay.io/mbhall88/clair3@sha256:6a4c352e7d14ebb67bdad4be366dcbf6afa66cc7f0ee0b37a05cebe3f4754735	CPU: AMD EPYC 9745	sweep_best	ALL	1	1.000000	0.999439	0.999720	35.528420	16036	16033	9	0
KPC2__202310	Klebsiella pneumoniae	false	sup	dna_r10.4.1_e8.2_400bps_sup@v4.3.0	50	47.94	chromosome=47.65;plasmid_1=51.78;plasmid_2=61.08;plasmid_3=63.15	B	minimap2	2.31	lr:hq	clair3	1.0.5	r1041_e82_400bps_sup_v430	docker://quay.io/mbhall88/clair3@sha256:6a4c352e7d14ebb67bdad4be366dcbf6afa66cc7f0ee0b37a05cebe3f4754735	CPU: AMD EPYC 9745	default_pass	SNP	0	1.000000	0.999622	0.999811	37.235382	15871	15865	6	0
KPC2__202310	Klebsiella pneumoniae	false	sup	dna_r10.4.1_e8.2_400bps_sup@v4.3.0	50	47.94	chromosome=47.65;plasmid_1=51.78;plasmid_2=61.08;plasmid_3=63.15	B	minimap2	2.31	lr:hq	clair3	1.0.5	r1041_e82_400bps_sup_v430	docker://quay.io/mbhall88/clair3@sha256:6a4c352e7d14ebb67bdad4be366dcbf6afa66cc7f0ee0b37a05cebe3f4754735	CPU: AMD EPYC 9745	default_pass	INDEL	0	1.000000	0.982143	0.990991	20.453234	165	168	3	0
KPC2__202310	Klebsiella pneumoniae	false	sup	dna_r10.4.1_e8.2_400bps_sup@v4.3.0	50	47.94	chromosome=47.65;plasmid_1=51.78;plasmid_2=61.08;plasmid_3=63.15	B	minimap2	2.31	lr:hq	clair3	1.0.5	r1041_e82_400bps_sup_v430	docker://quay.io/mbhall88/clair3@sha256:6a4c352e7d14ebb67bdad4be366dcbf6afa66cc7f0ee0b37a05cebe3f4754735	CPU: AMD EPYC 9745	default_pass	ALL	0	1.000000	0.999439	0.999720	35.528420	16036	16033	9	0
KPC2__202310	Klebsiella pneumoniae	false	sup	dna_r10.4.1_e8.2_400bps_sup@v4.3.0	50	47.94	chromosome=47.65;plasmid_1=51.78;plasmid_2=61.08;plasmid_3=63.15	C	minimap2	2.31	lr:hq	clair3	2.0.3	r1041_e82_400bps_sup_v430	docker://hkubal/clair3@sha256:d56df84c2c7c508aaf0623b124d9926d366a58f34236505b26c055f848afa202	CPU: AMD EPYC 9745	sweep_best	SNP	0	1.000000	0.999622	0.999811	37.235382	15871	15865	6	0
KPC2__202310	Klebsiella pneumoniae	false	sup	dna_r10.4.1_e8.2_400bps_sup@v4.3.0	50	47.94	chromosome=47.65;plasmid_1=51.78;plasmid_2=61.08;plasmid_3=63.15	C	minimap2	2.31	lr:hq	clair3	2.0.3	r1041_e82_400bps_sup_v430	docker://hkubal/clair3@sha256:d56df84c2c7c508aaf0623b124d9926d366a58f34236505b26c055f848afa202	CPU: AMD EPYC 9745	sweep_best	INDEL	1	1.000000	0.982143	0.990991	20.453234	165	168	3	0
KPC2__202310	Klebsiella pneumoniae	false	sup	dna_r10.4.1_e8.2_400bps_sup@v4.3.0	50	47.94	chromosome=47.65;plasmid_1=51.78;plasmid_2=61.08;plasmid_3=63.15	C	minimap2	2.31	lr:hq	clair3	2.0.3	r1041_e82_400bps_sup_v430	docker://hkubal/clair3@sha256:d56df84c2c7c508aaf0623b124d9926d366a58f34236505b26c055f848afa202	CPU: AMD EPYC 9745	sweep_best	ALL	1	1.000000	0.999439	0.999720	35.528420	16036	16033	9	0
KPC2__202310	Klebsiella pneumoniae	false	sup	dna_r10.4.1_e8.2_400bps_sup@v4.3.0	50	47.94	chromosome=47.65;plasmid_1=51.78;plasmid_2=61.08;plasmid_3=63.15	C	minimap2	2.31	lr:hq	clair3	2.0.3	r1041_e82_400bps_sup_v430	docker://hkubal/clair3@sha256:d56df84c2c7c508aaf0623b124d9926d366a58f34236505b26c055f848afa202	CPU: AMD EPYC 9745	default_pass	SNP	0	1.000000	0.999622	0.999811	37.235382	15871	15865	6	0
KPC2__202310	Klebsiella pneumoniae	false	sup	dna_r10.4.1_e8.2_400bps_sup@v4.3.0	50	47.94	chromosome=47.65;plasmid_1=51.78;plasmid_2=61.08;plasmid_3=63.15	C	minimap2	2.31	lr:hq	clair3	2.0.3	r1041_e82_400bps_sup_v430	docker://hkubal/clair3@sha256:d56df84c2c7c508aaf0623b124d9926d366a58f34236505b26c055f848afa202	CPU: AMD EPYC 9745	default_pass	INDEL	0	1.000000	0.982143	0.990991	20.453234	165	168	3	0
KPC2__202310	Klebsiella pneumoniae	false	sup	dna_r10.4.1_e8.2_400bps_sup@v4.3.0	50	47.94	chromosome=47.65;plasmid_1=51.78;plasmid_2=61.08;plasmid_3=63.15	C	minimap2	2.31	lr:hq	clair3	2.0.3	r1041_e82_400bps_sup_v430	docker://hkubal/clair3@sha256:d56df84c2c7c508aaf0623b124d9926d366a58f34236505b26c055f848afa202	CPU: AMD EPYC 9745	default_pass	ALL	0	1.000000	0.999439	0.999720	35.528420	16036	16033	9	0
KPC2__202310	Klebsiella pneumoniae	false	sup	dna_r10.4.1_e8.2_400bps_sup@v4.3.0	50	47.94	chromosome=47.65;plasmid_1=51.78;plasmid_2=61.08;plasmid_3=63.15	D	minimap2	2.31	lr:hq	dorado	2.1.2	dna_r10.4.1_e8.2_400bps_polish_bacterial_methylation_v5.0.0		NVIDIA H100 80GB HBM3	sweep_best	SNP	0	1.000000	0.999811	0.999906	40.268721	15874	15868	3	0
KPC2__202310	Klebsiella pneumoniae	false	sup	dna_r10.4.1_e8.2_400bps_sup@v4.3.0	50	47.94	chromosome=47.65;plasmid_1=51.78;plasmid_2=61.08;plasmid_3=63.15	D	minimap2	2.31	lr:hq	dorado	2.1.2	dna_r10.4.1_e8.2_400bps_polish_bacterial_methylation_v5.0.0		NVIDIA H100 80GB HBM3	sweep_best	INDEL	0	0.988372	0.994048	0.991202	20.556160	167	170	1	2
KPC2__202310	Klebsiella pneumoniae	false	sup	dna_r10.4.1_e8.2_400bps_sup@v4.3.0	50	47.94	chromosome=47.65;plasmid_1=51.78;plasmid_2=61.08;plasmid_3=63.15	D	minimap2	2.31	lr:hq	dorado	2.1.2	dna_r10.4.1_e8.2_400bps_polish_bacterial_methylation_v5.0.0		NVIDIA H100 80GB HBM3	sweep_best	ALL	0	0.999875	0.999751	0.999813	37.281584	16041	16038	4	2
KPC2__202310	Klebsiella pneumoniae	false	sup	dna_r10.4.1_e8.2_400bps_sup@v4.3.0	50	47.94	chromosome=47.65;plasmid_1=51.78;plasmid_2=61.08;plasmid_3=63.15	D	minimap2	2.31	lr:hq	dorado	2.1.2	dna_r10.4.1_e8.2_400bps_polish_bacterial_methylation_v5.0.0		NVIDIA H100 80GB HBM3	default_pass	SNP	0	1.000000	0.999811	0.999906	40.268721	15874	15868	3	0
KPC2__202310	Klebsiella pneumoniae	false	sup	dna_r10.4.1_e8.2_400bps_sup@v4.3.0	50	47.94	chromosome=47.65;plasmid_1=51.78;plasmid_2=61.08;plasmid_3=63.15	D	minimap2	2.31	lr:hq	dorado	2.1.2	dna_r10.4.1_e8.2_400bps_polish_bacterial_methylation_v5.0.0		NVIDIA H100 80GB HBM3	default_pass	INDEL	0	0.988235	0.982143	0.985180	18.291518	165	168	3	2
KPC2__202310	Klebsiella pneumoniae	false	sup	dna_r10.4.1_e8.2_400bps_sup@v4.3.0	50	47.94	chromosome=47.65;plasmid_1=51.78;plasmid_2=61.08;plasmid_3=63.15	D	minimap2	2.31	lr:hq	dorado	2.1.2	dna_r10.4.1_e8.2_400bps_polish_bacterial_methylation_v5.0.0		NVIDIA H100 80GB HBM3	default_pass	ALL	0	0.999875	0.999626	0.999751	36.038007	16039	16036	6	2
RDH275__202311	Streptococcus pyogenes	false	hac	dna_r10.4.1_e8.2_400bps_hac@v4.3.0	5	5.00	chromosome=5.00	A	minimap2	2.26	map-ont	clair3	1.0.5	r1041_e82_400bps_hac_v430	docker://quay.io/mbhall88/clair3@sha256:6a4c352e7d14ebb67bdad4be366dcbf6afa66cc7f0ee0b37a05cebe3f4754735	CPU: AMD EPYC 9745	sweep_best	SNP	0	0.999055	0.986383	0.992678	21.353703	5288	5284	73	5
RDH275__202311	Streptococcus pyogenes	false	hac	dna_r10.4.1_e8.2_400bps_hac@v4.3.0	5	5.00	chromosome=5.00	A	minimap2	2.26	map-ont	clair3	1.0.5	r1041_e82_400bps_hac_v430	docker://quay.io/mbhall88/clair3@sha256:6a4c352e7d14ebb67bdad4be366dcbf6afa66cc7f0ee0b37a05cebe3f4754735	CPU: AMD EPYC 9745	sweep_best	INDEL	1	0.940171	0.843750	0.889355	9.560682	108	110	20	7
RDH275__202311	Streptococcus pyogenes	false	hac	dna_r10.4.1_e8.2_400bps_hac@v4.3.0	5	5.00	chromosome=5.00	A	minimap2	2.26	map-ont	clair3	1.0.5	r1041_e82_400bps_hac_v430	docker://quay.io/mbhall88/clair3@sha256:6a4c352e7d14ebb67bdad4be366dcbf6afa66cc7f0ee0b37a05cebe3f4754735	CPU: AMD EPYC 9745	sweep_best	ALL	1	0.997780	0.983057	0.990364	20.161032	5396	5394	93	12
RDH275__202311	Streptococcus pyogenes	false	hac	dna_r10.4.1_e8.2_400bps_hac@v4.3.0	5	5.00	chromosome=5.00	A	minimap2	2.26	map-ont	clair3	1.0.5	r1041_e82_400bps_hac_v430	docker://quay.io/mbhall88/clair3@sha256:6a4c352e7d14ebb67bdad4be366dcbf6afa66cc7f0ee0b37a05cebe3f4754735	CPU: AMD EPYC 9745	default_pass	SNP	0	0.999054	0.986010	0.992489	21.243022	5286	5282	75	5
RDH275__202311	Streptococcus pyogenes	false	hac	dna_r10.4.1_e8.2_400bps_hac@v4.3.0	5	5.00	chromosome=5.00	A	minimap2	2.26	map-ont	clair3	1.0.5	r1041_e82_400bps_hac_v430	docker://quay.io/mbhall88/clair3@sha256:6a4c352e7d14ebb67bdad4be366dcbf6afa66cc7f0ee0b37a05cebe3f4754735	CPU: AMD EPYC 9745	default_pass	INDEL	0	0.945455	0.796875	0.864830	8.691197	102	104	26	6
RDH275__202311	Streptococcus pyogenes	false	hac	dna_r10.4.1_e8.2_400bps_hac@v4.3.0	5	5.00	chromosome=5.00	A	minimap2	2.26	map-ont	clair3	1.0.5	r1041_e82_400bps_hac_v430	docker://quay.io/mbhall88/clair3@sha256:6a4c352e7d14ebb67bdad4be366dcbf6afa66cc7f0ee0b37a05cebe3f4754735	CPU: AMD EPYC 9745	default_pass	ALL	0	0.997962	0.981600	0.989713	19.877113	5388	5386	101	11
RDH275__202311	Streptococcus pyogenes	false	hac	dna_r10.4.1_e8.2_400bps_hac@v4.3.0	5	5.00	chromosome=5.00	B	minimap2	2.31	lr:hq	clair3	1.0.5	r1041_e82_400bps_hac_v430	docker://quay.io/mbhall88/clair3@sha256:6a4c352e7d14ebb67bdad4be366dcbf6afa66cc7f0ee0b37a05cebe3f4754735	CPU: AMD EPYC 9745	sweep_best	SNP	0	0.999055	0.986383	0.992678	21.353703	5288	5284	73	5
RDH275__202311	Streptococcus pyogenes	false	hac	dna_r10.4.1_e8.2_400bps_hac@v4.3.0	5	5.00	chromosome=5.00	B	minimap2	2.31	lr:hq	clair3	1.0.5	r1041_e82_400bps_hac_v430	docker://quay.io/mbhall88/clair3@sha256:6a4c352e7d14ebb67bdad4be366dcbf6afa66cc7f0ee0b37a05cebe3f4754735	CPU: AMD EPYC 9745	sweep_best	INDEL	1	0.940171	0.843750	0.889355	9.560682	108	110	20	7
RDH275__202311	Streptococcus pyogenes	false	hac	dna_r10.4.1_e8.2_400bps_hac@v4.3.0	5	5.00	chromosome=5.00	B	minimap2	2.31	lr:hq	clair3	1.0.5	r1041_e82_400bps_hac_v430	docker://quay.io/mbhall88/clair3@sha256:6a4c352e7d14ebb67bdad4be366dcbf6afa66cc7f0ee0b37a05cebe3f4754735	CPU: AMD EPYC 9745	sweep_best	ALL	1	0.997780	0.983057	0.990364	20.161032	5396	5394	93	12
RDH275__202311	Streptococcus pyogenes	false	hac	dna_r10.4.1_e8.2_400bps_hac@v4.3.0	5	5.00	chromosome=5.00	B	minimap2	2.31	lr:hq	clair3	1.0.5	r1041_e82_400bps_hac_v430	docker://quay.io/mbhall88/clair3@sha256:6a4c352e7d14ebb67bdad4be366dcbf6afa66cc7f0ee0b37a05cebe3f4754735	CPU: AMD EPYC 9745	default_pass	SNP	0	0.999054	0.986010	0.992489	21.243022	5286	5282	75	5
RDH275__202311	Streptococcus pyogenes	false	hac	dna_r10.4.1_e8.2_400bps_hac@v4.3.0	5	5.00	chromosome=5.00	B	minimap2	2.31	lr:hq	clair3	1.0.5	r1041_e82_400bps_hac_v430	docker://quay.io/mbhall88/clair3@sha256:6a4c352e7d14ebb67bdad4be366dcbf6afa66cc7f0ee0b37a05cebe3f4754735	CPU: AMD EPYC 9745	default_pass	INDEL	0	0.945455	0.796875	0.864830	8.691197	102	104	26	6
RDH275__202311	Streptococcus pyogenes	false	hac	dna_r10.4.1_e8.2_400bps_hac@v4.3.0	5	5.00	chromosome=5.00	B	minimap2	2.31	lr:hq	clair3	1.0.5	r1041_e82_400bps_hac_v430	docker://quay.io/mbhall88/clair3@sha256:6a4c352e7d14ebb67bdad4be366dcbf6afa66cc7f0ee0b37a05cebe3f4754735	CPU: AMD EPYC 9745	default_pass	ALL	0	0.997962	0.981600	0.989713	19.877113	5388	5386	101	11
RDH275__202311	Streptococcus pyogenes	false	hac	dna_r10.4.1_e8.2_400bps_hac@v4.3.0	5	5.00	chromosome=5.00	C	minimap2	2.31	lr:hq	clair3	2.0.3	r1041_e82_400bps_hac_v430	docker://hkubal/clair3@sha256:d56df84c2c7c508aaf0623b124d9926d366a58f34236505b26c055f848afa202	CPU: AMD EPYC 9745	sweep_best	SNP	0	0.999055	0.986383	0.992678	21.353703	5288	5284	73	5
RDH275__202311	Streptococcus pyogenes	false	hac	dna_r10.4.1_e8.2_400bps_hac@v4.3.0	5	5.00	chromosome=5.00	C	minimap2	2.31	lr:hq	clair3	2.0.3	r1041_e82_400bps_hac_v430	docker://hkubal/clair3@sha256:d56df84c2c7c508aaf0623b124d9926d366a58f34236505b26c055f848afa202	CPU: AMD EPYC 9745	sweep_best	INDEL	1	0.940171	0.843750	0.889355	9.560682	108	110	20	7
RDH275__202311	Streptococcus pyogenes	false	hac	dna_r10.4.1_e8.2_400bps_hac@v4.3.0	5	5.00	chromosome=5.00	C	minimap2	2.31	lr:hq	clair3	2.0.3	r1041_e82_400bps_hac_v430	docker://hkubal/clair3@sha256:d56df84c2c7c508aaf0623b124d9926d366a58f34236505b26c055f848afa202	CPU: AMD EPYC 9745	sweep_best	ALL	1	0.997780	0.983057	0.990364	20.161032	5396	5394	93	12
RDH275__202311	Streptococcus pyogenes	false	hac	dna_r10.4.1_e8.2_400bps_hac@v4.3.0	5	5.00	chromosome=5.00	C	minimap2	2.31	lr:hq	clair3	2.0.3	r1041_e82_400bps_hac_v430	docker://hkubal/clair3@sha256:d56df84c2c7c508aaf0623b124d9926d366a58f34236505b26c055f848afa202	CPU: AMD EPYC 9745	default_pass	SNP	0	0.999054	0.986010	0.992489	21.243022	5286	5282	75	5
RDH275__202311	Streptococcus pyogenes	false	hac	dna_r10.4.1_e8.2_400bps_hac@v4.3.0	5	5.00	chromosome=5.00	C	minimap2	2.31	lr:hq	clair3	2.0.3	r1041_e82_400bps_hac_v430	docker://hkubal/clair3@sha256:d56df84c2c7c508aaf0623b124d9926d366a58f34236505b26c055f848afa202	CPU: AMD EPYC 9745	default_pass	INDEL	0	0.945455	0.796875	0.864830	8.691197	102	104	26	6
RDH275__202311	Streptococcus pyogenes	false	hac	dna_r10.4.1_e8.2_400bps_hac@v4.3.0	5	5.00	chromosome=5.00	C	minimap2	2.31	lr:hq	clair3	2.0.3	r1041_e82_400bps_hac_v430	docker://hkubal/clair3@sha256:d56df84c2c7c508aaf0623b124d9926d366a58f34236505b26c055f848afa202	CPU: AMD EPYC 9745	default_pass	ALL	0	0.997962	0.981600	0.989713	19.877113	5388	5386	101	11
RDH275__202311	Streptococcus pyogenes	false	hac	dna_r10.4.1_e8.2_400bps_hac@v4.3.0	5	5.00	chromosome=5.00	D	minimap2	2.31	lr:hq	dorado	2.1.2	dna_r10.4.1_e8.2_400bps_polish_bacterial_methylation_v5.0.0		NVIDIA H100 80GB HBM3	sweep_best	SNP	8	0.991780	0.991046	0.991413	20.661585	5313	5309	48	44
RDH275__202311	Streptococcus pyogenes	false	hac	dna_r10.4.1_e8.2_400bps_hac@v4.3.0	5	5.00	chromosome=5.00	D	minimap2	2.31	lr:hq	dorado	2.1.2	dna_r10.4.1_e8.2_400bps_polish_bacterial_methylation_v5.0.0		NVIDIA H100 80GB HBM3	sweep_best	INDEL	13	0.780303	0.789062	0.784658	6.668713	101	103	27	29
RDH275__202311	Streptococcus pyogenes	false	hac	dna_r10.4.1_e8.2_400bps_hac@v4.3.0	5	5.00	chromosome=5.00	D	minimap2	2.31	lr:hq	dorado	2.1.2	dna_r10.4.1_e8.2_400bps_polish_bacterial_methylation_v5.0.0		NVIDIA H100 80GB HBM3	sweep_best	ALL	12	0.988791	0.980689	0.984723	18.159619	5383	5381	106	61
RDH275__202311	Streptococcus pyogenes	false	hac	dna_r10.4.1_e8.2_400bps_hac@v4.3.0	5	5.00	chromosome=5.00	D	minimap2	2.31	lr:hq	dorado	2.1.2	dna_r10.4.1_e8.2_400bps_polish_bacterial_methylation_v5.0.0		NVIDIA H100 80GB HBM3	default_pass	SNP	0	0.973723	0.996083	0.984776	18.174712	5340	5336	21	144
RDH275__202311	Streptococcus pyogenes	false	hac	dna_r10.4.1_e8.2_400bps_hac@v4.3.0	5	5.00	chromosome=5.00	D	minimap2	2.31	lr:hq	dorado	2.1.2	dna_r10.4.1_e8.2_400bps_polish_bacterial_methylation_v5.0.0		NVIDIA H100 80GB HBM3	default_pass	INDEL	0	0.257081	0.906250	0.400538	2.222383	116	118	12	341
RDH275__202311	Streptococcus pyogenes	false	hac	dna_r10.4.1_e8.2_400bps_hac@v4.3.0	5	5.00	chromosome=5.00	D	minimap2	2.31	lr:hq	dorado	2.1.2	dna_r10.4.1_e8.2_400bps_polish_bacterial_methylation_v5.0.0		NVIDIA H100 80GB HBM3	default_pass	ALL	0	0.918336	0.993988	0.954666	13.435760	5456	5454	33	485
RDH275__202311	Streptococcus pyogenes	false	hac	dna_r10.4.1_e8.2_400bps_hac@v4.3.0	10	10.00	chromosome=10.00	A	minimap2	2.26	map-ont	clair3	1.0.5	r1041_e82_400bps_hac_v430	docker://quay.io/mbhall88/clair3@sha256:6a4c352e7d14ebb67bdad4be366dcbf6afa66cc7f0ee0b37a05cebe3f4754735	CPU: AMD EPYC 9745	sweep_best	SNP	0	0.999625	0.994964	0.997289	25.668705	5334	5330	27	2
RDH275__202311	Streptococcus pyogenes	false	hac	dna_r10.4.1_e8.2_400bps_hac@v4.3.0	10	10.00	chromosome=10.00	A	minimap2	2.26	map-ont	clair3	1.0.5	r1041_e82_400bps_hac_v430	docker://quay.io/mbhall88/clair3@sha256:6a4c352e7d14ebb67bdad4be366dcbf6afa66cc7f0ee0b37a05cebe3f4754735	CPU: AMD EPYC 9745	sweep_best	INDEL	1	0.991736	0.921875	0.955530	13.519329	118	120	10	1
RDH275__202311	Streptococcus pyogenes	false	hac	dna_r10.4.1_e8.2_400bps_hac@v4.3.0	10	10.00	chromosome=10.00	A	minimap2	2.26	map-ont	clair3	1.0.5	r1041_e82_400bps_hac_v430	docker://quay.io/mbhall88/clair3@sha256:6a4c352e7d14ebb67bdad4be366dcbf6afa66cc7f0ee0b37a05cebe3f4754735	CPU: AMD EPYC 9745	sweep_best	ALL	1	0.999450	0.993259	0.996345	24.371126	5452	5450	37	3
RDH275__202311	Streptococcus pyogenes	false	hac	dna_r10.4.1_e8.2_400bps_hac@v4.3.0	10	10.00	chromosome=10.00	A	minimap2	2.26	map-ont	clair3	1.0.5	r1041_e82_400bps_hac_v430	docker://quay.io/mbhall88/clair3@sha256:6a4c352e7d14ebb67bdad4be366dcbf6afa66cc7f0ee0b37a05cebe3f4754735	CPU: AMD EPYC 9745	default_pass	SNP	0	0.999625	0.994964	0.997289	25.668705	5334	5330	27	2
RDH275__202311	Streptococcus pyogenes	false	hac	dna_r10.4.1_e8.2_400bps_hac@v4.3.0	10	10.00	chromosome=10.00	A	minimap2	2.26	map-ont	clair3	1.0.5	r1041_e82_400bps_hac_v430	docker://quay.io/mbhall88/clair3@sha256:6a4c352e7d14ebb67bdad4be366dcbf6afa66cc7f0ee0b37a05cebe3f4754735	CPU: AMD EPYC 9745	default_pass	INDEL	0	0.991525	0.898438	0.942689	12.417620	115	117	13	1
RDH275__202311	Streptococcus pyogenes	false	hac	dna_r10.4.1_e8.2_400bps_hac@v4.3.0	10	10.00	chromosome=10.00	A	minimap2	2.26	map-ont	clair3	1.0.5	r1041_e82_400bps_hac_v430	docker://quay.io/mbhall88/clair3@sha256:6a4c352e7d14ebb67bdad4be366dcbf6afa66cc7f0ee0b37a05cebe3f4754735	CPU: AMD EPYC 9745	default_pass	ALL	0	0.999450	0.992713	0.996070	24.056074	5449	5447	40	3
RDH275__202311	Streptococcus pyogenes	false	hac	dna_r10.4.1_e8.2_400bps_hac@v4.3.0	10	10.00	chromosome=10.00	B	minimap2	2.31	lr:hq	clair3	1.0.5	r1041_e82_400bps_hac_v430	docker://quay.io/mbhall88/clair3@sha256:6a4c352e7d14ebb67bdad4be366dcbf6afa66cc7f0ee0b37a05cebe3f4754735	CPU: AMD EPYC 9745	sweep_best	SNP	5	0.999812	0.995150	0.997476	25.979106	5335	5331	26	1
RDH275__202311	Streptococcus pyogenes	false	hac	dna_r10.4.1_e8.2_400bps_hac@v4.3.0	10	10.00	chromosome=10.00	B	minimap2	2.31	lr:hq	clair3	1.0.5	r1041_e82_400bps_hac_v430	docker://quay.io/mbhall88/clair3@sha256:6a4c352e7d14ebb67bdad4be366dcbf6afa66cc7f0ee0b37a05cebe3f4754735	CPU: AMD EPYC 9745	sweep_best	INDEL	1	0.991736	0.921875	0.955530	13.519329	118	120	10	1
RDH275__202311	Streptococcus pyogenes	false	hac	dna_r10.4.1_e8.2_400bps_hac@v4.3.0	10	10.00	chromosome=10.00	B	minimap2	2.31	lr:hq	clair3	1.0.5	r1041_e82_400bps_hac_v430	docker://quay.io/mbhall88/clair3@sha256:6a4c352e7d14ebb67bdad4be366dcbf6afa66cc7f0ee0b37a05cebe3f4754735	CPU: AMD EPYC 9745	sweep_best	ALL	1	0.999450	0.993441	0.996437	24.481842	5453	5451	36	3
RDH275__202311	Streptococcus pyogenes	false	hac	dna_r10.4.1_e8.2_400bps_hac@v4.3.0	10	10.00	chromosome=10.00	B	minimap2	2.31	lr:hq	clair3	1.0.5	r1041_e82_400bps_hac_v430	docker://quay.io/mbhall88/clair3@sha256:6a4c352e7d14ebb67bdad4be366dcbf6afa66cc7f0ee0b37a05cebe3f4754735	CPU: AMD EPYC 9745	default_pass	SNP	0	0.999625	0.995150	0.997383	25.821963	5335	5331	26	2
RDH275__202311	Streptococcus pyogenes	false	hac	dna_r10.4.1_e8.2_400bps_hac@v4.3.0	10	10.00	chromosome=10.00	B	minimap2	2.31	lr:hq	clair3	1.0.5	r1041_e82_400bps_hac_v430	docker://quay.io/mbhall88/clair3@sha256:6a4c352e7d14ebb67bdad4be366dcbf6afa66cc7f0ee0b37a05cebe3f4754735	CPU: AMD EPYC 9745	default_pass	INDEL	0	0.991525	0.898438	0.942689	12.417620	115	117	13	1
RDH275__202311	Streptococcus pyogenes	false	hac	dna_r10.4.1_e8.2_400bps_hac@v4.3.0	10	10.00	chromosome=10.00	B	minimap2	2.31	lr:hq	clair3	1.0.5	r1041_e82_400bps_hac_v430	docker://quay.io/mbhall88/clair3@sha256:6a4c352e7d14ebb67bdad4be366dcbf6afa66cc7f0ee0b37a05cebe3f4754735	CPU: AMD EPYC 9745	default_pass	ALL	0	0.999450	0.992895	0.996161	24.157819	5450	5448	39	3
RDH275__202311	Streptococcus pyogenes	false	hac	dna_r10.4.1_e8.2_400bps_hac@v4.3.0	10	10.00	chromosome=10.00	C	minimap2	2.31	lr:hq	clair3	2.0.3	r1041_e82_400bps_hac_v430	docker://hkubal/clair3@sha256:d56df84c2c7c508aaf0623b124d9926d366a58f34236505b26c055f848afa202	CPU: AMD EPYC 9745	sweep_best	SNP	5	0.999812	0.995150	0.997476	25.979106	5335	5331	26	1
RDH275__202311	Streptococcus pyogenes	false	hac	dna_r10.4.1_e8.2_400bps_hac@v4.3.0	10	10.00	chromosome=10.00	C	minimap2	2.31	lr:hq	clair3	2.0.3	r1041_e82_400bps_hac_v430	docker://hkubal/clair3@sha256:d56df84c2c7c508aaf0623b124d9926d366a58f34236505b26c055f848afa202	CPU: AMD EPYC 9745	sweep_best	INDEL	1	0.991736	0.921875	0.955530	13.519329	118	120	10	1
RDH275__202311	Streptococcus pyogenes	false	hac	dna_r10.4.1_e8.2_400bps_hac@v4.3.0	10	10.00	chromosome=10.00	C	minimap2	2.31	lr:hq	clair3	2.0.3	r1041_e82_400bps_hac_v430	docker://hkubal/clair3@sha256:d56df84c2c7c508aaf0623b124d9926d366a58f34236505b26c055f848afa202	CPU: AMD EPYC 9745	sweep_best	ALL	1	0.999450	0.993441	0.996437	24.481842	5453	5451	36	3
RDH275__202311	Streptococcus pyogenes	false	hac	dna_r10.4.1_e8.2_400bps_hac@v4.3.0	10	10.00	chromosome=10.00	C	minimap2	2.31	lr:hq	clair3	2.0.3	r1041_e82_400bps_hac_v430	docker://hkubal/clair3@sha256:d56df84c2c7c508aaf0623b124d9926d366a58f34236505b26c055f848afa202	CPU: AMD EPYC 9745	default_pass	SNP	0	0.999625	0.995150	0.997383	25.821963	5335	5331	26	2
RDH275__202311	Streptococcus pyogenes	false	hac	dna_r10.4.1_e8.2_400bps_hac@v4.3.0	10	10.00	chromosome=10.00	C	minimap2	2.31	lr:hq	clair3	2.0.3	r1041_e82_400bps_hac_v430	docker://hkubal/clair3@sha256:d56df84c2c7c508aaf0623b124d9926d366a58f34236505b26c055f848afa202	CPU: AMD EPYC 9745	default_pass	INDEL	0	0.991525	0.898438	0.942689	12.417620	115	117	13	1
RDH275__202311	Streptococcus pyogenes	false	hac	dna_r10.4.1_e8.2_400bps_hac@v4.3.0	10	10.00	chromosome=10.00	C	minimap2	2.31	lr:hq	clair3	2.0.3	r1041_e82_400bps_hac_v430	docker://hkubal/clair3@sha256:d56df84c2c7c508aaf0623b124d9926d366a58f34236505b26c055f848afa202	CPU: AMD EPYC 9745	default_pass	ALL	0	0.999450	0.992895	0.996161	24.157819	5450	5448	39	3
RDH275__202311	Streptococcus pyogenes	false	hac	dna_r10.4.1_e8.2_400bps_hac@v4.3.0	10	10.00	chromosome=10.00	D	minimap2	2.31	lr:hq	dorado	2.1.2	dna_r10.4.1_e8.2_400bps_polish_bacterial_methylation_v5.0.0		NVIDIA H100 80GB HBM3	sweep_best	SNP	8	1.000000	0.999067	0.999533	33.306831	5356	5352	5	0
RDH275__202311	Streptococcus pyogenes	false	hac	dna_r10.4.1_e8.2_400bps_hac@v4.3.0	10	10.00	chromosome=10.00	D	minimap2	2.31	lr:hq	dorado	2.1.2	dna_r10.4.1_e8.2_400bps_polish_bacterial_methylation_v5.0.0		NVIDIA H100 80GB HBM3	sweep_best	INDEL	10	0.974359	0.875000	0.922010	11.079611	112	114	16	3
RDH275__202311	Streptococcus pyogenes	false	hac	dna_r10.4.1_e8.2_400bps_hac@v4.3.0	10	10.00	chromosome=10.00	D	minimap2	2.31	lr:hq	dorado	2.1.2	dna_r10.4.1_e8.2_400bps_polish_bacterial_methylation_v5.0.0		NVIDIA H100 80GB HBM3	sweep_best	ALL	8	0.998904	0.996539	0.997720	26.420652	5470	5468	19	6
RDH275__202311	Streptococcus pyogenes	false	hac	dna_r10.4.1_e8.2_400bps_hac@v4.3.0	10	10.00	chromosome=10.00	D	minimap2	2.31	lr:hq	dorado	2.1.2	dna_r10.4.1_e8.2_400bps_polish_bacterial_methylation_v5.0.0		NVIDIA H100 80GB HBM3	default_pass	SNP	0	0.998880	0.999254	0.999067	30.301184	5357	5353	4	6
RDH275__202311	Streptococcus pyogenes	false	hac	dna_r10.4.1_e8.2_400bps_hac@v4.3.0	10	10.00	chromosome=10.00	D	minimap2	2.31	lr:hq	dorado	2.1.2	dna_r10.4.1_e8.2_400bps_polish_bacterial_methylation_v5.0.0		NVIDIA H100 80GB HBM3	default_pass	INDEL	0	0.828767	0.929688	0.876331	9.077392	119	121	9	25
RDH275__202311	Streptococcus pyogenes	false	hac	dna_r10.4.1_e8.2_400bps_hac@v4.3.0	10	10.00	chromosome=10.00	D	minimap2	2.31	lr:hq	dorado	2.1.2	dna_r10.4.1_e8.2_400bps_polish_bacterial_methylation_v5.0.0		NVIDIA H100 80GB HBM3	default_pass	ALL	0	0.994369	0.997632	0.995997	23.976144	5476	5474	13	31
RDH275__202311	Streptococcus pyogenes	false	hac	dna_r10.4.1_e8.2_400bps_hac@v4.3.0	25	25.05	chromosome=25.05	A	minimap2	2.26	map-ont	clair3	1.0.5	r1041_e82_400bps_hac_v430	docker://quay.io/mbhall88/clair3@sha256:6a4c352e7d14ebb67bdad4be366dcbf6afa66cc7f0ee0b37a05cebe3f4754735	CPU: AMD EPYC 9745	sweep_best	SNP	0	1.000000	0.999813	0.999907	40.315171	5360	5356	1	0
RDH275__202311	Streptococcus pyogenes	false	hac	dna_r10.4.1_e8.2_400bps_hac@v4.3.0	25	25.05	chromosome=25.05	A	minimap2	2.26	map-ont	clair3	1.0.5	r1041_e82_400bps_hac_v430	docker://quay.io/mbhall88/clair3@sha256:6a4c352e7d14ebb67bdad4be366dcbf6afa66cc7f0ee0b37a05cebe3f4754735	CPU: AMD EPYC 9745	sweep_best	INDEL	0	1.000000	0.976562	0.988142	19.259886	125	127	3	0
RDH275__202311	Streptococcus pyogenes	false	hac	dna_r10.4.1_e8.2_400bps_hac@v4.3.0	25	25.05	chromosome=25.05	A	minimap2	2.26	map-ont	clair3	1.0.5	r1041_e82_400bps_hac_v430	docker://quay.io/mbhall88/clair3@sha256:6a4c352e7d14ebb67bdad4be366dcbf6afa66cc7f0ee0b37a05cebe3f4754735	CPU: AMD EPYC 9745	sweep_best	ALL	0	1.000000	0.999271	0.999636	34.388986	5485	5483	4	0
RDH275__202311	Streptococcus pyogenes	false	hac	dna_r10.4.1_e8.2_400bps_hac@v4.3.0	25	25.05	chromosome=25.05	A	minimap2	2.26	map-ont	clair3	1.0.5	r1041_e82_400bps_hac_v430	docker://quay.io/mbhall88/clair3@sha256:6a4c352e7d14ebb67bdad4be366dcbf6afa66cc7f0ee0b37a05cebe3f4754735	CPU: AMD EPYC 9745	default_pass	SNP	0	1.000000	0.999813	0.999907	40.315171	5360	5356	1	0
RDH275__202311	Streptococcus pyogenes	false	hac	dna_r10.4.1_e8.2_400bps_hac@v4.3.0	25	25.05	chromosome=25.05	A	minimap2	2.26	map-ont	clair3	1.0.5	r1041_e82_400bps_hac_v430	docker://quay.io/mbhall88/clair3@sha256:6a4c352e7d14ebb67bdad4be366dcbf6afa66cc7f0ee0b37a05cebe3f4754735	CPU: AMD EPYC 9745	default_pass	INDEL	0	1.000000	0.960938	0.980080	17.007107	123	125	5	0
RDH275__202311	Streptococcus pyogenes	false	hac	dna_r10.4.1_e8.2_400bps_hac@v4.3.0	25	25.05	chromosome=25.05	A	minimap2	2.26	map-ont	clair3	1.0.5	r1041_e82_400bps_hac_v430	docker://quay.io/mbhall88/clair3@sha256:6a4c352e7d14ebb67bdad4be366dcbf6afa66cc7f0ee0b37a05cebe3f4754735	CPU: AMD EPYC 9745	default_pass	ALL	0	1.000000	0.998907	0.999453	32.620127	5483	5481	6	0
RDH275__202311	Streptococcus pyogenes	false	hac	dna_r10.4.1_e8.2_400bps_hac@v4.3.0	25	25.05	chromosome=25.05	B	minimap2	2.31	lr:hq	clair3	1.0.5	r1041_e82_400bps_hac_v430	docker://quay.io/mbhall88/clair3@sha256:6a4c352e7d14ebb67bdad4be366dcbf6afa66cc7f0ee0b37a05cebe3f4754735	CPU: AMD EPYC 9745	sweep_best	SNP	0	1.000000	0.999813	0.999907	40.315171	5360	5356	1	0
RDH275__202311	Streptococcus pyogenes	false	hac	dna_r10.4.1_e8.2_400bps_hac@v4.3.0	25	25.05	chromosome=25.05	B	minimap2	2.31	lr:hq	clair3	1.0.5	r1041_e82_400bps_hac_v430	docker://quay.io/mbhall88/clair3@sha256:6a4c352e7d14ebb67bdad4be366dcbf6afa66cc7f0ee0b37a05cebe3f4754735	CPU: AMD EPYC 9745	sweep_best	INDEL	0	1.000000	0.976562	0.988142	19.259886	125	127	3	0
RDH275__202311	Streptococcus pyogenes	false	hac	dna_r10.4.1_e8.2_400bps_hac@v4.3.0	25	25.05	chromosome=25.05	B	minimap2	2.31	lr:hq	clair3	1.0.5	r1041_e82_400bps_hac_v430	docker://quay.io/mbhall88/clair3@sha256:6a4c352e7d14ebb67bdad4be366dcbf6afa66cc7f0ee0b37a05cebe3f4754735	CPU: AMD EPYC 9745	sweep_best	ALL	0	1.000000	0.999271	0.999636	34.388986	5485	5483	4	0
RDH275__202311	Streptococcus pyogenes	false	hac	dna_r10.4.1_e8.2_400bps_hac@v4.3.0	25	25.05	chromosome=25.05	B	minimap2	2.31	lr:hq	clair3	1.0.5	r1041_e82_400bps_hac_v430	docker://quay.io/mbhall88/clair3@sha256:6a4c352e7d14ebb67bdad4be366dcbf6afa66cc7f0ee0b37a05cebe3f4754735	CPU: AMD EPYC 9745	default_pass	SNP	0	1.000000	0.999813	0.999907	40.315171	5360	5356	1	0
RDH275__202311	Streptococcus pyogenes	false	hac	dna_r10.4.1_e8.2_400bps_hac@v4.3.0	25	25.05	chromosome=25.05	B	minimap2	2.31	lr:hq	clair3	1.0.5	r1041_e82_400bps_hac_v430	docker://quay.io/mbhall88/clair3@sha256:6a4c352e7d14ebb67bdad4be366dcbf6afa66cc7f0ee0b37a05cebe3f4754735	CPU: AMD EPYC 9745	default_pass	INDEL	0	1.000000	0.960938	0.980080	17.007107	123	125	5	0
RDH275__202311	Streptococcus pyogenes	false	hac	dna_r10.4.1_e8.2_400bps_hac@v4.3.0	25	25.05	chromosome=25.05	B	minimap2	2.31	lr:hq	clair3	1.0.5	r1041_e82_400bps_hac_v430	docker://quay.io/mbhall88/clair3@sha256:6a4c352e7d14ebb67bdad4be366dcbf6afa66cc7f0ee0b37a05cebe3f4754735	CPU: AMD EPYC 9745	default_pass	ALL	0	1.000000	0.998907	0.999453	32.620127	5483	5481	6	0
RDH275__202311	Streptococcus pyogenes	false	hac	dna_r10.4.1_e8.2_400bps_hac@v4.3.0	25	25.05	chromosome=25.05	C	minimap2	2.31	lr:hq	clair3	2.0.3	r1041_e82_400bps_hac_v430	docker://hkubal/clair3@sha256:d56df84c2c7c508aaf0623b124d9926d366a58f34236505b26c055f848afa202	CPU: AMD EPYC 9745	sweep_best	SNP	0	1.000000	0.999813	0.999907	40.315171	5360	5356	1	0
RDH275__202311	Streptococcus pyogenes	false	hac	dna_r10.4.1_e8.2_400bps_hac@v4.3.0	25	25.05	chromosome=25.05	C	minimap2	2.31	lr:hq	clair3	2.0.3	r1041_e82_400bps_hac_v430	docker://hkubal/clair3@sha256:d56df84c2c7c508aaf0623b124d9926d366a58f34236505b26c055f848afa202	CPU: AMD EPYC 9745	sweep_best	INDEL	0	1.000000	0.976562	0.988142	19.259886	125	127	3	0
RDH275__202311	Streptococcus pyogenes	false	hac	dna_r10.4.1_e8.2_400bps_hac@v4.3.0	25	25.05	chromosome=25.05	C	minimap2	2.31	lr:hq	clair3	2.0.3	r1041_e82_400bps_hac_v430	docker://hkubal/clair3@sha256:d56df84c2c7c508aaf0623b124d9926d366a58f34236505b26c055f848afa202	CPU: AMD EPYC 9745	sweep_best	ALL	0	1.000000	0.999271	0.999636	34.388986	5485	5483	4	0
RDH275__202311	Streptococcus pyogenes	false	hac	dna_r10.4.1_e8.2_400bps_hac@v4.3.0	25	25.05	chromosome=25.05	C	minimap2	2.31	lr:hq	clair3	2.0.3	r1041_e82_400bps_hac_v430	docker://hkubal/clair3@sha256:d56df84c2c7c508aaf0623b124d9926d366a58f34236505b26c055f848afa202	CPU: AMD EPYC 9745	default_pass	SNP	0	1.000000	0.999813	0.999907	40.315171	5360	5356	1	0
RDH275__202311	Streptococcus pyogenes	false	hac	dna_r10.4.1_e8.2_400bps_hac@v4.3.0	25	25.05	chromosome=25.05	C	minimap2	2.31	lr:hq	clair3	2.0.3	r1041_e82_400bps_hac_v430	docker://hkubal/clair3@sha256:d56df84c2c7c508aaf0623b124d9926d366a58f34236505b26c055f848afa202	CPU: AMD EPYC 9745	default_pass	INDEL	0	1.000000	0.960938	0.980080	17.007107	123	125	5	0
RDH275__202311	Streptococcus pyogenes	false	hac	dna_r10.4.1_e8.2_400bps_hac@v4.3.0	25	25.05	chromosome=25.05	C	minimap2	2.31	lr:hq	clair3	2.0.3	r1041_e82_400bps_hac_v430	docker://hkubal/clair3@sha256:d56df84c2c7c508aaf0623b124d9926d366a58f34236505b26c055f848afa202	CPU: AMD EPYC 9745	default_pass	ALL	0	1.000000	0.998907	0.999453	32.620127	5483	5481	6	0
RDH275__202311	Streptococcus pyogenes	false	hac	dna_r10.4.1_e8.2_400bps_hac@v4.3.0	25	25.05	chromosome=25.05	D	minimap2	2.31	lr:hq	dorado	2.1.2	dna_r10.4.1_e8.2_400bps_polish_bacterial_methylation_v5.0.0		NVIDIA H100 80GB HBM3	sweep_best	SNP	0	1.000000	0.999440	0.999720	35.528420	5358	5354	3	0
RDH275__202311	Streptococcus pyogenes	false	hac	dna_r10.4.1_e8.2_400bps_hac@v4.3.0	25	25.05	chromosome=25.05	D	minimap2	2.31	lr:hq	dorado	2.1.2	dna_r10.4.1_e8.2_400bps_polish_bacterial_methylation_v5.0.0		NVIDIA H100 80GB HBM3	sweep_best	INDEL	5	0.984375	0.968750	0.976500	16.289321	124	126	4	2
RDH275__202311	Streptococcus pyogenes	false	hac	dna_r10.4.1_e8.2_400bps_hac@v4.3.0	25	25.05	chromosome=25.05	D	minimap2	2.31	lr:hq	dorado	2.1.2	dna_r10.4.1_e8.2_400bps_polish_bacterial_methylation_v5.0.0		NVIDIA H100 80GB HBM3	sweep_best	ALL	5	0.999635	0.998725	0.999180	30.861861	5482	5480	7	2
RDH275__202311	Streptococcus pyogenes	false	hac	dna_r10.4.1_e8.2_400bps_hac@v4.3.0	25	25.05	chromosome=25.05	D	minimap2	2.31	lr:hq	dorado	2.1.2	dna_r10.4.1_e8.2_400bps_polish_bacterial_methylation_v5.0.0		NVIDIA H100 80GB HBM3	default_pass	SNP	0	1.000000	0.999440	0.999720	35.528420	5358	5354	3	0
RDH275__202311	Streptococcus pyogenes	false	hac	dna_r10.4.1_e8.2_400bps_hac@v4.3.0	25	25.05	chromosome=25.05	D	minimap2	2.31	lr:hq	dorado	2.1.2	dna_r10.4.1_e8.2_400bps_polish_bacterial_methylation_v5.0.0		NVIDIA H100 80GB HBM3	default_pass	INDEL	0	0.954887	0.976562	0.965603	14.634794	125	127	3	6
RDH275__202311	Streptococcus pyogenes	false	hac	dna_r10.4.1_e8.2_400bps_hac@v4.3.0	25	25.05	chromosome=25.05	D	minimap2	2.31	lr:hq	dorado	2.1.2	dna_r10.4.1_e8.2_400bps_polish_bacterial_methylation_v5.0.0		NVIDIA H100 80GB HBM3	default_pass	ALL	0	0.998906	0.998907	0.998907	29.613798	5483	5481	6	6
RDH275__202311	Streptococcus pyogenes	false	hac	dna_r10.4.1_e8.2_400bps_hac@v4.3.0	50	50.05	chromosome=50.05	A	minimap2	2.26	map-ont	clair3	1.0.5	r1041_e82_400bps_hac_v430	docker://quay.io/mbhall88/clair3@sha256:6a4c352e7d14ebb67bdad4be366dcbf6afa66cc7f0ee0b37a05cebe3f4754735	CPU: AMD EPYC 9745	sweep_best	SNP	0	1.000000	1.000000	1.000000	60.000000	5361	5357	0	0
RDH275__202311	Streptococcus pyogenes	false	hac	dna_r10.4.1_e8.2_400bps_hac@v4.3.0	50	50.05	chromosome=50.05	A	minimap2	2.26	map-ont	clair3	1.0.5	r1041_e82_400bps_hac_v430	docker://quay.io/mbhall88/clair3@sha256:6a4c352e7d14ebb67bdad4be366dcbf6afa66cc7f0ee0b37a05cebe3f4754735	CPU: AMD EPYC 9745	sweep_best	INDEL	0	1.000000	0.992188	0.996078	24.064924	127	129	1	0
RDH275__202311	Streptococcus pyogenes	false	hac	dna_r10.4.1_e8.2_400bps_hac@v4.3.0	50	50.05	chromosome=50.05	A	minimap2	2.26	map-ont	clair3	1.0.5	r1041_e82_400bps_hac_v430	docker://quay.io/mbhall88/clair3@sha256:6a4c352e7d14ebb67bdad4be366dcbf6afa66cc7f0ee0b37a05cebe3f4754735	CPU: AMD EPYC 9745	sweep_best	ALL	0	1.000000	0.999818	0.999909	40.409586	5488	5486	1	0
RDH275__202311	Streptococcus pyogenes	false	hac	dna_r10.4.1_e8.2_400bps_hac@v4.3.0	50	50.05	chromosome=50.05	A	minimap2	2.26	map-ont	clair3	1.0.5	r1041_e82_400bps_hac_v430	docker://quay.io/mbhall88/clair3@sha256:6a4c352e7d14ebb67bdad4be366dcbf6afa66cc7f0ee0b37a05cebe3f4754735	CPU: AMD EPYC 9745	default_pass	SNP	0	1.000000	1.000000	1.000000	60.000000	5361	5357	0	0
RDH275__202311	Streptococcus pyogenes	false	hac	dna_r10.4.1_e8.2_400bps_hac@v4.3.0	50	50.05	chromosome=50.05	A	minimap2	2.26	map-ont	clair3	1.0.5	r1041_e82_400bps_hac_v430	docker://quay.io/mbhall88/clair3@sha256:6a4c352e7d14ebb67bdad4be366dcbf6afa66cc7f0ee0b37a05cebe3f4754735	CPU: AMD EPYC 9745	default_pass	INDEL	0	1.000000	0.992188	0.996078	24.064924	127	129	1	0
RDH275__202311	Streptococcus pyogenes	false	hac	dna_r10.4.1_e8.2_400bps_hac@v4.3.0	50	50.05	chromosome=50.05	A	minimap2	2.26	map-ont	clair3	1.0.5	r1041_e82_400bps_hac_v430	docker://quay.io/mbhall88/clair3@sha256:6a4c352e7d14ebb67bdad4be366dcbf6afa66cc7f0ee0b37a05cebe3f4754735	CPU: AMD EPYC 9745	default_pass	ALL	0	1.000000	0.999818	0.999909	40.409586	5488	5486	1	0
RDH275__202311	Streptococcus pyogenes	false	hac	dna_r10.4.1_e8.2_400bps_hac@v4.3.0	50	50.05	chromosome=50.05	B	minimap2	2.31	lr:hq	clair3	1.0.5	r1041_e82_400bps_hac_v430	docker://quay.io/mbhall88/clair3@sha256:6a4c352e7d14ebb67bdad4be366dcbf6afa66cc7f0ee0b37a05cebe3f4754735	CPU: AMD EPYC 9745	sweep_best	SNP	0	1.000000	1.000000	1.000000	60.000000	5361	5357	0	0
RDH275__202311	Streptococcus pyogenes	false	hac	dna_r10.4.1_e8.2_400bps_hac@v4.3.0	50	50.05	chromosome=50.05	B	minimap2	2.31	lr:hq	clair3	1.0.5	r1041_e82_400bps_hac_v430	docker://quay.io/mbhall88/clair3@sha256:6a4c352e7d14ebb67bdad4be366dcbf6afa66cc7f0ee0b37a05cebe3f4754735	CPU: AMD EPYC 9745	sweep_best	INDEL	0	1.000000	0.992188	0.996078	24.064924	127	129	1	0
RDH275__202311	Streptococcus pyogenes	false	hac	dna_r10.4.1_e8.2_400bps_hac@v4.3.0	50	50.05	chromosome=50.05	B	minimap2	2.31	lr:hq	clair3	1.0.5	r1041_e82_400bps_hac_v430	docker://quay.io/mbhall88/clair3@sha256:6a4c352e7d14ebb67bdad4be366dcbf6afa66cc7f0ee0b37a05cebe3f4754735	CPU: AMD EPYC 9745	sweep_best	ALL	0	1.000000	0.999818	0.999909	40.409586	5488	5486	1	0
RDH275__202311	Streptococcus pyogenes	false	hac	dna_r10.4.1_e8.2_400bps_hac@v4.3.0	50	50.05	chromosome=50.05	B	minimap2	2.31	lr:hq	clair3	1.0.5	r1041_e82_400bps_hac_v430	docker://quay.io/mbhall88/clair3@sha256:6a4c352e7d14ebb67bdad4be366dcbf6afa66cc7f0ee0b37a05cebe3f4754735	CPU: AMD EPYC 9745	default_pass	SNP	0	1.000000	1.000000	1.000000	60.000000	5361	5357	0	0
RDH275__202311	Streptococcus pyogenes	false	hac	dna_r10.4.1_e8.2_400bps_hac@v4.3.0	50	50.05	chromosome=50.05	B	minimap2	2.31	lr:hq	clair3	1.0.5	r1041_e82_400bps_hac_v430	docker://quay.io/mbhall88/clair3@sha256:6a4c352e7d14ebb67bdad4be366dcbf6afa66cc7f0ee0b37a05cebe3f4754735	CPU: AMD EPYC 9745	default_pass	INDEL	0	1.000000	0.992188	0.996078	24.064924	127	129	1	0
RDH275__202311	Streptococcus pyogenes	false	hac	dna_r10.4.1_e8.2_400bps_hac@v4.3.0	50	50.05	chromosome=50.05	B	minimap2	2.31	lr:hq	clair3	1.0.5	r1041_e82_400bps_hac_v430	docker://quay.io/mbhall88/clair3@sha256:6a4c352e7d14ebb67bdad4be366dcbf6afa66cc7f0ee0b37a05cebe3f4754735	CPU: AMD EPYC 9745	default_pass	ALL	0	1.000000	0.999818	0.999909	40.409586	5488	5486	1	0
RDH275__202311	Streptococcus pyogenes	false	hac	dna_r10.4.1_e8.2_400bps_hac@v4.3.0	50	50.05	chromosome=50.05	C	minimap2	2.31	lr:hq	clair3	2.0.3	r1041_e82_400bps_hac_v430	docker://hkubal/clair3@sha256:d56df84c2c7c508aaf0623b124d9926d366a58f34236505b26c055f848afa202	CPU: AMD EPYC 9745	sweep_best	SNP	0	1.000000	1.000000	1.000000	60.000000	5361	5357	0	0
RDH275__202311	Streptococcus pyogenes	false	hac	dna_r10.4.1_e8.2_400bps_hac@v4.3.0	50	50.05	chromosome=50.05	C	minimap2	2.31	lr:hq	clair3	2.0.3	r1041_e82_400bps_hac_v430	docker://hkubal/clair3@sha256:d56df84c2c7c508aaf0623b124d9926d366a58f34236505b26c055f848afa202	CPU: AMD EPYC 9745	sweep_best	INDEL	0	1.000000	0.992188	0.996078	24.064924	127	129	1	0
RDH275__202311	Streptococcus pyogenes	false	hac	dna_r10.4.1_e8.2_400bps_hac@v4.3.0	50	50.05	chromosome=50.05	C	minimap2	2.31	lr:hq	clair3	2.0.3	r1041_e82_400bps_hac_v430	docker://hkubal/clair3@sha256:d56df84c2c7c508aaf0623b124d9926d366a58f34236505b26c055f848afa202	CPU: AMD EPYC 9745	sweep_best	ALL	0	1.000000	0.999818	0.999909	40.409586	5488	5486	1	0
RDH275__202311	Streptococcus pyogenes	false	hac	dna_r10.4.1_e8.2_400bps_hac@v4.3.0	50	50.05	chromosome=50.05	C	minimap2	2.31	lr:hq	clair3	2.0.3	r1041_e82_400bps_hac_v430	docker://hkubal/clair3@sha256:d56df84c2c7c508aaf0623b124d9926d366a58f34236505b26c055f848afa202	CPU: AMD EPYC 9745	default_pass	SNP	0	1.000000	1.000000	1.000000	60.000000	5361	5357	0	0
RDH275__202311	Streptococcus pyogenes	false	hac	dna_r10.4.1_e8.2_400bps_hac@v4.3.0	50	50.05	chromosome=50.05	C	minimap2	2.31	lr:hq	clair3	2.0.3	r1041_e82_400bps_hac_v430	docker://hkubal/clair3@sha256:d56df84c2c7c508aaf0623b124d9926d366a58f34236505b26c055f848afa202	CPU: AMD EPYC 9745	default_pass	INDEL	0	1.000000	0.992188	0.996078	24.064924	127	129	1	0
RDH275__202311	Streptococcus pyogenes	false	hac	dna_r10.4.1_e8.2_400bps_hac@v4.3.0	50	50.05	chromosome=50.05	C	minimap2	2.31	lr:hq	clair3	2.0.3	r1041_e82_400bps_hac_v430	docker://hkubal/clair3@sha256:d56df84c2c7c508aaf0623b124d9926d366a58f34236505b26c055f848afa202	CPU: AMD EPYC 9745	default_pass	ALL	0	1.000000	0.999818	0.999909	40.409586	5488	5486	1	0
RDH275__202311	Streptococcus pyogenes	false	hac	dna_r10.4.1_e8.2_400bps_hac@v4.3.0	50	50.05	chromosome=50.05	D	minimap2	2.31	lr:hq	dorado	2.1.2	dna_r10.4.1_e8.2_400bps_polish_bacterial_methylation_v5.0.0		NVIDIA H100 80GB HBM3	sweep_best	SNP	0	0.999813	0.999627	0.999720	35.528420	5359	5355	2	1
RDH275__202311	Streptococcus pyogenes	false	hac	dna_r10.4.1_e8.2_400bps_hac@v4.3.0	50	50.05	chromosome=50.05	D	minimap2	2.31	lr:hq	dorado	2.1.2	dna_r10.4.1_e8.2_400bps_polish_bacterial_methylation_v5.0.0		NVIDIA H100 80GB HBM3	sweep_best	INDEL	0	1.000000	0.984375	0.992126	21.038046	126	128	2	0
RDH275__202311	Streptococcus pyogenes	false	hac	dna_r10.4.1_e8.2_400bps_hac@v4.3.0	50	50.05	chromosome=50.05	D	minimap2	2.31	lr:hq	dorado	2.1.2	dna_r10.4.1_e8.2_400bps_polish_bacterial_methylation_v5.0.0		NVIDIA H100 80GB HBM3	sweep_best	ALL	0	0.999818	0.999271	0.999544	33.410352	5485	5483	4	1
RDH275__202311	Streptococcus pyogenes	false	hac	dna_r10.4.1_e8.2_400bps_hac@v4.3.0	50	50.05	chromosome=50.05	D	minimap2	2.31	lr:hq	dorado	2.1.2	dna_r10.4.1_e8.2_400bps_polish_bacterial_methylation_v5.0.0		NVIDIA H100 80GB HBM3	default_pass	SNP	0	0.999813	0.999627	0.999720	35.528420	5359	5355	2	1
RDH275__202311	Streptococcus pyogenes	false	hac	dna_r10.4.1_e8.2_400bps_hac@v4.3.0	50	50.05	chromosome=50.05	D	minimap2	2.31	lr:hq	dorado	2.1.2	dna_r10.4.1_e8.2_400bps_polish_bacterial_methylation_v5.0.0		NVIDIA H100 80GB HBM3	default_pass	INDEL	0	1.000000	0.976562	0.988142	19.259886	125	127	3	0
RDH275__202311	Streptococcus pyogenes	false	hac	dna_r10.4.1_e8.2_400bps_hac@v4.3.0	50	50.05	chromosome=50.05	D	minimap2	2.31	lr:hq	dorado	2.1.2	dna_r10.4.1_e8.2_400bps_polish_bacterial_methylation_v5.0.0		NVIDIA H100 80GB HBM3	default_pass	ALL	0	0.999818	0.999089	0.999453	32.620127	5484	5482	5	1
RDH275__202311	Streptococcus pyogenes	false	sup	dna_r10.4.1_e8.2_400bps_sup@v4.3.0	5	5.05	chromosome=5.05	A	minimap2	2.26	map-ont	clair3	1.0.5	r1041_e82_400bps_sup_v430	docker://quay.io/mbhall88/clair3@sha256:6a4c352e7d14ebb67bdad4be366dcbf6afa66cc7f0ee0b37a05cebe3f4754735	CPU: AMD EPYC 9745	sweep_best	SNP	2	1.000000	0.992539	0.996255	24.265482	5321	5317	40	0
RDH275__202311	Streptococcus pyogenes	false	sup	dna_r10.4.1_e8.2_400bps_sup@v4.3.0	5	5.05	chromosome=5.05	A	minimap2	2.26	map-ont	clair3	1.0.5	r1041_e82_400bps_sup_v430	docker://quay.io/mbhall88/clair3@sha256:6a4c352e7d14ebb67bdad4be366dcbf6afa66cc7f0ee0b37a05cebe3f4754735	CPU: AMD EPYC 9745	sweep_best	INDEL	0	0.982759	0.875000	0.925754	11.293269	112	114	16	2
RDH275__202311	Streptococcus pyogenes	false	sup	dna_r10.4.1_e8.2_400bps_sup@v4.3.0	5	5.05	chromosome=5.05	A	minimap2	2.26	map-ont	clair3	1.0.5	r1041_e82_400bps_sup_v430	docker://quay.io/mbhall88/clair3@sha256:6a4c352e7d14ebb67bdad4be366dcbf6afa66cc7f0ee0b37a05cebe3f4754735	CPU: AMD EPYC 9745	sweep_best	ALL	0	0.999264	0.989980	0.994600	22.676062	5434	5432	55	4
RDH275__202311	Streptococcus pyogenes	false	sup	dna_r10.4.1_e8.2_400bps_sup@v4.3.0	5	5.05	chromosome=5.05	A	minimap2	2.26	map-ont	clair3	1.0.5	r1041_e82_400bps_sup_v430	docker://quay.io/mbhall88/clair3@sha256:6a4c352e7d14ebb67bdad4be366dcbf6afa66cc7f0ee0b37a05cebe3f4754735	CPU: AMD EPYC 9745	default_pass	SNP	0	1.000000	0.992539	0.996255	24.265482	5321	5317	40	0
RDH275__202311	Streptococcus pyogenes	false	sup	dna_r10.4.1_e8.2_400bps_sup@v4.3.0	5	5.05	chromosome=5.05	A	minimap2	2.26	map-ont	clair3	1.0.5	r1041_e82_400bps_sup_v430	docker://quay.io/mbhall88/clair3@sha256:6a4c352e7d14ebb67bdad4be366dcbf6afa66cc7f0ee0b37a05cebe3f4754735	CPU: AMD EPYC 9745	default_pass	INDEL	0	0.990909	0.835938	0.906850	10.308171	107	109	21	1
RDH275__202311	Streptococcus pyogenes	false	sup	dna_r10.4.1_e8.2_400bps_sup@v4.3.0	5	5.05	chromosome=5.05	A	minimap2	2.26	map-ont	clair3	1.0.5	r1041_e82_400bps_sup_v430	docker://quay.io/mbhall88/clair3@sha256:6a4c352e7d14ebb67bdad4be366dcbf6afa66cc7f0ee0b37a05cebe3f4754735	CPU: AMD EPYC 9745	default_pass	ALL	0	0.999816	0.988887	0.994321	22.457281	5428	5426	61	1
RDH275__202311	Streptococcus pyogenes	false	sup	dna_r10.4.1_e8.2_400bps_sup@v4.3.0	5	5.05	chromosome=5.05	B	minimap2	2.31	lr:hq	clair3	1.0.5	r1041_e82_400bps_sup_v430	docker://quay.io/mbhall88/clair3@sha256:6a4c352e7d14ebb67bdad4be366dcbf6afa66cc7f0ee0b37a05cebe3f4754735	CPU: AMD EPYC 9745	sweep_best	SNP	2	1.000000	0.992539	0.996255	24.265482	5321	5317	40	0
RDH275__202311	Streptococcus pyogenes	false	sup	dna_r10.4.1_e8.2_400bps_sup@v4.3.0	5	5.05	chromosome=5.05	B	minimap2	2.31	lr:hq	clair3	1.0.5	r1041_e82_400bps_sup_v430	docker://quay.io/mbhall88/clair3@sha256:6a4c352e7d14ebb67bdad4be366dcbf6afa66cc7f0ee0b37a05cebe3f4754735	CPU: AMD EPYC 9745	sweep_best	INDEL	0	0.982759	0.875000	0.925754	11.293269	112	114	16	2
RDH275__202311	Streptococcus pyogenes	false	sup	dna_r10.4.1_e8.2_400bps_sup@v4.3.0	5	5.05	chromosome=5.05	B	minimap2	2.31	lr:hq	clair3	1.0.5	r1041_e82_400bps_sup_v430	docker://quay.io/mbhall88/clair3@sha256:6a4c352e7d14ebb67bdad4be366dcbf6afa66cc7f0ee0b37a05cebe3f4754735	CPU: AMD EPYC 9745	sweep_best	ALL	0	0.999264	0.989980	0.994600	22.676062	5434	5432	55	4
RDH275__202311	Streptococcus pyogenes	false	sup	dna_r10.4.1_e8.2_400bps_sup@v4.3.0	5	5.05	chromosome=5.05	B	minimap2	2.31	lr:hq	clair3	1.0.5	r1041_e82_400bps_sup_v430	docker://quay.io/mbhall88/clair3@sha256:6a4c352e7d14ebb67bdad4be366dcbf6afa66cc7f0ee0b37a05cebe3f4754735	CPU: AMD EPYC 9745	default_pass	SNP	0	1.000000	0.992539	0.996255	24.265482	5321	5317	40	0
RDH275__202311	Streptococcus pyogenes	false	sup	dna_r10.4.1_e8.2_400bps_sup@v4.3.0	5	5.05	chromosome=5.05	B	minimap2	2.31	lr:hq	clair3	1.0.5	r1041_e82_400bps_sup_v430	docker://quay.io/mbhall88/clair3@sha256:6a4c352e7d14ebb67bdad4be366dcbf6afa66cc7f0ee0b37a05cebe3f4754735	CPU: AMD EPYC 9745	default_pass	INDEL	0	0.990909	0.835938	0.906850	10.308171	107	109	21	1
RDH275__202311	Streptococcus pyogenes	false	sup	dna_r10.4.1_e8.2_400bps_sup@v4.3.0	5	5.05	chromosome=5.05	B	minimap2	2.31	lr:hq	clair3	1.0.5	r1041_e82_400bps_sup_v430	docker://quay.io/mbhall88/clair3@sha256:6a4c352e7d14ebb67bdad4be366dcbf6afa66cc7f0ee0b37a05cebe3f4754735	CPU: AMD EPYC 9745	default_pass	ALL	0	0.999816	0.988887	0.994321	22.457281	5428	5426	61	1
RDH275__202311	Streptococcus pyogenes	false	sup	dna_r10.4.1_e8.2_400bps_sup@v4.3.0	5	5.05	chromosome=5.05	C	minimap2	2.31	lr:hq	clair3	2.0.3	r1041_e82_400bps_sup_v430	docker://hkubal/clair3@sha256:d56df84c2c7c508aaf0623b124d9926d366a58f34236505b26c055f848afa202	CPU: AMD EPYC 9745	sweep_best	SNP	2	1.000000	0.992539	0.996255	24.265482	5321	5317	40	0
RDH275__202311	Streptococcus pyogenes	false	sup	dna_r10.4.1_e8.2_400bps_sup@v4.3.0	5	5.05	chromosome=5.05	C	minimap2	2.31	lr:hq	clair3	2.0.3	r1041_e82_400bps_sup_v430	docker://hkubal/clair3@sha256:d56df84c2c7c508aaf0623b124d9926d366a58f34236505b26c055f848afa202	CPU: AMD EPYC 9745	sweep_best	INDEL	0	0.982759	0.875000	0.925754	11.293269	112	114	16	2
RDH275__202311	Streptococcus pyogenes	false	sup	dna_r10.4.1_e8.2_400bps_sup@v4.3.0	5	5.05	chromosome=5.05	C	minimap2	2.31	lr:hq	clair3	2.0.3	r1041_e82_400bps_sup_v430	docker://hkubal/clair3@sha256:d56df84c2c7c508aaf0623b124d9926d366a58f34236505b26c055f848afa202	CPU: AMD EPYC 9745	sweep_best	ALL	0	0.999264	0.989980	0.994600	22.676062	5434	5432	55	4
RDH275__202311	Streptococcus pyogenes	false	sup	dna_r10.4.1_e8.2_400bps_sup@v4.3.0	5	5.05	chromosome=5.05	C	minimap2	2.31	lr:hq	clair3	2.0.3	r1041_e82_400bps_sup_v430	docker://hkubal/clair3@sha256:d56df84c2c7c508aaf0623b124d9926d366a58f34236505b26c055f848afa202	CPU: AMD EPYC 9745	default_pass	SNP	0	1.000000	0.992539	0.996255	24.265482	5321	5317	40	0
RDH275__202311	Streptococcus pyogenes	false	sup	dna_r10.4.1_e8.2_400bps_sup@v4.3.0	5	5.05	chromosome=5.05	C	minimap2	2.31	lr:hq	clair3	2.0.3	r1041_e82_400bps_sup_v430	docker://hkubal/clair3@sha256:d56df84c2c7c508aaf0623b124d9926d366a58f34236505b26c055f848afa202	CPU: AMD EPYC 9745	default_pass	INDEL	0	0.990909	0.835938	0.906850	10.308171	107	109	21	1
RDH275__202311	Streptococcus pyogenes	false	sup	dna_r10.4.1_e8.2_400bps_sup@v4.3.0	5	5.05	chromosome=5.05	C	minimap2	2.31	lr:hq	clair3	2.0.3	r1041_e82_400bps_sup_v430	docker://hkubal/clair3@sha256:d56df84c2c7c508aaf0623b124d9926d366a58f34236505b26c055f848afa202	CPU: AMD EPYC 9745	default_pass	ALL	0	0.999816	0.988887	0.994321	22.457281	5428	5426	61	1
RDH275__202311	Streptococcus pyogenes	false	sup	dna_r10.4.1_e8.2_400bps_sup@v4.3.0	5	5.05	chromosome=5.05	D	minimap2	2.31	lr:hq	dorado	2.1.2	dna_r10.4.1_e8.2_400bps_polish_bacterial_methylation_v5.0.0		NVIDIA H100 80GB HBM3	sweep_best	SNP	6	0.996642	0.997202	0.996922	25.117314	5346	5342	15	18
RDH275__202311	Streptococcus pyogenes	false	sup	dna_r10.4.1_e8.2_400bps_sup@v4.3.0	5	5.05	chromosome=5.05	D	minimap2	2.31	lr:hq	dorado	2.1.2	dna_r10.4.1_e8.2_400bps_polish_bacterial_methylation_v5.0.0		NVIDIA H100 80GB HBM3	sweep_best	INDEL	12	0.943548	0.898438	0.920440	10.993052	115	117	13	7
RDH275__202311	Streptococcus pyogenes	false	sup	dna_r10.4.1_e8.2_400bps_sup@v4.3.0	5	5.05	chromosome=5.05	D	minimap2	2.31	lr:hq	dorado	2.1.2	dna_r10.4.1_e8.2_400bps_polish_bacterial_methylation_v5.0.0		NVIDIA H100 80GB HBM3	sweep_best	ALL	9	0.994712	0.994170	0.994441	22.550033	5457	5455	32	29
RDH275__202311	Streptococcus pyogenes	false	sup	dna_r10.4.1_e8.2_400bps_sup@v4.3.0	5	5.05	chromosome=5.05	D	minimap2	2.31	lr:hq	dorado	2.1.2	dna_r10.4.1_e8.2_400bps_polish_bacterial_methylation_v5.0.0		NVIDIA H100 80GB HBM3	default_pass	SNP	0	0.990370	0.998321	0.994330	22.464169	5352	5348	9	52
RDH275__202311	Streptococcus pyogenes	false	sup	dna_r10.4.1_e8.2_400bps_sup@v4.3.0	5	5.05	chromosome=5.05	D	minimap2	2.31	lr:hq	dorado	2.1.2	dna_r10.4.1_e8.2_400bps_polish_bacterial_methylation_v5.0.0		NVIDIA H100 80GB HBM3	default_pass	INDEL	0	0.572727	0.968750	0.719867	5.526357	124	126	4	94
RDH275__202311	Streptococcus pyogenes	false	sup	dna_r10.4.1_e8.2_400bps_sup@v4.3.0	5	5.05	chromosome=5.05	D	minimap2	2.31	lr:hq	dorado	2.1.2	dna_r10.4.1_e8.2_400bps_polish_bacterial_methylation_v5.0.0		NVIDIA H100 80GB HBM3	default_pass	ALL	0	0.974021	0.997632	0.985685	18.442086	5476	5474	13	146
RDH275__202311	Streptococcus pyogenes	false	sup	dna_r10.4.1_e8.2_400bps_sup@v4.3.0	10	10.09	chromosome=10.09	A	minimap2	2.26	map-ont	clair3	1.0.5	r1041_e82_400bps_sup_v430	docker://quay.io/mbhall88/clair3@sha256:6a4c352e7d14ebb67bdad4be366dcbf6afa66cc7f0ee0b37a05cebe3f4754735	CPU: AMD EPYC 9745	sweep_best	SNP	0	1.000000	0.999254	0.999627	34.282912	5357	5353	4	0
RDH275__202311	Streptococcus pyogenes	false	sup	dna_r10.4.1_e8.2_400bps_sup@v4.3.0	10	10.09	chromosome=10.09	A	minimap2	2.26	map-ont	clair3	1.0.5	r1041_e82_400bps_sup_v430	docker://quay.io/mbhall88/clair3@sha256:6a4c352e7d14ebb67bdad4be366dcbf6afa66cc7f0ee0b37a05cebe3f4754735	CPU: AMD EPYC 9745	sweep_best	INDEL	0	1.000000	0.937500	0.967742	14.913626	120	122	8	0
RDH275__202311	Streptococcus pyogenes	false	sup	dna_r10.4.1_e8.2_400bps_sup@v4.3.0	10	10.09	chromosome=10.09	A	minimap2	2.26	map-ont	clair3	1.0.5	r1041_e82_400bps_sup_v430	docker://quay.io/mbhall88/clair3@sha256:6a4c352e7d14ebb67bdad4be366dcbf6afa66cc7f0ee0b37a05cebe3f4754735	CPU: AMD EPYC 9745	sweep_best	ALL	0	1.000000	0.997814	0.998906	29.609827	5477	5475	12	0
RDH275__202311	Streptococcus pyogenes	false	sup	dna_r10.4.1_e8.2_400bps_sup@v4.3.0	10	10.09	chromosome=10.09	A	minimap2	2.26	map-ont	clair3	1.0.5	r1041_e82_400bps_sup_v430	docker://quay.io/mbhall88/clair3@sha256:6a4c352e7d14ebb67bdad4be366dcbf6afa66cc7f0ee0b37a05cebe3f4754735	CPU: AMD EPYC 9745	default_pass	SNP	0	1.000000	0.999254	0.999627	34.282912	5357	5353	4	0
RDH275__202311	Streptococcus pyogenes	false	sup	dna_r10.4.1_e8.2_400bps_sup@v4.3.0	10	10.09	chromosome=10.09	A	minimap2	2.26	map-ont	clair3	1.0.5	r1041_e82_400bps_sup_v430	docker://quay.io/mbhall88/clair3@sha256:6a4c352e7d14ebb67bdad4be366dcbf6afa66cc7f0ee0b37a05cebe3f4754735	CPU: AMD EPYC 9745	default_pass	INDEL	0	1.000000	0.937500	0.967742	14.913626	120	122	8	0
RDH275__202311	Streptococcus pyogenes	false	sup	dna_r10.4.1_e8.2_400bps_sup@v4.3.0	10	10.09	chromosome=10.09	A	minimap2	2.26	map-ont	clair3	1.0.5	r1041_e82_400bps_sup_v430	docker://quay.io/mbhall88/clair3@sha256:6a4c352e7d14ebb67bdad4be366dcbf6afa66cc7f0ee0b37a05cebe3f4754735	CPU: AMD EPYC 9745	default_pass	ALL	0	1.000000	0.997814	0.998906	29.609827	5477	5475	12	0
RDH275__202311	Streptococcus pyogenes	false	sup	dna_r10.4.1_e8.2_400bps_sup@v4.3.0	10	10.09	chromosome=10.09	B	minimap2	2.31	lr:hq	clair3	1.0.5	r1041_e82_400bps_sup_v430	docker://quay.io/mbhall88/clair3@sha256:6a4c352e7d14ebb67bdad4be366dcbf6afa66cc7f0ee0b37a05cebe3f4754735	CPU: AMD EPYC 9745	sweep_best	SNP	0	1.000000	0.999254	0.999627	34.282912	5357	5353	4	0
RDH275__202311	Streptococcus pyogenes	false	sup	dna_r10.4.1_e8.2_400bps_sup@v4.3.0	10	10.09	chromosome=10.09	B	minimap2	2.31	lr:hq	clair3	1.0.5	r1041_e82_400bps_sup_v430	docker://quay.io/mbhall88/clair3@sha256:6a4c352e7d14ebb67bdad4be366dcbf6afa66cc7f0ee0b37a05cebe3f4754735	CPU: AMD EPYC 9745	sweep_best	INDEL	0	1.000000	0.937500	0.967742	14.913626	120	122	8	0
RDH275__202311	Streptococcus pyogenes	false	sup	dna_r10.4.1_e8.2_400bps_sup@v4.3.0	10	10.09	chromosome=10.09	B	minimap2	2.31	lr:hq	clair3	1.0.5	r1041_e82_400bps_sup_v430	docker://quay.io/mbhall88/clair3@sha256:6a4c352e7d14ebb67bdad4be366dcbf6afa66cc7f0ee0b37a05cebe3f4754735	CPU: AMD EPYC 9745	sweep_best	ALL	0	1.000000	0.997814	0.998906	29.609827	5477	5475	12	0
RDH275__202311	Streptococcus pyogenes	false	sup	dna_r10.4.1_e8.2_400bps_sup@v4.3.0	10	10.09	chromosome=10.09	B	minimap2	2.31	lr:hq	clair3	1.0.5	r1041_e82_400bps_sup_v430	docker://quay.io/mbhall88/clair3@sha256:6a4c352e7d14ebb67bdad4be366dcbf6afa66cc7f0ee0b37a05cebe3f4754735	CPU: AMD EPYC 9745	default_pass	SNP	0	1.000000	0.999254	0.999627	34.282912	5357	5353	4	0
RDH275__202311	Streptococcus pyogenes	false	sup	dna_r10.4.1_e8.2_400bps_sup@v4.3.0	10	10.09	chromosome=10.09	B	minimap2	2.31	lr:hq	clair3	1.0.5	r1041_e82_400bps_sup_v430	docker://quay.io/mbhall88/clair3@sha256:6a4c352e7d14ebb67bdad4be366dcbf6afa66cc7f0ee0b37a05cebe3f4754735	CPU: AMD EPYC 9745	default_pass	INDEL	0	1.000000	0.937500	0.967742	14.913626	120	122	8	0
RDH275__202311	Streptococcus pyogenes	false	sup	dna_r10.4.1_e8.2_400bps_sup@v4.3.0	10	10.09	chromosome=10.09	B	minimap2	2.31	lr:hq	clair3	1.0.5	r1041_e82_400bps_sup_v430	docker://quay.io/mbhall88/clair3@sha256:6a4c352e7d14ebb67bdad4be366dcbf6afa66cc7f0ee0b37a05cebe3f4754735	CPU: AMD EPYC 9745	default_pass	ALL	0	1.000000	0.997814	0.998906	29.609827	5477	5475	12	0
RDH275__202311	Streptococcus pyogenes	false	sup	dna_r10.4.1_e8.2_400bps_sup@v4.3.0	10	10.09	chromosome=10.09	C	minimap2	2.31	lr:hq	clair3	2.0.3	r1041_e82_400bps_sup_v430	docker://hkubal/clair3@sha256:d56df84c2c7c508aaf0623b124d9926d366a58f34236505b26c055f848afa202	CPU: AMD EPYC 9745	sweep_best	SNP	0	1.000000	0.999254	0.999627	34.282912	5357	5353	4	0
RDH275__202311	Streptococcus pyogenes	false	sup	dna_r10.4.1_e8.2_400bps_sup@v4.3.0	10	10.09	chromosome=10.09	C	minimap2	2.31	lr:hq	clair3	2.0.3	r1041_e82_400bps_sup_v430	docker://hkubal/clair3@sha256:d56df84c2c7c508aaf0623b124d9926d366a58f34236505b26c055f848afa202	CPU: AMD EPYC 9745	sweep_best	INDEL	0	1.000000	0.937500	0.967742	14.913626	120	122	8	0
RDH275__202311	Streptococcus pyogenes	false	sup	dna_r10.4.1_e8.2_400bps_sup@v4.3.0	10	10.09	chromosome=10.09	C	minimap2	2.31	lr:hq	clair3	2.0.3	r1041_e82_400bps_sup_v430	docker://hkubal/clair3@sha256:d56df84c2c7c508aaf0623b124d9926d366a58f34236505b26c055f848afa202	CPU: AMD EPYC 9745	sweep_best	ALL	0	1.000000	0.997814	0.998906	29.609827	5477	5475	12	0
RDH275__202311	Streptococcus pyogenes	false	sup	dna_r10.4.1_e8.2_400bps_sup@v4.3.0	10	10.09	chromosome=10.09	C	minimap2	2.31	lr:hq	clair3	2.0.3	r1041_e82_400bps_sup_v430	docker://hkubal/clair3@sha256:d56df84c2c7c508aaf0623b124d9926d366a58f34236505b26c055f848afa202	CPU: AMD EPYC 9745	default_pass	SNP	0	1.000000	0.999254	0.999627	34.282912	5357	5353	4	0
RDH275__202311	Streptococcus pyogenes	false	sup	dna_r10.4.1_e8.2_400bps_sup@v4.3.0	10	10.09	chromosome=10.09	C	minimap2	2.31	lr:hq	clair3	2.0.3	r1041_e82_400bps_sup_v430	docker://hkubal/clair3@sha256:d56df84c2c7c508aaf0623b124d9926d366a58f34236505b26c055f848afa202	CPU: AMD EPYC 9745	default_pass	INDEL	0	1.000000	0.937500	0.967742	14.913626	120	122	8	0
RDH275__202311	Streptococcus pyogenes	false	sup	dna_r10.4.1_e8.2_400bps_sup@v4.3.0	10	10.09	chromosome=10.09	C	minimap2	2.31	lr:hq	clair3	2.0.3	r1041_e82_400bps_sup_v430	docker://hkubal/clair3@sha256:d56df84c2c7c508aaf0623b124d9926d366a58f34236505b26c055f848afa202	CPU: AMD EPYC 9745	default_pass	ALL	0	1.000000	0.997814	0.998906	29.609827	5477	5475	12	0
RDH275__202311	Streptococcus pyogenes	false	sup	dna_r10.4.1_e8.2_400bps_sup@v4.3.0	10	10.09	chromosome=10.09	D	minimap2	2.31	lr:hq	dorado	2.1.2	dna_r10.4.1_e8.2_400bps_polish_bacterial_methylation_v5.0.0		NVIDIA H100 80GB HBM3	sweep_best	SNP	5	1.000000	0.999440	0.999720	35.528420	5358	5354	3	0
RDH275__202311	Streptococcus pyogenes	false	sup	dna_r10.4.1_e8.2_400bps_sup@v4.3.0	10	10.09	chromosome=10.09	D	minimap2	2.31	lr:hq	dorado	2.1.2	dna_r10.4.1_e8.2_400bps_polish_bacterial_methylation_v5.0.0		NVIDIA H100 80GB HBM3	sweep_best	INDEL	6	0.976378	0.953125	0.964611	14.511317	122	124	6	3
RDH275__202311	Streptococcus pyogenes	false	sup	dna_r10.4.1_e8.2_400bps_sup@v4.3.0	10	10.09	chromosome=10.09	D	minimap2	2.31	lr:hq	dorado	2.1.2	dna_r10.4.1_e8.2_400bps_polish_bacterial_methylation_v5.0.0		NVIDIA H100 80GB HBM3	sweep_best	ALL	6	0.999453	0.998360	0.998906	29.609827	5480	5478	9	3
RDH275__202311	Streptococcus pyogenes	false	sup	dna_r10.4.1_e8.2_400bps_sup@v4.3.0	10	10.09	chromosome=10.09	D	minimap2	2.31	lr:hq	dorado	2.1.2	dna_r10.4.1_e8.2_400bps_polish_bacterial_methylation_v5.0.0		NVIDIA H100 80GB HBM3	default_pass	SNP	0	0.999813	0.999440	0.999627	34.282912	5358	5354	3	1
RDH275__202311	Streptococcus pyogenes	false	sup	dna_r10.4.1_e8.2_400bps_sup@v4.3.0	10	10.09	chromosome=10.09	D	minimap2	2.31	lr:hq	dorado	2.1.2	dna_r10.4.1_e8.2_400bps_polish_bacterial_methylation_v5.0.0		NVIDIA H100 80GB HBM3	default_pass	INDEL	0	0.953846	0.953125	0.953485	13.324070	122	124	6	6
RDH275__202311	Streptococcus pyogenes	false	sup	dna_r10.4.1_e8.2_400bps_sup@v4.3.0	10	10.09	chromosome=10.09	D	minimap2	2.31	lr:hq	dorado	2.1.2	dna_r10.4.1_e8.2_400bps_polish_bacterial_methylation_v5.0.0		NVIDIA H100 80GB HBM3	default_pass	ALL	0	0.998724	0.998360	0.998542	28.362425	5480	5478	9	7
RDH275__202311	Streptococcus pyogenes	false	sup	dna_r10.4.1_e8.2_400bps_sup@v4.3.0	25	25.19	chromosome=25.19	A	minimap2	2.26	map-ont	clair3	1.0.5	r1041_e82_400bps_sup_v430	docker://quay.io/mbhall88/clair3@sha256:6a4c352e7d14ebb67bdad4be366dcbf6afa66cc7f0ee0b37a05cebe3f4754735	CPU: AMD EPYC 9745	sweep_best	SNP	0	1.000000	1.000000	1.000000	60.000000	5361	5357	0	0
RDH275__202311	Streptococcus pyogenes	false	sup	dna_r10.4.1_e8.2_400bps_sup@v4.3.0	25	25.19	chromosome=25.19	A	minimap2	2.26	map-ont	clair3	1.0.5	r1041_e82_400bps_sup_v430	docker://quay.io/mbhall88/clair3@sha256:6a4c352e7d14ebb67bdad4be366dcbf6afa66cc7f0ee0b37a05cebe3f4754735	CPU: AMD EPYC 9745	sweep_best	INDEL	0	1.000000	0.992188	0.996078	24.064924	127	129	1	0
RDH275__202311	Streptococcus pyogenes	false	sup	dna_r10.4.1_e8.2_400bps_sup@v4.3.0	25	25.19	chromosome=25.19	A	minimap2	2.26	map-ont	clair3	1.0.5	r1041_e82_400bps_sup_v430	docker://quay.io/mbhall88/clair3@sha256:6a4c352e7d14ebb67bdad4be366dcbf6afa66cc7f0ee0b37a05cebe3f4754735	CPU: AMD EPYC 9745	sweep_best	ALL	0	1.000000	0.999818	0.999909	40.409586	5488	5486	1	0
RDH275__202311	Streptococcus pyogenes	false	sup	dna_r10.4.1_e8.2_400bps_sup@v4.3.0	25	25.19	chromosome=25.19	A	minimap2	2.26	map-ont	clair3	1.0.5	r1041_e82_400bps_sup_v430	docker://quay.io/mbhall88/clair3@sha256:6a4c352e7d14ebb67bdad4be366dcbf6afa66cc7f0ee0b37a05cebe3f4754735	CPU: AMD EPYC 9745	default_pass	SNP	0	1.000000	1.000000	1.000000	60.000000	5361	5357	0	0
RDH275__202311	Streptococcus pyogenes	false	sup	dna_r10.4.1_e8.2_400bps_sup@v4.3.0	25	25.19	chromosome=25.19	A	minimap2	2.26	map-ont	clair3	1.0.5	r1041_e82_400bps_sup_v430	docker://quay.io/mbhall88/clair3@sha256:6a4c352e7d14ebb67bdad4be366dcbf6afa66cc7f0ee0b37a05cebe3f4754735	CPU: AMD EPYC 9745	default_pass	INDEL	0	1.000000	0.992188	0.996078	24.064924	127	129	1	0
RDH275__202311	Streptococcus pyogenes	false	sup	dna_r10.4.1_e8.2_400bps_sup@v4.3.0	25	25.19	chromosome=25.19	A	minimap2	2.26	map-ont	clair3	1.0.5	r1041_e82_400bps_sup_v430	docker://quay.io/mbhall88/clair3@sha256:6a4c352e7d14ebb67bdad4be366dcbf6afa66cc7f0ee0b37a05cebe3f4754735	CPU: AMD EPYC 9745	default_pass	ALL	0	1.000000	0.999818	0.999909	40.409586	5488	5486	1	0
RDH275__202311	Streptococcus pyogenes	false	sup	dna_r10.4.1_e8.2_400bps_sup@v4.3.0	25	25.19	chromosome=25.19	B	minimap2	2.31	lr:hq	clair3	1.0.5	r1041_e82_400bps_sup_v430	docker://quay.io/mbhall88/clair3@sha256:6a4c352e7d14ebb67bdad4be366dcbf6afa66cc7f0ee0b37a05cebe3f4754735	CPU: AMD EPYC 9745	sweep_best	SNP	0	1.000000	1.000000	1.000000	60.000000	5361	5357	0	0
RDH275__202311	Streptococcus pyogenes	false	sup	dna_r10.4.1_e8.2_400bps_sup@v4.3.0	25	25.19	chromosome=25.19	B	minimap2	2.31	lr:hq	clair3	1.0.5	r1041_e82_400bps_sup_v430	docker://quay.io/mbhall88/clair3@sha256:6a4c352e7d14ebb67bdad4be366dcbf6afa66cc7f0ee0b37a05cebe3f4754735	CPU: AMD EPYC 9745	sweep_best	INDEL	0	1.000000	0.992188	0.996078	24.064924	127	129	1	0
RDH275__202311	Streptococcus pyogenes	false	sup	dna_r10.4.1_e8.2_400bps_sup@v4.3.0	25	25.19	chromosome=25.19	B	minimap2	2.31	lr:hq	clair3	1.0.5	r1041_e82_400bps_sup_v430	docker://quay.io/mbhall88/clair3@sha256:6a4c352e7d14ebb67bdad4be366dcbf6afa66cc7f0ee0b37a05cebe3f4754735	CPU: AMD EPYC 9745	sweep_best	ALL	0	1.000000	0.999818	0.999909	40.409586	5488	5486	1	0
RDH275__202311	Streptococcus pyogenes	false	sup	dna_r10.4.1_e8.2_400bps_sup@v4.3.0	25	25.19	chromosome=25.19	B	minimap2	2.31	lr:hq	clair3	1.0.5	r1041_e82_400bps_sup_v430	docker://quay.io/mbhall88/clair3@sha256:6a4c352e7d14ebb67bdad4be366dcbf6afa66cc7f0ee0b37a05cebe3f4754735	CPU: AMD EPYC 9745	default_pass	SNP	0	1.000000	1.000000	1.000000	60.000000	5361	5357	0	0
RDH275__202311	Streptococcus pyogenes	false	sup	dna_r10.4.1_e8.2_400bps_sup@v4.3.0	25	25.19	chromosome=25.19	B	minimap2	2.31	lr:hq	clair3	1.0.5	r1041_e82_400bps_sup_v430	docker://quay.io/mbhall88/clair3@sha256:6a4c352e7d14ebb67bdad4be366dcbf6afa66cc7f0ee0b37a05cebe3f4754735	CPU: AMD EPYC 9745	default_pass	INDEL	0	1.000000	0.992188	0.996078	24.064924	127	129	1	0
RDH275__202311	Streptococcus pyogenes	false	sup	dna_r10.4.1_e8.2_400bps_sup@v4.3.0	25	25.19	chromosome=25.19	B	minimap2	2.31	lr:hq	clair3	1.0.5	r1041_e82_400bps_sup_v430	docker://quay.io/mbhall88/clair3@sha256:6a4c352e7d14ebb67bdad4be366dcbf6afa66cc7f0ee0b37a05cebe3f4754735	CPU: AMD EPYC 9745	default_pass	ALL	0	1.000000	0.999818	0.999909	40.409586	5488	5486	1	0
RDH275__202311	Streptococcus pyogenes	false	sup	dna_r10.4.1_e8.2_400bps_sup@v4.3.0	25	25.19	chromosome=25.19	C	minimap2	2.31	lr:hq	clair3	2.0.3	r1041_e82_400bps_sup_v430	docker://hkubal/clair3@sha256:d56df84c2c7c508aaf0623b124d9926d366a58f34236505b26c055f848afa202	CPU: AMD EPYC 9745	sweep_best	SNP	0	1.000000	1.000000	1.000000	60.000000	5361	5357	0	0
RDH275__202311	Streptococcus pyogenes	false	sup	dna_r10.4.1_e8.2_400bps_sup@v4.3.0	25	25.19	chromosome=25.19	C	minimap2	2.31	lr:hq	clair3	2.0.3	r1041_e82_400bps_sup_v430	docker://hkubal/clair3@sha256:d56df84c2c7c508aaf0623b124d9926d366a58f34236505b26c055f848afa202	CPU: AMD EPYC 9745	sweep_best	INDEL	0	1.000000	0.992188	0.996078	24.064924	127	129	1	0
RDH275__202311	Streptococcus pyogenes	false	sup	dna_r10.4.1_e8.2_400bps_sup@v4.3.0	25	25.19	chromosome=25.19	C	minimap2	2.31	lr:hq	clair3	2.0.3	r1041_e82_400bps_sup_v430	docker://hkubal/clair3@sha256:d56df84c2c7c508aaf0623b124d9926d366a58f34236505b26c055f848afa202	CPU: AMD EPYC 9745	sweep_best	ALL	0	1.000000	0.999818	0.999909	40.409586	5488	5486	1	0
RDH275__202311	Streptococcus pyogenes	false	sup	dna_r10.4.1_e8.2_400bps_sup@v4.3.0	25	25.19	chromosome=25.19	C	minimap2	2.31	lr:hq	clair3	2.0.3	r1041_e82_400bps_sup_v430	docker://hkubal/clair3@sha256:d56df84c2c7c508aaf0623b124d9926d366a58f34236505b26c055f848afa202	CPU: AMD EPYC 9745	default_pass	SNP	0	1.000000	1.000000	1.000000	60.000000	5361	5357	0	0
RDH275__202311	Streptococcus pyogenes	false	sup	dna_r10.4.1_e8.2_400bps_sup@v4.3.0	25	25.19	chromosome=25.19	C	minimap2	2.31	lr:hq	clair3	2.0.3	r1041_e82_400bps_sup_v430	docker://hkubal/clair3@sha256:d56df84c2c7c508aaf0623b124d9926d366a58f34236505b26c055f848afa202	CPU: AMD EPYC 9745	default_pass	INDEL	0	1.000000	0.992188	0.996078	24.064924	127	129	1	0
RDH275__202311	Streptococcus pyogenes	false	sup	dna_r10.4.1_e8.2_400bps_sup@v4.3.0	25	25.19	chromosome=25.19	C	minimap2	2.31	lr:hq	clair3	2.0.3	r1041_e82_400bps_sup_v430	docker://hkubal/clair3@sha256:d56df84c2c7c508aaf0623b124d9926d366a58f34236505b26c055f848afa202	CPU: AMD EPYC 9745	default_pass	ALL	0	1.000000	0.999818	0.999909	40.409586	5488	5486	1	0
RDH275__202311	Streptococcus pyogenes	false	sup	dna_r10.4.1_e8.2_400bps_sup@v4.3.0	25	25.19	chromosome=25.19	D	minimap2	2.31	lr:hq	dorado	2.1.2	dna_r10.4.1_e8.2_400bps_polish_bacterial_methylation_v5.0.0		NVIDIA H100 80GB HBM3	sweep_best	SNP	10	1.000000	0.999440	0.999720	35.528420	5358	5354	3	0
RDH275__202311	Streptococcus pyogenes	false	sup	dna_r10.4.1_e8.2_400bps_sup@v4.3.0	25	25.19	chromosome=25.19	D	minimap2	2.31	lr:hq	dorado	2.1.2	dna_r10.4.1_e8.2_400bps_polish_bacterial_methylation_v5.0.0		NVIDIA H100 80GB HBM3	sweep_best	INDEL	3	1.000000	0.976562	0.988142	19.259886	125	127	3	0
RDH275__202311	Streptococcus pyogenes	false	sup	dna_r10.4.1_e8.2_400bps_sup@v4.3.0	25	25.19	chromosome=25.19	D	minimap2	2.31	lr:hq	dorado	2.1.2	dna_r10.4.1_e8.2_400bps_polish_bacterial_methylation_v5.0.0		NVIDIA H100 80GB HBM3	sweep_best	ALL	3	0.999818	0.998907	0.999362	31.951793	5483	5481	6	1
RDH275__202311	Streptococcus pyogenes	false	sup	dna_r10.4.1_e8.2_400bps_sup@v4.3.0	25	25.19	chromosome=25.19	D	minimap2	2.31	lr:hq	dorado	2.1.2	dna_r10.4.1_e8.2_400bps_polish_bacterial_methylation_v5.0.0		NVIDIA H100 80GB HBM3	default_pass	SNP	0	0.999813	0.999440	0.999627	34.282912	5358	5354	3	1
RDH275__202311	Streptococcus pyogenes	false	sup	dna_r10.4.1_e8.2_400bps_sup@v4.3.0	25	25.19	chromosome=25.19	D	minimap2	2.31	lr:hq	dorado	2.1.2	dna_r10.4.1_e8.2_400bps_polish_bacterial_methylation_v5.0.0		NVIDIA H100 80GB HBM3	default_pass	INDEL	0	1.000000	0.976562	0.988142	19.259886	125	127	3	0
RDH275__202311	Streptococcus pyogenes	false	sup	dna_r10.4.1_e8.2_400bps_sup@v4.3.0	25	25.19	chromosome=25.19	D	minimap2	2.31	lr:hq	dorado	2.1.2	dna_r10.4.1_e8.2_400bps_polish_bacterial_methylation_v5.0.0		NVIDIA H100 80GB HBM3	default_pass	ALL	0	0.999818	0.998907	0.999362	31.951793	5483	5481	6	1
RDH275__202311	Streptococcus pyogenes	false	sup	dna_r10.4.1_e8.2_400bps_sup@v4.3.0	50	50.38	chromosome=50.38	A	minimap2	2.26	map-ont	clair3	1.0.5	r1041_e82_400bps_sup_v430	docker://quay.io/mbhall88/clair3@sha256:6a4c352e7d14ebb67bdad4be366dcbf6afa66cc7f0ee0b37a05cebe3f4754735	CPU: AMD EPYC 9745	sweep_best	SNP	0	1.000000	0.999813	0.999907	40.315171	5360	5356	1	0
RDH275__202311	Streptococcus pyogenes	false	sup	dna_r10.4.1_e8.2_400bps_sup@v4.3.0	50	50.38	chromosome=50.38	A	minimap2	2.26	map-ont	clair3	1.0.5	r1041_e82_400bps_sup_v430	docker://quay.io/mbhall88/clair3@sha256:6a4c352e7d14ebb67bdad4be366dcbf6afa66cc7f0ee0b37a05cebe3f4754735	CPU: AMD EPYC 9745	sweep_best	INDEL	0	1.000000	0.992188	0.996078	24.064924	127	129	1	0
RDH275__202311	Streptococcus pyogenes	false	sup	dna_r10.4.1_e8.2_400bps_sup@v4.3.0	50	50.38	chromosome=50.38	A	minimap2	2.26	map-ont	clair3	1.0.5	r1041_e82_400bps_sup_v430	docker://quay.io/mbhall88/clair3@sha256:6a4c352e7d14ebb67bdad4be366dcbf6afa66cc7f0ee0b37a05cebe3f4754735	CPU: AMD EPYC 9745	sweep_best	ALL	0	1.000000	0.999636	0.999818	37.399286	5487	5485	2	0
RDH275__202311	Streptococcus pyogenes	false	sup	dna_r10.4.1_e8.2_400bps_sup@v4.3.0	50	50.38	chromosome=50.38	A	minimap2	2.26	map-ont	clair3	1.0.5	r1041_e82_400bps_sup_v430	docker://quay.io/mbhall88/clair3@sha256:6a4c352e7d14ebb67bdad4be366dcbf6afa66cc7f0ee0b37a05cebe3f4754735	CPU: AMD EPYC 9745	default_pass	SNP	0	1.000000	0.999813	0.999907	40.315171	5360	5356	1	0
RDH275__202311	Streptococcus pyogenes	false	sup	dna_r10.4.1_e8.2_400bps_sup@v4.3.0	50	50.38	chromosome=50.38	A	minimap2	2.26	map-ont	clair3	1.0.5	r1041_e82_400bps_sup_v430	docker://quay.io/mbhall88/clair3@sha256:6a4c352e7d14ebb67bdad4be366dcbf6afa66cc7f0ee0b37a05cebe3f4754735	CPU: AMD EPYC 9745	default_pass	INDEL	0	1.000000	0.992188	0.996078	24.064924	127	129	1	0
RDH275__202311	Streptococcus pyogenes	false	sup	dna_r10.4.1_e8.2_400bps_sup@v4.3.0	50	50.38	chromosome=50.38	A	minimap2	2.26	map-ont	clair3	1.0.5	r1041_e82_400bps_sup_v430	docker://quay.io/mbhall88/clair3@sha256:6a4c352e7d14ebb67bdad4be366dcbf6afa66cc7f0ee0b37a05cebe3f4754735	CPU: AMD EPYC 9745	default_pass	ALL	0	1.000000	0.999636	0.999818	37.399286	5487	5485	2	0
RDH275__202311	Streptococcus pyogenes	false	sup	dna_r10.4.1_e8.2_400bps_sup@v4.3.0	50	50.38	chromosome=50.38	B	minimap2	2.31	lr:hq	clair3	1.0.5	r1041_e82_400bps_sup_v430	docker://quay.io/mbhall88/clair3@sha256:6a4c352e7d14ebb67bdad4be366dcbf6afa66cc7f0ee0b37a05cebe3f4754735	CPU: AMD EPYC 9745	sweep_best	SNP	0	1.000000	0.999813	0.999907	40.315171	5360	5356	1	0
RDH275__202311	Streptococcus pyogenes	false	sup	dna_r10.4.1_e8.2_400bps_sup@v4.3.0	50	50.38	chromosome=50.38	B	minimap2	2.31	lr:hq	clair3	1.0.5	r1041_e82_400bps_sup_v430	docker://quay.io/mbhall88/clair3@sha256:6a4c352e7d14ebb67bdad4be366dcbf6afa66cc7f0ee0b37a05cebe3f4754735	CPU: AMD EPYC 9745	sweep_best	INDEL	0	1.000000	0.992188	0.996078	24.064924	127	129	1	0
RDH275__202311	Streptococcus pyogenes	false	sup	dna_r10.4.1_e8.2_400bps_sup@v4.3.0	50	50.38	chromosome=50.38	B	minimap2	2.31	lr:hq	clair3	1.0.5	r1041_e82_400bps_sup_v430	docker://quay.io/mbhall88/clair3@sha256:6a4c352e7d14ebb67bdad4be366dcbf6afa66cc7f0ee0b37a05cebe3f4754735	CPU: AMD EPYC 9745	sweep_best	ALL	0	1.000000	0.999636	0.999818	37.399286	5487	5485	2	0
RDH275__202311	Streptococcus pyogenes	false	sup	dna_r10.4.1_e8.2_400bps_sup@v4.3.0	50	50.38	chromosome=50.38	B	minimap2	2.31	lr:hq	clair3	1.0.5	r1041_e82_400bps_sup_v430	docker://quay.io/mbhall88/clair3@sha256:6a4c352e7d14ebb67bdad4be366dcbf6afa66cc7f0ee0b37a05cebe3f4754735	CPU: AMD EPYC 9745	default_pass	SNP	0	1.000000	0.999813	0.999907	40.315171	5360	5356	1	0
RDH275__202311	Streptococcus pyogenes	false	sup	dna_r10.4.1_e8.2_400bps_sup@v4.3.0	50	50.38	chromosome=50.38	B	minimap2	2.31	lr:hq	clair3	1.0.5	r1041_e82_400bps_sup_v430	docker://quay.io/mbhall88/clair3@sha256:6a4c352e7d14ebb67bdad4be366dcbf6afa66cc7f0ee0b37a05cebe3f4754735	CPU: AMD EPYC 9745	default_pass	INDEL	0	1.000000	0.992188	0.996078	24.064924	127	129	1	0
RDH275__202311	Streptococcus pyogenes	false	sup	dna_r10.4.1_e8.2_400bps_sup@v4.3.0	50	50.38	chromosome=50.38	B	minimap2	2.31	lr:hq	clair3	1.0.5	r1041_e82_400bps_sup_v430	docker://quay.io/mbhall88/clair3@sha256:6a4c352e7d14ebb67bdad4be366dcbf6afa66cc7f0ee0b37a05cebe3f4754735	CPU: AMD EPYC 9745	default_pass	ALL	0	1.000000	0.999636	0.999818	37.399286	5487	5485	2	0
RDH275__202311	Streptococcus pyogenes	false	sup	dna_r10.4.1_e8.2_400bps_sup@v4.3.0	50	50.38	chromosome=50.38	C	minimap2	2.31	lr:hq	clair3	2.0.3	r1041_e82_400bps_sup_v430	docker://hkubal/clair3@sha256:d56df84c2c7c508aaf0623b124d9926d366a58f34236505b26c055f848afa202	CPU: AMD EPYC 9745	sweep_best	SNP	0	1.000000	0.999813	0.999907	40.315171	5360	5356	1	0
RDH275__202311	Streptococcus pyogenes	false	sup	dna_r10.4.1_e8.2_400bps_sup@v4.3.0	50	50.38	chromosome=50.38	C	minimap2	2.31	lr:hq	clair3	2.0.3	r1041_e82_400bps_sup_v430	docker://hkubal/clair3@sha256:d56df84c2c7c508aaf0623b124d9926d366a58f34236505b26c055f848afa202	CPU: AMD EPYC 9745	sweep_best	INDEL	0	1.000000	0.992188	0.996078	24.064924	127	129	1	0
RDH275__202311	Streptococcus pyogenes	false	sup	dna_r10.4.1_e8.2_400bps_sup@v4.3.0	50	50.38	chromosome=50.38	C	minimap2	2.31	lr:hq	clair3	2.0.3	r1041_e82_400bps_sup_v430	docker://hkubal/clair3@sha256:d56df84c2c7c508aaf0623b124d9926d366a58f34236505b26c055f848afa202	CPU: AMD EPYC 9745	sweep_best	ALL	0	1.000000	0.999636	0.999818	37.399286	5487	5485	2	0
RDH275__202311	Streptococcus pyogenes	false	sup	dna_r10.4.1_e8.2_400bps_sup@v4.3.0	50	50.38	chromosome=50.38	C	minimap2	2.31	lr:hq	clair3	2.0.3	r1041_e82_400bps_sup_v430	docker://hkubal/clair3@sha256:d56df84c2c7c508aaf0623b124d9926d366a58f34236505b26c055f848afa202	CPU: AMD EPYC 9745	default_pass	SNP	0	1.000000	0.999813	0.999907	40.315171	5360	5356	1	0
RDH275__202311	Streptococcus pyogenes	false	sup	dna_r10.4.1_e8.2_400bps_sup@v4.3.0	50	50.38	chromosome=50.38	C	minimap2	2.31	lr:hq	clair3	2.0.3	r1041_e82_400bps_sup_v430	docker://hkubal/clair3@sha256:d56df84c2c7c508aaf0623b124d9926d366a58f34236505b26c055f848afa202	CPU: AMD EPYC 9745	default_pass	INDEL	0	1.000000	0.992188	0.996078	24.064924	127	129	1	0
RDH275__202311	Streptococcus pyogenes	false	sup	dna_r10.4.1_e8.2_400bps_sup@v4.3.0	50	50.38	chromosome=50.38	C	minimap2	2.31	lr:hq	clair3	2.0.3	r1041_e82_400bps_sup_v430	docker://hkubal/clair3@sha256:d56df84c2c7c508aaf0623b124d9926d366a58f34236505b26c055f848afa202	CPU: AMD EPYC 9745	default_pass	ALL	0	1.000000	0.999636	0.999818	37.399286	5487	5485	2	0
RDH275__202311	Streptococcus pyogenes	false	sup	dna_r10.4.1_e8.2_400bps_sup@v4.3.0	50	50.38	chromosome=50.38	D	minimap2	2.31	lr:hq	dorado	2.1.2	dna_r10.4.1_e8.2_400bps_polish_bacterial_methylation_v5.0.0		NVIDIA H100 80GB HBM3	sweep_best	SNP	0	1.000000	0.999627	0.999813	37.281584	5359	5355	2	0
RDH275__202311	Streptococcus pyogenes	false	sup	dna_r10.4.1_e8.2_400bps_sup@v4.3.0	50	50.38	chromosome=50.38	D	minimap2	2.31	lr:hq	dorado	2.1.2	dna_r10.4.1_e8.2_400bps_polish_bacterial_methylation_v5.0.0		NVIDIA H100 80GB HBM3	sweep_best	INDEL	0	1.000000	0.984375	0.992126	21.038046	126	128	2	0
RDH275__202311	Streptococcus pyogenes	false	sup	dna_r10.4.1_e8.2_400bps_sup@v4.3.0	50	50.38	chromosome=50.38	D	minimap2	2.31	lr:hq	dorado	2.1.2	dna_r10.4.1_e8.2_400bps_polish_bacterial_methylation_v5.0.0		NVIDIA H100 80GB HBM3	sweep_best	ALL	0	1.000000	0.999271	0.999636	34.388986	5485	5483	4	0
RDH275__202311	Streptococcus pyogenes	false	sup	dna_r10.4.1_e8.2_400bps_sup@v4.3.0	50	50.38	chromosome=50.38	D	minimap2	2.31	lr:hq	dorado	2.1.2	dna_r10.4.1_e8.2_400bps_polish_bacterial_methylation_v5.0.0		NVIDIA H100 80GB HBM3	default_pass	SNP	0	1.000000	0.999627	0.999813	37.281584	5359	5355	2	0
RDH275__202311	Streptococcus pyogenes	false	sup	dna_r10.4.1_e8.2_400bps_sup@v4.3.0	50	50.38	chromosome=50.38	D	minimap2	2.31	lr:hq	dorado	2.1.2	dna_r10.4.1_e8.2_400bps_polish_bacterial_methylation_v5.0.0		NVIDIA H100 80GB HBM3	default_pass	INDEL	0	1.000000	0.984375	0.992126	21.038046	126	128	2	0
RDH275__202311	Streptococcus pyogenes	false	sup	dna_r10.4.1_e8.2_400bps_sup@v4.3.0	50	50.38	chromosome=50.38	D	minimap2	2.31	lr:hq	dorado	2.1.2	dna_r10.4.1_e8.2_400bps_polish_bacterial_methylation_v5.0.0		NVIDIA H100 80GB HBM3	default_pass	ALL	0	1.000000	0.999271	0.999636	34.388986	5485	5483	4	0
MMC234__202311	Streptococcus dysgalactiae	false	hac	dna_r10.4.1_e8.2_400bps_hac@v4.3.0	5	5.06	chromosome=5.06	A	minimap2	2.26	map-ont	clair3	1.0.5	r1041_e82_400bps_hac_v430	docker://quay.io/mbhall88/clair3@sha256:6a4c352e7d14ebb67bdad4be366dcbf6afa66cc7f0ee0b37a05cebe3f4754735	CPU: AMD EPYC 9745	sweep_best	SNP	1	0.997573	0.981860	0.989654	19.852275	10284	10276	190	25
MMC234__202311	Streptococcus dysgalactiae	false	hac	dna_r10.4.1_e8.2_400bps_hac@v4.3.0	5	5.06	chromosome=5.06	A	minimap2	2.26	map-ont	clair3	1.0.5	r1041_e82_400bps_hac_v430	docker://quay.io/mbhall88/clair3@sha256:6a4c352e7d14ebb67bdad4be366dcbf6afa66cc7f0ee0b37a05cebe3f4754735	CPU: AMD EPYC 9745	sweep_best	INDEL	1	0.930818	0.791209	0.855354	8.396936	144	148	38	11
MMC234__202311	Streptococcus dysgalactiae	false	hac	dna_r10.4.1_e8.2_400bps_hac@v4.3.0	5	5.06	chromosome=5.06	A	minimap2	2.26	map-ont	clair3	1.0.5	r1041_e82_400bps_hac_v430	docker://quay.io/mbhall88/clair3@sha256:6a4c352e7d14ebb67bdad4be366dcbf6afa66cc7f0ee0b37a05cebe3f4754735	CPU: AMD EPYC 9745	sweep_best	ALL	1	0.996558	0.978604	0.987499	19.030552	10428	10424	228	36
MMC234__202311	Streptococcus dysgalactiae	false	hac	dna_r10.4.1_e8.2_400bps_hac@v4.3.0	5	5.06	chromosome=5.06	A	minimap2	2.26	map-ont	clair3	1.0.5	r1041_e82_400bps_hac_v430	docker://quay.io/mbhall88/clair3@sha256:6a4c352e7d14ebb67bdad4be366dcbf6afa66cc7f0ee0b37a05cebe3f4754735	CPU: AMD EPYC 9745	default_pass	SNP	0	0.997477	0.981669	0.989510	19.792245	10282	10278	192	26
MMC234__202311	Streptococcus dysgalactiae	false	hac	dna_r10.4.1_e8.2_400bps_hac@v4.3.0	5	5.06	chromosome=5.06	A	minimap2	2.26	map-ont	clair3	1.0.5	r1041_e82_400bps_hac_v430	docker://quay.io/mbhall88/clair3@sha256:6a4c352e7d14ebb67bdad4be366dcbf6afa66cc7f0ee0b37a05cebe3f4754735	CPU: AMD EPYC 9745	default_pass	INDEL	0	0.934211	0.769231	0.843731	8.061272	140	142	42	10
MMC234__202311	Streptococcus dysgalactiae	false	hac	dna_r10.4.1_e8.2_400bps_hac@v4.3.0	5	5.06	chromosome=5.06	A	minimap2	2.26	map-ont	clair3	1.0.5	r1041_e82_400bps_hac_v430	docker://quay.io/mbhall88/clair3@sha256:6a4c352e7d14ebb67bdad4be366dcbf6afa66cc7f0ee0b37a05cebe3f4754735	CPU: AMD EPYC 9745	default_pass	ALL	0	0.996557	0.978041	0.987212	18.931974	10422	10420	234	36
MMC234__202311	Streptococcus dysgalactiae	false	hac	dna_r10.4.1_e8.2_400bps_hac@v4.3.0	5	5.06	chromosome=5.06	B	minimap2	2.31	lr:hq	clair3	1.0.5	r1041_e82_400bps_hac_v430	docker://quay.io/mbhall88/clair3@sha256:6a4c352e7d14ebb67bdad4be366dcbf6afa66cc7f0ee0b37a05cebe3f4754735	CPU: AMD EPYC 9745	sweep_best	SNP	1	0.997573	0.981860	0.989654	19.852275	10284	10276	190	25
MMC234__202311	Streptococcus dysgalactiae	false	hac	dna_r10.4.1_e8.2_400bps_hac@v4.3.0	5	5.06	chromosome=5.06	B	minimap2	2.31	lr:hq	clair3	1.0.5	r1041_e82_400bps_hac_v430	docker://quay.io/mbhall88/clair3@sha256:6a4c352e7d14ebb67bdad4be366dcbf6afa66cc7f0ee0b37a05cebe3f4754735	CPU: AMD EPYC 9745	sweep_best	INDEL	1	0.930818	0.791209	0.855354	8.396936	144	148	38	11
MMC234__202311	Streptococcus dysgalactiae	false	hac	dna_r10.4.1_e8.2_400bps_hac@v4.3.0	5	5.06	chromosome=5.06	B	minimap2	2.31	lr:hq	clair3	1.0.5	r1041_e82_400bps_hac_v430	docker://quay.io/mbhall88/clair3@sha256:6a4c352e7d14ebb67bdad4be366dcbf6afa66cc7f0ee0b37a05cebe3f4754735	CPU: AMD EPYC 9745	sweep_best	ALL	1	0.996558	0.978604	0.987499	19.030552	10428	10424	228	36
MMC234__202311	Streptococcus dysgalactiae	false	hac	dna_r10.4.1_e8.2_400bps_hac@v4.3.0	5	5.06	chromosome=5.06	B	minimap2	2.31	lr:hq	clair3	1.0.5	r1041_e82_400bps_hac_v430	docker://quay.io/mbhall88/clair3@sha256:6a4c352e7d14ebb67bdad4be366dcbf6afa66cc7f0ee0b37a05cebe3f4754735	CPU: AMD EPYC 9745	default_pass	SNP	0	0.997477	0.981669	0.989510	19.792245	10282	10278	192	26
MMC234__202311	Streptococcus dysgalactiae	false	hac	dna_r10.4.1_e8.2_400bps_hac@v4.3.0	5	5.06	chromosome=5.06	B	minimap2	2.31	lr:hq	clair3	1.0.5	r1041_e82_400bps_hac_v430	docker://quay.io/mbhall88/clair3@sha256:6a4c352e7d14ebb67bdad4be366dcbf6afa66cc7f0ee0b37a05cebe3f4754735	CPU: AMD EPYC 9745	default_pass	INDEL	0	0.934211	0.769231	0.843731	8.061272	140	142	42	10
MMC234__202311	Streptococcus dysgalactiae	false	hac	dna_r10.4.1_e8.2_400bps_hac@v4.3.0	5	5.06	chromosome=5.06	B	minimap2	2.31	lr:hq	clair3	1.0.5	r1041_e82_400bps_hac_v430	docker://quay.io/mbhall88/clair3@sha256:6a4c352e7d14ebb67bdad4be366dcbf6afa66cc7f0ee0b37a05cebe3f4754735	CPU: AMD EPYC 9745	default_pass	ALL	0	0.996557	0.978041	0.987212	18.931974	10422	10420	234	36
MMC234__202311	Streptococcus dysgalactiae	false	hac	dna_r10.4.1_e8.2_400bps_hac@v4.3.0	5	5.06	chromosome=5.06	C	minimap2	2.31	lr:hq	clair3	2.0.3	r1041_e82_400bps_hac_v430	docker://hkubal/clair3@sha256:d56df84c2c7c508aaf0623b124d9926d366a58f34236505b26c055f848afa202	CPU: AMD EPYC 9745	sweep_best	SNP	1	0.997573	0.981860	0.989654	19.852275	10284	10276	190	25
MMC234__202311	Streptococcus dysgalactiae	false	hac	dna_r10.4.1_e8.2_400bps_hac@v4.3.0	5	5.06	chromosome=5.06	C	minimap2	2.31	lr:hq	clair3	2.0.3	r1041_e82_400bps_hac_v430	docker://hkubal/clair3@sha256:d56df84c2c7c508aaf0623b124d9926d366a58f34236505b26c055f848afa202	CPU: AMD EPYC 9745	sweep_best	INDEL	1	0.930818	0.791209	0.855354	8.396936	144	148	38	11
MMC234__202311	Streptococcus dysgalactiae	false	hac	dna_r10.4.1_e8.2_400bps_hac@v4.3.0	5	5.06	chromosome=5.06	C	minimap2	2.31	lr:hq	clair3	2.0.3	r1041_e82_400bps_hac_v430	docker://hkubal/clair3@sha256:d56df84c2c7c508aaf0623b124d9926d366a58f34236505b26c055f848afa202	CPU: AMD EPYC 9745	sweep_best	ALL	1	0.996558	0.978604	0.987499	19.030552	10428	10424	228	36
MMC234__202311	Streptococcus dysgalactiae	false	hac	dna_r10.4.1_e8.2_400bps_hac@v4.3.0	5	5.06	chromosome=5.06	C	minimap2	2.31	lr:hq	clair3	2.0.3	r1041_e82_400bps_hac_v430	docker://hkubal/clair3@sha256:d56df84c2c7c508aaf0623b124d9926d366a58f34236505b26c055f848afa202	CPU: AMD EPYC 9745	default_pass	SNP	0	0.997477	0.981669	0.989510	19.792245	10282	10278	192	26
MMC234__202311	Streptococcus dysgalactiae	false	hac	dna_r10.4.1_e8.2_400bps_hac@v4.3.0	5	5.06	chromosome=5.06	C	minimap2	2.31	lr:hq	clair3	2.0.3	r1041_e82_400bps_hac_v430	docker://hkubal/clair3@sha256:d56df84c2c7c508aaf0623b124d9926d366a58f34236505b26c055f848afa202	CPU: AMD EPYC 9745	default_pass	INDEL	0	0.934211	0.769231	0.843731	8.061272	140	142	42	10
MMC234__202311	Streptococcus dysgalactiae	false	hac	dna_r10.4.1_e8.2_400bps_hac@v4.3.0	5	5.06	chromosome=5.06	C	minimap2	2.31	lr:hq	clair3	2.0.3	r1041_e82_400bps_hac_v430	docker://hkubal/clair3@sha256:d56df84c2c7c508aaf0623b124d9926d366a58f34236505b26c055f848afa202	CPU: AMD EPYC 9745	default_pass	ALL	0	0.996557	0.978041	0.987212	18.931974	10422	10420	234	36
MMC234__202311	Streptococcus dysgalactiae	false	hac	dna_r10.4.1_e8.2_400bps_hac@v4.3.0	5	5.06	chromosome=5.06	D	minimap2	2.31	lr:hq	dorado	2.1.2	dna_r10.4.1_e8.2_400bps_polish_bacterial_methylation_v5.0.0		NVIDIA H100 80GB HBM3	sweep_best	SNP	8	0.990525	0.988829	0.989676	19.861520	10357	10349	117	99
MMC234__202311	Streptococcus dysgalactiae	false	hac	dna_r10.4.1_e8.2_400bps_hac@v4.3.0	5	5.06	chromosome=5.06	D	minimap2	2.31	lr:hq	dorado	2.1.2	dna_r10.4.1_e8.2_400bps_polish_bacterial_methylation_v5.0.0		NVIDIA H100 80GB HBM3	sweep_best	INDEL	17	0.885906	0.714286	0.790893	6.796314	130	132	52	17
MMC234__202311	Streptococcus dysgalactiae	false	hac	dna_r10.4.1_e8.2_400bps_hac@v4.3.0	5	5.06	chromosome=5.06	D	minimap2	2.31	lr:hq	dorado	2.1.2	dna_r10.4.1_e8.2_400bps_polish_bacterial_methylation_v5.0.0		NVIDIA H100 80GB HBM3	sweep_best	ALL	11	0.987904	0.981419	0.984651	18.139199	10458	10454	198	128
MMC234__202311	Streptococcus dysgalactiae	false	hac	dna_r10.4.1_e8.2_400bps_hac@v4.3.0	5	5.06	chromosome=5.06	D	minimap2	2.31	lr:hq	dorado	2.1.2	dna_r10.4.1_e8.2_400bps_polish_bacterial_methylation_v5.0.0		NVIDIA H100 80GB HBM3	default_pass	SNP	0	0.973704	0.994176	0.983833	17.913706	10413	10405	61	281
MMC234__202311	Streptococcus dysgalactiae	false	hac	dna_r10.4.1_e8.2_400bps_hac@v4.3.0	5	5.06	chromosome=5.06	D	minimap2	2.31	lr:hq	dorado	2.1.2	dna_r10.4.1_e8.2_400bps_polish_bacterial_methylation_v5.0.0		NVIDIA H100 80GB HBM3	default_pass	INDEL	0	0.276190	0.934066	0.426323	2.413326	170	174	12	456
MMC234__202311	Streptococcus dysgalactiae	false	hac	dna_r10.4.1_e8.2_400bps_hac@v4.3.0	5	5.06	chromosome=5.06	D	minimap2	2.31	lr:hq	dorado	2.1.2	dna_r10.4.1_e8.2_400bps_polish_bacterial_methylation_v5.0.0		NVIDIA H100 80GB HBM3	default_pass	ALL	0	0.934871	0.993149	0.963129	14.333151	10583	10579	73	737
MMC234__202311	Streptococcus dysgalactiae	false	hac	dna_r10.4.1_e8.2_400bps_hac@v4.3.0	10	10.15	chromosome=10.15	A	minimap2	2.26	map-ont	clair3	1.0.5	r1041_e82_400bps_hac_v430	docker://quay.io/mbhall88/clair3@sha256:6a4c352e7d14ebb67bdad4be366dcbf6afa66cc7f0ee0b37a05cebe3f4754735	CPU: AMD EPYC 9745	sweep_best	SNP	2	0.999228	0.989975	0.994580	22.660007	10369	10361	105	8
MMC234__202311	Streptococcus dysgalactiae	false	hac	dna_r10.4.1_e8.2_400bps_hac@v4.3.0	10	10.15	chromosome=10.15	A	minimap2	2.26	map-ont	clair3	1.0.5	r1041_e82_400bps_hac_v430	docker://quay.io/mbhall88/clair3@sha256:6a4c352e7d14ebb67bdad4be366dcbf6afa66cc7f0ee0b37a05cebe3f4754735	CPU: AMD EPYC 9745	sweep_best	INDEL	1	0.976190	0.879121	0.925116	11.256110	160	164	22	4
MMC234__202311	Streptococcus dysgalactiae	false	hac	dna_r10.4.1_e8.2_400bps_hac@v4.3.0	10	10.15	chromosome=10.15	A	minimap2	2.26	map-ont	clair3	1.0.5	r1041_e82_400bps_hac_v430	docker://quay.io/mbhall88/clair3@sha256:6a4c352e7d14ebb67bdad4be366dcbf6afa66cc7f0ee0b37a05cebe3f4754735	CPU: AMD EPYC 9745	sweep_best	ALL	1	0.998766	0.988082	0.993395	21.801272	10529	10525	127	13
MMC234__202311	Streptococcus dysgalactiae	false	hac	dna_r10.4.1_e8.2_400bps_hac@v4.3.0	10	10.15	chromosome=10.15	A	minimap2	2.26	map-ont	clair3	1.0.5	r1041_e82_400bps_hac_v430	docker://quay.io/mbhall88/clair3@sha256:6a4c352e7d14ebb67bdad4be366dcbf6afa66cc7f0ee0b37a05cebe3f4754735	CPU: AMD EPYC 9745	default_pass	SNP	0	0.998940	0.990166	0.994534	22.623304	10371	10363	103	11
MMC234__202311	Streptococcus dysgalactiae	false	hac	dna_r10.4.1_e8.2_400bps_hac@v4.3.0	10	10.15	chromosome=10.15	A	minimap2	2.26	map-ont	clair3	1.0.5	r1041_e82_400bps_hac_v430	docker://quay.io/mbhall88/clair3@sha256:6a4c352e7d14ebb67bdad4be366dcbf6afa66cc7f0ee0b37a05cebe3f4754735	CPU: AMD EPYC 9745	default_pass	INDEL	0	0.975610	0.857143	0.912548	10.582303	156	160	26	4
MMC234__202311	Streptococcus dysgalactiae	false	hac	dna_r10.4.1_e8.2_400bps_hac@v4.3.0	10	10.15	chromosome=10.15	A	minimap2	2.26	map-ont	clair3	1.0.5	r1041_e82_400bps_hac_v430	docker://quay.io/mbhall88/clair3@sha256:6a4c352e7d14ebb67bdad4be366dcbf6afa66cc7f0ee0b37a05cebe3f4754735	CPU: AMD EPYC 9745	default_pass	ALL	0	0.998577	0.987894	0.993207	21.679384	10527	10523	129	15
MMC234__202311	Streptococcus dysgalactiae	false	hac	dna_r10.4.1_e8.2_400bps_hac@v4.3.0	10	10.15	chromosome=10.15	B	minimap2	2.31	lr:hq	clair3	1.0.5	r1041_e82_400bps_hac_v430	docker://quay.io/mbhall88/clair3@sha256:6a4c352e7d14ebb67bdad4be366dcbf6afa66cc7f0ee0b37a05cebe3f4754735	CPU: AMD EPYC 9745	sweep_best	SNP	2	0.999228	0.989975	0.994580	22.660007	10369	10361	105	8
MMC234__202311	Streptococcus dysgalactiae	false	hac	dna_r10.4.1_e8.2_400bps_hac@v4.3.0	10	10.15	chromosome=10.15	B	minimap2	2.31	lr:hq	clair3	1.0.5	r1041_e82_400bps_hac_v430	docker://quay.io/mbhall88/clair3@sha256:6a4c352e7d14ebb67bdad4be366dcbf6afa66cc7f0ee0b37a05cebe3f4754735	CPU: AMD EPYC 9745	sweep_best	INDEL	1	0.976190	0.879121	0.925116	11.256110	160	164	22	4
MMC234__202311	Streptococcus dysgalactiae	false	hac	dna_r10.4.1_e8.2_400bps_hac@v4.3.0	10	10.15	chromosome=10.15	B	minimap2	2.31	lr:hq	clair3	1.0.5	r1041_e82_400bps_hac_v430	docker://quay.io/mbhall88/clair3@sha256:6a4c352e7d14ebb67bdad4be366dcbf6afa66cc7f0ee0b37a05cebe3f4754735	CPU: AMD EPYC 9745	sweep_best	ALL	1	0.998766	0.988082	0.993395	21.801272	10529	10525	127	13
MMC234__202311	Streptococcus dysgalactiae	false	hac	dna_r10.4.1_e8.2_400bps_hac@v4.3.0	10	10.15	chromosome=10.15	B	minimap2	2.31	lr:hq	clair3	1.0.5	r1041_e82_400bps_hac_v430	docker://quay.io/mbhall88/clair3@sha256:6a4c352e7d14ebb67bdad4be366dcbf6afa66cc7f0ee0b37a05cebe3f4754735	CPU: AMD EPYC 9745	default_pass	SNP	0	0.998940	0.990166	0.994534	22.623304	10371	10363	103	11
MMC234__202311	Streptococcus dysgalactiae	false	hac	dna_r10.4.1_e8.2_400bps_hac@v4.3.0	10	10.15	chromosome=10.15	B	minimap2	2.31	lr:hq	clair3	1.0.5	r1041_e82_400bps_hac_v430	docker://quay.io/mbhall88/clair3@sha256:6a4c352e7d14ebb67bdad4be366dcbf6afa66cc7f0ee0b37a05cebe3f4754735	CPU: AMD EPYC 9745	default_pass	INDEL	0	0.975610	0.857143	0.912548	10.582303	156	160	26	4
MMC234__202311	Streptococcus dysgalactiae	false	hac	dna_r10.4.1_e8.2_400bps_hac@v4.3.0	10	10.15	chromosome=10.15	B	minimap2	2.31	lr:hq	clair3	1.0.5	r1041_e82_400bps_hac_v430	docker://quay.io/mbhall88/clair3@sha256:6a4c352e7d14ebb67bdad4be366dcbf6afa66cc7f0ee0b37a05cebe3f4754735	CPU: AMD EPYC 9745	default_pass	ALL	0	0.998577	0.987894	0.993207	21.679384	10527	10523	129	15
MMC234__202311	Streptococcus dysgalactiae	false	hac	dna_r10.4.1_e8.2_400bps_hac@v4.3.0	10	10.15	chromosome=10.15	C	minimap2	2.31	lr:hq	clair3	2.0.3	r1041_e82_400bps_hac_v430	docker://hkubal/clair3@sha256:d56df84c2c7c508aaf0623b124d9926d366a58f34236505b26c055f848afa202	CPU: AMD EPYC 9745	sweep_best	SNP	2	0.999228	0.989975	0.994580	22.660007	10369	10361	105	8
MMC234__202311	Streptococcus dysgalactiae	false	hac	dna_r10.4.1_e8.2_400bps_hac@v4.3.0	10	10.15	chromosome=10.15	C	minimap2	2.31	lr:hq	clair3	2.0.3	r1041_e82_400bps_hac_v430	docker://hkubal/clair3@sha256:d56df84c2c7c508aaf0623b124d9926d366a58f34236505b26c055f848afa202	CPU: AMD EPYC 9745	sweep_best	INDEL	1	0.976190	0.879121	0.925116	11.256110	160	164	22	4
MMC234__202311	Streptococcus dysgalactiae	false	hac	dna_r10.4.1_e8.2_400bps_hac@v4.3.0	10	10.15	chromosome=10.15	C	minimap2	2.31	lr:hq	clair3	2.0.3	r1041_e82_400bps_hac_v430	docker://hkubal/clair3@sha256:d56df84c2c7c508aaf0623b124d9926d366a58f34236505b26c055f848afa202	CPU: AMD EPYC 9745	sweep_best	ALL	1	0.998766	0.988082	0.993395	21.801272	10529	10525	127	13
MMC234__202311	Streptococcus dysgalactiae	false	hac	dna_r10.4.1_e8.2_400bps_hac@v4.3.0	10	10.15	chromosome=10.15	C	minimap2	2.31	lr:hq	clair3	2.0.3	r1041_e82_400bps_hac_v430	docker://hkubal/clair3@sha256:d56df84c2c7c508aaf0623b124d9926d366a58f34236505b26c055f848afa202	CPU: AMD EPYC 9745	default_pass	SNP	0	0.998940	0.990166	0.994534	22.623304	10371	10363	103	11
MMC234__202311	Streptococcus dysgalactiae	false	hac	dna_r10.4.1_e8.2_400bps_hac@v4.3.0	10	10.15	chromosome=10.15	C	minimap2	2.31	lr:hq	clair3	2.0.3	r1041_e82_400bps_hac_v430	docker://hkubal/clair3@sha256:d56df84c2c7c508aaf0623b124d9926d366a58f34236505b26c055f848afa202	CPU: AMD EPYC 9745	default_pass	INDEL	0	0.975610	0.857143	0.912548	10.582303	156	160	26	4
MMC234__202311	Streptococcus dysgalactiae	false	hac	dna_r10.4.1_e8.2_400bps_hac@v4.3.0	10	10.15	chromosome=10.15	C	minimap2	2.31	lr:hq	clair3	2.0.3	r1041_e82_400bps_hac_v430	docker://hkubal/clair3@sha256:d56df84c2c7c508aaf0623b124d9926d366a58f34236505b26c055f848afa202	CPU: AMD EPYC 9745	default_pass	ALL	0	0.998577	0.987894	0.993207	21.679384	10527	10523	129	15
MMC234__202311	Streptococcus dysgalactiae	false	hac	dna_r10.4.1_e8.2_400bps_hac@v4.3.0	10	10.15	chromosome=10.15	D	minimap2	2.31	lr:hq	dorado	2.1.2	dna_r10.4.1_e8.2_400bps_polish_bacterial_methylation_v5.0.0		NVIDIA H100 80GB HBM3	sweep_best	SNP	6	0.999137	0.995990	0.997561	26.127882	10432	10424	42	9
MMC234__202311	Streptococcus dysgalactiae	false	hac	dna_r10.4.1_e8.2_400bps_hac@v4.3.0	10	10.15	chromosome=10.15	D	minimap2	2.31	lr:hq	dorado	2.1.2	dna_r10.4.1_e8.2_400bps_polish_bacterial_methylation_v5.0.0		NVIDIA H100 80GB HBM3	sweep_best	INDEL	9	0.934066	0.912088	0.922946	11.132048	166	170	16	12
MMC234__202311	Streptococcus dysgalactiae	false	hac	dna_r10.4.1_e8.2_400bps_hac@v4.3.0	10	10.15	chromosome=10.15	D	minimap2	2.31	lr:hq	dorado	2.1.2	dna_r10.4.1_e8.2_400bps_polish_bacterial_methylation_v5.0.0		NVIDIA H100 80GB HBM3	sweep_best	ALL	7	0.997458	0.994745	0.996100	24.089354	10600	10596	56	27
MMC234__202311	Streptococcus dysgalactiae	false	hac	dna_r10.4.1_e8.2_400bps_hac@v4.3.0	10	10.15	chromosome=10.15	D	minimap2	2.31	lr:hq	dorado	2.1.2	dna_r10.4.1_e8.2_400bps_polish_bacterial_methylation_v5.0.0		NVIDIA H100 80GB HBM3	default_pass	SNP	0	0.996943	0.997040	0.996992	25.217222	10443	10435	31	32
MMC234__202311	Streptococcus dysgalactiae	false	hac	dna_r10.4.1_e8.2_400bps_hac@v4.3.0	10	10.15	chromosome=10.15	D	minimap2	2.31	lr:hq	dorado	2.1.2	dna_r10.4.1_e8.2_400bps_polish_bacterial_methylation_v5.0.0		NVIDIA H100 80GB HBM3	default_pass	INDEL	0	0.748954	0.961538	0.842036	8.014419	175	179	7	60
MMC234__202311	Streptococcus dysgalactiae	false	hac	dna_r10.4.1_e8.2_400bps_hac@v4.3.0	10	10.15	chromosome=10.15	D	minimap2	2.31	lr:hq	dorado	2.1.2	dna_r10.4.1_e8.2_400bps_polish_bacterial_methylation_v5.0.0		NVIDIA H100 80GB HBM3	default_pass	ALL	0	0.991407	0.996434	0.993914	22.156681	10618	10614	38	92
MMC234__202311	Streptococcus dysgalactiae	false	hac	dna_r10.4.1_e8.2_400bps_hac@v4.3.0	25	25.29	chromosome=25.29	A	minimap2	2.26	map-ont	clair3	1.0.5	r1041_e82_400bps_hac_v430	docker://quay.io/mbhall88/clair3@sha256:6a4c352e7d14ebb67bdad4be366dcbf6afa66cc7f0ee0b37a05cebe3f4754735	CPU: AMD EPYC 9745	sweep_best	SNP	3	1.000000	0.999045	0.999522	33.205721	10464	10452	10	0
MMC234__202311	Streptococcus dysgalactiae	false	hac	dna_r10.4.1_e8.2_400bps_hac@v4.3.0	25	25.29	chromosome=25.29	A	minimap2	2.26	map-ont	clair3	1.0.5	r1041_e82_400bps_hac_v430	docker://quay.io/mbhall88/clair3@sha256:6a4c352e7d14ebb67bdad4be366dcbf6afa66cc7f0ee0b37a05cebe3f4754735	CPU: AMD EPYC 9745	sweep_best	INDEL	1	0.983607	0.956044	0.969629	15.175409	174	180	8	3
MMC234__202311	Streptococcus dysgalactiae	false	hac	dna_r10.4.1_e8.2_400bps_hac@v4.3.0	25	25.29	chromosome=25.29	A	minimap2	2.26	map-ont	clair3	1.0.5	r1041_e82_400bps_hac_v430	docker://quay.io/mbhall88/clair3@sha256:6a4c352e7d14ebb67bdad4be366dcbf6afa66cc7f0ee0b37a05cebe3f4754735	CPU: AMD EPYC 9745	sweep_best	ALL	1	0.999624	0.998311	0.998967	29.858997	10638	10632	18	4
MMC234__202311	Streptococcus dysgalactiae	false	hac	dna_r10.4.1_e8.2_400bps_hac@v4.3.0	25	25.29	chromosome=25.29	A	minimap2	2.26	map-ont	clair3	1.0.5	r1041_e82_400bps_hac_v430	docker://quay.io/mbhall88/clair3@sha256:6a4c352e7d14ebb67bdad4be366dcbf6afa66cc7f0ee0b37a05cebe3f4754735	CPU: AMD EPYC 9745	default_pass	SNP	0	0.999904	0.999045	0.999475	32.798407	10464	10452	10	1
MMC234__202311	Streptococcus dysgalactiae	false	hac	dna_r10.4.1_e8.2_400bps_hac@v4.3.0	25	25.29	chromosome=25.29	A	minimap2	2.26	map-ont	clair3	1.0.5	r1041_e82_400bps_hac_v430	docker://quay.io/mbhall88/clair3@sha256:6a4c352e7d14ebb67bdad4be366dcbf6afa66cc7f0ee0b37a05cebe3f4754735	CPU: AMD EPYC 9745	default_pass	INDEL	0	0.983425	0.945055	0.963858	14.419878	172	178	10	3
MMC234__202311	Streptococcus dysgalactiae	false	hac	dna_r10.4.1_e8.2_400bps_hac@v4.3.0	25	25.29	chromosome=25.29	A	minimap2	2.26	map-ont	clair3	1.0.5	r1041_e82_400bps_hac_v430	docker://quay.io/mbhall88/clair3@sha256:6a4c352e7d14ebb67bdad4be366dcbf6afa66cc7f0ee0b37a05cebe3f4754735	CPU: AMD EPYC 9745	default_pass	ALL	0	0.999624	0.998123	0.998873	29.480761	10636	10630	20	4
MMC234__202311	Streptococcus dysgalactiae	false	hac	dna_r10.4.1_e8.2_400bps_hac@v4.3.0	25	25.29	chromosome=25.29	B	minimap2	2.31	lr:hq	clair3	1.0.5	r1041_e82_400bps_hac_v430	docker://quay.io/mbhall88/clair3@sha256:6a4c352e7d14ebb67bdad4be366dcbf6afa66cc7f0ee0b37a05cebe3f4754735	CPU: AMD EPYC 9745	sweep_best	SNP	3	1.000000	0.999045	0.999522	33.205721	10464	10452	10	0
MMC234__202311	Streptococcus dysgalactiae	false	hac	dna_r10.4.1_e8.2_400bps_hac@v4.3.0	25	25.29	chromosome=25.29	B	minimap2	2.31	lr:hq	clair3	1.0.5	r1041_e82_400bps_hac_v430	docker://quay.io/mbhall88/clair3@sha256:6a4c352e7d14ebb67bdad4be366dcbf6afa66cc7f0ee0b37a05cebe3f4754735	CPU: AMD EPYC 9745	sweep_best	INDEL	1	0.983607	0.956044	0.969629	15.175409	174	180	8	3
MMC234__202311	Streptococcus dysgalactiae	false	hac	dna_r10.4.1_e8.2_400bps_hac@v4.3.0	25	25.29	chromosome=25.29	B	minimap2	2.31	lr:hq	clair3	1.0.5	r1041_e82_400bps_hac_v430	docker://quay.io/mbhall88/clair3@sha256:6a4c352e7d14ebb67bdad4be366dcbf6afa66cc7f0ee0b37a05cebe3f4754735	CPU: AMD EPYC 9745	sweep_best	ALL	1	0.999624	0.998311	0.998967	29.858997	10638	10632	18	4
MMC234__202311	Streptococcus dysgalactiae	false	hac	dna_r10.4.1_e8.2_400bps_hac@v4.3.0	25	25.29	chromosome=25.29	B	minimap2	2.31	lr:hq	clair3	1.0.5	r1041_e82_400bps_hac_v430	docker://quay.io/mbhall88/clair3@sha256:6a4c352e7d14ebb67bdad4be366dcbf6afa66cc7f0ee0b37a05cebe3f4754735	CPU: AMD EPYC 9745	default_pass	SNP	0	0.999904	0.999045	0.999475	32.798407	10464	10452	10	1
MMC234__202311	Streptococcus dysgalactiae	false	hac	dna_r10.4.1_e8.2_400bps_hac@v4.3.0	25	25.29	chromosome=25.29	B	minimap2	2.31	lr:hq	clair3	1.0.5	r1041_e82_400bps_hac_v430	docker://quay.io/mbhall88/clair3@sha256:6a4c352e7d14ebb67bdad4be366dcbf6afa66cc7f0ee0b37a05cebe3f4754735	CPU: AMD EPYC 9745	default_pass	INDEL	0	0.983425	0.945055	0.963858	14.419878	172	178	10	3
MMC234__202311	Streptococcus dysgalactiae	false	hac	dna_r10.4.1_e8.2_400bps_hac@v4.3.0	25	25.29	chromosome=25.29	B	minimap2	2.31	lr:hq	clair3	1.0.5	r1041_e82_400bps_hac_v430	docker://quay.io/mbhall88/clair3@sha256:6a4c352e7d14ebb67bdad4be366dcbf6afa66cc7f0ee0b37a05cebe3f4754735	CPU: AMD EPYC 9745	default_pass	ALL	0	0.999624	0.998123	0.998873	29.480761	10636	10630	20	4
MMC234__202311	Streptococcus dysgalactiae	false	hac	dna_r10.4.1_e8.2_400bps_hac@v4.3.0	25	25.29	chromosome=25.29	C	minimap2	2.31	lr:hq	clair3	2.0.3	r1041_e82_400bps_hac_v430	docker://hkubal/clair3@sha256:d56df84c2c7c508aaf0623b124d9926d366a58f34236505b26c055f848afa202	CPU: AMD EPYC 9745	sweep_best	SNP	3	1.000000	0.999045	0.999522	33.205721	10464	10452	10	0
MMC234__202311	Streptococcus dysgalactiae	false	hac	dna_r10.4.1_e8.2_400bps_hac@v4.3.0	25	25.29	chromosome=25.29	C	minimap2	2.31	lr:hq	clair3	2.0.3	r1041_e82_400bps_hac_v430	docker://hkubal/clair3@sha256:d56df84c2c7c508aaf0623b124d9926d366a58f34236505b26c055f848afa202	CPU: AMD EPYC 9745	sweep_best	INDEL	1	0.983607	0.956044	0.969629	15.175409	174	180	8	3
MMC234__202311	Streptococcus dysgalactiae	false	hac	dna_r10.4.1_e8.2_400bps_hac@v4.3.0	25	25.29	chromosome=25.29	C	minimap2	2.31	lr:hq	clair3	2.0.3	r1041_e82_400bps_hac_v430	docker://hkubal/clair3@sha256:d56df84c2c7c508aaf0623b124d9926d366a58f34236505b26c055f848afa202	CPU: AMD EPYC 9745	sweep_best	ALL	1	0.999624	0.998311	0.998967	29.858997	10638	10632	18	4
MMC234__202311	Streptococcus dysgalactiae	false	hac	dna_r10.4.1_e8.2_400bps_hac@v4.3.0	25	25.29	chromosome=25.29	C	minimap2	2.31	lr:hq	clair3	2.0.3	r1041_e82_400bps_hac_v430	docker://hkubal/clair3@sha256:d56df84c2c7c508aaf0623b124d9926d366a58f34236505b26c055f848afa202	CPU: AMD EPYC 9745	default_pass	SNP	0	0.999904	0.999045	0.999475	32.798407	10464	10452	10	1
MMC234__202311	Streptococcus dysgalactiae	false	hac	dna_r10.4.1_e8.2_400bps_hac@v4.3.0	25	25.29	chromosome=25.29	C	minimap2	2.31	lr:hq	clair3	2.0.3	r1041_e82_400bps_hac_v430	docker://hkubal/clair3@sha256:d56df84c2c7c508aaf0623b124d9926d366a58f34236505b26c055f848afa202	CPU: AMD EPYC 9745	default_pass	INDEL	0	0.983425	0.945055	0.963858	14.419878	172	178	10	3
MMC234__202311	Streptococcus dysgalactiae	false	hac	dna_r10.4.1_e8.2_400bps_hac@v4.3.0	25	25.29	chromosome=25.29	C	minimap2	2.31	lr:hq	clair3	2.0.3	r1041_e82_400bps_hac_v430	docker://hkubal/clair3@sha256:d56df84c2c7c508aaf0623b124d9926d366a58f34236505b26c055f848afa202	CPU: AMD EPYC 9745	default_pass	ALL	0	0.999624	0.998123	0.998873	29.480761	10636	10630	20	4
MMC234__202311	Streptococcus dysgalactiae	false	hac	dna_r10.4.1_e8.2_400bps_hac@v4.3.0	25	25.29	chromosome=25.29	D	minimap2	2.31	lr:hq	dorado	2.1.2	dna_r10.4.1_e8.2_400bps_polish_bacterial_methylation_v5.0.0		NVIDIA H100 80GB HBM3	sweep_best	SNP	3	0.999330	0.998186	0.998758	29.058784	10455	10447	19	7
MMC234__202311	Streptococcus dysgalactiae	false	hac	dna_r10.4.1_e8.2_400bps_hac@v4.3.0	25	25.29	chromosome=25.29	D	minimap2	2.31	lr:hq	dorado	2.1.2	dna_r10.4.1_e8.2_400bps_polish_bacterial_methylation_v5.0.0		NVIDIA H100 80GB HBM3	sweep_best	INDEL	7	0.983516	0.961538	0.972403	15.591381	175	179	7	3
MMC234__202311	Streptococcus dysgalactiae	false	hac	dna_r10.4.1_e8.2_400bps_hac@v4.3.0	25	25.29	chromosome=25.29	D	minimap2	2.31	lr:hq	dorado	2.1.2	dna_r10.4.1_e8.2_400bps_polish_bacterial_methylation_v5.0.0		NVIDIA H100 80GB HBM3	sweep_best	ALL	7	0.999341	0.997185	0.998262	27.599502	10626	10622	30	7
MMC234__202311	Streptococcus dysgalactiae	false	hac	dna_r10.4.1_e8.2_400bps_hac@v4.3.0	25	25.29	chromosome=25.29	D	minimap2	2.31	lr:hq	dorado	2.1.2	dna_r10.4.1_e8.2_400bps_polish_bacterial_methylation_v5.0.0		NVIDIA H100 80GB HBM3	default_pass	SNP	0	0.999330	0.998186	0.998758	29.058784	10455	10447	19	7
MMC234__202311	Streptococcus dysgalactiae	false	hac	dna_r10.4.1_e8.2_400bps_hac@v4.3.0	25	25.29	chromosome=25.29	D	minimap2	2.31	lr:hq	dorado	2.1.2	dna_r10.4.1_e8.2_400bps_polish_bacterial_methylation_v5.0.0		NVIDIA H100 80GB HBM3	default_pass	INDEL	0	0.938462	0.983516	0.960461	14.029743	179	183	3	12
MMC234__202311	Streptococcus dysgalactiae	false	hac	dna_r10.4.1_e8.2_400bps_hac@v4.3.0	25	25.29	chromosome=25.29	D	minimap2	2.31	lr:hq	dorado	2.1.2	dna_r10.4.1_e8.2_400bps_polish_bacterial_methylation_v5.0.0		NVIDIA H100 80GB HBM3	default_pass	ALL	0	0.998216	0.997935	0.998076	27.157949	10634	10630	22	19
MMC234__202311	Streptococcus dysgalactiae	false	hac	dna_r10.4.1_e8.2_400bps_hac@v4.3.0	50	50.53	chromosome=50.53	A	minimap2	2.26	map-ont	clair3	1.0.5	r1041_e82_400bps_hac_v430	docker://quay.io/mbhall88/clair3@sha256:6a4c352e7d14ebb67bdad4be366dcbf6afa66cc7f0ee0b37a05cebe3f4754735	CPU: AMD EPYC 9745	sweep_best	SNP	0	0.999904	0.999809	0.999857	38.446640	10472	10456	2	1
MMC234__202311	Streptococcus dysgalactiae	false	hac	dna_r10.4.1_e8.2_400bps_hac@v4.3.0	50	50.53	chromosome=50.53	A	minimap2	2.26	map-ont	clair3	1.0.5	r1041_e82_400bps_hac_v430	docker://quay.io/mbhall88/clair3@sha256:6a4c352e7d14ebb67bdad4be366dcbf6afa66cc7f0ee0b37a05cebe3f4754735	CPU: AMD EPYC 9745	sweep_best	INDEL	2	1.000000	0.956044	0.977528	16.483583	174	180	8	0
MMC234__202311	Streptococcus dysgalactiae	false	hac	dna_r10.4.1_e8.2_400bps_hac@v4.3.0	50	50.53	chromosome=50.53	A	minimap2	2.26	map-ont	clair3	1.0.5	r1041_e82_400bps_hac_v430	docker://quay.io/mbhall88/clair3@sha256:6a4c352e7d14ebb67bdad4be366dcbf6afa66cc7f0ee0b37a05cebe3f4754735	CPU: AMD EPYC 9745	sweep_best	ALL	0	0.999718	0.999155	0.999437	32.494916	10647	10639	9	3
MMC234__202311	Streptococcus dysgalactiae	false	hac	dna_r10.4.1_e8.2_400bps_hac@v4.3.0	50	50.53	chromosome=50.53	A	minimap2	2.26	map-ont	clair3	1.0.5	r1041_e82_400bps_hac_v430	docker://quay.io/mbhall88/clair3@sha256:6a4c352e7d14ebb67bdad4be366dcbf6afa66cc7f0ee0b37a05cebe3f4754735	CPU: AMD EPYC 9745	default_pass	SNP	0	1.000000	0.999427	0.999714	35.436340	10468	10456	6	0
MMC234__202311	Streptococcus dysgalactiae	false	hac	dna_r10.4.1_e8.2_400bps_hac@v4.3.0	50	50.53	chromosome=50.53	A	minimap2	2.26	map-ont	clair3	1.0.5	r1041_e82_400bps_hac_v430	docker://quay.io/mbhall88/clair3@sha256:6a4c352e7d14ebb67bdad4be366dcbf6afa66cc7f0ee0b37a05cebe3f4754735	CPU: AMD EPYC 9745	default_pass	INDEL	0	0.994475	0.956044	0.974881	15.999977	174	180	8	1
MMC234__202311	Streptococcus dysgalactiae	false	hac	dna_r10.4.1_e8.2_400bps_hac@v4.3.0	50	50.53	chromosome=50.53	A	minimap2	2.26	map-ont	clair3	1.0.5	r1041_e82_400bps_hac_v430	docker://quay.io/mbhall88/clair3@sha256:6a4c352e7d14ebb67bdad4be366dcbf6afa66cc7f0ee0b37a05cebe3f4754735	CPU: AMD EPYC 9745	default_pass	ALL	0	0.999906	0.998686	0.999296	31.524273	10642	10636	14	1
MMC234__202311	Streptococcus dysgalactiae	false	hac	dna_r10.4.1_e8.2_400bps_hac@v4.3.0	50	50.53	chromosome=50.53	B	minimap2	2.31	lr:hq	clair3	1.0.5	r1041_e82_400bps_hac_v430	docker://quay.io/mbhall88/clair3@sha256:6a4c352e7d14ebb67bdad4be366dcbf6afa66cc7f0ee0b37a05cebe3f4754735	CPU: AMD EPYC 9745	sweep_best	SNP	0	0.999904	0.999809	0.999857	38.446640	10472	10456	2	1
MMC234__202311	Streptococcus dysgalactiae	false	hac	dna_r10.4.1_e8.2_400bps_hac@v4.3.0	50	50.53	chromosome=50.53	B	minimap2	2.31	lr:hq	clair3	1.0.5	r1041_e82_400bps_hac_v430	docker://quay.io/mbhall88/clair3@sha256:6a4c352e7d14ebb67bdad4be366dcbf6afa66cc7f0ee0b37a05cebe3f4754735	CPU: AMD EPYC 9745	sweep_best	INDEL	2	1.000000	0.956044	0.977528	16.483583	174	180	8	0
MMC234__202311	Streptococcus dysgalactiae	false	hac	dna_r10.4.1_e8.2_400bps_hac@v4.3.0	50	50.53	chromosome=50.53	B	minimap2	2.31	lr:hq	clair3	1.0.5	r1041_e82_400bps_hac_v430	docker://quay.io/mbhall88/clair3@sha256:6a4c352e7d14ebb67bdad4be366dcbf6afa66cc7f0ee0b37a05cebe3f4754735	CPU: AMD EPYC 9745	sweep_best	ALL	0	0.999718	0.999155	0.999437	32.494916	10647	10639	9	3
MMC234__202311	Streptococcus dysgalactiae	false	hac	dna_r10.4.1_e8.2_400bps_hac@v4.3.0	50	50.53	chromosome=50.53	B	minimap2	2.31	lr:hq	clair3	1.0.5	r1041_e82_400bps_hac_v430	docker://quay.io/mbhall88/clair3@sha256:6a4c352e7d14ebb67bdad4be366dcbf6afa66cc7f0ee0b37a05cebe3f4754735	CPU: AMD EPYC 9745	default_pass	SNP	0	1.000000	0.999427	0.999714	35.436340	10468	10456	6	0
MMC234__202311	Streptococcus dysgalactiae	false	hac	dna_r10.4.1_e8.2_400bps_hac@v4.3.0	50	50.53	chromosome=50.53	B	minimap2	2.31	lr:hq	clair3	1.0.5	r1041_e82_400bps_hac_v430	docker://quay.io/mbhall88/clair3@sha256:6a4c352e7d14ebb67bdad4be366dcbf6afa66cc7f0ee0b37a05cebe3f4754735	CPU: AMD EPYC 9745	default_pass	INDEL	0	0.994475	0.956044	0.974881	15.999977	174	180	8	1
MMC234__202311	Streptococcus dysgalactiae	false	hac	dna_r10.4.1_e8.2_400bps_hac@v4.3.0	50	50.53	chromosome=50.53	B	minimap2	2.31	lr:hq	clair3	1.0.5	r1041_e82_400bps_hac_v430	docker://quay.io/mbhall88/clair3@sha256:6a4c352e7d14ebb67bdad4be366dcbf6afa66cc7f0ee0b37a05cebe3f4754735	CPU: AMD EPYC 9745	default_pass	ALL	0	0.999906	0.998686	0.999296	31.524273	10642	10636	14	1
MMC234__202311	Streptococcus dysgalactiae	false	hac	dna_r10.4.1_e8.2_400bps_hac@v4.3.0	50	50.53	chromosome=50.53	C	minimap2	2.31	lr:hq	clair3	2.0.3	r1041_e82_400bps_hac_v430	docker://hkubal/clair3@sha256:d56df84c2c7c508aaf0623b124d9926d366a58f34236505b26c055f848afa202	CPU: AMD EPYC 9745	sweep_best	SNP	0	0.999904	0.999809	0.999857	38.446640	10472	10456	2	1
MMC234__202311	Streptococcus dysgalactiae	false	hac	dna_r10.4.1_e8.2_400bps_hac@v4.3.0	50	50.53	chromosome=50.53	C	minimap2	2.31	lr:hq	clair3	2.0.3	r1041_e82_400bps_hac_v430	docker://hkubal/clair3@sha256:d56df84c2c7c508aaf0623b124d9926d366a58f34236505b26c055f848afa202	CPU: AMD EPYC 9745	sweep_best	INDEL	2	1.000000	0.956044	0.977528	16.483583	174	180	8	0
MMC234__202311	Streptococcus dysgalactiae	false	hac	dna_r10.4.1_e8.2_400bps_hac@v4.3.0	50	50.53	chromosome=50.53	C	minimap2	2.31	lr:hq	clair3	2.0.3	r1041_e82_400bps_hac_v430	docker://hkubal/clair3@sha256:d56df84c2c7c508aaf0623b124d9926d366a58f34236505b26c055f848afa202	CPU: AMD EPYC 9745	sweep_best	ALL	0	0.999718	0.999155	0.999437	32.494916	10647	10639	9	3
MMC234__202311	Streptococcus dysgalactiae	false	hac	dna_r10.4.1_e8.2_400bps_hac@v4.3.0	50	50.53	chromosome=50.53	C	minimap2	2.31	lr:hq	clair3	2.0.3	r1041_e82_400bps_hac_v430	docker://hkubal/clair3@sha256:d56df84c2c7c508aaf0623b124d9926d366a58f34236505b26c055f848afa202	CPU: AMD EPYC 9745	default_pass	SNP	0	1.000000	0.999427	0.999714	35.436340	10468	10456	6	0
MMC234__202311	Streptococcus dysgalactiae	false	hac	dna_r10.4.1_e8.2_400bps_hac@v4.3.0	50	50.53	chromosome=50.53	C	minimap2	2.31	lr:hq	clair3	2.0.3	r1041_e82_400bps_hac_v430	docker://hkubal/clair3@sha256:d56df84c2c7c508aaf0623b124d9926d366a58f34236505b26c055f848afa202	CPU: AMD EPYC 9745	default_pass	INDEL	0	0.994475	0.956044	0.974881	15.999977	174	180	8	1
MMC234__202311	Streptococcus dysgalactiae	false	hac	dna_r10.4.1_e8.2_400bps_hac@v4.3.0	50	50.53	chromosome=50.53	C	minimap2	2.31	lr:hq	clair3	2.0.3	r1041_e82_400bps_hac_v430	docker://hkubal/clair3@sha256:d56df84c2c7c508aaf0623b124d9926d366a58f34236505b26c055f848afa202	CPU: AMD EPYC 9745	default_pass	ALL	0	0.999906	0.998686	0.999296	31.524273	10642	10636	14	1
MMC234__202311	Streptococcus dysgalactiae	false	hac	dna_r10.4.1_e8.2_400bps_hac@v4.3.0	50	50.53	chromosome=50.53	D	minimap2	2.31	lr:hq	dorado	2.1.2	dna_r10.4.1_e8.2_400bps_polish_bacterial_methylation_v5.0.0		NVIDIA H100 80GB HBM3	sweep_best	SNP	0	0.999331	0.998759	0.999045	30.199966	10461	10449	13	7
MMC234__202311	Streptococcus dysgalactiae	false	hac	dna_r10.4.1_e8.2_400bps_hac@v4.3.0	50	50.53	chromosome=50.53	D	minimap2	2.31	lr:hq	dorado	2.1.2	dna_r10.4.1_e8.2_400bps_polish_bacterial_methylation_v5.0.0		NVIDIA H100 80GB HBM3	sweep_best	INDEL	6	0.983696	0.972527	0.978080	16.591595	177	181	5	3
MMC234__202311	Streptococcus dysgalactiae	false	hac	dna_r10.4.1_e8.2_400bps_hac@v4.3.0	50	50.53	chromosome=50.53	D	minimap2	2.31	lr:hq	dorado	2.1.2	dna_r10.4.1_e8.2_400bps_polish_bacterial_methylation_v5.0.0		NVIDIA H100 80GB HBM3	sweep_best	ALL	0	0.998404	0.998498	0.998451	28.099486	10640	10634	16	17
MMC234__202311	Streptococcus dysgalactiae	false	hac	dna_r10.4.1_e8.2_400bps_hac@v4.3.0	50	50.53	chromosome=50.53	D	minimap2	2.31	lr:hq	dorado	2.1.2	dna_r10.4.1_e8.2_400bps_polish_bacterial_methylation_v5.0.0		NVIDIA H100 80GB HBM3	default_pass	SNP	0	0.999331	0.998377	0.998854	29.408154	10457	10449	17	7
MMC234__202311	Streptococcus dysgalactiae	false	hac	dna_r10.4.1_e8.2_400bps_hac@v4.3.0	50	50.53	chromosome=50.53	D	minimap2	2.31	lr:hq	dorado	2.1.2	dna_r10.4.1_e8.2_400bps_polish_bacterial_methylation_v5.0.0		NVIDIA H100 80GB HBM3	default_pass	INDEL	0	0.942708	0.972527	0.957386	13.704477	177	181	5	11
MMC234__202311	Streptococcus dysgalactiae	false	hac	dna_r10.4.1_e8.2_400bps_hac@v4.3.0	50	50.53	chromosome=50.53	D	minimap2	2.31	lr:hq	dorado	2.1.2	dna_r10.4.1_e8.2_400bps_polish_bacterial_methylation_v5.0.0		NVIDIA H100 80GB HBM3	default_pass	ALL	0	0.998310	0.997935	0.998123	27.265357	10634	10630	22	18
MMC234__202311	Streptococcus dysgalactiae	false	sup	dna_r10.4.1_e8.2_400bps_sup@v4.3.0	5	5.06	chromosome=5.06	A	minimap2	2.26	map-ont	clair3	1.0.5	r1041_e82_400bps_sup_v430	docker://quay.io/mbhall88/clair3@sha256:6a4c352e7d14ebb67bdad4be366dcbf6afa66cc7f0ee0b37a05cebe3f4754735	CPU: AMD EPYC 9745	sweep_best	SNP	0	0.997966	0.984438	0.991156	20.533513	10311	10303	163	21
MMC234__202311	Streptococcus dysgalactiae	false	sup	dna_r10.4.1_e8.2_400bps_sup@v4.3.0	5	5.06	chromosome=5.06	A	minimap2	2.26	map-ont	clair3	1.0.5	r1041_e82_400bps_sup_v430	docker://quay.io/mbhall88/clair3@sha256:6a4c352e7d14ebb67bdad4be366dcbf6afa66cc7f0ee0b37a05cebe3f4754735	CPU: AMD EPYC 9745	sweep_best	INDEL	2	1.000000	0.868132	0.929412	11.512691	158	160	24	0
MMC234__202311	Streptococcus dysgalactiae	false	sup	dna_r10.4.1_e8.2_400bps_sup@v4.3.0	5	5.06	chromosome=5.06	A	minimap2	2.26	map-ont	clair3	1.0.5	r1041_e82_400bps_sup_v430	docker://quay.io/mbhall88/clair3@sha256:6a4c352e7d14ebb67bdad4be366dcbf6afa66cc7f0ee0b37a05cebe3f4754735	CPU: AMD EPYC 9745	sweep_best	ALL	1	0.998092	0.982076	0.990019	20.008259	10465	10463	191	20
MMC234__202311	Streptococcus dysgalactiae	false	sup	dna_r10.4.1_e8.2_400bps_sup@v4.3.0	5	5.06	chromosome=5.06	A	minimap2	2.26	map-ont	clair3	1.0.5	r1041_e82_400bps_sup_v430	docker://quay.io/mbhall88/clair3@sha256:6a4c352e7d14ebb67bdad4be366dcbf6afa66cc7f0ee0b37a05cebe3f4754735	CPU: AMD EPYC 9745	default_pass	SNP	0	0.998352	0.983578	0.990910	20.414361	10302	10298	172	17
MMC234__202311	Streptococcus dysgalactiae	false	sup	dna_r10.4.1_e8.2_400bps_sup@v4.3.0	5	5.06	chromosome=5.06	A	minimap2	2.26	map-ont	clair3	1.0.5	r1041_e82_400bps_sup_v430	docker://quay.io/mbhall88/clair3@sha256:6a4c352e7d14ebb67bdad4be366dcbf6afa66cc7f0ee0b37a05cebe3f4754735	CPU: AMD EPYC 9745	default_pass	INDEL	0	0.987654	0.868132	0.924044	11.194379	158	160	24	2
MMC234__202311	Streptococcus dysgalactiae	false	sup	dna_r10.4.1_e8.2_400bps_sup@v4.3.0	5	5.06	chromosome=5.06	A	minimap2	2.26	map-ont	clair3	1.0.5	r1041_e82_400bps_sup_v430	docker://quay.io/mbhall88/clair3@sha256:6a4c352e7d14ebb67bdad4be366dcbf6afa66cc7f0ee0b37a05cebe3f4754735	CPU: AMD EPYC 9745	default_pass	ALL	0	0.998187	0.981607	0.989827	19.925510	10460	10458	196	19
MMC234__202311	Streptococcus dysgalactiae	false	sup	dna_r10.4.1_e8.2_400bps_sup@v4.3.0	5	5.06	chromosome=5.06	B	minimap2	2.31	lr:hq	clair3	1.0.5	r1041_e82_400bps_sup_v430	docker://quay.io/mbhall88/clair3@sha256:6a4c352e7d14ebb67bdad4be366dcbf6afa66cc7f0ee0b37a05cebe3f4754735	CPU: AMD EPYC 9745	sweep_best	SNP	0	0.997966	0.984438	0.991156	20.533513	10311	10303	163	21
MMC234__202311	Streptococcus dysgalactiae	false	sup	dna_r10.4.1_e8.2_400bps_sup@v4.3.0	5	5.06	chromosome=5.06	B	minimap2	2.31	lr:hq	clair3	1.0.5	r1041_e82_400bps_sup_v430	docker://quay.io/mbhall88/clair3@sha256:6a4c352e7d14ebb67bdad4be366dcbf6afa66cc7f0ee0b37a05cebe3f4754735	CPU: AMD EPYC 9745	sweep_best	INDEL	2	1.000000	0.868132	0.929412	11.512691	158	160	24	0
MMC234__202311	Streptococcus dysgalactiae	false	sup	dna_r10.4.1_e8.2_400bps_sup@v4.3.0	5	5.06	chromosome=5.06	B	minimap2	2.31	lr:hq	clair3	1.0.5	r1041_e82_400bps_sup_v430	docker://quay.io/mbhall88/clair3@sha256:6a4c352e7d14ebb67bdad4be366dcbf6afa66cc7f0ee0b37a05cebe3f4754735	CPU: AMD EPYC 9745	sweep_best	ALL	1	0.998092	0.982076	0.990019	20.008259	10465	10463	191	20
MMC234__202311	Streptococcus dysgalactiae	false	sup	dna_r10.4.1_e8.2_400bps_sup@v4.3.0	5	5.06	chromosome=5.06	B	minimap2	2.31	lr:hq	clair3	1.0.5	r1041_e82_400bps_sup_v430	docker://quay.io/mbhall88/clair3@sha256:6a4c352e7d14ebb67bdad4be366dcbf6afa66cc7f0ee0b37a05cebe3f4754735	CPU: AMD EPYC 9745	default_pass	SNP	0	0.998352	0.983578	0.990910	20.414361	10302	10298	172	17
MMC234__202311	Streptococcus dysgalactiae	false	sup	dna_r10.4.1_e8.2_400bps_sup@v4.3.0	5	5.06	chromosome=5.06	B	minimap2	2.31	lr:hq	clair3	1.0.5	r1041_e82_400bps_sup_v430	docker://quay.io/mbhall88/clair3@sha256:6a4c352e7d14ebb67bdad4be366dcbf6afa66cc7f0ee0b37a05cebe3f4754735	CPU: AMD EPYC 9745	default_pass	INDEL	0	0.987654	0.868132	0.924044	11.194379	158	160	24	2
MMC234__202311	Streptococcus dysgalactiae	false	sup	dna_r10.4.1_e8.2_400bps_sup@v4.3.0	5	5.06	chromosome=5.06	B	minimap2	2.31	lr:hq	clair3	1.0.5	r1041_e82_400bps_sup_v430	docker://quay.io/mbhall88/clair3@sha256:6a4c352e7d14ebb67bdad4be366dcbf6afa66cc7f0ee0b37a05cebe3f4754735	CPU: AMD EPYC 9745	default_pass	ALL	0	0.998187	0.981607	0.989827	19.925510	10460	10458	196	19
MMC234__202311	Streptococcus dysgalactiae	false	sup	dna_r10.4.1_e8.2_400bps_sup@v4.3.0	5	5.06	chromosome=5.06	C	minimap2	2.31	lr:hq	clair3	2.0.3	r1041_e82_400bps_sup_v430	docker://hkubal/clair3@sha256:d56df84c2c7c508aaf0623b124d9926d366a58f34236505b26c055f848afa202	CPU: AMD EPYC 9745	sweep_best	SNP	0	0.997966	0.984438	0.991156	20.533513	10311	10303	163	21
MMC234__202311	Streptococcus dysgalactiae	false	sup	dna_r10.4.1_e8.2_400bps_sup@v4.3.0	5	5.06	chromosome=5.06	C	minimap2	2.31	lr:hq	clair3	2.0.3	r1041_e82_400bps_sup_v430	docker://hkubal/clair3@sha256:d56df84c2c7c508aaf0623b124d9926d366a58f34236505b26c055f848afa202	CPU: AMD EPYC 9745	sweep_best	INDEL	2	1.000000	0.868132	0.929412	11.512691	158	160	24	0
MMC234__202311	Streptococcus dysgalactiae	false	sup	dna_r10.4.1_e8.2_400bps_sup@v4.3.0	5	5.06	chromosome=5.06	C	minimap2	2.31	lr:hq	clair3	2.0.3	r1041_e82_400bps_sup_v430	docker://hkubal/clair3@sha256:d56df84c2c7c508aaf0623b124d9926d366a58f34236505b26c055f848afa202	CPU: AMD EPYC 9745	sweep_best	ALL	1	0.998092	0.982076	0.990019	20.008259	10465	10463	191	20
MMC234__202311	Streptococcus dysgalactiae	false	sup	dna_r10.4.1_e8.2_400bps_sup@v4.3.0	5	5.06	chromosome=5.06	C	minimap2	2.31	lr:hq	clair3	2.0.3	r1041_e82_400bps_sup_v430	docker://hkubal/clair3@sha256:d56df84c2c7c508aaf0623b124d9926d366a58f34236505b26c055f848afa202	CPU: AMD EPYC 9745	default_pass	SNP	0	0.998352	0.983578	0.990910	20.414361	10302	10298	172	17
MMC234__202311	Streptococcus dysgalactiae	false	sup	dna_r10.4.1_e8.2_400bps_sup@v4.3.0	5	5.06	chromosome=5.06	C	minimap2	2.31	lr:hq	clair3	2.0.3	r1041_e82_400bps_sup_v430	docker://hkubal/clair3@sha256:d56df84c2c7c508aaf0623b124d9926d366a58f34236505b26c055f848afa202	CPU: AMD EPYC 9745	default_pass	INDEL	0	0.987654	0.868132	0.924044	11.194379	158	160	24	2
MMC234__202311	Streptococcus dysgalactiae	false	sup	dna_r10.4.1_e8.2_400bps_sup@v4.3.0	5	5.06	chromosome=5.06	C	minimap2	2.31	lr:hq	clair3	2.0.3	r1041_e82_400bps_sup_v430	docker://hkubal/clair3@sha256:d56df84c2c7c508aaf0623b124d9926d366a58f34236505b26c055f848afa202	CPU: AMD EPYC 9745	default_pass	ALL	0	0.998187	0.981607	0.989827	19.925510	10460	10458	196	19
MMC234__202311	Streptococcus dysgalactiae	false	sup	dna_r10.4.1_e8.2_400bps_sup@v4.3.0	5	5.06	chromosome=5.06	D	minimap2	2.31	lr:hq	dorado	2.1.2	dna_r10.4.1_e8.2_400bps_polish_bacterial_methylation_v5.0.0		NVIDIA H100 80GB HBM3	sweep_best	SNP	10	0.995973	0.992553	0.994260	22.410881	10396	10388	78	42
MMC234__202311	Streptococcus dysgalactiae	false	sup	dna_r10.4.1_e8.2_400bps_sup@v4.3.0	5	5.06	chromosome=5.06	D	minimap2	2.31	lr:hq	dorado	2.1.2	dna_r10.4.1_e8.2_400bps_polish_bacterial_methylation_v5.0.0		NVIDIA H100 80GB HBM3	sweep_best	INDEL	12	0.906593	0.884615	0.895470	9.807590	161	165	21	17
MMC234__202311	Streptococcus dysgalactiae	false	sup	dna_r10.4.1_e8.2_400bps_sup@v4.3.0	5	5.06	chromosome=5.06	D	minimap2	2.31	lr:hq	dorado	2.1.2	dna_r10.4.1_e8.2_400bps_polish_bacterial_methylation_v5.0.0		NVIDIA H100 80GB HBM3	sweep_best	ALL	12	0.995561	0.989583	0.992563	21.286022	10545	10541	111	47
MMC234__202311	Streptococcus dysgalactiae	false	sup	dna_r10.4.1_e8.2_400bps_sup@v4.3.0	5	5.06	chromosome=5.06	D	minimap2	2.31	lr:hq	dorado	2.1.2	dna_r10.4.1_e8.2_400bps_polish_bacterial_methylation_v5.0.0		NVIDIA H100 80GB HBM3	default_pass	SNP	0	0.984621	0.997518	0.991027	20.470623	10448	10436	26	163
MMC234__202311	Streptococcus dysgalactiae	false	sup	dna_r10.4.1_e8.2_400bps_sup@v4.3.0	5	5.06	chromosome=5.06	D	minimap2	2.31	lr:hq	dorado	2.1.2	dna_r10.4.1_e8.2_400bps_polish_bacterial_methylation_v5.0.0		NVIDIA H100 80GB HBM3	default_pass	INDEL	0	0.502825	0.945055	0.656404	4.639519	172	178	10	176
MMC234__202311	Streptococcus dysgalactiae	false	sup	dna_r10.4.1_e8.2_400bps_sup@v4.3.0	5	5.06	chromosome=5.06	D	minimap2	2.31	lr:hq	dorado	2.1.2	dna_r10.4.1_e8.2_400bps_polish_bacterial_methylation_v5.0.0		NVIDIA H100 80GB HBM3	default_pass	ALL	0	0.969050	0.996622	0.982642	17.605003	10620	10614	36	339
MMC234__202311	Streptococcus dysgalactiae	false	sup	dna_r10.4.1_e8.2_400bps_sup@v4.3.0	10	10.17	chromosome=10.17	A	minimap2	2.26	map-ont	clair3	1.0.5	r1041_e82_400bps_sup_v430	docker://quay.io/mbhall88/clair3@sha256:6a4c352e7d14ebb67bdad4be366dcbf6afa66cc7f0ee0b37a05cebe3f4754735	CPU: AMD EPYC 9745	sweep_best	SNP	0	0.999613	0.988734	0.994144	22.323989	10356	10340	118	4
MMC234__202311	Streptococcus dysgalactiae	false	sup	dna_r10.4.1_e8.2_400bps_sup@v4.3.0	10	10.17	chromosome=10.17	A	minimap2	2.26	map-ont	clair3	1.0.5	r1041_e82_400bps_sup_v430	docker://quay.io/mbhall88/clair3@sha256:6a4c352e7d14ebb67bdad4be366dcbf6afa66cc7f0ee0b37a05cebe3f4754735	CPU: AMD EPYC 9745	sweep_best	INDEL	1	0.989011	0.956044	0.972248	15.567057	174	180	8	2
MMC234__202311	Streptococcus dysgalactiae	false	sup	dna_r10.4.1_e8.2_400bps_sup@v4.3.0	10	10.17	chromosome=10.17	A	minimap2	2.26	map-ont	clair3	1.0.5	r1041_e82_400bps_sup_v430	docker://quay.io/mbhall88/clair3@sha256:6a4c352e7d14ebb67bdad4be366dcbf6afa66cc7f0ee0b37a05cebe3f4754735	CPU: AMD EPYC 9745	sweep_best	ALL	0	0.998956	0.988270	0.993584	21.927356	10531	10523	125	11
MMC234__202311	Streptococcus dysgalactiae	false	sup	dna_r10.4.1_e8.2_400bps_sup@v4.3.0	10	10.17	chromosome=10.17	A	minimap2	2.26	map-ont	clair3	1.0.5	r1041_e82_400bps_sup_v430	docker://quay.io/mbhall88/clair3@sha256:6a4c352e7d14ebb67bdad4be366dcbf6afa66cc7f0ee0b37a05cebe3f4754735	CPU: AMD EPYC 9745	default_pass	SNP	0	0.999613	0.988448	0.993999	22.217764	10353	10341	121	4
MMC234__202311	Streptococcus dysgalactiae	false	sup	dna_r10.4.1_e8.2_400bps_sup@v4.3.0	10	10.17	chromosome=10.17	A	minimap2	2.26	map-ont	clair3	1.0.5	r1041_e82_400bps_sup_v430	docker://quay.io/mbhall88/clair3@sha256:6a4c352e7d14ebb67bdad4be366dcbf6afa66cc7f0ee0b37a05cebe3f4754735	CPU: AMD EPYC 9745	default_pass	INDEL	0	0.983516	0.950549	0.966752	14.782345	173	179	9	3
MMC234__202311	Streptococcus dysgalactiae	false	sup	dna_r10.4.1_e8.2_400bps_sup@v4.3.0	10	10.17	chromosome=10.17	A	minimap2	2.26	map-ont	clair3	1.0.5	r1041_e82_400bps_sup_v430	docker://quay.io/mbhall88/clair3@sha256:6a4c352e7d14ebb67bdad4be366dcbf6afa66cc7f0ee0b37a05cebe3f4754735	CPU: AMD EPYC 9745	default_pass	ALL	0	0.999335	0.987800	0.993534	21.893643	10526	10520	130	7
MMC234__202311	Streptococcus dysgalactiae	false	sup	dna_r10.4.1_e8.2_400bps_sup@v4.3.0	10	10.17	chromosome=10.17	B	minimap2	2.31	lr:hq	clair3	1.0.5	r1041_e82_400bps_sup_v430	docker://quay.io/mbhall88/clair3@sha256:6a4c352e7d14ebb67bdad4be366dcbf6afa66cc7f0ee0b37a05cebe3f4754735	CPU: AMD EPYC 9745	sweep_best	SNP	0	0.999613	0.988734	0.994144	22.323989	10356	10340	118	4
MMC234__202311	Streptococcus dysgalactiae	false	sup	dna_r10.4.1_e8.2_400bps_sup@v4.3.0	10	10.17	chromosome=10.17	B	minimap2	2.31	lr:hq	clair3	1.0.5	r1041_e82_400bps_sup_v430	docker://quay.io/mbhall88/clair3@sha256:6a4c352e7d14ebb67bdad4be366dcbf6afa66cc7f0ee0b37a05cebe3f4754735	CPU: AMD EPYC 9745	sweep_best	INDEL	1	0.989011	0.956044	0.972248	15.567057	174	180	8	2
MMC234__202311	Streptococcus dysgalactiae	false	sup	dna_r10.4.1_e8.2_400bps_sup@v4.3.0	10	10.17	chromosome=10.17	B	minimap2	2.31	lr:hq	clair3	1.0.5	r1041_e82_400bps_sup_v430	docker://quay.io/mbhall88/clair3@sha256:6a4c352e7d14ebb67bdad4be366dcbf6afa66cc7f0ee0b37a05cebe3f4754735	CPU: AMD EPYC 9745	sweep_best	ALL	0	0.998956	0.988270	0.993584	21.927356	10531	10523	125	11
MMC234__202311	Streptococcus dysgalactiae	false	sup	dna_r10.4.1_e8.2_400bps_sup@v4.3.0	10	10.17	chromosome=10.17	B	minimap2	2.31	lr:hq	clair3	1.0.5	r1041_e82_400bps_sup_v430	docker://quay.io/mbhall88/clair3@sha256:6a4c352e7d14ebb67bdad4be366dcbf6afa66cc7f0ee0b37a05cebe3f4754735	CPU: AMD EPYC 9745	default_pass	SNP	0	0.999613	0.988448	0.993999	22.217764	10353	10341	121	4
MMC234__202311	Streptococcus dysgalactiae	false	sup	dna_r10.4.1_e8.2_400bps_sup@v4.3.0	10	10.17	chromosome=10.17	B	minimap2	2.31	lr:hq	clair3	1.0.5	r1041_e82_400bps_sup_v430	docker://quay.io/mbhall88/clair3@sha256:6a4c352e7d14ebb67bdad4be366dcbf6afa66cc7f0ee0b37a05cebe3f4754735	CPU: AMD EPYC 9745	default_pass	INDEL	0	0.983516	0.950549	0.966752	14.782345	173	179	9	3
MMC234__202311	Streptococcus dysgalactiae	false	sup	dna_r10.4.1_e8.2_400bps_sup@v4.3.0	10	10.17	chromosome=10.17	B	minimap2	2.31	lr:hq	clair3	1.0.5	r1041_e82_400bps_sup_v430	docker://quay.io/mbhall88/clair3@sha256:6a4c352e7d14ebb67bdad4be366dcbf6afa66cc7f0ee0b37a05cebe3f4754735	CPU: AMD EPYC 9745	default_pass	ALL	0	0.999335	0.987800	0.993534	21.893643	10526	10520	130	7
MMC234__202311	Streptococcus dysgalactiae	false	sup	dna_r10.4.1_e8.2_400bps_sup@v4.3.0	10	10.17	chromosome=10.17	C	minimap2	2.31	lr:hq	clair3	2.0.3	r1041_e82_400bps_sup_v430	docker://hkubal/clair3@sha256:d56df84c2c7c508aaf0623b124d9926d366a58f34236505b26c055f848afa202	CPU: AMD EPYC 9745	sweep_best	SNP	0	0.999613	0.988734	0.994144	22.323989	10356	10340	118	4
MMC234__202311	Streptococcus dysgalactiae	false	sup	dna_r10.4.1_e8.2_400bps_sup@v4.3.0	10	10.17	chromosome=10.17	C	minimap2	2.31	lr:hq	clair3	2.0.3	r1041_e82_400bps_sup_v430	docker://hkubal/clair3@sha256:d56df84c2c7c508aaf0623b124d9926d366a58f34236505b26c055f848afa202	CPU: AMD EPYC 9745	sweep_best	INDEL	1	0.989011	0.956044	0.972248	15.567057	174	180	8	2
MMC234__202311	Streptococcus dysgalactiae	false	sup	dna_r10.4.1_e8.2_400bps_sup@v4.3.0	10	10.17	chromosome=10.17	C	minimap2	2.31	lr:hq	clair3	2.0.3	r1041_e82_400bps_sup_v430	docker://hkubal/clair3@sha256:d56df84c2c7c508aaf0623b124d9926d366a58f34236505b26c055f848afa202	CPU: AMD EPYC 9745	sweep_best	ALL	0	0.998956	0.988270	0.993584	21.927356	10531	10523	125	11
MMC234__202311	Streptococcus dysgalactiae	false	sup	dna_r10.4.1_e8.2_400bps_sup@v4.3.0	10	10.17	chromosome=10.17	C	minimap2	2.31	lr:hq	clair3	2.0.3	r1041_e82_400bps_sup_v430	docker://hkubal/clair3@sha256:d56df84c2c7c508aaf0623b124d9926d366a58f34236505b26c055f848afa202	CPU: AMD EPYC 9745	default_pass	SNP	0	0.999613	0.988448	0.993999	22.217764	10353	10341	121	4
MMC234__202311	Streptococcus dysgalactiae	false	sup	dna_r10.4.1_e8.2_400bps_sup@v4.3.0	10	10.17	chromosome=10.17	C	minimap2	2.31	lr:hq	clair3	2.0.3	r1041_e82_400bps_sup_v430	docker://hkubal/clair3@sha256:d56df84c2c7c508aaf0623b124d9926d366a58f34236505b26c055f848afa202	CPU: AMD EPYC 9745	default_pass	INDEL	0	0.983516	0.950549	0.966752	14.782345	173	179	9	3
MMC234__202311	Streptococcus dysgalactiae	false	sup	dna_r10.4.1_e8.2_400bps_sup@v4.3.0	10	10.17	chromosome=10.17	C	minimap2	2.31	lr:hq	clair3	2.0.3	r1041_e82_400bps_sup_v430	docker://hkubal/clair3@sha256:d56df84c2c7c508aaf0623b124d9926d366a58f34236505b26c055f848afa202	CPU: AMD EPYC 9745	default_pass	ALL	0	0.999335	0.987800	0.993534	21.893643	10526	10520	130	7
MMC234__202311	Streptococcus dysgalactiae	false	sup	dna_r10.4.1_e8.2_400bps_sup@v4.3.0	10	10.17	chromosome=10.17	D	minimap2	2.31	lr:hq	dorado	2.1.2	dna_r10.4.1_e8.2_400bps_polish_bacterial_methylation_v5.0.0		NVIDIA H100 80GB HBM3	sweep_best	SNP	5	0.997899	0.998759	0.998329	27.770236	10461	10449	13	22
MMC234__202311	Streptococcus dysgalactiae	false	sup	dna_r10.4.1_e8.2_400bps_sup@v4.3.0	10	10.17	chromosome=10.17	D	minimap2	2.31	lr:hq	dorado	2.1.2	dna_r10.4.1_e8.2_400bps_polish_bacterial_methylation_v5.0.0		NVIDIA H100 80GB HBM3	sweep_best	INDEL	10	0.978261	0.967033	0.972615	15.624873	176	180	6	4
MMC234__202311	Streptococcus dysgalactiae	false	sup	dna_r10.4.1_e8.2_400bps_sup@v4.3.0	10	10.17	chromosome=10.17	D	minimap2	2.31	lr:hq	dorado	2.1.2	dna_r10.4.1_e8.2_400bps_polish_bacterial_methylation_v5.0.0		NVIDIA H100 80GB HBM3	sweep_best	ALL	6	0.997653	0.997842	0.997748	26.474316	10633	10629	23	25
MMC234__202311	Streptococcus dysgalactiae	false	sup	dna_r10.4.1_e8.2_400bps_sup@v4.3.0	10	10.17	chromosome=10.17	D	minimap2	2.31	lr:hq	dorado	2.1.2	dna_r10.4.1_e8.2_400bps_polish_bacterial_methylation_v5.0.0		NVIDIA H100 80GB HBM3	default_pass	SNP	0	0.997042	0.998854	0.997947	26.876111	10462	10450	12	31
MMC234__202311	Streptococcus dysgalactiae	false	sup	dna_r10.4.1_e8.2_400bps_sup@v4.3.0	10	10.17	chromosome=10.17	D	minimap2	2.31	lr:hq	dorado	2.1.2	dna_r10.4.1_e8.2_400bps_polish_bacterial_methylation_v5.0.0		NVIDIA H100 80GB HBM3	default_pass	INDEL	0	0.915842	0.983516	0.948473	12.879651	179	185	3	17
MMC234__202311	Streptococcus dysgalactiae	false	sup	dna_r10.4.1_e8.2_400bps_sup@v4.3.0	10	10.17	chromosome=10.17	D	minimap2	2.31	lr:hq	dorado	2.1.2	dna_r10.4.1_e8.2_400bps_polish_bacterial_methylation_v5.0.0		NVIDIA H100 80GB HBM3	default_pass	ALL	0	0.995507	0.998592	0.997047	25.297366	10641	10635	15	48
MMC234__202311	Streptococcus dysgalactiae	false	sup	dna_r10.4.1_e8.2_400bps_sup@v4.3.0	25	25.44	chromosome=25.44	A	minimap2	2.26	map-ont	clair3	1.0.5	r1041_e82_400bps_sup_v430	docker://quay.io/mbhall88/clair3@sha256:6a4c352e7d14ebb67bdad4be366dcbf6afa66cc7f0ee0b37a05cebe3f4754735	CPU: AMD EPYC 9745	sweep_best	SNP	1	1.000000	0.999523	0.999761	36.216021	10469	10453	5	0
MMC234__202311	Streptococcus dysgalactiae	false	sup	dna_r10.4.1_e8.2_400bps_sup@v4.3.0	25	25.44	chromosome=25.44	A	minimap2	2.26	map-ont	clair3	1.0.5	r1041_e82_400bps_sup_v430	docker://quay.io/mbhall88/clair3@sha256:6a4c352e7d14ebb67bdad4be366dcbf6afa66cc7f0ee0b37a05cebe3f4754735	CPU: AMD EPYC 9745	sweep_best	INDEL	4	0.994595	0.967033	0.980620	17.126462	176	184	6	1
MMC234__202311	Streptococcus dysgalactiae	false	sup	dna_r10.4.1_e8.2_400bps_sup@v4.3.0	25	25.44	chromosome=25.44	A	minimap2	2.26	map-ont	clair3	1.0.5	r1041_e82_400bps_sup_v430	docker://quay.io/mbhall88/clair3@sha256:6a4c352e7d14ebb67bdad4be366dcbf6afa66cc7f0ee0b37a05cebe3f4754735	CPU: AMD EPYC 9745	sweep_best	ALL	4	0.999906	0.998968	0.999437	32.494916	10645	10637	11	1
MMC234__202311	Streptococcus dysgalactiae	false	sup	dna_r10.4.1_e8.2_400bps_sup@v4.3.0	25	25.44	chromosome=25.44	A	minimap2	2.26	map-ont	clair3	1.0.5	r1041_e82_400bps_sup_v430	docker://quay.io/mbhall88/clair3@sha256:6a4c352e7d14ebb67bdad4be366dcbf6afa66cc7f0ee0b37a05cebe3f4754735	CPU: AMD EPYC 9745	default_pass	SNP	0	1.000000	0.999618	0.999809	37.189666	10470	10454	4	0
MMC234__202311	Streptococcus dysgalactiae	false	sup	dna_r10.4.1_e8.2_400bps_sup@v4.3.0	25	25.44	chromosome=25.44	A	minimap2	2.26	map-ont	clair3	1.0.5	r1041_e82_400bps_sup_v430	docker://quay.io/mbhall88/clair3@sha256:6a4c352e7d14ebb67bdad4be366dcbf6afa66cc7f0ee0b37a05cebe3f4754735	CPU: AMD EPYC 9745	default_pass	INDEL	0	0.989247	0.967033	0.978014	16.578538	176	184	6	2
MMC234__202311	Streptococcus dysgalactiae	false	sup	dna_r10.4.1_e8.2_400bps_sup@v4.3.0	25	25.44	chromosome=25.44	A	minimap2	2.26	map-ont	clair3	1.0.5	r1041_e82_400bps_sup_v430	docker://quay.io/mbhall88/clair3@sha256:6a4c352e7d14ebb67bdad4be366dcbf6afa66cc7f0ee0b37a05cebe3f4754735	CPU: AMD EPYC 9745	default_pass	ALL	0	0.999812	0.999062	0.999437	32.494916	10646	10638	10	2
MMC234__202311	Streptococcus dysgalactiae	false	sup	dna_r10.4.1_e8.2_400bps_sup@v4.3.0	25	25.44	chromosome=25.44	B	minimap2	2.31	lr:hq	clair3	1.0.5	r1041_e82_400bps_sup_v430	docker://quay.io/mbhall88/clair3@sha256:6a4c352e7d14ebb67bdad4be366dcbf6afa66cc7f0ee0b37a05cebe3f4754735	CPU: AMD EPYC 9745	sweep_best	SNP	1	1.000000	0.999523	0.999761	36.216021	10469	10453	5	0
MMC234__202311	Streptococcus dysgalactiae	false	sup	dna_r10.4.1_e8.2_400bps_sup@v4.3.0	25	25.44	chromosome=25.44	B	minimap2	2.31	lr:hq	clair3	1.0.5	r1041_e82_400bps_sup_v430	docker://quay.io/mbhall88/clair3@sha256:6a4c352e7d14ebb67bdad4be366dcbf6afa66cc7f0ee0b37a05cebe3f4754735	CPU: AMD EPYC 9745	sweep_best	INDEL	4	0.994595	0.967033	0.980620	17.126462	176	184	6	1
MMC234__202311	Streptococcus dysgalactiae	false	sup	dna_r10.4.1_e8.2_400bps_sup@v4.3.0	25	25.44	chromosome=25.44	B	minimap2	2.31	lr:hq	clair3	1.0.5	r1041_e82_400bps_sup_v430	docker://quay.io/mbhall88/clair3@sha256:6a4c352e7d14ebb67bdad4be366dcbf6afa66cc7f0ee0b37a05cebe3f4754735	CPU: AMD EPYC 9745	sweep_best	ALL	4	0.999906	0.998968	0.999437	32.494916	10645	10637	11	1
MMC234__202311	Streptococcus dysgalactiae	false	sup	dna_r10.4.1_e8.2_400bps_sup@v4.3.0	25	25.44	chromosome=25.44	B	minimap2	2.31	lr:hq	clair3	1.0.5	r1041_e82_400bps_sup_v430	docker://quay.io/mbhall88/clair3@sha256:6a4c352e7d14ebb67bdad4be366dcbf6afa66cc7f0ee0b37a05cebe3f4754735	CPU: AMD EPYC 9745	default_pass	SNP	0	1.000000	0.999618	0.999809	37.189666	10470	10454	4	0
MMC234__202311	Streptococcus dysgalactiae	false	sup	dna_r10.4.1_e8.2_400bps_sup@v4.3.0	25	25.44	chromosome=25.44	B	minimap2	2.31	lr:hq	clair3	1.0.5	r1041_e82_400bps_sup_v430	docker://quay.io/mbhall88/clair3@sha256:6a4c352e7d14ebb67bdad4be366dcbf6afa66cc7f0ee0b37a05cebe3f4754735	CPU: AMD EPYC 9745	default_pass	INDEL	0	0.989247	0.967033	0.978014	16.578538	176	184	6	2
MMC234__202311	Streptococcus dysgalactiae	false	sup	dna_r10.4.1_e8.2_400bps_sup@v4.3.0	25	25.44	chromosome=25.44	B	minimap2	2.31	lr:hq	clair3	1.0.5	r1041_e82_400bps_sup_v430	docker://quay.io/mbhall88/clair3@sha256:6a4c352e7d14ebb67bdad4be366dcbf6afa66cc7f0ee0b37a05cebe3f4754735	CPU: AMD EPYC 9745	default_pass	ALL	0	0.999812	0.999062	0.999437	32.494916	10646	10638	10	2
MMC234__202311	Streptococcus dysgalactiae	false	sup	dna_r10.4.1_e8.2_400bps_sup@v4.3.0	25	25.44	chromosome=25.44	C	minimap2	2.31	lr:hq	clair3	2.0.3	r1041_e82_400bps_sup_v430	docker://hkubal/clair3@sha256:d56df84c2c7c508aaf0623b124d9926d366a58f34236505b26c055f848afa202	CPU: AMD EPYC 9745	sweep_best	SNP	1	1.000000	0.999523	0.999761	36.216021	10469	10453	5	0
MMC234__202311	Streptococcus dysgalactiae	false	sup	dna_r10.4.1_e8.2_400bps_sup@v4.3.0	25	25.44	chromosome=25.44	C	minimap2	2.31	lr:hq	clair3	2.0.3	r1041_e82_400bps_sup_v430	docker://hkubal/clair3@sha256:d56df84c2c7c508aaf0623b124d9926d366a58f34236505b26c055f848afa202	CPU: AMD EPYC 9745	sweep_best	INDEL	4	0.994595	0.967033	0.980620	17.126462	176	184	6	1
MMC234__202311	Streptococcus dysgalactiae	false	sup	dna_r10.4.1_e8.2_400bps_sup@v4.3.0	25	25.44	chromosome=25.44	C	minimap2	2.31	lr:hq	clair3	2.0.3	r1041_e82_400bps_sup_v430	docker://hkubal/clair3@sha256:d56df84c2c7c508aaf0623b124d9926d366a58f34236505b26c055f848afa202	CPU: AMD EPYC 9745	sweep_best	ALL	4	0.999906	0.998968	0.999437	32.494916	10645	10637	11	1
MMC234__202311	Streptococcus dysgalactiae	false	sup	dna_r10.4.1_e8.2_400bps_sup@v4.3.0	25	25.44	chromosome=25.44	C	minimap2	2.31	lr:hq	clair3	2.0.3	r1041_e82_400bps_sup_v430	docker://hkubal/clair3@sha256:d56df84c2c7c508aaf0623b124d9926d366a58f34236505b26c055f848afa202	CPU: AMD EPYC 9745	default_pass	SNP	0	1.000000	0.999618	0.999809	37.189666	10470	10454	4	0
MMC234__202311	Streptococcus dysgalactiae	false	sup	dna_r10.4.1_e8.2_400bps_sup@v4.3.0	25	25.44	chromosome=25.44	C	minimap2	2.31	lr:hq	clair3	2.0.3	r1041_e82_400bps_sup_v430	docker://hkubal/clair3@sha256:d56df84c2c7c508aaf0623b124d9926d366a58f34236505b26c055f848afa202	CPU: AMD EPYC 9745	default_pass	INDEL	0	0.989247	0.967033	0.978014	16.578538	176	184	6	2
MMC234__202311	Streptococcus dysgalactiae	false	sup	dna_r10.4.1_e8.2_400bps_sup@v4.3.0	25	25.44	chromosome=25.44	C	minimap2	2.31	lr:hq	clair3	2.0.3	r1041_e82_400bps_sup_v430	docker://hkubal/clair3@sha256:d56df84c2c7c508aaf0623b124d9926d366a58f34236505b26c055f848afa202	CPU: AMD EPYC 9745	default_pass	ALL	0	0.999812	0.999062	0.999437	32.494916	10646	10638	10	2
MMC234__202311	Streptococcus dysgalactiae	false	sup	dna_r10.4.1_e8.2_400bps_sup@v4.3.0	25	25.44	chromosome=25.44	D	minimap2	2.31	lr:hq	dorado	2.1.2	dna_r10.4.1_e8.2_400bps_polish_bacterial_methylation_v5.0.0		NVIDIA H100 80GB HBM3	sweep_best	SNP	4	0.999522	0.998759	0.999140	30.655015	10461	10449	13	5
MMC234__202311	Streptococcus dysgalactiae	false	sup	dna_r10.4.1_e8.2_400bps_sup@v4.3.0	25	25.44	chromosome=25.44	D	minimap2	2.31	lr:hq	dorado	2.1.2	dna_r10.4.1_e8.2_400bps_polish_bacterial_methylation_v5.0.0		NVIDIA H100 80GB HBM3	sweep_best	INDEL	6	0.989247	0.978022	0.983603	17.852356	178	184	4	2
MMC234__202311	Streptococcus dysgalactiae	false	sup	dna_r10.4.1_e8.2_400bps_sup@v4.3.0	25	25.44	chromosome=25.44	D	minimap2	2.31	lr:hq	dorado	2.1.2	dna_r10.4.1_e8.2_400bps_polish_bacterial_methylation_v5.0.0		NVIDIA H100 80GB HBM3	sweep_best	ALL	4	0.999154	0.998498	0.998826	29.303319	10640	10634	16	9
MMC234__202311	Streptococcus dysgalactiae	false	sup	dna_r10.4.1_e8.2_400bps_sup@v4.3.0	25	25.44	chromosome=25.44	D	minimap2	2.31	lr:hq	dorado	2.1.2	dna_r10.4.1_e8.2_400bps_polish_bacterial_methylation_v5.0.0		NVIDIA H100 80GB HBM3	default_pass	SNP	0	0.999426	0.998759	0.999092	30.419142	10461	10449	13	6
MMC234__202311	Streptococcus dysgalactiae	false	sup	dna_r10.4.1_e8.2_400bps_sup@v4.3.0	25	25.44	chromosome=25.44	D	minimap2	2.31	lr:hq	dorado	2.1.2	dna_r10.4.1_e8.2_400bps_polish_bacterial_methylation_v5.0.0		NVIDIA H100 80GB HBM3	default_pass	INDEL	0	0.973684	0.983516	0.978576	16.690994	179	185	3	5
MMC234__202311	Streptococcus dysgalactiae	false	sup	dna_r10.4.1_e8.2_400bps_sup@v4.3.0	25	25.44	chromosome=25.44	D	minimap2	2.31	lr:hq	dorado	2.1.2	dna_r10.4.1_e8.2_400bps_polish_bacterial_methylation_v5.0.0		NVIDIA H100 80GB HBM3	default_pass	ALL	0	0.998967	0.998498	0.998733	28.972234	10640	10634	16	11
MMC234__202311	Streptococcus dysgalactiae	false	sup	dna_r10.4.1_e8.2_400bps_sup@v4.3.0	50	50.85	chromosome=50.85	A	minimap2	2.26	map-ont	clair3	1.0.5	r1041_e82_400bps_sup_v430	docker://quay.io/mbhall88/clair3@sha256:6a4c352e7d14ebb67bdad4be366dcbf6afa66cc7f0ee0b37a05cebe3f4754735	CPU: AMD EPYC 9745	sweep_best	SNP	0	1.000000	0.999714	0.999857	38.446640	10471	10455	3	0
MMC234__202311	Streptococcus dysgalactiae	false	sup	dna_r10.4.1_e8.2_400bps_sup@v4.3.0	50	50.85	chromosome=50.85	A	minimap2	2.26	map-ont	clair3	1.0.5	r1041_e82_400bps_sup_v430	docker://quay.io/mbhall88/clair3@sha256:6a4c352e7d14ebb67bdad4be366dcbf6afa66cc7f0ee0b37a05cebe3f4754735	CPU: AMD EPYC 9745	sweep_best	INDEL	5	1.000000	0.983516	0.991690	20.803990	179	187	3	0
MMC234__202311	Streptococcus dysgalactiae	false	sup	dna_r10.4.1_e8.2_400bps_sup@v4.3.0	50	50.85	chromosome=50.85	A	minimap2	2.26	map-ont	clair3	1.0.5	r1041_e82_400bps_sup_v430	docker://quay.io/mbhall88/clair3@sha256:6a4c352e7d14ebb67bdad4be366dcbf6afa66cc7f0ee0b37a05cebe3f4754735	CPU: AMD EPYC 9745	sweep_best	ALL	0	0.999906	0.999437	0.999671	34.828041	10650	10642	6	1
MMC234__202311	Streptococcus dysgalactiae	false	sup	dna_r10.4.1_e8.2_400bps_sup@v4.3.0	50	50.85	chromosome=50.85	A	minimap2	2.26	map-ont	clair3	1.0.5	r1041_e82_400bps_sup_v430	docker://quay.io/mbhall88/clair3@sha256:6a4c352e7d14ebb67bdad4be366dcbf6afa66cc7f0ee0b37a05cebe3f4754735	CPU: AMD EPYC 9745	default_pass	SNP	0	1.000000	0.999714	0.999857	38.446640	10471	10455	3	0
MMC234__202311	Streptococcus dysgalactiae	false	sup	dna_r10.4.1_e8.2_400bps_sup@v4.3.0	50	50.85	chromosome=50.85	A	minimap2	2.26	map-ont	clair3	1.0.5	r1041_e82_400bps_sup_v430	docker://quay.io/mbhall88/clair3@sha256:6a4c352e7d14ebb67bdad4be366dcbf6afa66cc7f0ee0b37a05cebe3f4754735	CPU: AMD EPYC 9745	default_pass	INDEL	0	0.994681	0.983516	0.989067	19.612607	179	187	3	1
MMC234__202311	Streptococcus dysgalactiae	false	sup	dna_r10.4.1_e8.2_400bps_sup@v4.3.0	50	50.85	chromosome=50.85	A	minimap2	2.26	map-ont	clair3	1.0.5	r1041_e82_400bps_sup_v430	docker://quay.io/mbhall88/clair3@sha256:6a4c352e7d14ebb67bdad4be366dcbf6afa66cc7f0ee0b37a05cebe3f4754735	CPU: AMD EPYC 9745	default_pass	ALL	0	0.999906	0.999437	0.999671	34.828041	10650	10642	6	1
MMC234__202311	Streptococcus dysgalactiae	false	sup	dna_r10.4.1_e8.2_400bps_sup@v4.3.0	50	50.85	chromosome=50.85	B	minimap2	2.31	lr:hq	clair3	1.0.5	r1041_e82_400bps_sup_v430	docker://quay.io/mbhall88/clair3@sha256:6a4c352e7d14ebb67bdad4be366dcbf6afa66cc7f0ee0b37a05cebe3f4754735	CPU: AMD EPYC 9745	sweep_best	SNP	0	1.000000	0.999714	0.999857	38.446640	10471	10455	3	0
MMC234__202311	Streptococcus dysgalactiae	false	sup	dna_r10.4.1_e8.2_400bps_sup@v4.3.0	50	50.85	chromosome=50.85	B	minimap2	2.31	lr:hq	clair3	1.0.5	r1041_e82_400bps_sup_v430	docker://quay.io/mbhall88/clair3@sha256:6a4c352e7d14ebb67bdad4be366dcbf6afa66cc7f0ee0b37a05cebe3f4754735	CPU: AMD EPYC 9745	sweep_best	INDEL	5	1.000000	0.983516	0.991690	20.803990	179	187	3	0
MMC234__202311	Streptococcus dysgalactiae	false	sup	dna_r10.4.1_e8.2_400bps_sup@v4.3.0	50	50.85	chromosome=50.85	B	minimap2	2.31	lr:hq	clair3	1.0.5	r1041_e82_400bps_sup_v430	docker://quay.io/mbhall88/clair3@sha256:6a4c352e7d14ebb67bdad4be366dcbf6afa66cc7f0ee0b37a05cebe3f4754735	CPU: AMD EPYC 9745	sweep_best	ALL	0	0.999906	0.999437	0.999671	34.828041	10650	10642	6	1
MMC234__202311	Streptococcus dysgalactiae	false	sup	dna_r10.4.1_e8.2_400bps_sup@v4.3.0	50	50.85	chromosome=50.85	B	minimap2	2.31	lr:hq	clair3	1.0.5	r1041_e82_400bps_sup_v430	docker://quay.io/mbhall88/clair3@sha256:6a4c352e7d14ebb67bdad4be366dcbf6afa66cc7f0ee0b37a05cebe3f4754735	CPU: AMD EPYC 9745	default_pass	SNP	0	1.000000	0.999714	0.999857	38.446640	10471	10455	3	0
MMC234__202311	Streptococcus dysgalactiae	false	sup	dna_r10.4.1_e8.2_400bps_sup@v4.3.0	50	50.85	chromosome=50.85	B	minimap2	2.31	lr:hq	clair3	1.0.5	r1041_e82_400bps_sup_v430	docker://quay.io/mbhall88/clair3@sha256:6a4c352e7d14ebb67bdad4be366dcbf6afa66cc7f0ee0b37a05cebe3f4754735	CPU: AMD EPYC 9745	default_pass	INDEL	0	0.994681	0.983516	0.989067	19.612607	179	187	3	1
MMC234__202311	Streptococcus dysgalactiae	false	sup	dna_r10.4.1_e8.2_400bps_sup@v4.3.0	50	50.85	chromosome=50.85	B	minimap2	2.31	lr:hq	clair3	1.0.5	r1041_e82_400bps_sup_v430	docker://quay.io/mbhall88/clair3@sha256:6a4c352e7d14ebb67bdad4be366dcbf6afa66cc7f0ee0b37a05cebe3f4754735	CPU: AMD EPYC 9745	default_pass	ALL	0	0.999906	0.999437	0.999671	34.828041	10650	10642	6	1
MMC234__202311	Streptococcus dysgalactiae	false	sup	dna_r10.4.1_e8.2_400bps_sup@v4.3.0	50	50.85	chromosome=50.85	C	minimap2	2.31	lr:hq	clair3	2.0.3	r1041_e82_400bps_sup_v430	docker://hkubal/clair3@sha256:d56df84c2c7c508aaf0623b124d9926d366a58f34236505b26c055f848afa202	CPU: AMD EPYC 9745	sweep_best	SNP	0	1.000000	0.999714	0.999857	38.446640	10471	10455	3	0
MMC234__202311	Streptococcus dysgalactiae	false	sup	dna_r10.4.1_e8.2_400bps_sup@v4.3.0	50	50.85	chromosome=50.85	C	minimap2	2.31	lr:hq	clair3	2.0.3	r1041_e82_400bps_sup_v430	docker://hkubal/clair3@sha256:d56df84c2c7c508aaf0623b124d9926d366a58f34236505b26c055f848afa202	CPU: AMD EPYC 9745	sweep_best	INDEL	5	1.000000	0.983516	0.991690	20.803990	179	187	3	0
MMC234__202311	Streptococcus dysgalactiae	false	sup	dna_r10.4.1_e8.2_400bps_sup@v4.3.0	50	50.85	chromosome=50.85	C	minimap2	2.31	lr:hq	clair3	2.0.3	r1041_e82_400bps_sup_v430	docker://hkubal/clair3@sha256:d56df84c2c7c508aaf0623b124d9926d366a58f34236505b26c055f848afa202	CPU: AMD EPYC 9745	sweep_best	ALL	0	0.999906	0.999437	0.999671	34.828041	10650	10642	6	1
MMC234__202311	Streptococcus dysgalactiae	false	sup	dna_r10.4.1_e8.2_400bps_sup@v4.3.0	50	50.85	chromosome=50.85	C	minimap2	2.31	lr:hq	clair3	2.0.3	r1041_e82_400bps_sup_v430	docker://hkubal/clair3@sha256:d56df84c2c7c508aaf0623b124d9926d366a58f34236505b26c055f848afa202	CPU: AMD EPYC 9745	default_pass	SNP	0	1.000000	0.999714	0.999857	38.446640	10471	10455	3	0
MMC234__202311	Streptococcus dysgalactiae	false	sup	dna_r10.4.1_e8.2_400bps_sup@v4.3.0	50	50.85	chromosome=50.85	C	minimap2	2.31	lr:hq	clair3	2.0.3	r1041_e82_400bps_sup_v430	docker://hkubal/clair3@sha256:d56df84c2c7c508aaf0623b124d9926d366a58f34236505b26c055f848afa202	CPU: AMD EPYC 9745	default_pass	INDEL	0	0.994681	0.983516	0.989067	19.612607	179	187	3	1
MMC234__202311	Streptococcus dysgalactiae	false	sup	dna_r10.4.1_e8.2_400bps_sup@v4.3.0	50	50.85	chromosome=50.85	C	minimap2	2.31	lr:hq	clair3	2.0.3	r1041_e82_400bps_sup_v430	docker://hkubal/clair3@sha256:d56df84c2c7c508aaf0623b124d9926d366a58f34236505b26c055f848afa202	CPU: AMD EPYC 9745	default_pass	ALL	0	0.999906	0.999437	0.999671	34.828041	10650	10642	6	1
MMC234__202311	Streptococcus dysgalactiae	false	sup	dna_r10.4.1_e8.2_400bps_sup@v4.3.0	50	50.85	chromosome=50.85	D	minimap2	2.31	lr:hq	dorado	2.1.2	dna_r10.4.1_e8.2_400bps_polish_bacterial_methylation_v5.0.0		NVIDIA H100 80GB HBM3	sweep_best	SNP	4	0.999522	0.998854	0.999188	30.904440	10462	10450	12	5
MMC234__202311	Streptococcus dysgalactiae	false	sup	dna_r10.4.1_e8.2_400bps_sup@v4.3.0	50	50.85	chromosome=50.85	D	minimap2	2.31	lr:hq	dorado	2.1.2	dna_r10.4.1_e8.2_400bps_polish_bacterial_methylation_v5.0.0		NVIDIA H100 80GB HBM3	sweep_best	INDEL	5	0.984043	0.983516	0.983779	17.899224	179	185	3	3
MMC234__202311	Streptococcus dysgalactiae	false	sup	dna_r10.4.1_e8.2_400bps_sup@v4.3.0	50	50.85	chromosome=50.85	D	minimap2	2.31	lr:hq	dorado	2.1.2	dna_r10.4.1_e8.2_400bps_polish_bacterial_methylation_v5.0.0		NVIDIA H100 80GB HBM3	sweep_best	ALL	5	0.999248	0.998592	0.998920	29.665762	10641	10635	15	8
MMC234__202311	Streptococcus dysgalactiae	false	sup	dna_r10.4.1_e8.2_400bps_sup@v4.3.0	50	50.85	chromosome=50.85	D	minimap2	2.31	lr:hq	dorado	2.1.2	dna_r10.4.1_e8.2_400bps_polish_bacterial_methylation_v5.0.0		NVIDIA H100 80GB HBM3	default_pass	SNP	0	0.999426	0.998854	0.999140	30.655015	10462	10450	12	6
MMC234__202311	Streptococcus dysgalactiae	false	sup	dna_r10.4.1_e8.2_400bps_sup@v4.3.0	50	50.85	chromosome=50.85	D	minimap2	2.31	lr:hq	dorado	2.1.2	dna_r10.4.1_e8.2_400bps_polish_bacterial_methylation_v5.0.0		NVIDIA H100 80GB HBM3	default_pass	INDEL	0	0.978836	0.983516	0.981171	17.251727	179	185	3	4
MMC234__202311	Streptococcus dysgalactiae	false	sup	dna_r10.4.1_e8.2_400bps_sup@v4.3.0	50	50.85	chromosome=50.85	D	minimap2	2.31	lr:hq	dorado	2.1.2	dna_r10.4.1_e8.2_400bps_polish_bacterial_methylation_v5.0.0		NVIDIA H100 80GB HBM3	default_pass	ALL	0	0.999061	0.998592	0.998826	29.303319	10641	10635	15	10
AMtb_1__202402	Mycobacterium tuberculosis	false	hac	dna_r10.4.1_e8.2_400bps_hac@v4.3.0	5	4.99	chromosome=4.99	A	minimap2	2.26	map-ont	clair3	1.0.5	r1041_e82_400bps_hac_v430	docker://quay.io/mbhall88/clair3@sha256:6a4c352e7d14ebb67bdad4be366dcbf6afa66cc7f0ee0b37a05cebe3f4754735	CPU: AMD EPYC 9745	sweep_best	SNP	4	0.991715	0.968126	0.979778	16.941759	2035	2035	67	17
AMtb_1__202402	Mycobacterium tuberculosis	false	hac	dna_r10.4.1_e8.2_400bps_hac@v4.3.0	5	4.99	chromosome=4.99	A	minimap2	2.26	map-ont	clair3	1.0.5	r1041_e82_400bps_hac_v430	docker://quay.io/mbhall88/clair3@sha256:6a4c352e7d14ebb67bdad4be366dcbf6afa66cc7f0ee0b37a05cebe3f4754735	CPU: AMD EPYC 9745	sweep_best	INDEL	1	0.919255	0.826816	0.870588	8.880255	148	148	31	13
AMtb_1__202402	Mycobacterium tuberculosis	false	hac	dna_r10.4.1_e8.2_400bps_hac@v4.3.0	5	4.99	chromosome=4.99	A	minimap2	2.26	map-ont	clair3	1.0.5	r1041_e82_400bps_hac_v430	docker://quay.io/mbhall88/clair3@sha256:6a4c352e7d14ebb67bdad4be366dcbf6afa66cc7f0ee0b37a05cebe3f4754735	CPU: AMD EPYC 9745	sweep_best	ALL	1	0.983791	0.957913	0.970680	15.328360	2185	2185	96	36
AMtb_1__202402	Mycobacterium tuberculosis	false	hac	dna_r10.4.1_e8.2_400bps_hac@v4.3.0	5	4.99	chromosome=4.99	A	minimap2	2.26	map-ont	clair3	1.0.5	r1041_e82_400bps_hac_v430	docker://quay.io/mbhall88/clair3@sha256:6a4c352e7d14ebb67bdad4be366dcbf6afa66cc7f0ee0b37a05cebe3f4754735	CPU: AMD EPYC 9745	default_pass	SNP	0	0.988349	0.968601	0.978376	16.650640	2036	2036	66	24
AMtb_1__202402	Mycobacterium tuberculosis	false	hac	dna_r10.4.1_e8.2_400bps_hac@v4.3.0	5	4.99	chromosome=4.99	A	minimap2	2.26	map-ont	clair3	1.0.5	r1041_e82_400bps_hac_v430	docker://quay.io/mbhall88/clair3@sha256:6a4c352e7d14ebb67bdad4be366dcbf6afa66cc7f0ee0b37a05cebe3f4754735	CPU: AMD EPYC 9745	default_pass	INDEL	0	0.929936	0.815642	0.869048	8.828879	146	146	33	11
AMtb_1__202402	Mycobacterium tuberculosis	false	hac	dna_r10.4.1_e8.2_400bps_hac@v4.3.0	5	4.99	chromosome=4.99	A	minimap2	2.26	map-ont	clair3	1.0.5	r1041_e82_400bps_hac_v430	docker://quay.io/mbhall88/clair3@sha256:6a4c352e7d14ebb67bdad4be366dcbf6afa66cc7f0ee0b37a05cebe3f4754735	CPU: AMD EPYC 9745	default_pass	ALL	0	0.984213	0.956598	0.970209	15.259149	2182	2182	99	35
AMtb_1__202402	Mycobacterium tuberculosis	false	hac	dna_r10.4.1_e8.2_400bps_hac@v4.3.0	5	4.99	chromosome=4.99	B	minimap2	2.31	lr:hq	clair3	1.0.5	r1041_e82_400bps_hac_v430	docker://quay.io/mbhall88/clair3@sha256:6a4c352e7d14ebb67bdad4be366dcbf6afa66cc7f0ee0b37a05cebe3f4754735	CPU: AMD EPYC 9745	sweep_best	SNP	4	0.991719	0.968601	0.980024	16.994915	2036	2036	66	17
AMtb_1__202402	Mycobacterium tuberculosis	false	hac	dna_r10.4.1_e8.2_400bps_hac@v4.3.0	5	4.99	chromosome=4.99	B	minimap2	2.31	lr:hq	clair3	1.0.5	r1041_e82_400bps_hac_v430	docker://quay.io/mbhall88/clair3@sha256:6a4c352e7d14ebb67bdad4be366dcbf6afa66cc7f0ee0b37a05cebe3f4754735	CPU: AMD EPYC 9745	sweep_best	INDEL	1	0.919255	0.826816	0.870588	8.880255	148	148	31	13
AMtb_1__202402	Mycobacterium tuberculosis	false	hac	dna_r10.4.1_e8.2_400bps_hac@v4.3.0	5	4.99	chromosome=4.99	B	minimap2	2.31	lr:hq	clair3	1.0.5	r1041_e82_400bps_hac_v430	docker://quay.io/mbhall88/clair3@sha256:6a4c352e7d14ebb67bdad4be366dcbf6afa66cc7f0ee0b37a05cebe3f4754735	CPU: AMD EPYC 9745	sweep_best	ALL	1	0.983798	0.958352	0.970908	15.362264	2186	2186	95	36
AMtb_1__202402	Mycobacterium tuberculosis	false	hac	dna_r10.4.1_e8.2_400bps_hac@v4.3.0	5	4.99	chromosome=4.99	B	minimap2	2.31	lr:hq	clair3	1.0.5	r1041_e82_400bps_hac_v430	docker://quay.io/mbhall88/clair3@sha256:6a4c352e7d14ebb67bdad4be366dcbf6afa66cc7f0ee0b37a05cebe3f4754735	CPU: AMD EPYC 9745	default_pass	SNP	0	0.988355	0.969077	0.978621	16.700126	2037	2037	65	24
AMtb_1__202402	Mycobacterium tuberculosis	false	hac	dna_r10.4.1_e8.2_400bps_hac@v4.3.0	5	4.99	chromosome=4.99	B	minimap2	2.31	lr:hq	clair3	1.0.5	r1041_e82_400bps_hac_v430	docker://quay.io/mbhall88/clair3@sha256:6a4c352e7d14ebb67bdad4be366dcbf6afa66cc7f0ee0b37a05cebe3f4754735	CPU: AMD EPYC 9745	default_pass	INDEL	0	0.929936	0.815642	0.869048	8.828879	146	146	33	11
AMtb_1__202402	Mycobacterium tuberculosis	false	hac	dna_r10.4.1_e8.2_400bps_hac@v4.3.0	5	4.99	chromosome=4.99	B	minimap2	2.31	lr:hq	clair3	1.0.5	r1041_e82_400bps_hac_v430	docker://quay.io/mbhall88/clair3@sha256:6a4c352e7d14ebb67bdad4be366dcbf6afa66cc7f0ee0b37a05cebe3f4754735	CPU: AMD EPYC 9745	default_pass	ALL	0	0.984220	0.957036	0.970438	15.292662	2183	2183	98	35
AMtb_1__202402	Mycobacterium tuberculosis	false	hac	dna_r10.4.1_e8.2_400bps_hac@v4.3.0	5	4.99	chromosome=4.99	C	minimap2	2.31	lr:hq	clair3	2.0.3	r1041_e82_400bps_hac_v430	docker://hkubal/clair3@sha256:d56df84c2c7c508aaf0623b124d9926d366a58f34236505b26c055f848afa202	CPU: AMD EPYC 9745	sweep_best	SNP	4	0.991719	0.968601	0.980024	16.994915	2036	2036	66	17
AMtb_1__202402	Mycobacterium tuberculosis	false	hac	dna_r10.4.1_e8.2_400bps_hac@v4.3.0	5	4.99	chromosome=4.99	C	minimap2	2.31	lr:hq	clair3	2.0.3	r1041_e82_400bps_hac_v430	docker://hkubal/clair3@sha256:d56df84c2c7c508aaf0623b124d9926d366a58f34236505b26c055f848afa202	CPU: AMD EPYC 9745	sweep_best	INDEL	1	0.919255	0.826816	0.870588	8.880255	148	148	31	13
AMtb_1__202402	Mycobacterium tuberculosis	false	hac	dna_r10.4.1_e8.2_400bps_hac@v4.3.0	5	4.99	chromosome=4.99	C	minimap2	2.31	lr:hq	clair3	2.0.3	r1041_e82_400bps_hac_v430	docker://hkubal/clair3@sha256:d56df84c2c7c508aaf0623b124d9926d366a58f34236505b26c055f848afa202	CPU: AMD EPYC 9745	sweep_best	ALL	1	0.983798	0.958352	0.970908	15.362264	2186	2186	95	36
AMtb_1__202402	Mycobacterium tuberculosis	false	hac	dna_r10.4.1_e8.2_400bps_hac@v4.3.0	5	4.99	chromosome=4.99	C	minimap2	2.31	lr:hq	clair3	2.0.3	r1041_e82_400bps_hac_v430	docker://hkubal/clair3@sha256:d56df84c2c7c508aaf0623b124d9926d366a58f34236505b26c055f848afa202	CPU: AMD EPYC 9745	default_pass	SNP	0	0.988355	0.969077	0.978621	16.700126	2037	2037	65	24
AMtb_1__202402	Mycobacterium tuberculosis	false	hac	dna_r10.4.1_e8.2_400bps_hac@v4.3.0	5	4.99	chromosome=4.99	C	minimap2	2.31	lr:hq	clair3	2.0.3	r1041_e82_400bps_hac_v430	docker://hkubal/clair3@sha256:d56df84c2c7c508aaf0623b124d9926d366a58f34236505b26c055f848afa202	CPU: AMD EPYC 9745	default_pass	INDEL	0	0.929936	0.815642	0.869048	8.828879	146	146	33	11
AMtb_1__202402	Mycobacterium tuberculosis	false	hac	dna_r10.4.1_e8.2_400bps_hac@v4.3.0	5	4.99	chromosome=4.99	C	minimap2	2.31	lr:hq	clair3	2.0.3	r1041_e82_400bps_hac_v430	docker://hkubal/clair3@sha256:d56df84c2c7c508aaf0623b124d9926d366a58f34236505b26c055f848afa202	CPU: AMD EPYC 9745	default_pass	ALL	0	0.984220	0.957036	0.970438	15.292662	2183	2183	98	35
AMtb_1__202402	Mycobacterium tuberculosis	false	hac	dna_r10.4.1_e8.2_400bps_hac@v4.3.0	5	4.99	chromosome=4.99	D	minimap2	2.31	lr:hq	dorado	2.1.2	dna_r10.4.1_e8.2_400bps_polish_bacterial_methylation_v5.0.0		NVIDIA H100 80GB HBM3	sweep_best	SNP	17	0.981223	0.969553	0.975353	16.082359	2038	2038	64	39
AMtb_1__202402	Mycobacterium tuberculosis	false	hac	dna_r10.4.1_e8.2_400bps_hac@v4.3.0	5	4.99	chromosome=4.99	D	minimap2	2.31	lr:hq	dorado	2.1.2	dna_r10.4.1_e8.2_400bps_polish_bacterial_methylation_v5.0.0		NVIDIA H100 80GB HBM3	sweep_best	INDEL	15	0.653846	0.569832	0.608955	4.077733	102	102	77	54
AMtb_1__202402	Mycobacterium tuberculosis	false	hac	dna_r10.4.1_e8.2_400bps_hac@v4.3.0	5	4.99	chromosome=4.99	D	minimap2	2.31	lr:hq	dorado	2.1.2	dna_r10.4.1_e8.2_400bps_polish_bacterial_methylation_v5.0.0		NVIDIA H100 80GB HBM3	sweep_best	ALL	19	0.978585	0.921526	0.949198	12.941192	2102	2102	179	46
AMtb_1__202402	Mycobacterium tuberculosis	false	hac	dna_r10.4.1_e8.2_400bps_hac@v4.3.0	5	4.99	chromosome=4.99	D	minimap2	2.31	lr:hq	dorado	2.1.2	dna_r10.4.1_e8.2_400bps_polish_bacterial_methylation_v5.0.0		NVIDIA H100 80GB HBM3	default_pass	SNP	0	0.784991	0.995243	0.877701	9.125771	2092	2092	10	573
AMtb_1__202402	Mycobacterium tuberculosis	false	hac	dna_r10.4.1_e8.2_400bps_hac@v4.3.0	5	4.99	chromosome=4.99	D	minimap2	2.31	lr:hq	dorado	2.1.2	dna_r10.4.1_e8.2_400bps_polish_bacterial_methylation_v5.0.0		NVIDIA H100 80GB HBM3	default_pass	INDEL	0	0.134068	0.815642	0.230284	1.136695	146	146	33	943
AMtb_1__202402	Mycobacterium tuberculosis	false	hac	dna_r10.4.1_e8.2_400bps_hac@v4.3.0	5	4.99	chromosome=4.99	D	minimap2	2.31	lr:hq	dorado	2.1.2	dna_r10.4.1_e8.2_400bps_polish_bacterial_methylation_v5.0.0		NVIDIA H100 80GB HBM3	default_pass	ALL	0	0.596164	0.981149	0.741674	5.878319	2238	2238	43	1516
AMtb_1__202402	Mycobacterium tuberculosis	false	hac	dna_r10.4.1_e8.2_400bps_hac@v4.3.0	10	9.98	chromosome=9.98	A	minimap2	2.26	map-ont	clair3	1.0.5	r1041_e82_400bps_hac_v430	docker://quay.io/mbhall88/clair3@sha256:6a4c352e7d14ebb67bdad4be366dcbf6afa66cc7f0ee0b37a05cebe3f4754735	CPU: AMD EPYC 9745	sweep_best	SNP	0	0.999040	0.990009	0.994504	22.599533	2081	2081	21	2
AMtb_1__202402	Mycobacterium tuberculosis	false	hac	dna_r10.4.1_e8.2_400bps_hac@v4.3.0	10	9.98	chromosome=9.98	A	minimap2	2.26	map-ont	clair3	1.0.5	r1041_e82_400bps_hac_v430	docker://quay.io/mbhall88/clair3@sha256:6a4c352e7d14ebb67bdad4be366dcbf6afa66cc7f0ee0b37a05cebe3f4754735	CPU: AMD EPYC 9745	sweep_best	INDEL	0	0.976608	0.932961	0.954286	13.399508	167	167	12	4
AMtb_1__202402	Mycobacterium tuberculosis	false	hac	dna_r10.4.1_e8.2_400bps_hac@v4.3.0	10	9.98	chromosome=9.98	A	minimap2	2.26	map-ont	clair3	1.0.5	r1041_e82_400bps_hac_v430	docker://quay.io/mbhall88/clair3@sha256:6a4c352e7d14ebb67bdad4be366dcbf6afa66cc7f0ee0b37a05cebe3f4754735	CPU: AMD EPYC 9745	sweep_best	ALL	0	0.997338	0.985533	0.991400	20.655015	2248	2248	33	6
AMtb_1__202402	Mycobacterium tuberculosis	false	hac	dna_r10.4.1_e8.2_400bps_hac@v4.3.0	10	9.98	chromosome=9.98	A	minimap2	2.26	map-ont	clair3	1.0.5	r1041_e82_400bps_hac_v430	docker://quay.io/mbhall88/clair3@sha256:6a4c352e7d14ebb67bdad4be366dcbf6afa66cc7f0ee0b37a05cebe3f4754735	CPU: AMD EPYC 9745	default_pass	SNP	0	0.999040	0.990009	0.994504	22.599533	2081	2081	21	2
AMtb_1__202402	Mycobacterium tuberculosis	false	hac	dna_r10.4.1_e8.2_400bps_hac@v4.3.0	10	9.98	chromosome=9.98	A	minimap2	2.26	map-ont	clair3	1.0.5	r1041_e82_400bps_hac_v430	docker://quay.io/mbhall88/clair3@sha256:6a4c352e7d14ebb67bdad4be366dcbf6afa66cc7f0ee0b37a05cebe3f4754735	CPU: AMD EPYC 9745	default_pass	INDEL	0	0.993902	0.910615	0.950437	13.048424	163	163	16	1
AMtb_1__202402	Mycobacterium tuberculosis	false	hac	dna_r10.4.1_e8.2_400bps_hac@v4.3.0	10	9.98	chromosome=9.98	A	minimap2	2.26	map-ont	clair3	1.0.5	r1041_e82_400bps_hac_v430	docker://quay.io/mbhall88/clair3@sha256:6a4c352e7d14ebb67bdad4be366dcbf6afa66cc7f0ee0b37a05cebe3f4754735	CPU: AMD EPYC 9745	default_pass	ALL	0	0.998665	0.983779	0.991166	20.538426	2244	2244	37	3
AMtb_1__202402	Mycobacterium tuberculosis	false	hac	dna_r10.4.1_e8.2_400bps_hac@v4.3.0	10	9.98	chromosome=9.98	B	minimap2	2.31	lr:hq	clair3	1.0.5	r1041_e82_400bps_hac_v430	docker://quay.io/mbhall88/clair3@sha256:6a4c352e7d14ebb67bdad4be366dcbf6afa66cc7f0ee0b37a05cebe3f4754735	CPU: AMD EPYC 9745	sweep_best	SNP	0	0.999040	0.990009	0.994504	22.599533	2081	2081	21	2
AMtb_1__202402	Mycobacterium tuberculosis	false	hac	dna_r10.4.1_e8.2_400bps_hac@v4.3.0	10	9.98	chromosome=9.98	B	minimap2	2.31	lr:hq	clair3	1.0.5	r1041_e82_400bps_hac_v430	docker://quay.io/mbhall88/clair3@sha256:6a4c352e7d14ebb67bdad4be366dcbf6afa66cc7f0ee0b37a05cebe3f4754735	CPU: AMD EPYC 9745	sweep_best	INDEL	1	0.988024	0.921788	0.953757	13.349540	165	165	14	2
AMtb_1__202402	Mycobacterium tuberculosis	false	hac	dna_r10.4.1_e8.2_400bps_hac@v4.3.0	10	9.98	chromosome=9.98	B	minimap2	2.31	lr:hq	clair3	1.0.5	r1041_e82_400bps_hac_v430	docker://quay.io/mbhall88/clair3@sha256:6a4c352e7d14ebb67bdad4be366dcbf6afa66cc7f0ee0b37a05cebe3f4754735	CPU: AMD EPYC 9745	sweep_best	ALL	1	0.998222	0.984656	0.991393	20.651482	2246	2246	35	4
AMtb_1__202402	Mycobacterium tuberculosis	false	hac	dna_r10.4.1_e8.2_400bps_hac@v4.3.0	10	9.98	chromosome=9.98	B	minimap2	2.31	lr:hq	clair3	1.0.5	r1041_e82_400bps_hac_v430	docker://quay.io/mbhall88/clair3@sha256:6a4c352e7d14ebb67bdad4be366dcbf6afa66cc7f0ee0b37a05cebe3f4754735	CPU: AMD EPYC 9745	default_pass	SNP	0	0.999040	0.990009	0.994504	22.599533	2081	2081	21	2
AMtb_1__202402	Mycobacterium tuberculosis	false	hac	dna_r10.4.1_e8.2_400bps_hac@v4.3.0	10	9.98	chromosome=9.98	B	minimap2	2.31	lr:hq	clair3	1.0.5	r1041_e82_400bps_hac_v430	docker://quay.io/mbhall88/clair3@sha256:6a4c352e7d14ebb67bdad4be366dcbf6afa66cc7f0ee0b37a05cebe3f4754735	CPU: AMD EPYC 9745	default_pass	INDEL	0	0.993939	0.916201	0.953488	13.324350	164	164	15	1
AMtb_1__202402	Mycobacterium tuberculosis	false	hac	dna_r10.4.1_e8.2_400bps_hac@v4.3.0	10	9.98	chromosome=9.98	B	minimap2	2.31	lr:hq	clair3	1.0.5	r1041_e82_400bps_hac_v430	docker://quay.io/mbhall88/clair3@sha256:6a4c352e7d14ebb67bdad4be366dcbf6afa66cc7f0ee0b37a05cebe3f4754735	CPU: AMD EPYC 9745	default_pass	ALL	0	0.998665	0.984217	0.991389	20.649464	2245	2245	36	3
AMtb_1__202402	Mycobacterium tuberculosis	false	hac	dna_r10.4.1_e8.2_400bps_hac@v4.3.0	10	9.98	chromosome=9.98	C	minimap2	2.31	lr:hq	clair3	2.0.3	r1041_e82_400bps_hac_v430	docker://hkubal/clair3@sha256:d56df84c2c7c508aaf0623b124d9926d366a58f34236505b26c055f848afa202	CPU: AMD EPYC 9745	sweep_best	SNP	0	0.999040	0.990009	0.994504	22.599533	2081	2081	21	2
AMtb_1__202402	Mycobacterium tuberculosis	false	hac	dna_r10.4.1_e8.2_400bps_hac@v4.3.0	10	9.98	chromosome=9.98	C	minimap2	2.31	lr:hq	clair3	2.0.3	r1041_e82_400bps_hac_v430	docker://hkubal/clair3@sha256:d56df84c2c7c508aaf0623b124d9926d366a58f34236505b26c055f848afa202	CPU: AMD EPYC 9745	sweep_best	INDEL	1	0.988024	0.921788	0.953757	13.349540	165	165	14	2
AMtb_1__202402	Mycobacterium tuberculosis	false	hac	dna_r10.4.1_e8.2_400bps_hac@v4.3.0	10	9.98	chromosome=9.98	C	minimap2	2.31	lr:hq	clair3	2.0.3	r1041_e82_400bps_hac_v430	docker://hkubal/clair3@sha256:d56df84c2c7c508aaf0623b124d9926d366a58f34236505b26c055f848afa202	CPU: AMD EPYC 9745	sweep_best	ALL	1	0.998222	0.984656	0.991393	20.651482	2246	2246	35	4
AMtb_1__202402	Mycobacterium tuberculosis	false	hac	dna_r10.4.1_e8.2_400bps_hac@v4.3.0	10	9.98	chromosome=9.98	C	minimap2	2.31	lr:hq	clair3	2.0.3	r1041_e82_400bps_hac_v430	docker://hkubal/clair3@sha256:d56df84c2c7c508aaf0623b124d9926d366a58f34236505b26c055f848afa202	CPU: AMD EPYC 9745	default_pass	SNP	0	0.999040	0.990009	0.994504	22.599533	2081	2081	21	2
AMtb_1__202402	Mycobacterium tuberculosis	false	hac	dna_r10.4.1_e8.2_400bps_hac@v4.3.0	10	9.98	chromosome=9.98	C	minimap2	2.31	lr:hq	clair3	2.0.3	r1041_e82_400bps_hac_v430	docker://hkubal/clair3@sha256:d56df84c2c7c508aaf0623b124d9926d366a58f34236505b26c055f848afa202	CPU: AMD EPYC 9745	default_pass	INDEL	0	0.993939	0.916201	0.953488	13.324350	164	164	15	1
AMtb_1__202402	Mycobacterium tuberculosis	false	hac	dna_r10.4.1_e8.2_400bps_hac@v4.3.0	10	9.98	chromosome=9.98	C	minimap2	2.31	lr:hq	clair3	2.0.3	r1041_e82_400bps_hac_v430	docker://hkubal/clair3@sha256:d56df84c2c7c508aaf0623b124d9926d366a58f34236505b26c055f848afa202	CPU: AMD EPYC 9745	default_pass	ALL	0	0.998665	0.984217	0.991389	20.649464	2245	2245	36	3
AMtb_1__202402	Mycobacterium tuberculosis	false	hac	dna_r10.4.1_e8.2_400bps_hac@v4.3.0	10	9.98	chromosome=9.98	D	minimap2	2.31	lr:hq	dorado	2.1.2	dna_r10.4.1_e8.2_400bps_polish_bacterial_methylation_v5.0.0		NVIDIA H100 80GB HBM3	sweep_best	SNP	9	0.998567	0.994291	0.996424	24.466025	2090	2090	12	3
AMtb_1__202402	Mycobacterium tuberculosis	false	hac	dna_r10.4.1_e8.2_400bps_hac@v4.3.0	10	9.98	chromosome=9.98	D	minimap2	2.31	lr:hq	dorado	2.1.2	dna_r10.4.1_e8.2_400bps_polish_bacterial_methylation_v5.0.0		NVIDIA H100 80GB HBM3	sweep_best	INDEL	8	0.900000	0.754190	0.820669	7.463446	135	135	44	15
AMtb_1__202402	Mycobacterium tuberculosis	false	hac	dna_r10.4.1_e8.2_400bps_hac@v4.3.0	10	9.98	chromosome=9.98	D	minimap2	2.31	lr:hq	dorado	2.1.2	dna_r10.4.1_e8.2_400bps_polish_bacterial_methylation_v5.0.0		NVIDIA H100 80GB HBM3	sweep_best	ALL	8	0.990650	0.975449	0.982991	17.693212	2225	2225	56	21
AMtb_1__202402	Mycobacterium tuberculosis	false	hac	dna_r10.4.1_e8.2_400bps_hac@v4.3.0	10	9.98	chromosome=9.98	D	minimap2	2.31	lr:hq	dorado	2.1.2	dna_r10.4.1_e8.2_400bps_polish_bacterial_methylation_v5.0.0		NVIDIA H100 80GB HBM3	default_pass	SNP	0	0.991021	0.997621	0.994310	22.448877	2097	2097	5	19
AMtb_1__202402	Mycobacterium tuberculosis	false	hac	dna_r10.4.1_e8.2_400bps_hac@v4.3.0	10	9.98	chromosome=9.98	D	minimap2	2.31	lr:hq	dorado	2.1.2	dna_r10.4.1_e8.2_400bps_polish_bacterial_methylation_v5.0.0		NVIDIA H100 80GB HBM3	default_pass	INDEL	0	0.668142	0.843575	0.745679	5.946178	151	151	28	75
AMtb_1__202402	Mycobacterium tuberculosis	false	hac	dna_r10.4.1_e8.2_400bps_hac@v4.3.0	10	9.98	chromosome=9.98	D	minimap2	2.31	lr:hq	dorado	2.1.2	dna_r10.4.1_e8.2_400bps_polish_bacterial_methylation_v5.0.0		NVIDIA H100 80GB HBM3	default_pass	ALL	0	0.959863	0.985533	0.972529	15.611255	2248	2248	33	94
AMtb_1__202402	Mycobacterium tuberculosis	false	hac	dna_r10.4.1_e8.2_400bps_hac@v4.3.0	25	24.92	chromosome=24.92	A	minimap2	2.26	map-ont	clair3	1.0.5	r1041_e82_400bps_hac_v430	docker://quay.io/mbhall88/clair3@sha256:6a4c352e7d14ebb67bdad4be366dcbf6afa66cc7f0ee0b37a05cebe3f4754735	CPU: AMD EPYC 9745	sweep_best	SNP	0	1.000000	0.998573	0.999286	31.463018	2099	2099	3	0
AMtb_1__202402	Mycobacterium tuberculosis	false	hac	dna_r10.4.1_e8.2_400bps_hac@v4.3.0	25	24.92	chromosome=24.92	A	minimap2	2.26	map-ont	clair3	1.0.5	r1041_e82_400bps_hac_v430	docker://quay.io/mbhall88/clair3@sha256:6a4c352e7d14ebb67bdad4be366dcbf6afa66cc7f0ee0b37a05cebe3f4754735	CPU: AMD EPYC 9745	sweep_best	INDEL	0	0.994083	0.938547	0.965517	14.623950	168	168	11	1
AMtb_1__202402	Mycobacterium tuberculosis	false	hac	dna_r10.4.1_e8.2_400bps_hac@v4.3.0	25	24.92	chromosome=24.92	A	minimap2	2.26	map-ont	clair3	1.0.5	r1041_e82_400bps_hac_v430	docker://quay.io/mbhall88/clair3@sha256:6a4c352e7d14ebb67bdad4be366dcbf6afa66cc7f0ee0b37a05cebe3f4754735	CPU: AMD EPYC 9745	sweep_best	ALL	0	0.999559	0.993862	0.996703	24.818811	2267	2267	14	1
AMtb_1__202402	Mycobacterium tuberculosis	false	hac	dna_r10.4.1_e8.2_400bps_hac@v4.3.0	25	24.92	chromosome=24.92	A	minimap2	2.26	map-ont	clair3	1.0.5	r1041_e82_400bps_hac_v430	docker://quay.io/mbhall88/clair3@sha256:6a4c352e7d14ebb67bdad4be366dcbf6afa66cc7f0ee0b37a05cebe3f4754735	CPU: AMD EPYC 9745	default_pass	SNP	0	1.000000	0.998573	0.999286	31.463018	2099	2099	3	0
AMtb_1__202402	Mycobacterium tuberculosis	false	hac	dna_r10.4.1_e8.2_400bps_hac@v4.3.0	25	24.92	chromosome=24.92	A	minimap2	2.26	map-ont	clair3	1.0.5	r1041_e82_400bps_hac_v430	docker://quay.io/mbhall88/clair3@sha256:6a4c352e7d14ebb67bdad4be366dcbf6afa66cc7f0ee0b37a05cebe3f4754735	CPU: AMD EPYC 9745	default_pass	INDEL	0	1.000000	0.932961	0.965318	14.598959	167	167	12	0
AMtb_1__202402	Mycobacterium tuberculosis	false	hac	dna_r10.4.1_e8.2_400bps_hac@v4.3.0	25	24.92	chromosome=24.92	A	minimap2	2.26	map-ont	clair3	1.0.5	r1041_e82_400bps_hac_v430	docker://quay.io/mbhall88/clair3@sha256:6a4c352e7d14ebb67bdad4be366dcbf6afa66cc7f0ee0b37a05cebe3f4754735	CPU: AMD EPYC 9745	default_pass	ALL	0	1.000000	0.993424	0.996701	24.816177	2266	2266	15	0
AMtb_1__202402	Mycobacterium tuberculosis	false	hac	dna_r10.4.1_e8.2_400bps_hac@v4.3.0	25	24.92	chromosome=24.92	B	minimap2	2.31	lr:hq	clair3	1.0.5	r1041_e82_400bps_hac_v430	docker://quay.io/mbhall88/clair3@sha256:6a4c352e7d14ebb67bdad4be366dcbf6afa66cc7f0ee0b37a05cebe3f4754735	CPU: AMD EPYC 9745	sweep_best	SNP	0	1.000000	0.998573	0.999286	31.463018	2099	2099	3	0
AMtb_1__202402	Mycobacterium tuberculosis	false	hac	dna_r10.4.1_e8.2_400bps_hac@v4.3.0	25	24.92	chromosome=24.92	B	minimap2	2.31	lr:hq	clair3	1.0.5	r1041_e82_400bps_hac_v430	docker://quay.io/mbhall88/clair3@sha256:6a4c352e7d14ebb67bdad4be366dcbf6afa66cc7f0ee0b37a05cebe3f4754735	CPU: AMD EPYC 9745	sweep_best	INDEL	0	0.994118	0.944134	0.968481	15.014276	169	169	10	1
AMtb_1__202402	Mycobacterium tuberculosis	false	hac	dna_r10.4.1_e8.2_400bps_hac@v4.3.0	25	24.92	chromosome=24.92	B	minimap2	2.31	lr:hq	clair3	1.0.5	r1041_e82_400bps_hac_v430	docker://quay.io/mbhall88/clair3@sha256:6a4c352e7d14ebb67bdad4be366dcbf6afa66cc7f0ee0b37a05cebe3f4754735	CPU: AMD EPYC 9745	sweep_best	ALL	0	0.999559	0.994301	0.996923	25.118725	2268	2268	13	1
AMtb_1__202402	Mycobacterium tuberculosis	false	hac	dna_r10.4.1_e8.2_400bps_hac@v4.3.0	25	24.92	chromosome=24.92	B	minimap2	2.31	lr:hq	clair3	1.0.5	r1041_e82_400bps_hac_v430	docker://quay.io/mbhall88/clair3@sha256:6a4c352e7d14ebb67bdad4be366dcbf6afa66cc7f0ee0b37a05cebe3f4754735	CPU: AMD EPYC 9745	default_pass	SNP	0	1.000000	0.998573	0.999286	31.463018	2099	2099	3	0
AMtb_1__202402	Mycobacterium tuberculosis	false	hac	dna_r10.4.1_e8.2_400bps_hac@v4.3.0	25	24.92	chromosome=24.92	B	minimap2	2.31	lr:hq	clair3	1.0.5	r1041_e82_400bps_hac_v430	docker://quay.io/mbhall88/clair3@sha256:6a4c352e7d14ebb67bdad4be366dcbf6afa66cc7f0ee0b37a05cebe3f4754735	CPU: AMD EPYC 9745	default_pass	INDEL	0	1.000000	0.938547	0.968300	14.989407	168	168	11	0
AMtb_1__202402	Mycobacterium tuberculosis	false	hac	dna_r10.4.1_e8.2_400bps_hac@v4.3.0	25	24.92	chromosome=24.92	B	minimap2	2.31	lr:hq	clair3	1.0.5	r1041_e82_400bps_hac_v430	docker://quay.io/mbhall88/clair3@sha256:6a4c352e7d14ebb67bdad4be366dcbf6afa66cc7f0ee0b37a05cebe3f4754735	CPU: AMD EPYC 9745	default_pass	ALL	0	1.000000	0.993862	0.996922	25.117314	2267	2267	14	0
AMtb_1__202402	Mycobacterium tuberculosis	false	hac	dna_r10.4.1_e8.2_400bps_hac@v4.3.0	25	24.92	chromosome=24.92	C	minimap2	2.31	lr:hq	clair3	2.0.3	r1041_e82_400bps_hac_v430	docker://hkubal/clair3@sha256:d56df84c2c7c508aaf0623b124d9926d366a58f34236505b26c055f848afa202	CPU: AMD EPYC 9745	sweep_best	SNP	0	1.000000	0.998573	0.999286	31.463018	2099	2099	3	0
AMtb_1__202402	Mycobacterium tuberculosis	false	hac	dna_r10.4.1_e8.2_400bps_hac@v4.3.0	25	24.92	chromosome=24.92	C	minimap2	2.31	lr:hq	clair3	2.0.3	r1041_e82_400bps_hac_v430	docker://hkubal/clair3@sha256:d56df84c2c7c508aaf0623b124d9926d366a58f34236505b26c055f848afa202	CPU: AMD EPYC 9745	sweep_best	INDEL	0	0.994118	0.944134	0.968481	15.014276	169	169	10	1
AMtb_1__202402	Mycobacterium tuberculosis	false	hac	dna_r10.4.1_e8.2_400bps_hac@v4.3.0	25	24.92	chromosome=24.92	C	minimap2	2.31	lr:hq	clair3	2.0.3	r1041_e82_400bps_hac_v430	docker://hkubal/clair3@sha256:d56df84c2c7c508aaf0623b124d9926d366a58f34236505b26c055f848afa202	CPU: AMD EPYC 9745	sweep_best	ALL	0	0.999559	0.994301	0.996923	25.118725	2268	2268	13	1
AMtb_1__202402	Mycobacterium tuberculosis	false	hac	dna_r10.4.1_e8.2_400bps_hac@v4.3.0	25	24.92	chromosome=24.92	C	minimap2	2.31	lr:hq	clair3	2.0.3	r1041_e82_400bps_hac_v430	docker://hkubal/clair3@sha256:d56df84c2c7c508aaf0623b124d9926d366a58f34236505b26c055f848afa202	CPU: AMD EPYC 9745	default_pass	SNP	0	1.000000	0.998573	0.999286	31.463018	2099	2099	3	0
AMtb_1__202402	Mycobacterium tuberculosis	false	hac	dna_r10.4.1_e8.2_400bps_hac@v4.3.0	25	24.92	chromosome=24.92	C	minimap2	2.31	lr:hq	clair3	2.0.3	r1041_e82_400bps_hac_v430	docker://hkubal/clair3@sha256:d56df84c2c7c508aaf0623b124d9926d366a58f34236505b26c055f848afa202	CPU: AMD EPYC 9745	default_pass	INDEL	0	1.000000	0.938547	0.968300	14.989407	168	168	11	0
AMtb_1__202402	Mycobacterium tuberculosis	false	hac	dna_r10.4.1_e8.2_400bps_hac@v4.3.0	25	24.92	chromosome=24.92	C	minimap2	2.31	lr:hq	clair3	2.0.3	r1041_e82_400bps_hac_v430	docker://hkubal/clair3@sha256:d56df84c2c7c508aaf0623b124d9926d366a58f34236505b26c055f848afa202	CPU: AMD EPYC 9745	default_pass	ALL	0	1.000000	0.993862	0.996922	25.117314	2267	2267	14	0
AMtb_1__202402	Mycobacterium tuberculosis	false	hac	dna_r10.4.1_e8.2_400bps_hac@v4.3.0	25	24.92	chromosome=24.92	D	minimap2	2.31	lr:hq	dorado	2.1.2	dna_r10.4.1_e8.2_400bps_polish_bacterial_methylation_v5.0.0		NVIDIA H100 80GB HBM3	sweep_best	SNP	0	1.000000	1.000000	1.000000	60.000000	2102	2102	0	0
AMtb_1__202402	Mycobacterium tuberculosis	false	hac	dna_r10.4.1_e8.2_400bps_hac@v4.3.0	25	24.92	chromosome=24.92	D	minimap2	2.31	lr:hq	dorado	2.1.2	dna_r10.4.1_e8.2_400bps_polish_bacterial_methylation_v5.0.0		NVIDIA H100 80GB HBM3	sweep_best	INDEL	1	0.976331	0.921788	0.948276	12.863079	165	165	14	4
AMtb_1__202402	Mycobacterium tuberculosis	false	hac	dna_r10.4.1_e8.2_400bps_hac@v4.3.0	25	24.92	chromosome=24.92	D	minimap2	2.31	lr:hq	dorado	2.1.2	dna_r10.4.1_e8.2_400bps_polish_bacterial_methylation_v5.0.0		NVIDIA H100 80GB HBM3	sweep_best	ALL	1	0.998239	0.993862	0.996046	24.029633	2267	2267	14	4
AMtb_1__202402	Mycobacterium tuberculosis	false	hac	dna_r10.4.1_e8.2_400bps_hac@v4.3.0	25	24.92	chromosome=24.92	D	minimap2	2.31	lr:hq	dorado	2.1.2	dna_r10.4.1_e8.2_400bps_polish_bacterial_methylation_v5.0.0		NVIDIA H100 80GB HBM3	default_pass	SNP	0	1.000000	1.000000	1.000000	60.000000	2102	2102	0	0
AMtb_1__202402	Mycobacterium tuberculosis	false	hac	dna_r10.4.1_e8.2_400bps_hac@v4.3.0	25	24.92	chromosome=24.92	D	minimap2	2.31	lr:hq	dorado	2.1.2	dna_r10.4.1_e8.2_400bps_polish_bacterial_methylation_v5.0.0		NVIDIA H100 80GB HBM3	default_pass	INDEL	0	0.963855	0.893855	0.927536	11.398777	160	160	19	6
AMtb_1__202402	Mycobacterium tuberculosis	false	hac	dna_r10.4.1_e8.2_400bps_hac@v4.3.0	25	24.92	chromosome=24.92	D	minimap2	2.31	lr:hq	dorado	2.1.2	dna_r10.4.1_e8.2_400bps_polish_bacterial_methylation_v5.0.0		NVIDIA H100 80GB HBM3	default_pass	ALL	0	0.997355	0.991670	0.994504	22.599533	2262	2262	19	6
AMtb_1__202402	Mycobacterium tuberculosis	false	hac	dna_r10.4.1_e8.2_400bps_hac@v4.3.0	50	49.73	chromosome=49.73	A	minimap2	2.26	map-ont	clair3	1.0.5	r1041_e82_400bps_hac_v430	docker://quay.io/mbhall88/clair3@sha256:6a4c352e7d14ebb67bdad4be366dcbf6afa66cc7f0ee0b37a05cebe3f4754735	CPU: AMD EPYC 9745	sweep_best	SNP	0	1.000000	1.000000	1.000000	60.000000	2102	2102	0	0
AMtb_1__202402	Mycobacterium tuberculosis	false	hac	dna_r10.4.1_e8.2_400bps_hac@v4.3.0	50	49.73	chromosome=49.73	A	minimap2	2.26	map-ont	clair3	1.0.5	r1041_e82_400bps_hac_v430	docker://quay.io/mbhall88/clair3@sha256:6a4c352e7d14ebb67bdad4be366dcbf6afa66cc7f0ee0b37a05cebe3f4754735	CPU: AMD EPYC 9745	sweep_best	INDEL	0	1.000000	0.972067	0.985836	18.488141	174	174	5	0
AMtb_1__202402	Mycobacterium tuberculosis	false	hac	dna_r10.4.1_e8.2_400bps_hac@v4.3.0	50	49.73	chromosome=49.73	A	minimap2	2.26	map-ont	clair3	1.0.5	r1041_e82_400bps_hac_v430	docker://quay.io/mbhall88/clair3@sha256:6a4c352e7d14ebb67bdad4be366dcbf6afa66cc7f0ee0b37a05cebe3f4754735	CPU: AMD EPYC 9745	sweep_best	ALL	0	1.000000	0.997808	0.998903	29.597934	2276	2276	5	0
AMtb_1__202402	Mycobacterium tuberculosis	false	hac	dna_r10.4.1_e8.2_400bps_hac@v4.3.0	50	49.73	chromosome=49.73	A	minimap2	2.26	map-ont	clair3	1.0.5	r1041_e82_400bps_hac_v430	docker://quay.io/mbhall88/clair3@sha256:6a4c352e7d14ebb67bdad4be366dcbf6afa66cc7f0ee0b37a05cebe3f4754735	CPU: AMD EPYC 9745	default_pass	SNP	0	1.000000	1.000000	1.000000	60.000000	2102	2102	0	0
AMtb_1__202402	Mycobacterium tuberculosis	false	hac	dna_r10.4.1_e8.2_400bps_hac@v4.3.0	50	49.73	chromosome=49.73	A	minimap2	2.26	map-ont	clair3	1.0.5	r1041_e82_400bps_hac_v430	docker://quay.io/mbhall88/clair3@sha256:6a4c352e7d14ebb67bdad4be366dcbf6afa66cc7f0ee0b37a05cebe3f4754735	CPU: AMD EPYC 9745	default_pass	INDEL	0	1.000000	0.960894	0.980057	17.002095	172	172	7	0
AMtb_1__202402	Mycobacterium tuberculosis	false	hac	dna_r10.4.1_e8.2_400bps_hac@v4.3.0	50	49.73	chromosome=49.73	A	minimap2	2.26	map-ont	clair3	1.0.5	r1041_e82_400bps_hac_v430	docker://quay.io/mbhall88/clair3@sha256:6a4c352e7d14ebb67bdad4be366dcbf6afa66cc7f0ee0b37a05cebe3f4754735	CPU: AMD EPYC 9745	default_pass	ALL	0	1.000000	0.996931	0.998463	28.133261	2274	2274	7	0
AMtb_1__202402	Mycobacterium tuberculosis	false	hac	dna_r10.4.1_e8.2_400bps_hac@v4.3.0	50	49.73	chromosome=49.73	B	minimap2	2.31	lr:hq	clair3	1.0.5	r1041_e82_400bps_hac_v430	docker://quay.io/mbhall88/clair3@sha256:6a4c352e7d14ebb67bdad4be366dcbf6afa66cc7f0ee0b37a05cebe3f4754735	CPU: AMD EPYC 9745	sweep_best	SNP	0	1.000000	1.000000	1.000000	60.000000	2102	2102	0	0
AMtb_1__202402	Mycobacterium tuberculosis	false	hac	dna_r10.4.1_e8.2_400bps_hac@v4.3.0	50	49.73	chromosome=49.73	B	minimap2	2.31	lr:hq	clair3	1.0.5	r1041_e82_400bps_hac_v430	docker://quay.io/mbhall88/clair3@sha256:6a4c352e7d14ebb67bdad4be366dcbf6afa66cc7f0ee0b37a05cebe3f4754735	CPU: AMD EPYC 9745	sweep_best	INDEL	0	1.000000	0.972067	0.985836	18.488141	174	174	5	0
AMtb_1__202402	Mycobacterium tuberculosis	false	hac	dna_r10.4.1_e8.2_400bps_hac@v4.3.0	50	49.73	chromosome=49.73	B	minimap2	2.31	lr:hq	clair3	1.0.5	r1041_e82_400bps_hac_v430	docker://quay.io/mbhall88/clair3@sha256:6a4c352e7d14ebb67bdad4be366dcbf6afa66cc7f0ee0b37a05cebe3f4754735	CPU: AMD EPYC 9745	sweep_best	ALL	0	1.000000	0.997808	0.998903	29.597934	2276	2276	5	0
AMtb_1__202402	Mycobacterium tuberculosis	false	hac	dna_r10.4.1_e8.2_400bps_hac@v4.3.0	50	49.73	chromosome=49.73	B	minimap2	2.31	lr:hq	clair3	1.0.5	r1041_e82_400bps_hac_v430	docker://quay.io/mbhall88/clair3@sha256:6a4c352e7d14ebb67bdad4be366dcbf6afa66cc7f0ee0b37a05cebe3f4754735	CPU: AMD EPYC 9745	default_pass	SNP	0	1.000000	1.000000	1.000000	60.000000	2102	2102	0	0
AMtb_1__202402	Mycobacterium tuberculosis	false	hac	dna_r10.4.1_e8.2_400bps_hac@v4.3.0	50	49.73	chromosome=49.73	B	minimap2	2.31	lr:hq	clair3	1.0.5	r1041_e82_400bps_hac_v430	docker://quay.io/mbhall88/clair3@sha256:6a4c352e7d14ebb67bdad4be366dcbf6afa66cc7f0ee0b37a05cebe3f4754735	CPU: AMD EPYC 9745	default_pass	INDEL	0	1.000000	0.966480	0.982955	17.684030	173	173	6	0
AMtb_1__202402	Mycobacterium tuberculosis	false	hac	dna_r10.4.1_e8.2_400bps_hac@v4.3.0	50	49.73	chromosome=49.73	B	minimap2	2.31	lr:hq	clair3	1.0.5	r1041_e82_400bps_hac_v430	docker://quay.io/mbhall88/clair3@sha256:6a4c352e7d14ebb67bdad4be366dcbf6afa66cc7f0ee0b37a05cebe3f4754735	CPU: AMD EPYC 9745	default_pass	ALL	0	1.000000	0.997370	0.998683	28.804142	2275	2275	6	0
AMtb_1__202402	Mycobacterium tuberculosis	false	hac	dna_r10.4.1_e8.2_400bps_hac@v4.3.0	50	49.73	chromosome=49.73	C	minimap2	2.31	lr:hq	clair3	2.0.3	r1041_e82_400bps_hac_v430	docker://hkubal/clair3@sha256:d56df84c2c7c508aaf0623b124d9926d366a58f34236505b26c055f848afa202	CPU: AMD EPYC 9745	sweep_best	SNP	0	1.000000	1.000000	1.000000	60.000000	2102	2102	0	0
AMtb_1__202402	Mycobacterium tuberculosis	false	hac	dna_r10.4.1_e8.2_400bps_hac@v4.3.0	50	49.73	chromosome=49.73	C	minimap2	2.31	lr:hq	clair3	2.0.3	r1041_e82_400bps_hac_v430	docker://hkubal/clair3@sha256:d56df84c2c7c508aaf0623b124d9926d366a58f34236505b26c055f848afa202	CPU: AMD EPYC 9745	sweep_best	INDEL	0	1.000000	0.972067	0.985836	18.488141	174	174	5	0
AMtb_1__202402	Mycobacterium tuberculosis	false	hac	dna_r10.4.1_e8.2_400bps_hac@v4.3.0	50	49.73	chromosome=49.73	C	minimap2	2.31	lr:hq	clair3	2.0.3	r1041_e82_400bps_hac_v430	docker://hkubal/clair3@sha256:d56df84c2c7c508aaf0623b124d9926d366a58f34236505b26c055f848afa202	CPU: AMD EPYC 9745	sweep_best	ALL	0	1.000000	0.997808	0.998903	29.597934	2276	2276	5	0
AMtb_1__202402	Mycobacterium tuberculosis	false	hac	dna_r10.4.1_e8.2_400bps_hac@v4.3.0	50	49.73	chromosome=49.73	C	minimap2	2.31	lr:hq	clair3	2.0.3	r1041_e82_400bps_hac_v430	docker://hkubal/clair3@sha256:d56df84c2c7c508aaf0623b124d9926d366a58f34236505b26c055f848afa202	CPU: AMD EPYC 9745	default_pass	SNP	0	1.000000	1.000000	1.000000	60.000000	2102	2102	0	0
AMtb_1__202402	Mycobacterium tuberculosis	false	hac	dna_r10.4.1_e8.2_400bps_hac@v4.3.0	50	49.73	chromosome=49.73	C	minimap2	2.31	lr:hq	clair3	2.0.3	r1041_e82_400bps_hac_v430	docker://hkubal/clair3@sha256:d56df84c2c7c508aaf0623b124d9926d366a58f34236505b26c055f848afa202	CPU: AMD EPYC 9745	default_pass	INDEL	0	1.000000	0.966480	0.982955	17.684030	173	173	6	0
AMtb_1__202402	Mycobacterium tuberculosis	false	hac	dna_r10.4.1_e8.2_400bps_hac@v4.3.0	50	49.73	chromosome=49.73	C	minimap2	2.31	lr:hq	clair3	2.0.3	r1041_e82_400bps_hac_v430	docker://hkubal/clair3@sha256:d56df84c2c7c508aaf0623b124d9926d366a58f34236505b26c055f848afa202	CPU: AMD EPYC 9745	default_pass	ALL	0	1.000000	0.997370	0.998683	28.804142	2275	2275	6	0
AMtb_1__202402	Mycobacterium tuberculosis	false	hac	dna_r10.4.1_e8.2_400bps_hac@v4.3.0	50	49.73	chromosome=49.73	D	minimap2	2.31	lr:hq	dorado	2.1.2	dna_r10.4.1_e8.2_400bps_polish_bacterial_methylation_v5.0.0		NVIDIA H100 80GB HBM3	sweep_best	SNP	3	1.000000	1.000000	1.000000	60.000000	2102	2102	0	0
AMtb_1__202402	Mycobacterium tuberculosis	false	hac	dna_r10.4.1_e8.2_400bps_hac@v4.3.0	50	49.73	chromosome=49.73	D	minimap2	2.31	lr:hq	dorado	2.1.2	dna_r10.4.1_e8.2_400bps_polish_bacterial_methylation_v5.0.0		NVIDIA H100 80GB HBM3	sweep_best	INDEL	1	0.987578	0.888268	0.935294	11.890554	159	159	20	2
AMtb_1__202402	Mycobacterium tuberculosis	false	hac	dna_r10.4.1_e8.2_400bps_hac@v4.3.0	50	49.73	chromosome=49.73	D	minimap2	2.31	lr:hq	dorado	2.1.2	dna_r10.4.1_e8.2_400bps_polish_bacterial_methylation_v5.0.0		NVIDIA H100 80GB HBM3	sweep_best	ALL	3	0.999558	0.990794	0.995156	23.147959	2260	2260	21	1
AMtb_1__202402	Mycobacterium tuberculosis	false	hac	dna_r10.4.1_e8.2_400bps_hac@v4.3.0	50	49.73	chromosome=49.73	D	minimap2	2.31	lr:hq	dorado	2.1.2	dna_r10.4.1_e8.2_400bps_polish_bacterial_methylation_v5.0.0		NVIDIA H100 80GB HBM3	default_pass	SNP	0	1.000000	1.000000	1.000000	60.000000	2102	2102	0	0
AMtb_1__202402	Mycobacterium tuberculosis	false	hac	dna_r10.4.1_e8.2_400bps_hac@v4.3.0	50	49.73	chromosome=49.73	D	minimap2	2.31	lr:hq	dorado	2.1.2	dna_r10.4.1_e8.2_400bps_polish_bacterial_methylation_v5.0.0		NVIDIA H100 80GB HBM3	default_pass	INDEL	0	0.987500	0.882682	0.932153	11.684694	158	158	21	2
AMtb_1__202402	Mycobacterium tuberculosis	false	hac	dna_r10.4.1_e8.2_400bps_hac@v4.3.0	50	49.73	chromosome=49.73	D	minimap2	2.31	lr:hq	dorado	2.1.2	dna_r10.4.1_e8.2_400bps_polish_bacterial_methylation_v5.0.0		NVIDIA H100 80GB HBM3	default_pass	ALL	0	0.999116	0.990794	0.994937	22.955921	2260	2260	21	2
AMtb_1__202402	Mycobacterium tuberculosis	false	sup	dna_r10.4.1_e8.2_400bps_sup@v4.3.0	5	5.03	chromosome=5.03	A	minimap2	2.26	map-ont	clair3	1.0.5	r1041_e82_400bps_sup_v430	docker://quay.io/mbhall88/clair3@sha256:6a4c352e7d14ebb67bdad4be366dcbf6afa66cc7f0ee0b37a05cebe3f4754735	CPU: AMD EPYC 9745	sweep_best	SNP	4	0.996636	0.986679	0.991633	20.774302	2074	2074	28	7
AMtb_1__202402	Mycobacterium tuberculosis	false	sup	dna_r10.4.1_e8.2_400bps_sup@v4.3.0	5	5.03	chromosome=5.03	A	minimap2	2.26	map-ont	clair3	1.0.5	r1041_e82_400bps_sup_v430	docker://quay.io/mbhall88/clair3@sha256:6a4c352e7d14ebb67bdad4be366dcbf6afa66cc7f0ee0b37a05cebe3f4754735	CPU: AMD EPYC 9745	sweep_best	INDEL	1	0.967742	0.837989	0.898204	9.922693	150	150	29	5
AMtb_1__202402	Mycobacterium tuberculosis	false	sup	dna_r10.4.1_e8.2_400bps_sup@v4.3.0	5	5.03	chromosome=5.03	A	minimap2	2.26	map-ont	clair3	1.0.5	r1041_e82_400bps_sup_v430	docker://quay.io/mbhall88/clair3@sha256:6a4c352e7d14ebb67bdad4be366dcbf6afa66cc7f0ee0b37a05cebe3f4754735	CPU: AMD EPYC 9745	sweep_best	ALL	1	0.992857	0.975011	0.983853	17.919082	2224	2224	57	16
AMtb_1__202402	Mycobacterium tuberculosis	false	sup	dna_r10.4.1_e8.2_400bps_sup@v4.3.0	5	5.03	chromosome=5.03	A	minimap2	2.26	map-ont	clair3	1.0.5	r1041_e82_400bps_sup_v430	docker://quay.io/mbhall88/clair3@sha256:6a4c352e7d14ebb67bdad4be366dcbf6afa66cc7f0ee0b37a05cebe3f4754735	CPU: AMD EPYC 9745	default_pass	SNP	0	0.994724	0.986679	0.990685	20.308171	2074	2074	28	11
AMtb_1__202402	Mycobacterium tuberculosis	false	sup	dna_r10.4.1_e8.2_400bps_sup@v4.3.0	5	5.03	chromosome=5.03	A	minimap2	2.26	map-ont	clair3	1.0.5	r1041_e82_400bps_sup_v430	docker://quay.io/mbhall88/clair3@sha256:6a4c352e7d14ebb67bdad4be366dcbf6afa66cc7f0ee0b37a05cebe3f4754735	CPU: AMD EPYC 9745	default_pass	INDEL	0	0.979866	0.815642	0.890244	9.595717	146	146	33	3
AMtb_1__202402	Mycobacterium tuberculosis	false	sup	dna_r10.4.1_e8.2_400bps_sup@v4.3.0	5	5.03	chromosome=5.03	A	minimap2	2.26	map-ont	clair3	1.0.5	r1041_e82_400bps_sup_v430	docker://quay.io/mbhall88/clair3@sha256:6a4c352e7d14ebb67bdad4be366dcbf6afa66cc7f0ee0b37a05cebe3f4754735	CPU: AMD EPYC 9745	default_pass	ALL	0	0.993733	0.973257	0.983389	17.796042	2220	2220	61	14
AMtb_1__202402	Mycobacterium tuberculosis	false	sup	dna_r10.4.1_e8.2_400bps_sup@v4.3.0	5	5.03	chromosome=5.03	B	minimap2	2.31	lr:hq	clair3	1.0.5	r1041_e82_400bps_sup_v430	docker://quay.io/mbhall88/clair3@sha256:6a4c352e7d14ebb67bdad4be366dcbf6afa66cc7f0ee0b37a05cebe3f4754735	CPU: AMD EPYC 9745	sweep_best	SNP	4	0.996636	0.986679	0.991633	20.774302	2074	2074	28	7
AMtb_1__202402	Mycobacterium tuberculosis	false	sup	dna_r10.4.1_e8.2_400bps_sup@v4.3.0	5	5.03	chromosome=5.03	B	minimap2	2.31	lr:hq	clair3	1.0.5	r1041_e82_400bps_sup_v430	docker://quay.io/mbhall88/clair3@sha256:6a4c352e7d14ebb67bdad4be366dcbf6afa66cc7f0ee0b37a05cebe3f4754735	CPU: AMD EPYC 9745	sweep_best	INDEL	1	0.967742	0.837989	0.898204	9.922693	150	150	29	5
AMtb_1__202402	Mycobacterium tuberculosis	false	sup	dna_r10.4.1_e8.2_400bps_sup@v4.3.0	5	5.03	chromosome=5.03	B	minimap2	2.31	lr:hq	clair3	1.0.5	r1041_e82_400bps_sup_v430	docker://quay.io/mbhall88/clair3@sha256:6a4c352e7d14ebb67bdad4be366dcbf6afa66cc7f0ee0b37a05cebe3f4754735	CPU: AMD EPYC 9745	sweep_best	ALL	1	0.992857	0.975011	0.983853	17.919082	2224	2224	57	16
AMtb_1__202402	Mycobacterium tuberculosis	false	sup	dna_r10.4.1_e8.2_400bps_sup@v4.3.0	5	5.03	chromosome=5.03	B	minimap2	2.31	lr:hq	clair3	1.0.5	r1041_e82_400bps_sup_v430	docker://quay.io/mbhall88/clair3@sha256:6a4c352e7d14ebb67bdad4be366dcbf6afa66cc7f0ee0b37a05cebe3f4754735	CPU: AMD EPYC 9745	default_pass	SNP	0	0.994724	0.986679	0.990685	20.308171	2074	2074	28	11
AMtb_1__202402	Mycobacterium tuberculosis	false	sup	dna_r10.4.1_e8.2_400bps_sup@v4.3.0	5	5.03	chromosome=5.03	B	minimap2	2.31	lr:hq	clair3	1.0.5	r1041_e82_400bps_sup_v430	docker://quay.io/mbhall88/clair3@sha256:6a4c352e7d14ebb67bdad4be366dcbf6afa66cc7f0ee0b37a05cebe3f4754735	CPU: AMD EPYC 9745	default_pass	INDEL	0	0.979866	0.815642	0.890244	9.595717	146	146	33	3
AMtb_1__202402	Mycobacterium tuberculosis	false	sup	dna_r10.4.1_e8.2_400bps_sup@v4.3.0	5	5.03	chromosome=5.03	B	minimap2	2.31	lr:hq	clair3	1.0.5	r1041_e82_400bps_sup_v430	docker://quay.io/mbhall88/clair3@sha256:6a4c352e7d14ebb67bdad4be366dcbf6afa66cc7f0ee0b37a05cebe3f4754735	CPU: AMD EPYC 9745	default_pass	ALL	0	0.993733	0.973257	0.983389	17.796042	2220	2220	61	14
AMtb_1__202402	Mycobacterium tuberculosis	false	sup	dna_r10.4.1_e8.2_400bps_sup@v4.3.0	5	5.03	chromosome=5.03	C	minimap2	2.31	lr:hq	clair3	2.0.3	r1041_e82_400bps_sup_v430	docker://hkubal/clair3@sha256:d56df84c2c7c508aaf0623b124d9926d366a58f34236505b26c055f848afa202	CPU: AMD EPYC 9745	sweep_best	SNP	4	0.996636	0.986679	0.991633	20.774302	2074	2074	28	7
AMtb_1__202402	Mycobacterium tuberculosis	false	sup	dna_r10.4.1_e8.2_400bps_sup@v4.3.0	5	5.03	chromosome=5.03	C	minimap2	2.31	lr:hq	clair3	2.0.3	r1041_e82_400bps_sup_v430	docker://hkubal/clair3@sha256:d56df84c2c7c508aaf0623b124d9926d366a58f34236505b26c055f848afa202	CPU: AMD EPYC 9745	sweep_best	INDEL	1	0.967742	0.837989	0.898204	9.922693	150	150	29	5
AMtb_1__202402	Mycobacterium tuberculosis	false	sup	dna_r10.4.1_e8.2_400bps_sup@v4.3.0	5	5.03	chromosome=5.03	C	minimap2	2.31	lr:hq	clair3	2.0.3	r1041_e82_400bps_sup_v430	docker://hkubal/clair3@sha256:d56df84c2c7c508aaf0623b124d9926d366a58f34236505b26c055f848afa202	CPU: AMD EPYC 9745	sweep_best	ALL	1	0.992857	0.975011	0.983853	17.919082	2224	2224	57	16
AMtb_1__202402	Mycobacterium tuberculosis	false	sup	dna_r10.4.1_e8.2_400bps_sup@v4.3.0	5	5.03	chromosome=5.03	C	minimap2	2.31	lr:hq	clair3	2.0.3	r1041_e82_400bps_sup_v430	docker://hkubal/clair3@sha256:d56df84c2c7c508aaf0623b124d9926d366a58f34236505b26c055f848afa202	CPU: AMD EPYC 9745	default_pass	SNP	0	0.994724	0.986679	0.990685	20.308171	2074	2074	28	11
AMtb_1__202402	Mycobacterium tuberculosis	false	sup	dna_r10.4.1_e8.2_400bps_sup@v4.3.0	5	5.03	chromosome=5.03	C	minimap2	2.31	lr:hq	clair3	2.0.3	r1041_e82_400bps_sup_v430	docker://hkubal/clair3@sha256:d56df84c2c7c508aaf0623b124d9926d366a58f34236505b26c055f848afa202	CPU: AMD EPYC 9745	default_pass	INDEL	0	0.979866	0.815642	0.890244	9.595717	146	146	33	3
AMtb_1__202402	Mycobacterium tuberculosis	false	sup	dna_r10.4.1_e8.2_400bps_sup@v4.3.0	5	5.03	chromosome=5.03	C	minimap2	2.31	lr:hq	clair3	2.0.3	r1041_e82_400bps_sup_v430	docker://hkubal/clair3@sha256:d56df84c2c7c508aaf0623b124d9926d366a58f34236505b26c055f848afa202	CPU: AMD EPYC 9745	default_pass	ALL	0	0.993733	0.973257	0.983389	17.796042	2220	2220	61	14
AMtb_1__202402	Mycobacterium tuberculosis	false	sup	dna_r10.4.1_e8.2_400bps_sup@v4.3.0	5	5.03	chromosome=5.03	D	minimap2	2.31	lr:hq	dorado	2.1.2	dna_r10.4.1_e8.2_400bps_polish_bacterial_methylation_v5.0.0		NVIDIA H100 80GB HBM3	sweep_best	SNP	17	0.995698	0.990961	0.993324	21.754837	2083	2083	19	9
AMtb_1__202402	Mycobacterium tuberculosis	false	sup	dna_r10.4.1_e8.2_400bps_sup@v4.3.0	5	5.03	chromosome=5.03	D	minimap2	2.31	lr:hq	dorado	2.1.2	dna_r10.4.1_e8.2_400bps_polish_bacterial_methylation_v5.0.0		NVIDIA H100 80GB HBM3	sweep_best	INDEL	11	0.920530	0.776536	0.842424	8.025099	139	139	40	12
AMtb_1__202402	Mycobacterium tuberculosis	false	sup	dna_r10.4.1_e8.2_400bps_sup@v4.3.0	5	5.03	chromosome=5.03	D	minimap2	2.31	lr:hq	dorado	2.1.2	dna_r10.4.1_e8.2_400bps_polish_bacterial_methylation_v5.0.0		NVIDIA H100 80GB HBM3	sweep_best	ALL	16	0.994142	0.967120	0.980444	17.087200	2206	2206	75	13
AMtb_1__202402	Mycobacterium tuberculosis	false	sup	dna_r10.4.1_e8.2_400bps_sup@v4.3.0	5	5.03	chromosome=5.03	D	minimap2	2.31	lr:hq	dorado	2.1.2	dna_r10.4.1_e8.2_400bps_polish_bacterial_methylation_v5.0.0		NVIDIA H100 80GB HBM3	default_pass	SNP	0	0.928445	1.000000	0.962895	14.305676	2102	2102	0	162
AMtb_1__202402	Mycobacterium tuberculosis	false	sup	dna_r10.4.1_e8.2_400bps_sup@v4.3.0	5	5.03	chromosome=5.03	D	minimap2	2.31	lr:hq	dorado	2.1.2	dna_r10.4.1_e8.2_400bps_polish_bacterial_methylation_v5.0.0		NVIDIA H100 80GB HBM3	default_pass	INDEL	0	0.455882	0.865922	0.597302	3.950205	155	155	24	185
AMtb_1__202402	Mycobacterium tuberculosis	false	sup	dna_r10.4.1_e8.2_400bps_sup@v4.3.0	5	5.03	chromosome=5.03	D	minimap2	2.31	lr:hq	dorado	2.1.2	dna_r10.4.1_e8.2_400bps_polish_bacterial_methylation_v5.0.0		NVIDIA H100 80GB HBM3	default_pass	ALL	0	0.866743	0.989478	0.924053	11.194894	2257	2257	24	347
AMtb_1__202402	Mycobacterium tuberculosis	false	sup	dna_r10.4.1_e8.2_400bps_sup@v4.3.0	10	10.05	chromosome=10.05	A	minimap2	2.26	map-ont	clair3	1.0.5	r1041_e82_400bps_sup_v430	docker://quay.io/mbhall88/clair3@sha256:6a4c352e7d14ebb67bdad4be366dcbf6afa66cc7f0ee0b37a05cebe3f4754735	CPU: AMD EPYC 9745	sweep_best	SNP	0	1.000000	0.998573	0.999286	31.463018	2099	2099	3	0
AMtb_1__202402	Mycobacterium tuberculosis	false	sup	dna_r10.4.1_e8.2_400bps_sup@v4.3.0	10	10.05	chromosome=10.05	A	minimap2	2.26	map-ont	clair3	1.0.5	r1041_e82_400bps_sup_v430	docker://quay.io/mbhall88/clair3@sha256:6a4c352e7d14ebb67bdad4be366dcbf6afa66cc7f0ee0b37a05cebe3f4754735	CPU: AMD EPYC 9745	sweep_best	INDEL	1	0.988024	0.921788	0.953757	13.349540	165	165	14	2
AMtb_1__202402	Mycobacterium tuberculosis	false	sup	dna_r10.4.1_e8.2_400bps_sup@v4.3.0	10	10.05	chromosome=10.05	A	minimap2	2.26	map-ont	clair3	1.0.5	r1041_e82_400bps_sup_v430	docker://quay.io/mbhall88/clair3@sha256:6a4c352e7d14ebb67bdad4be366dcbf6afa66cc7f0ee0b37a05cebe3f4754735	CPU: AMD EPYC 9745	sweep_best	ALL	1	0.999117	0.992547	0.995821	23.789276	2264	2264	17	2
AMtb_1__202402	Mycobacterium tuberculosis	false	sup	dna_r10.4.1_e8.2_400bps_sup@v4.3.0	10	10.05	chromosome=10.05	A	minimap2	2.26	map-ont	clair3	1.0.5	r1041_e82_400bps_sup_v430	docker://quay.io/mbhall88/clair3@sha256:6a4c352e7d14ebb67bdad4be366dcbf6afa66cc7f0ee0b37a05cebe3f4754735	CPU: AMD EPYC 9745	default_pass	SNP	0	1.000000	0.998573	0.999286	31.463018	2099	2099	3	0
AMtb_1__202402	Mycobacterium tuberculosis	false	sup	dna_r10.4.1_e8.2_400bps_sup@v4.3.0	10	10.05	chromosome=10.05	A	minimap2	2.26	map-ont	clair3	1.0.5	r1041_e82_400bps_sup_v430	docker://quay.io/mbhall88/clair3@sha256:6a4c352e7d14ebb67bdad4be366dcbf6afa66cc7f0ee0b37a05cebe3f4754735	CPU: AMD EPYC 9745	default_pass	INDEL	0	0.993902	0.910615	0.950437	13.048424	163	163	16	1
AMtb_1__202402	Mycobacterium tuberculosis	false	sup	dna_r10.4.1_e8.2_400bps_sup@v4.3.0	10	10.05	chromosome=10.05	A	minimap2	2.26	map-ont	clair3	1.0.5	r1041_e82_400bps_sup_v430	docker://quay.io/mbhall88/clair3@sha256:6a4c352e7d14ebb67bdad4be366dcbf6afa66cc7f0ee0b37a05cebe3f4754735	CPU: AMD EPYC 9745	default_pass	ALL	0	0.999558	0.991670	0.995599	23.564486	2262	2262	19	1
AMtb_1__202402	Mycobacterium tuberculosis	false	sup	dna_r10.4.1_e8.2_400bps_sup@v4.3.0	10	10.05	chromosome=10.05	B	minimap2	2.31	lr:hq	clair3	1.0.5	r1041_e82_400bps_sup_v430	docker://quay.io/mbhall88/clair3@sha256:6a4c352e7d14ebb67bdad4be366dcbf6afa66cc7f0ee0b37a05cebe3f4754735	CPU: AMD EPYC 9745	sweep_best	SNP	0	1.000000	0.998573	0.999286	31.463018	2099	2099	3	0
AMtb_1__202402	Mycobacterium tuberculosis	false	sup	dna_r10.4.1_e8.2_400bps_sup@v4.3.0	10	10.05	chromosome=10.05	B	minimap2	2.31	lr:hq	clair3	1.0.5	r1041_e82_400bps_sup_v430	docker://quay.io/mbhall88/clair3@sha256:6a4c352e7d14ebb67bdad4be366dcbf6afa66cc7f0ee0b37a05cebe3f4754735	CPU: AMD EPYC 9745	sweep_best	INDEL	1	0.988024	0.921788	0.953757	13.349540	165	165	14	2
AMtb_1__202402	Mycobacterium tuberculosis	false	sup	dna_r10.4.1_e8.2_400bps_sup@v4.3.0	10	10.05	chromosome=10.05	B	minimap2	2.31	lr:hq	clair3	1.0.5	r1041_e82_400bps_sup_v430	docker://quay.io/mbhall88/clair3@sha256:6a4c352e7d14ebb67bdad4be366dcbf6afa66cc7f0ee0b37a05cebe3f4754735	CPU: AMD EPYC 9745	sweep_best	ALL	1	0.999117	0.992547	0.995821	23.789276	2264	2264	17	2
AMtb_1__202402	Mycobacterium tuberculosis	false	sup	dna_r10.4.1_e8.2_400bps_sup@v4.3.0	10	10.05	chromosome=10.05	B	minimap2	2.31	lr:hq	clair3	1.0.5	r1041_e82_400bps_sup_v430	docker://quay.io/mbhall88/clair3@sha256:6a4c352e7d14ebb67bdad4be366dcbf6afa66cc7f0ee0b37a05cebe3f4754735	CPU: AMD EPYC 9745	default_pass	SNP	0	1.000000	0.998573	0.999286	31.463018	2099	2099	3	0
AMtb_1__202402	Mycobacterium tuberculosis	false	sup	dna_r10.4.1_e8.2_400bps_sup@v4.3.0	10	10.05	chromosome=10.05	B	minimap2	2.31	lr:hq	clair3	1.0.5	r1041_e82_400bps_sup_v430	docker://quay.io/mbhall88/clair3@sha256:6a4c352e7d14ebb67bdad4be366dcbf6afa66cc7f0ee0b37a05cebe3f4754735	CPU: AMD EPYC 9745	default_pass	INDEL	0	0.993902	0.910615	0.950437	13.048424	163	163	16	1
AMtb_1__202402	Mycobacterium tuberculosis	false	sup	dna_r10.4.1_e8.2_400bps_sup@v4.3.0	10	10.05	chromosome=10.05	B	minimap2	2.31	lr:hq	clair3	1.0.5	r1041_e82_400bps_sup_v430	docker://quay.io/mbhall88/clair3@sha256:6a4c352e7d14ebb67bdad4be366dcbf6afa66cc7f0ee0b37a05cebe3f4754735	CPU: AMD EPYC 9745	default_pass	ALL	0	0.999558	0.991670	0.995599	23.564486	2262	2262	19	1
AMtb_1__202402	Mycobacterium tuberculosis	false	sup	dna_r10.4.1_e8.2_400bps_sup@v4.3.0	10	10.05	chromosome=10.05	C	minimap2	2.31	lr:hq	clair3	2.0.3	r1041_e82_400bps_sup_v430	docker://hkubal/clair3@sha256:d56df84c2c7c508aaf0623b124d9926d366a58f34236505b26c055f848afa202	CPU: AMD EPYC 9745	sweep_best	SNP	0	1.000000	0.998573	0.999286	31.463018	2099	2099	3	0
AMtb_1__202402	Mycobacterium tuberculosis	false	sup	dna_r10.4.1_e8.2_400bps_sup@v4.3.0	10	10.05	chromosome=10.05	C	minimap2	2.31	lr:hq	clair3	2.0.3	r1041_e82_400bps_sup_v430	docker://hkubal/clair3@sha256:d56df84c2c7c508aaf0623b124d9926d366a58f34236505b26c055f848afa202	CPU: AMD EPYC 9745	sweep_best	INDEL	1	0.988024	0.921788	0.953757	13.349540	165	165	14	2
AMtb_1__202402	Mycobacterium tuberculosis	false	sup	dna_r10.4.1_e8.2_400bps_sup@v4.3.0	10	10.05	chromosome=10.05	C	minimap2	2.31	lr:hq	clair3	2.0.3	r1041_e82_400bps_sup_v430	docker://hkubal/clair3@sha256:d56df84c2c7c508aaf0623b124d9926d366a58f34236505b26c055f848afa202	CPU: AMD EPYC 9745	sweep_best	ALL	1	0.999117	0.992547	0.995821	23.789276	2264	2264	17	2
AMtb_1__202402	Mycobacterium tuberculosis	false	sup	dna_r10.4.1_e8.2_400bps_sup@v4.3.0	10	10.05	chromosome=10.05	C	minimap2	2.31	lr:hq	clair3	2.0.3	r1041_e82_400bps_sup_v430	docker://hkubal/clair3@sha256:d56df84c2c7c508aaf0623b124d9926d366a58f34236505b26c055f848afa202	CPU: AMD EPYC 9745	default_pass	SNP	0	1.000000	0.998573	0.999286	31.463018	2099	2099	3	0
AMtb_1__202402	Mycobacterium tuberculosis	false	sup	dna_r10.4.1_e8.2_400bps_sup@v4.3.0	10	10.05	chromosome=10.05	C	minimap2	2.31	lr:hq	clair3	2.0.3	r1041_e82_400bps_sup_v430	docker://hkubal/clair3@sha256:d56df84c2c7c508aaf0623b124d9926d366a58f34236505b26c055f848afa202	CPU: AMD EPYC 9745	default_pass	INDEL	0	0.993902	0.910615	0.950437	13.048424	163	163	16	1
AMtb_1__202402	Mycobacterium tuberculosis	false	sup	dna_r10.4.1_e8.2_400bps_sup@v4.3.0	10	10.05	chromosome=10.05	C	minimap2	2.31	lr:hq	clair3	2.0.3	r1041_e82_400bps_sup_v430	docker://hkubal/clair3@sha256:d56df84c2c7c508aaf0623b124d9926d366a58f34236505b26c055f848afa202	CPU: AMD EPYC 9745	default_pass	ALL	0	0.999558	0.991670	0.995599	23.564486	2262	2262	19	1
AMtb_1__202402	Mycobacterium tuberculosis	false	sup	dna_r10.4.1_e8.2_400bps_sup@v4.3.0	10	10.05	chromosome=10.05	D	minimap2	2.31	lr:hq	dorado	2.1.2	dna_r10.4.1_e8.2_400bps_polish_bacterial_methylation_v5.0.0		NVIDIA H100 80GB HBM3	sweep_best	SNP	6	1.000000	1.000000	1.000000	60.000000	2102	2102	0	0
AMtb_1__202402	Mycobacterium tuberculosis	false	sup	dna_r10.4.1_e8.2_400bps_sup@v4.3.0	10	10.05	chromosome=10.05	D	minimap2	2.31	lr:hq	dorado	2.1.2	dna_r10.4.1_e8.2_400bps_polish_bacterial_methylation_v5.0.0		NVIDIA H100 80GB HBM3	sweep_best	INDEL	1	0.938202	0.932961	0.935574	11.909388	167	167	12	11
AMtb_1__202402	Mycobacterium tuberculosis	false	sup	dna_r10.4.1_e8.2_400bps_sup@v4.3.0	10	10.05	chromosome=10.05	D	minimap2	2.31	lr:hq	dorado	2.1.2	dna_r10.4.1_e8.2_400bps_polish_bacterial_methylation_v5.0.0		NVIDIA H100 80GB HBM3	sweep_best	ALL	1	0.994739	0.994739	0.994739	22.789317	2269	2269	12	12
AMtb_1__202402	Mycobacterium tuberculosis	false	sup	dna_r10.4.1_e8.2_400bps_sup@v4.3.0	10	10.05	chromosome=10.05	D	minimap2	2.31	lr:hq	dorado	2.1.2	dna_r10.4.1_e8.2_400bps_polish_bacterial_methylation_v5.0.0		NVIDIA H100 80GB HBM3	default_pass	SNP	0	0.999524	1.000000	0.999762	36.234230	2102	2102	0	1
AMtb_1__202402	Mycobacterium tuberculosis	false	sup	dna_r10.4.1_e8.2_400bps_sup@v4.3.0	10	10.05	chromosome=10.05	D	minimap2	2.31	lr:hq	dorado	2.1.2	dna_r10.4.1_e8.2_400bps_polish_bacterial_methylation_v5.0.0		NVIDIA H100 80GB HBM3	default_pass	INDEL	0	0.936416	0.905028	0.920455	10.993871	162	162	17	11
AMtb_1__202402	Mycobacterium tuberculosis	false	sup	dna_r10.4.1_e8.2_400bps_sup@v4.3.0	10	10.05	chromosome=10.05	D	minimap2	2.31	lr:hq	dorado	2.1.2	dna_r10.4.1_e8.2_400bps_polish_bacterial_methylation_v5.0.0		NVIDIA H100 80GB HBM3	default_pass	ALL	0	0.994728	0.992547	0.993636	21.962698	2264	2264	17	12
AMtb_1__202402	Mycobacterium tuberculosis	false	sup	dna_r10.4.1_e8.2_400bps_sup@v4.3.0	25	25.07	chromosome=25.07	A	minimap2	2.26	map-ont	clair3	1.0.5	r1041_e82_400bps_sup_v430	docker://quay.io/mbhall88/clair3@sha256:6a4c352e7d14ebb67bdad4be366dcbf6afa66cc7f0ee0b37a05cebe3f4754735	CPU: AMD EPYC 9745	sweep_best	SNP	0	1.000000	0.999524	0.999762	36.234230	2101	2101	1	0
AMtb_1__202402	Mycobacterium tuberculosis	false	sup	dna_r10.4.1_e8.2_400bps_sup@v4.3.0	25	25.07	chromosome=25.07	A	minimap2	2.26	map-ont	clair3	1.0.5	r1041_e82_400bps_sup_v430	docker://quay.io/mbhall88/clair3@sha256:6a4c352e7d14ebb67bdad4be366dcbf6afa66cc7f0ee0b37a05cebe3f4754735	CPU: AMD EPYC 9745	sweep_best	INDEL	0	1.000000	0.960894	0.980057	17.002095	172	172	7	0
AMtb_1__202402	Mycobacterium tuberculosis	false	sup	dna_r10.4.1_e8.2_400bps_sup@v4.3.0	25	25.07	chromosome=25.07	A	minimap2	2.26	map-ont	clair3	1.0.5	r1041_e82_400bps_sup_v430	docker://quay.io/mbhall88/clair3@sha256:6a4c352e7d14ebb67bdad4be366dcbf6afa66cc7f0ee0b37a05cebe3f4754735	CPU: AMD EPYC 9745	sweep_best	ALL	0	1.000000	0.996493	0.998243	27.552282	2273	2273	8	0
AMtb_1__202402	Mycobacterium tuberculosis	false	sup	dna_r10.4.1_e8.2_400bps_sup@v4.3.0	25	25.07	chromosome=25.07	A	minimap2	2.26	map-ont	clair3	1.0.5	r1041_e82_400bps_sup_v430	docker://quay.io/mbhall88/clair3@sha256:6a4c352e7d14ebb67bdad4be366dcbf6afa66cc7f0ee0b37a05cebe3f4754735	CPU: AMD EPYC 9745	default_pass	SNP	0	1.000000	0.999524	0.999762	36.234230	2101	2101	1	0
AMtb_1__202402	Mycobacterium tuberculosis	false	sup	dna_r10.4.1_e8.2_400bps_sup@v4.3.0	25	25.07	chromosome=25.07	A	minimap2	2.26	map-ont	clair3	1.0.5	r1041_e82_400bps_sup_v430	docker://quay.io/mbhall88/clair3@sha256:6a4c352e7d14ebb67bdad4be366dcbf6afa66cc7f0ee0b37a05cebe3f4754735	CPU: AMD EPYC 9745	default_pass	INDEL	0	1.000000	0.955307	0.977143	16.409808	171	171	8	0
AMtb_1__202402	Mycobacterium tuberculosis	false	sup	dna_r10.4.1_e8.2_400bps_sup@v4.3.0	25	25.07	chromosome=25.07	A	minimap2	2.26	map-ont	clair3	1.0.5	r1041_e82_400bps_sup_v430	docker://quay.io/mbhall88/clair3@sha256:6a4c352e7d14ebb67bdad4be366dcbf6afa66cc7f0ee0b37a05cebe3f4754735	CPU: AMD EPYC 9745	default_pass	ALL	0	1.000000	0.996054	0.998023	27.039933	2272	2272	9	0
AMtb_1__202402	Mycobacterium tuberculosis	false	sup	dna_r10.4.1_e8.2_400bps_sup@v4.3.0	25	25.07	chromosome=25.07	B	minimap2	2.31	lr:hq	clair3	1.0.5	r1041_e82_400bps_sup_v430	docker://quay.io/mbhall88/clair3@sha256:6a4c352e7d14ebb67bdad4be366dcbf6afa66cc7f0ee0b37a05cebe3f4754735	CPU: AMD EPYC 9745	sweep_best	SNP	0	1.000000	0.999524	0.999762	36.234230	2101	2101	1	0
AMtb_1__202402	Mycobacterium tuberculosis	false	sup	dna_r10.4.1_e8.2_400bps_sup@v4.3.0	25	25.07	chromosome=25.07	B	minimap2	2.31	lr:hq	clair3	1.0.5	r1041_e82_400bps_sup_v430	docker://quay.io/mbhall88/clair3@sha256:6a4c352e7d14ebb67bdad4be366dcbf6afa66cc7f0ee0b37a05cebe3f4754735	CPU: AMD EPYC 9745	sweep_best	INDEL	0	1.000000	0.960894	0.980057	17.002095	172	172	7	0
AMtb_1__202402	Mycobacterium tuberculosis	false	sup	dna_r10.4.1_e8.2_400bps_sup@v4.3.0	25	25.07	chromosome=25.07	B	minimap2	2.31	lr:hq	clair3	1.0.5	r1041_e82_400bps_sup_v430	docker://quay.io/mbhall88/clair3@sha256:6a4c352e7d14ebb67bdad4be366dcbf6afa66cc7f0ee0b37a05cebe3f4754735	CPU: AMD EPYC 9745	sweep_best	ALL	0	1.000000	0.996493	0.998243	27.552282	2273	2273	8	0
AMtb_1__202402	Mycobacterium tuberculosis	false	sup	dna_r10.4.1_e8.2_400bps_sup@v4.3.0	25	25.07	chromosome=25.07	B	minimap2	2.31	lr:hq	clair3	1.0.5	r1041_e82_400bps_sup_v430	docker://quay.io/mbhall88/clair3@sha256:6a4c352e7d14ebb67bdad4be366dcbf6afa66cc7f0ee0b37a05cebe3f4754735	CPU: AMD EPYC 9745	default_pass	SNP	0	1.000000	0.999524	0.999762	36.234230	2101	2101	1	0
AMtb_1__202402	Mycobacterium tuberculosis	false	sup	dna_r10.4.1_e8.2_400bps_sup@v4.3.0	25	25.07	chromosome=25.07	B	minimap2	2.31	lr:hq	clair3	1.0.5	r1041_e82_400bps_sup_v430	docker://quay.io/mbhall88/clair3@sha256:6a4c352e7d14ebb67bdad4be366dcbf6afa66cc7f0ee0b37a05cebe3f4754735	CPU: AMD EPYC 9745	default_pass	INDEL	0	1.000000	0.955307	0.977143	16.409808	171	171	8	0
AMtb_1__202402	Mycobacterium tuberculosis	false	sup	dna_r10.4.1_e8.2_400bps_sup@v4.3.0	25	25.07	chromosome=25.07	B	minimap2	2.31	lr:hq	clair3	1.0.5	r1041_e82_400bps_sup_v430	docker://quay.io/mbhall88/clair3@sha256:6a4c352e7d14ebb67bdad4be366dcbf6afa66cc7f0ee0b37a05cebe3f4754735	CPU: AMD EPYC 9745	default_pass	ALL	0	1.000000	0.996054	0.998023	27.039933	2272	2272	9	0
AMtb_1__202402	Mycobacterium tuberculosis	false	sup	dna_r10.4.1_e8.2_400bps_sup@v4.3.0	25	25.07	chromosome=25.07	C	minimap2	2.31	lr:hq	clair3	2.0.3	r1041_e82_400bps_sup_v430	docker://hkubal/clair3@sha256:d56df84c2c7c508aaf0623b124d9926d366a58f34236505b26c055f848afa202	CPU: AMD EPYC 9745	sweep_best	SNP	0	1.000000	0.999524	0.999762	36.234230	2101	2101	1	0
AMtb_1__202402	Mycobacterium tuberculosis	false	sup	dna_r10.4.1_e8.2_400bps_sup@v4.3.0	25	25.07	chromosome=25.07	C	minimap2	2.31	lr:hq	clair3	2.0.3	r1041_e82_400bps_sup_v430	docker://hkubal/clair3@sha256:d56df84c2c7c508aaf0623b124d9926d366a58f34236505b26c055f848afa202	CPU: AMD EPYC 9745	sweep_best	INDEL	0	1.000000	0.960894	0.980057	17.002095	172	172	7	0
AMtb_1__202402	Mycobacterium tuberculosis	false	sup	dna_r10.4.1_e8.2_400bps_sup@v4.3.0	25	25.07	chromosome=25.07	C	minimap2	2.31	lr:hq	clair3	2.0.3	r1041_e82_400bps_sup_v430	docker://hkubal/clair3@sha256:d56df84c2c7c508aaf0623b124d9926d366a58f34236505b26c055f848afa202	CPU: AMD EPYC 9745	sweep_best	ALL	0	1.000000	0.996493	0.998243	27.552282	2273	2273	8	0
AMtb_1__202402	Mycobacterium tuberculosis	false	sup	dna_r10.4.1_e8.2_400bps_sup@v4.3.0	25	25.07	chromosome=25.07	C	minimap2	2.31	lr:hq	clair3	2.0.3	r1041_e82_400bps_sup_v430	docker://hkubal/clair3@sha256:d56df84c2c7c508aaf0623b124d9926d366a58f34236505b26c055f848afa202	CPU: AMD EPYC 9745	default_pass	SNP	0	1.000000	0.999524	0.999762	36.234230	2101	2101	1	0
AMtb_1__202402	Mycobacterium tuberculosis	false	sup	dna_r10.4.1_e8.2_400bps_sup@v4.3.0	25	25.07	chromosome=25.07	C	minimap2	2.31	lr:hq	clair3	2.0.3	r1041_e82_400bps_sup_v430	docker://hkubal/clair3@sha256:d56df84c2c7c508aaf0623b124d9926d366a58f34236505b26c055f848afa202	CPU: AMD EPYC 9745	default_pass	INDEL	0	1.000000	0.955307	0.977143	16.409808	171	171	8	0
AMtb_1__202402	Mycobacterium tuberculosis	false	sup	dna_r10.4.1_e8.2_400bps_sup@v4.3.0	25	25.07	chromosome=25.07	C	minimap2	2.31	lr:hq	clair3	2.0.3	r1041_e82_400bps_sup_v430	docker://hkubal/clair3@sha256:d56df84c2c7c508aaf0623b124d9926d366a58f34236505b26c055f848afa202	CPU: AMD EPYC 9745	default_pass	ALL	0	1.000000	0.996054	0.998023	27.039933	2272	2272	9	0
AMtb_1__202402	Mycobacterium tuberculosis	false	sup	dna_r10.4.1_e8.2_400bps_sup@v4.3.0	25	25.07	chromosome=25.07	D	minimap2	2.31	lr:hq	dorado	2.1.2	dna_r10.4.1_e8.2_400bps_polish_bacterial_methylation_v5.0.0		NVIDIA H100 80GB HBM3	sweep_best	SNP	1	1.000000	1.000000	1.000000	60.000000	2102	2102	0	0
AMtb_1__202402	Mycobacterium tuberculosis	false	sup	dna_r10.4.1_e8.2_400bps_sup@v4.3.0	25	25.07	chromosome=25.07	D	minimap2	2.31	lr:hq	dorado	2.1.2	dna_r10.4.1_e8.2_400bps_polish_bacterial_methylation_v5.0.0		NVIDIA H100 80GB HBM3	sweep_best	INDEL	0	0.994318	0.977654	0.985915	18.512431	175	175	4	1
AMtb_1__202402	Mycobacterium tuberculosis	false	sup	dna_r10.4.1_e8.2_400bps_sup@v4.3.0	25	25.07	chromosome=25.07	D	minimap2	2.31	lr:hq	dorado	2.1.2	dna_r10.4.1_e8.2_400bps_polish_bacterial_methylation_v5.0.0		NVIDIA H100 80GB HBM3	sweep_best	ALL	1	1.000000	0.997370	0.998683	28.804142	2275	2275	6	0
AMtb_1__202402	Mycobacterium tuberculosis	false	sup	dna_r10.4.1_e8.2_400bps_sup@v4.3.0	25	25.07	chromosome=25.07	D	minimap2	2.31	lr:hq	dorado	2.1.2	dna_r10.4.1_e8.2_400bps_polish_bacterial_methylation_v5.0.0		NVIDIA H100 80GB HBM3	default_pass	SNP	0	1.000000	1.000000	1.000000	60.000000	2102	2102	0	0
AMtb_1__202402	Mycobacterium tuberculosis	false	sup	dna_r10.4.1_e8.2_400bps_sup@v4.3.0	25	25.07	chromosome=25.07	D	minimap2	2.31	lr:hq	dorado	2.1.2	dna_r10.4.1_e8.2_400bps_polish_bacterial_methylation_v5.0.0		NVIDIA H100 80GB HBM3	default_pass	INDEL	0	1.000000	0.949721	0.974212	15.885823	170	170	9	0
AMtb_1__202402	Mycobacterium tuberculosis	false	sup	dna_r10.4.1_e8.2_400bps_sup@v4.3.0	25	25.07	chromosome=25.07	D	minimap2	2.31	lr:hq	dorado	2.1.2	dna_r10.4.1_e8.2_400bps_polish_bacterial_methylation_v5.0.0		NVIDIA H100 80GB HBM3	default_pass	ALL	0	1.000000	0.996054	0.998023	27.039933	2272	2272	9	0
AMtb_1__202402	Mycobacterium tuberculosis	false	sup	dna_r10.4.1_e8.2_400bps_sup@v4.3.0	50	50.06	chromosome=50.06	A	minimap2	2.26	map-ont	clair3	1.0.5	r1041_e82_400bps_sup_v430	docker://quay.io/mbhall88/clair3@sha256:6a4c352e7d14ebb67bdad4be366dcbf6afa66cc7f0ee0b37a05cebe3f4754735	CPU: AMD EPYC 9745	sweep_best	SNP	0	1.000000	1.000000	1.000000	60.000000	2102	2102	0	0
AMtb_1__202402	Mycobacterium tuberculosis	false	sup	dna_r10.4.1_e8.2_400bps_sup@v4.3.0	50	50.06	chromosome=50.06	A	minimap2	2.26	map-ont	clair3	1.0.5	r1041_e82_400bps_sup_v430	docker://quay.io/mbhall88/clair3@sha256:6a4c352e7d14ebb67bdad4be366dcbf6afa66cc7f0ee0b37a05cebe3f4754735	CPU: AMD EPYC 9745	sweep_best	INDEL	0	1.000000	1.000000	1.000000	60.000000	179	179	0	0
AMtb_1__202402	Mycobacterium tuberculosis	false	sup	dna_r10.4.1_e8.2_400bps_sup@v4.3.0	50	50.06	chromosome=50.06	A	minimap2	2.26	map-ont	clair3	1.0.5	r1041_e82_400bps_sup_v430	docker://quay.io/mbhall88/clair3@sha256:6a4c352e7d14ebb67bdad4be366dcbf6afa66cc7f0ee0b37a05cebe3f4754735	CPU: AMD EPYC 9745	sweep_best	ALL	0	1.000000	1.000000	1.000000	60.000000	2281	2281	0	0
AMtb_1__202402	Mycobacterium tuberculosis	false	sup	dna_r10.4.1_e8.2_400bps_sup@v4.3.0	50	50.06	chromosome=50.06	A	minimap2	2.26	map-ont	clair3	1.0.5	r1041_e82_400bps_sup_v430	docker://quay.io/mbhall88/clair3@sha256:6a4c352e7d14ebb67bdad4be366dcbf6afa66cc7f0ee0b37a05cebe3f4754735	CPU: AMD EPYC 9745	default_pass	SNP	0	1.000000	1.000000	1.000000	60.000000	2102	2102	0	0
AMtb_1__202402	Mycobacterium tuberculosis	false	sup	dna_r10.4.1_e8.2_400bps_sup@v4.3.0	50	50.06	chromosome=50.06	A	minimap2	2.26	map-ont	clair3	1.0.5	r1041_e82_400bps_sup_v430	docker://quay.io/mbhall88/clair3@sha256:6a4c352e7d14ebb67bdad4be366dcbf6afa66cc7f0ee0b37a05cebe3f4754735	CPU: AMD EPYC 9745	default_pass	INDEL	0	1.000000	0.983240	0.991549	20.730919	176	176	3	0
AMtb_1__202402	Mycobacterium tuberculosis	false	sup	dna_r10.4.1_e8.2_400bps_sup@v4.3.0	50	50.06	chromosome=50.06	A	minimap2	2.26	map-ont	clair3	1.0.5	r1041_e82_400bps_sup_v430	docker://quay.io/mbhall88/clair3@sha256:6a4c352e7d14ebb67bdad4be366dcbf6afa66cc7f0ee0b37a05cebe3f4754735	CPU: AMD EPYC 9745	default_pass	ALL	0	1.000000	0.998685	0.999342	31.817741	2278	2278	3	0
AMtb_1__202402	Mycobacterium tuberculosis	false	sup	dna_r10.4.1_e8.2_400bps_sup@v4.3.0	50	50.06	chromosome=50.06	B	minimap2	2.31	lr:hq	clair3	1.0.5	r1041_e82_400bps_sup_v430	docker://quay.io/mbhall88/clair3@sha256:6a4c352e7d14ebb67bdad4be366dcbf6afa66cc7f0ee0b37a05cebe3f4754735	CPU: AMD EPYC 9745	sweep_best	SNP	0	1.000000	1.000000	1.000000	60.000000	2102	2102	0	0
AMtb_1__202402	Mycobacterium tuberculosis	false	sup	dna_r10.4.1_e8.2_400bps_sup@v4.3.0	50	50.06	chromosome=50.06	B	minimap2	2.31	lr:hq	clair3	1.0.5	r1041_e82_400bps_sup_v430	docker://quay.io/mbhall88/clair3@sha256:6a4c352e7d14ebb67bdad4be366dcbf6afa66cc7f0ee0b37a05cebe3f4754735	CPU: AMD EPYC 9745	sweep_best	INDEL	0	1.000000	1.000000	1.000000	60.000000	179	179	0	0
AMtb_1__202402	Mycobacterium tuberculosis	false	sup	dna_r10.4.1_e8.2_400bps_sup@v4.3.0	50	50.06	chromosome=50.06	B	minimap2	2.31	lr:hq	clair3	1.0.5	r1041_e82_400bps_sup_v430	docker://quay.io/mbhall88/clair3@sha256:6a4c352e7d14ebb67bdad4be366dcbf6afa66cc7f0ee0b37a05cebe3f4754735	CPU: AMD EPYC 9745	sweep_best	ALL	0	1.000000	1.000000	1.000000	60.000000	2281	2281	0	0
AMtb_1__202402	Mycobacterium tuberculosis	false	sup	dna_r10.4.1_e8.2_400bps_sup@v4.3.0	50	50.06	chromosome=50.06	B	minimap2	2.31	lr:hq	clair3	1.0.5	r1041_e82_400bps_sup_v430	docker://quay.io/mbhall88/clair3@sha256:6a4c352e7d14ebb67bdad4be366dcbf6afa66cc7f0ee0b37a05cebe3f4754735	CPU: AMD EPYC 9745	default_pass	SNP	0	1.000000	1.000000	1.000000	60.000000	2102	2102	0	0
AMtb_1__202402	Mycobacterium tuberculosis	false	sup	dna_r10.4.1_e8.2_400bps_sup@v4.3.0	50	50.06	chromosome=50.06	B	minimap2	2.31	lr:hq	clair3	1.0.5	r1041_e82_400bps_sup_v430	docker://quay.io/mbhall88/clair3@sha256:6a4c352e7d14ebb67bdad4be366dcbf6afa66cc7f0ee0b37a05cebe3f4754735	CPU: AMD EPYC 9745	default_pass	INDEL	0	1.000000	0.983240	0.991549	20.730919	176	176	3	0
AMtb_1__202402	Mycobacterium tuberculosis	false	sup	dna_r10.4.1_e8.2_400bps_sup@v4.3.0	50	50.06	chromosome=50.06	B	minimap2	2.31	lr:hq	clair3	1.0.5	r1041_e82_400bps_sup_v430	docker://quay.io/mbhall88/clair3@sha256:6a4c352e7d14ebb67bdad4be366dcbf6afa66cc7f0ee0b37a05cebe3f4754735	CPU: AMD EPYC 9745	default_pass	ALL	0	1.000000	0.998685	0.999342	31.817741	2278	2278	3	0
AMtb_1__202402	Mycobacterium tuberculosis	false	sup	dna_r10.4.1_e8.2_400bps_sup@v4.3.0	50	50.06	chromosome=50.06	C	minimap2	2.31	lr:hq	clair3	2.0.3	r1041_e82_400bps_sup_v430	docker://hkubal/clair3@sha256:d56df84c2c7c508aaf0623b124d9926d366a58f34236505b26c055f848afa202	CPU: AMD EPYC 9745	sweep_best	SNP	0	1.000000	1.000000	1.000000	60.000000	2102	2102	0	0
AMtb_1__202402	Mycobacterium tuberculosis	false	sup	dna_r10.4.1_e8.2_400bps_sup@v4.3.0	50	50.06	chromosome=50.06	C	minimap2	2.31	lr:hq	clair3	2.0.3	r1041_e82_400bps_sup_v430	docker://hkubal/clair3@sha256:d56df84c2c7c508aaf0623b124d9926d366a58f34236505b26c055f848afa202	CPU: AMD EPYC 9745	sweep_best	INDEL	0	1.000000	1.000000	1.000000	60.000000	179	179	0	0
AMtb_1__202402	Mycobacterium tuberculosis	false	sup	dna_r10.4.1_e8.2_400bps_sup@v4.3.0	50	50.06	chromosome=50.06	C	minimap2	2.31	lr:hq	clair3	2.0.3	r1041_e82_400bps_sup_v430	docker://hkubal/clair3@sha256:d56df84c2c7c508aaf0623b124d9926d366a58f34236505b26c055f848afa202	CPU: AMD EPYC 9745	sweep_best	ALL	0	1.000000	1.000000	1.000000	60.000000	2281	2281	0	0
AMtb_1__202402	Mycobacterium tuberculosis	false	sup	dna_r10.4.1_e8.2_400bps_sup@v4.3.0	50	50.06	chromosome=50.06	C	minimap2	2.31	lr:hq	clair3	2.0.3	r1041_e82_400bps_sup_v430	docker://hkubal/clair3@sha256:d56df84c2c7c508aaf0623b124d9926d366a58f34236505b26c055f848afa202	CPU: AMD EPYC 9745	default_pass	SNP	0	1.000000	1.000000	1.000000	60.000000	2102	2102	0	0
AMtb_1__202402	Mycobacterium tuberculosis	false	sup	dna_r10.4.1_e8.2_400bps_sup@v4.3.0	50	50.06	chromosome=50.06	C	minimap2	2.31	lr:hq	clair3	2.0.3	r1041_e82_400bps_sup_v430	docker://hkubal/clair3@sha256:d56df84c2c7c508aaf0623b124d9926d366a58f34236505b26c055f848afa202	CPU: AMD EPYC 9745	default_pass	INDEL	0	1.000000	0.983240	0.991549	20.730919	176	176	3	0
AMtb_1__202402	Mycobacterium tuberculosis	false	sup	dna_r10.4.1_e8.2_400bps_sup@v4.3.0	50	50.06	chromosome=50.06	C	minimap2	2.31	lr:hq	clair3	2.0.3	r1041_e82_400bps_sup_v430	docker://hkubal/clair3@sha256:d56df84c2c7c508aaf0623b124d9926d366a58f34236505b26c055f848afa202	CPU: AMD EPYC 9745	default_pass	ALL	0	1.000000	0.998685	0.999342	31.817741	2278	2278	3	0
AMtb_1__202402	Mycobacterium tuberculosis	false	sup	dna_r10.4.1_e8.2_400bps_sup@v4.3.0	50	50.06	chromosome=50.06	D	minimap2	2.31	lr:hq	dorado	2.1.2	dna_r10.4.1_e8.2_400bps_polish_bacterial_methylation_v5.0.0		NVIDIA H100 80GB HBM3	sweep_best	SNP	0	1.000000	1.000000	1.000000	60.000000	2102	2102	0	0
AMtb_1__202402	Mycobacterium tuberculosis	false	sup	dna_r10.4.1_e8.2_400bps_sup@v4.3.0	50	50.06	chromosome=50.06	D	minimap2	2.31	lr:hq	dorado	2.1.2	dna_r10.4.1_e8.2_400bps_polish_bacterial_methylation_v5.0.0		NVIDIA H100 80GB HBM3	sweep_best	INDEL	0	0.994350	0.983240	0.988764	19.493883	176	176	3	1
AMtb_1__202402	Mycobacterium tuberculosis	false	sup	dna_r10.4.1_e8.2_400bps_sup@v4.3.0	50	50.06	chromosome=50.06	D	minimap2	2.31	lr:hq	dorado	2.1.2	dna_r10.4.1_e8.2_400bps_polish_bacterial_methylation_v5.0.0		NVIDIA H100 80GB HBM3	sweep_best	ALL	0	0.999561	0.998685	0.999123	30.570004	2278	2278	3	1
AMtb_1__202402	Mycobacterium tuberculosis	false	sup	dna_r10.4.1_e8.2_400bps_sup@v4.3.0	50	50.06	chromosome=50.06	D	minimap2	2.31	lr:hq	dorado	2.1.2	dna_r10.4.1_e8.2_400bps_polish_bacterial_methylation_v5.0.0		NVIDIA H100 80GB HBM3	default_pass	SNP	0	1.000000	1.000000	1.000000	60.000000	2102	2102	0	0
AMtb_1__202402	Mycobacterium tuberculosis	false	sup	dna_r10.4.1_e8.2_400bps_sup@v4.3.0	50	50.06	chromosome=50.06	D	minimap2	2.31	lr:hq	dorado	2.1.2	dna_r10.4.1_e8.2_400bps_polish_bacterial_methylation_v5.0.0		NVIDIA H100 80GB HBM3	default_pass	INDEL	0	1.000000	0.955307	0.977143	16.409808	171	171	8	0
AMtb_1__202402	Mycobacterium tuberculosis	false	sup	dna_r10.4.1_e8.2_400bps_sup@v4.3.0	50	50.06	chromosome=50.06	D	minimap2	2.31	lr:hq	dorado	2.1.2	dna_r10.4.1_e8.2_400bps_polish_bacterial_methylation_v5.0.0		NVIDIA H100 80GB HBM3	default_pass	ALL	0	1.000000	0.996493	0.998243	27.552282	2273	2273	8	0
